id,nama,kategori_id,wilayah,alamat,latitude,longitude,deskripsi,jam_operasional,tiket_masuk,akses_disabilitas,ramah_hewan,verified,status_general,image_url,kecamatan,kelurahan
rth-f583d3817901,LPTRA CITRA PERMATA,jalur-hijau,Jakarta Timur,Jl. Jatinegara Timur III,-6.2216752,106.87020992,,,,,,True,,,Jatinegara,Rawa Bunga
rth-b8e1ef9704e4,Kebun Bibit Ujung Menteng,kebun-bibit,Jakarta Timur,Jl. Tambun Rengas Selatan Rt.02/08 No. 28 A,-6.18058103,106.96239289,,,,,,True,,,Cakung,Ujung Menteng
rth-f74690e8d1c6,Cagar Buah Condet,kebun-bibit,Jakarta Timur,Jl. Kayu Manis Bale Kambang Rt. 007/05,-6.28761221,106.84933073,,,,,,True,,,Kramatjati,Balekambang
rth-e6548da092f4,Sawah Abadi,kebun-bibit,Jakarta Timur,,-6.17286551,106.96878519,,,,,,True,,,Cakung,Ujung Menteng
rth-568ee77470e7,Kebun Bibit Ciganjur,kebun-bibit,Jakarta Selatan,Jl. Aselih Rt.09/01 No. 100 Ciganjur,-6.35454338,106.79830034,,,,,,True,,,Jagakarsa,Cipedak
rth-e0e835fcb802,Kebun Bibit Ragunan,kebun-bibit,Jakarta Selatan,Jl. Harsono RM. No. 1 Ragunan Pasar Minngu Jaksel,-6.2945189,106.82109849,,,,,,True,,,Pasar Minggu,Ragunan
rth-fa839c998bda,Kebun Bibit Lebak Bulus,kebun-bibit,Jakarta Selatan,Jl. Pertaian Raya Rt.02/04 No. 47 Lebak Bulus,-6.3040883,106.77729439,,,,,,True,,,Cilandak,Lebak Bulus
rth-1410f805064b,Kebun Agro Wisata Cilangkap,kebun-bibit,Jakarta Timur,Jl. Raya Cilangkap Rt.006/01 No. 45,-6.34358236,106.8999085,,,,,,True,,,Cipayung,Cilangkap
rth-713e3a222712,Kebun Cibubur Agro I,kebun-bibit,Jakarta Timur,Jl. Karya Bakti Rt. 17/3 Cibubur,-6.36534605,106.89356085,,,,,,True,,,Ciracas,Cibubur
rth-2c4fbd4e4f7f,Kebun Agro Cibubur II,kebun-bibit,Jakarta Timur,Jl. Karya Bakhti Rt. 017/3,-6.36045318,106.89213448,,,,,,True,,,Ciracas,Cibubur
rth-a09aa5064e8a,Kebun Bibit Cibubur,taman,Jakarta Timur,Jl. Jambore Raya Rt.005/06 No. 1,-6.35756623,106.89166422,,,,,,True,,,Ciracas,Cibubur
rth-20689f3634db,Kebun Bibit Kelapa Dua Wetan,taman,Jakarta Timur,Jl. Raya PKP Gg. Persahabatan Rt. 10/08 N0. 23,-6.34013425,106.88243995,,,,,,True,,,Ciracas,Kelapa Dua Wetan
rth-d883a8d1f0e9,Kebun Bibit Sukapura,kebun-bibit,Jakarta Utara,Kampung Malaka Kec. Cilincing Jakarta Utara,-6.13237955,106.95876104,,,,,,True,,,Cilincing,Rorotan
rth-a57cd4268926,Kebun Bibit Cengkareng,kebun-bibit,Jakarta Barat,Jl. Kamal raya No. 75 Rt. 02/07 Rawa Bengkel Cengkareng Barat,-6.14147226,106.72795287,,,,,,True,,,Cengkareng,Cengkareng Barat
rth-daea0d7efcc2,Kebun Bibit kamal Muara,kebun-bibit,Jakarta Utara,Jl. Kamal Muara Rt. 0007 / 01 Kel. Kamal Muara No. 13,-6.09408233,106.71933304,,,,,,True,,,Penjaringan,Kamal Muara
rth-60e63855d45c,SDN DUREN TIGA 07,taman,Jakarta Selatan,Jl. Duren Tiga Barat IV Rt.04/Rw.01,-6.25507198,106.8282145,,,,,,True,,,Pancoran,Duren Tiga
rth-17175d4301df,Waduk Jagakarsa,taman,Jakarta Selatan,,-6.33006425,106.83049556,,,,,,True,,,Jagakarsa,Jagakarsa
rth-888279001210,Sunter Selatan,taman,Jakarta Utara,,-6.14578035,106.87668337,,,,,,True,,,Pademangan,Sunter Agung
rth-76c005d69517,RTH Waduk Teluk Gong,taman,Jakarta Utara,,-6.13390268,106.77925151,,,,,,True,,,Penjaringan,Pejagalan
rth-23f6cb026b30,tomang 2,jalur-hijau,Jakarta Barat,waduk tomang barat,-6.16845917,106.77994436,,,,,,True,,,Grogol Petamburan,Grogol
rth-5b59c2968799,tomag 3,jalur-hijau,Jakarta Barat,waduk tomang barat,-6.16936743,106.78100391,,,,,,True,,,Grogol Petamburan,Grogol
rth-b451c32f71f6,tomang 4,jalur-hijau,Jakarta Barat,waduk tomang barat,-6.1671854,106.78177015,,,,,,True,,,Grogol Petamburan,Grogol
rth-e40796ee033f,waduk grogol,jalur-hijau,Jakarta Barat,waduk grogol,-6.15758244,106.7933789,,,,,,True,,,Grogol Petamburan,Grogol
rth-f7e5421637d1,Rawa Buaya,hutan,Jakarta Barat,,-6.16661731,106.72971129,,,,,,True,,,,
rth-b5822a1e6b7a,Arboretum Cibubur,hutan,Jakarta Timur,Komplek Buperta Cibubur,-6.37042913,106.9023339,,,,,,True,,,Ciracas,Cibubur
rth-c8b77e93e4b6,G. Pemuda Cibubur,taman,Jakarta Timur,,-6.36587095,106.89082957,,,,,,True,,,,
rth-829f5692fe69,FO Ps Rebo_1,jalur-hijau,Jakarta Timur,"Jl. Raya Bogor, RW. 02, Kel. Susukan, Kec. Ciracas, Kota Jakarta Timur",-6.30672387,106.86528119,,,,,,True,,,Ciracas,Susukan
rth-308cd6901444,FO Ps Rebo 2,taman,Jakarta Timur,,-6.30585727,106.86427916,,,,,,True,,,,
rth-d0b78937260b,FO Ps Rebo_3,jalur-hijau,Jakarta Timur,"Jl. Raya Bogor, RW. 05, Kel. Susukan, Kec. Ciracas, Kota Jakarta Timur",-6.30608054,106.86550784,,,,,,True,,,Ciracas,Susukan
rth-437d72ea4897,FO Ps Rebo 4,taman,Jakarta Timur,,-6.30488053,106.86540291,,,,,,True,,,,
rth-6533a596a5c9,M Purnabakti TMII,hutan,Jakarta Timur,Komplek TMII,-6.3001124,106.88593728,,,,,,True,,,Makasar,Pinangranti
rth-3c403e9367a6,Pondok Indah 1,hutan,Jakarta Selatan,,-6.28887382,106.77976896,,,,,,True,,,,
rth-cfb7b7976868,JH. JL CILINCING RAYA,taman,Jakarta Utara,,-6.10841596,106.92037601,,,,,,True,,,,
rth-85928f95b7dc,JH. JL SULAWESI,taman,Jakarta Utara,,-6.10917567,106.89292143,,,,,,True,,,,
rth-b26bc2c61fec,Taman Sutoyo,jalur-hijau,Jakarta Timur,,-6.26099695,106.86755951,,,,,,True,,,,
rth-b2915fe5c470,Hutan Kota ISTN,hutan,Jakarta Selatan,Kampus istn Jalan Srengseng Sawah,-6.35370211,106.81316275,,,,,,True,,,Jagakarsa,Srengseng Sawah
rth-2f93648e82ec,Yinzikon 13,hutan,Jakarta Selatan,,-6.34257318,106.82913518,,,,,,True,,,,
rth-52a84b0d5a55,Arhanud SE-10,hutan,Jakarta Selatan,,-6.25968977,106.75524681,,,,,,True,,,,
rth-d48fbf2026cd,Sepolwan,hutan,Jakarta Selatan,,-6.28798645,106.77008321,,,,,,True,,,,
rth-3c37506820a8,Seskoal 1,hutan,Jakarta Selatan,,-6.24255802,106.77475413,,,,,,True,,,,
rth-a2166f9d552a,Seskoal 2,hutan,Jakarta Selatan,,-6.24183253,106.77397366,,,,,,True,,,,
rth-74408f2daf48,Marinir Cilandak,hutan,Jakarta Selatan,,-6.30059083,106.80747652,,,,,,True,,,,
rth-7b67781bc7fa,TMP Kalibata,hutan,Jakarta Selatan,Taman Makam Pahlawan Kalibata,-6.2573225,106.8447593,,,,,,True,,,Pancoran,Kalibata
rth-7e0ebbb75df5,"Taman Ciragil, sisi kali sebelah selatan",jalur-hijau,Jakarta Selatan,Jalan Ciragil 1,-6.23818612,106.80908033,,,,,,True,,,Kebayoran Baru,Rawa Barat
rth-d56f3a4bfca2,"Taman Univ. Indonesia, depn Pintu Gerbang",jalur-hijau,Jakarta Selatan,Jalan Lenteng agung,-6.35026718,106.8318937,,,,,,True,,,Jagakarsa,Srengseng Sawah
rth-b98fefcf7b05,Istiqlal_8,hutan,Jakarta Pusat,Komplek Masjid Istiqlal,-6.17151253,106.83210907,,,,,,True,,,Sawah Besar,Pasar Baru
rth-3e372bcd956a,Istiqlal_10,hutan,Jakarta Pusat,Komplek Masjid Istiqlal,-6.17061381,106.83272335,,,,,,True,,,Sawah Besar,Pasar Baru
rth-3597d1e23ad3,KBN_Marunda,hutan,Jakarta Utara,,-6.10988377,106.94912315,,,,,,True,,,Cilincing,Marunda
rth-103f68ec4e73,Hutan Kota Manggala Wana Bakti,hutan,Jakarta Pusat,Kawasan Manggala Wana Bakti,-6.20615967,106.80014516,,,,,,True,,,Tanah Abang,Gelora
rth-ab1a66f18293,GBK,hutan,Jakarta Pusat,Kawasan Gelora Bung Karno,-6.21839635,106.80324809,,,,,,True,,,,
rth-494262c038e2,Y Said Naum,hutan,Jakarta Pusat,,-6.19997173,106.81469975,,,,,,True,,,,
rth-312c8dc374c1,"Taman Hang Lekir, segi-3",jalur-hijau,Jakarta Selatan,,-6.23275729,106.79387991,,,,,,True,,,,
rth-bec5367ed611,Taman Ujung Tol Pd. Gede,jalur-hijau,Jakarta Timur,Jl. Dukuh VI,-6.29042944,106.87803939,,,,,,True,,,Kramatjati,Dukuh
rth-52741dd882a3,JH. FO. Klender_1,jalur-hijau,Jakarta Timur,"Jl. I Gusti Ngurah Rai, Rw. 02, Kel. Klender, Kec. Duren Sawit, Jakarta Timur",-6.21428338,106.89960825,,,,,,True,,,Duren Sawit,Klender
rth-f2a13ed88b59,BPLIP Pulogadung,taman,Jakarta Timur,,-6.20383095,106.93143916,,,,,,True,,,,
rth-4917db78d0dd,Mabad Kalisari,hutan,Jakarta Timur,,-6.33632474,106.86340295,,,,,,True,,,,
rth-007a9e050fd3,Waduk Bea Cukai,taman,Jakarta Timur,,-6.20279716,106.8792727,,,,,,True,,,,
rth-d60f1e45dac5,IPAK Cakung,hutan,Jakarta Timur,Jalan Inspeksi BKT Timur,-6.20483259,106.96221639,,,,,,True,,,Cakung,Pulo Gebang
rth-4cad64ecccd3,Kuburan Belamda,hutan,Jakarta Utara,,-6.11801171,106.85501176,,,,,,True,,,,
rth-5fb6c8534af6,STIP,hutan,Jakarta Utara,,-6.10275168,106.95994366,,,,,,True,,,,
rth-788b9e2b13aa,Gelora_BK_2,hutan,Jakarta Pusat,Kawasan Gelora Bung Karno,-6.2187042,106.80749581,,,,,,True,,,,
rth-2ab347a553d5,Gelora_BK_4,hutan,Jakarta Pusat,Kawasan Gelora Bung Karno,-6.22269991,106.80583627,,,,,,True,,,,
rth-0a1edd58f20e,DPR RI_1,hutan,Jakarta Pusat,Jalan Gatot Subroto,-6.21057918,106.80239985,,,,,,True,,,,
rth-19acca0ea228,JIEXPO_2,hutan,Jakarta Utara,,-6.13949873,106.84669648,,,,,,True,,,,
rth-fc88c1b3cc3c,JIEXPO_3,hutan,Jakarta Utara,Jalan Benyamin Sueb,-6.1476034,106.84395333,,,,,,True,,,Pademangan,Pademangan Timur
rth-bc55189c6d1c,JIEXPO_4,hutan,Jakarta Utara,Jalan Benyamin Sueb,-6.14988822,106.8464934,,,,,,True,,,Pademangan,Pademangan Timur
rth-4d58048756de,Sespolwan,hutan,Jakarta Selatan,,-6.28810766,106.76833549,,,,,,True,,,,
rth-8a13450f1b1e,Marinir_Cilandak_2,hutan,Jakarta Selatan,,-6.30353727,106.81337317,,,,,,True,,,,
rth-c5c698c203e3,Marinir_Cilandak_3,hutan,Jakarta Selatan,,-6.29881279,106.81283406,,,,,,True,,,,
rth-50bbeff25235,Marinir_Cilandak_4,hutan,Jakarta Selatan,,-6.29660467,106.81317393,,,,,,True,,,,
rth-9f8c157d0676,Stadion Tamansari,taman,Jakarta Barat,,-6.1415755,106.81962075,,,,,,True,,,,
rth-1e3a798d2d79,Stadion Cendrawasih,taman,Jakarta Barat,,-6.1425135,106.72078391,,,,,,True,,,,
rth-ed30f3afab1b,Lap Sepakbola Karang Tengah,taman,Jakarta Selatan,,-6.31234083,106.78230297,,,,,,True,,,,
rth-02528d5934b2,Lap Sepakbola Pondok Bambu,taman,Jakarta Timur,,-6.22459874,106.90342851,,,,,,True,,,,
rth-f062d56aafa6,Stadion Gongseng,taman,Jakarta Timur,,-6.32557075,106.85888569,,,,,,True,,,,
rth-d288aa42c35d,Lap Panahan Pulomas,taman,Jakarta Timur,,-6.17831104,106.88701322,,,,,,True,,,,
rth-2c65aea7f720,Stadion Pulomas,taman,Jakarta Timur,,-6.17393131,106.88060722,,,,,,True,,,,
rth-41a91512afdf,Stadion Rawabadak,taman,Jakarta Utara,,-6.12475643,106.89791131,,,,,,True,,,,
rth-e3d2babdfec4,GOR Kuningan,taman,Jakarta Selatan,,-6.22172124,106.83427232,,,,,,True,,,,
rth-c30abaa00823,BLUD Lebak Bulus,taman,Jakarta Selatan,,-6.29042423,106.77673581,,,,,,True,,,,
rth-67558500ff06,Taman Jl. Pahlawan Kalibata,jalur-hijau,Jakarta Selatan,Jalan Kalibata,-6.25555093,106.84963074,,,,,,True,,,Pancoran,Duren Tiga
rth-0075f1edc54a,GOR Jakpus,taman,Jakarta Pusat,,-6.1749291,106.84356691,,,,,,True,,,,
rth-f08ac88f4a36,TPU Sungai Bambu,taman,Jakarta Utara,"Jl. Sungai Bambu, Kec.Papanggo, Kel. Tanjung Priok",-6.12675432,106.87776024,,,,,,True,,,,
rth-59711da48ec2,"Taman Gandaria I (raya), segi-3",jalur-hijau,Jakarta Selatan,,-6.2408758,106.78762789,,,,,,True,,,,
rth-85aa84906bd4,Taman Jihandak,jalur-hijau,Jakarta Selatan,Jl. Raya Lenteng Agung,-6.34358298,106.83402811,,,,,,True,,,Jagakarsa,Jagakarsa
rth-de6dd4d7049d,Tmn Hutan Kota Caw. Bwh,taman,Jakarta Timur,,-6.22073104,106.8853708,,,,,,True,,,,
rth-75992cd8f346,Taman Tegalan,jalur-hijau,Jakarta Timur,Jl. Tegalan,-6.20195803,106.8581635,,,,,,True,,,Matraman,Palmeriam
rth-837ccbfec711,Lereng Sutoyo,jalur-hijau,Jakarta Timur,,-6.25640111,106.87118831,,,,,,True,,,Kramatjati,Cawang
rth-c7d0dd95e9ad,Patung Pemuda (Bund. Senayan),jalur-hijau,Jakarta Selatan,Jalan Jend Sudirman / Jalan Sisingamangaraja,-6.22920186,106.79951687,,,,,,True,,,,Selong
rth-191ebf36c0ae,Komplek GBK,taman,Jakarta Pusat,,-6.21542854,106.80351648,,,,,,True,,,,
rth-3f7c76fb92b4,Hutan Kota Srengseng,hutan,Jakarta Barat,Jalan H. Kelik,-6.21078315,106.76444876,,,,,,True,,,Kembangan,Srengseng
rth-d360f9b7bab6,Istiqlal_1,hutan,Jakarta Pusat,Komplek Masjid Istiqlal,-6.17111338,106.83066136,,,,,,True,,,Sawah Besar,Pasar Baru
rth-3823032ebfa0,Istiqlal_3,hutan,Jakarta Pusat,Komplek Masjid Istiqlal,-6.1688095,106.83102314,,,,,,True,,,Sawah Besar,Pasar Baru
rth-51133b23db90,Istiqlal_4,hutan,Jakarta Pusat,Komplek Masjid Istiqlal,-6.16845267,106.83122922,,,,,,True,,,Sawah Besar,Pasar Baru
rth-e72174a0dc84,Istiqlal_7,hutan,Jakarta Pusat,Komplek Masjid Istiqlal,-6.16889699,106.83220003,,,,,,True,,,Sawah Besar,Pasar Baru
rth-db3b3126621b,Tmn Gandaria Trafo,jalur-hijau,Jakarta Selatan,Jl. Sultan Iskandar Muda,-6.23853438,106.78292153,,,,,,True,,,Kebayoran Lama,Kebayoran Lama Utara
rth-e80746cde9d8,Jalur Hijau Fly Over Karet (3),jalur-hijau,Jakarta Pusat,Fly Over Karet,-6.20100336,106.81548482,,,,,,True,,,Tanah Abang,Karet Tengsin
rth-4c47fd2e8892,Taman Kalibata Timur (Dpn. Kelurahan),taman,Jakarta Selatan,Jalan Kalibata Timur,-6.26052737,106.84698068,,,,,,True,,,Pancoran,Kalibata
rth-a56ef7986036,Jalur Hijau Median Jl. Gajah Mada (Depan Lindeteves),jalur-hijau,Jakarta Barat,Jl. Gajah Mada,-6.14610138,106.81583492,,,,,,True,,,Taman Sari,Mangga Besar
rth-39934b68911d,Buperta Ragunan,taman,Jakarta Selatan,,-6.29607913,106.81997231,,,,,,True,,,,
rth-a72e1fe60298,Taman Ria Senayan,taman,Jakarta Pusat,,-6.21153106,106.80422631,,,,,,True,,,,
rth-1e1cc8458c7a,Taman RCC,taman,Jakarta Pusat,,-6.18335556,106.86832664,,,,,,True,,,,
rth-14aa0ef13686,Ancol,taman,Jakarta Utara,,-6.12337664,106.84322215,,,,,,True,,,,
rth-6c1932f2ebcc,Ragunan,taman,Jakarta Selatan,,-6.30612498,106.82484619,,,,,,True,,,,
rth-0d119e66a98c,TPU Srengseng Sawah,taman,Jakarta Selatan,"Jl. Kp Kalibata,Kel.Srengsengsawah,Kec.Jagakarsa",-6.35006705,106.81753521,,,,,,True,,,,
rth-1d999b4ec6d9,TPU Pegadungan,taman,Jakarta Barat,"Jl. Benda Raya, Kel. Pegadungan, Kec. Kalideres",-6.10814988,106.69902956,,,,,,True,,,,
rth-87b28cdc8922,TPU Kober Ulu,taman,Jakarta Timur, ,-6.2250815,106.8716059,,,,,,True,,,,
rth-1e3c775c5d4c,TPU Susukan Budha,taman,Jakarta Timur,"Jl. Tanah Merdeka, Kel. Susukan. Kec. Ciracas",-6.30447519,106.86960926,,,,,,True,,,Ciracas,Rambutan
rth-0b18e1f7787b,TPU Kampung Rambutan I,taman,Jakarta Timur, ,-6.30449662,106.87461692,,,,,,True,,,,
rth-74589f17db08,JH. JL. DANAU SUNTER SELATAN,jalur-hijau,Jakarta Utara,JL. DANAU SUNTER SELATAN,-6.14811673,106.86304478,,,,,,True,,,Tanjung Priok,Sunter Jaya
rth-cadf9fd5112c,TPU Kebon Pala,taman,Jakarta Timur,TPU Kebun Pala Jl. Halim Perdana Kusuma,-6.26548664,106.88006252,,,,,,True,,,Makasar,Kebon Pala
rth-9732d61a4c10,Taman Salam,taman,Jakarta Selatan,Jl. Jatimurni Raya,-6.28273577,106.82922783,,,,,,True,,,Pasar Minggu,Jati Padang
rth-b007cdf159fc,Hutan Kota Rawa Malang,hutan,Jakarta Utara,Jl. Kmp Rawa Malang RT. 005 RW. 010,-6.12780664,106.93635455,,,,,,True,,,Cilincing,Semper Timur
rth-b8e3b3af4d97, Jl. Joe,hutan,Jakarta Selatan,Jalan Joe,-6.32317672,106.83248801,,,,,,True,,,Jagakarsa,Lenteng Agung
rth-744d517fb813,Hutan Kota Rorotan,hutan,Jakarta Utara,Jl. Rorotan RT. 08 RW. 012,-6.13780055,106.95784098,,,,,,True,,,Cilincing,Rorotan
rth-7efb121b12e3,Hutan Kota Pondok Ranggon,hutan,Jakarta Timur,Jl. Asri I RT. 002 RW. 03,-6.35370806,106.90211329,,,,,,True,,,Cipayung,Pondok Ranggon
rth-4aa2a5956de2,Hutan Kota Sukapura,hutan,Jakarta Utara,Jalan Raya Tipar Cakung RT 007 RW 004,-6.15889631,106.92823497,,,,,,True,,,Cilincing,Sukapura
rth-0492abc55aae,Jalur Hijau Jl.TB Angke,jalur-hijau,Jakarta Barat,Jl. TB Angke,-6.14300765,106.79247836,,,,,,True,,,Tambora,Angke
rth-46f95bd3c2bb,Hutan Kota Kemayoran_1,hutan,Jakarta Utara,,-6.13321996,106.84959395,,,,,,True,,,Pademangan,Pademangan Barat
rth-97fbc4020fb7,Jalan Tebet Timur Raya (samping taman tebet),jalur-hijau,Jakarta Selatan,Jalan Tebet Timur Raya,-6.24049654,106.85320579,,,,,,True,,,Tebet,Tebet Timur
rth-6d383e4cedf5,Jl Bukit Duri Eks Normalisasi,jalur-hijau,Jakarta Selatan,Jalan Bukit duri,-6.22416329,106.86457772,,,,,,True,,,Tebet,Bukit Duri
rth-408666fc68e0,Pulo Perempatan Jl Manggarai Utara 1,jalur-hijau,Jakarta Selatan,Jalan Manggarai Utara 1,-6.21287301,106.85725368,,,,,,True,,,Tebet,Manggarai
rth-91c2e653e5f0,Pulau-pulau pertigaan jl Manggarai Utara 1 (deket terowongan bukit duri),jalur-hijau,Jakarta Selatan,Jalan Manggarai Utara,-6.21404857,106.85410505,,,,,,True,,,Tebet,Manggarai
rth-0027c3acd90d,Jalan Taman Bukit Duri,jalur-hijau,Jakarta Selatan,Jlan Taman Bukit Duri,-6.21763234,106.85918795,,,,,,True,,,Tebet,Bukit Duri
rth-433fd378b835,Hutan Kota Cipedak,hutan,Jakarta Selatan,Jalan Pembangunan,-6.35727435,106.80265704,,,,,,True,,,Jagakarsa,Cipedak
rth-c65d7e0253de,Srengseng Sawah,hutan,Jakarta Selatan,Jalan M. Kahfi 2,-6.34284586,106.8191211,,,,,,True,,,Jagakarsa,Srengseng Sawah
rth-21383e6c7568,Hutan Kota Rawa Buaya,hutan,Jakarta Barat,Jalan Al Barkah Ujung No. 15 RT011 RW 003,-6.16692438,106.73094114,,,,,,True,,,Cengkareng,Rawa Buaya
rth-43f886dbc590,Hutan Kota Jagakarsa,hutan,Jakarta Selatan,Jalan Kahfi II,-6.33279577,106.83241966,,,,,,True,,,Jagakarsa,Jagakarsa
rth-027c12db1c8c,Kebun Bibit Srengseng,kebun-bibit,Jakarta Barat,Jl. Pos Pengumben Lama,-6.21993809,106.76406686,,,,,,True,,,Kembangan,Srengseng
rth-3c55ad5da0c1,Kebun Bibit Jl. Durian,kebun-bibit,Jakarta Selatan,Jl. Durian,-6.32585317,106.81770885,,,,,,True,,,Jagakarsa,Jagakarsa
rth-072219f3efb0,Hutan Kota UI,hutan,Jakarta Selatan,Kampus UI,-6.35197373,106.8286772,,,,,,True,,,Jagakarsa,Srengseng Sawah
rth-04a026caa76a,Jl Tebet Raya,jalur-hijau,Jakarta Selatan,Jalan Tebet Raya,-6.22900788,106.85292925,,,,,,True,,,Tebet,Tebet Barat
rth-febc0fb6f1d3,Jalan Bukit Duri Utara Raya (samping rel),jalur-hijau,Jakarta Selatan,Jalan Bukit Duri Utara Raya,-6.21781231,106.85887843,,,,,,True,,,Tebet,Bukit Duri
rth-45213b4071b0,TPU Pondok Kelapa,taman,Jakarta Timur,Jl. H. Naman,-6.23458045,106.94139118,,,,,,True,,,Duren Sawit,Pondok Kopi
rth-ad1609bade68,TPU Cidodol II,taman,Jakarta Selatan,JL PERMATA HIJAU II,-6.22974548,106.76593364,,,,,,True,,,,Grogol Selatan
rth-2e2bcdd3d891,TAMAN JALAN CIPUCANG,jalur-hijau,Jakarta Utara,JALAN CIPUCANG I,-6.11221962,106.90125411,,,,,,True,,,Koja,Rawa Badak Utara
rth-c3b77018077d,TAMAN JALAN KELAPA MUDA,jalur-hijau,Jakarta Utara,JALAN NYIUR MELAMBAI I,-6.12355993,106.90461974,,,,,,True,,,Koja,Tugu Utara
rth-29e076b5b0d0,TAMAN JL. LUNAS,jalur-hijau,Jakarta Utara,JALAN LUNAS,-6.12235802,106.90095945,,,,,,True,,,Koja,Rawa Badak Utara
rth-c3364e599726,TAMAN MARTADINATA,jalur-hijau,Jakarta Utara,JL. RE. MARTADINATA,-6.12621773,106.84892229,,,,,,True,,,Pademangan,Ancol
rth-9a6ce6f539a3,Taman pulau-pulau Jl Bumi - Jl Tebah,jalur-hijau,Jakarta Selatan,Jl Bumi - Jl Tebah,-6.23926444,106.79024983,,,,,,True,,,Kebayoran Baru,Gunung
rth-9af48a387ef7,Taman Pulau-pulau Jl Kyai Maja - Jl Kerinci,jalur-hijau,Jakarta Selatan,Jl Kyai Maja - Jl Kerinci,-6.24085383,106.78879395,,,,,,True,,,Kebayoran Baru,Gunung
rth-5696c1b993ad,Taman Pulo-Pulo Jl kyai Maja - Jl Lauser,jalur-hijau,Jakarta Selatan,Jl Kyai Maja - Jl Lauser,-6.24179894,106.79218177,,,,,,True,,,Kebayoran Baru,Gunung
rth-d53a33ea2d25,Taman Hang Lekir Raya - Jl Hang Lekir 4,jalur-hijau,Jakarta Selatan,Jl Hang Lekir Raya - Jl Hang Lekir 4,-6.23027543,106.79631632,,,,,,True,,,Kebayoran Baru,Gunung
rth-b6a606c01e00,Taman Pulau-pulau Jl Hang Lekir Raya - Jl Hang Tuah,jalur-hijau,Jakarta Selatan,Jl Hang Lekir Raya - Jl Hang Tuah,-6.22931464,106.79754035,,,,,,True,,,Kebayoran Baru,Gunung
rth-2f3d0eb4434e,Taman Pulau-pulau Jl Hang Tuah - Jl Hang Lekir 9,jalur-hijau,Jakarta Selatan,Jl Hang Tuah - Jl Hang Lekir 9,-6.23157749,106.79760472,,,,,,True,,,Kebayoran Baru,Gunung
rth-42f0aa94bf26,Taman Pulau - pulau Jl Hang Tuah-Jl Hang Lekir6/9,jalur-hijau,Jakarta Selatan,Jl Hang Tuah-Jl Hang Lekir6/9,-6.23161305,106.79747418,,,,,,True,,,Kebayoran Baru,Gunung
rth-beaf35768ff4,Taman Pulau - pulau Jl Barito - Jl Kramat Pela (3titik),jalur-hijau,Jakarta Selatan,Jl Barito - Jl Kramat Pela,-6.24898953,106.79599173,,,,,,True,,,Kebayoran Baru,Kramat Pela
rth-971bd0487862,Jalur Hijau Bundaran Depan UI ( RTH UI ),jalur-hijau,Jakarta Selatan,Jl. Akses UI,-6.35630011,106.8318474,,,,,,True,,,Jagakarsa,Srengseng Sawah
rth-4a300b62012c,Taman pulau-pulau Jl Gandaria 1 Jl Gandaria 3 (sisi taman puring),jalur-hijau,Jakarta Selatan,Jl Gandaria 1 Jl Gandaria 3 (sisi taman puring),-6.24187657,106.78775226,,,,,,True,,,Kebayoran Baru,Kramat Pela
rth-f85bd87b433c,Underpass Jl Patimura-Jl S Hasanudin,jalur-hijau,Jakarta Selatan,Jl Patimura-Jl S Hasanudin,-6.23996147,106.80239484,,,,,,True,,,Kebayoran Baru,Selong
rth-6c4f2ff623b1,Taman Pulau-pulau Jl Wijaya 2-Jl Wijya 13 (wisma angkasa),jalur-hijau,Jakarta Selatan,Taman Pulau-pulau Jl Wijaya 2-Jl Wijya 13 (wisma angkasa),-6.24965232,106.80390913,,,,,,True,,,Kebayoran Baru,Melawai
rth-60fdb06297ba,"Tmn Univ. Indonesia, dep pintu Gerbang",jalur-hijau,Jakarta Selatan,Jl. Lenteng Agung Timur,-6.35512376,106.83206863,,,,,,True,,,Jagakarsa,Srengseng Sawah
rth-1fafe7ea56e4,Pulau Jalan Bhakti,jalur-hijau,Jakarta Selatan,Jalan Bhakti,-6.23316207,106.81229173,,,,,,True,,,Kebayoran Baru,Rawa Barat
rth-a1c81cbfa705,Pulau Jalan Birah I,jalur-hijau,Jakarta Selatan,Jalan Birah 1,-6.23578777,106.81385241,,,,,,True,,,Kebayoran Baru,Rawa Barat
rth-c8da578d415c,Pulau Jalan Suryo,jalur-hijau,Jakarta Selatan,Jalan Suryo,-6.23860641,106.81483098,,,,,,True,,,Kebayoran Baru,Rawa Barat
rth-c9c3d3e18509,"Taman pulau-pulau SBD JL Senopati, segi-3",jalur-hijau,Jakarta Selatan,Jalan senopati,-6.23121235,106.80956315,,,,,,True,,,Kebayoran Baru,Senayan
rth-5fa5ea28c663,Pulau Jalan Dharmawangsa,jalur-hijau,Jakarta Selatan,Jalan Dharmawangsa,-6.25459148,106.80283768,,,,,,True,,,Kebayoran Baru,Pulo
rth-c0bd53e6c570,Pulau Jalan Dharmawangsa 6 - jalan brawijaya I c,jalur-hijau,Jakarta Selatan,Jalan Dharmawangsa 6 - jalan brawijaya I c,-6.25381754,106.80214083,,,,,,True,,,Kebayoran Baru,Pulo
rth-0b4716975df7,Pulau Jalan Leuser (SMK 30),jalur-hijau,Jakarta Selatan,Jalan Leuser depan (SMK 30),-6.23537521,106.79127842,,,,,,True,,,Kebayoran Baru,Gunung
rth-963482720fb4,Pulau Jalan Sanjaya,jalur-hijau,Jakarta Selatan,Jalan Sanjaya,-6.23842116,106.80713414,,,,,,True,,,Kebayoran Baru,Selong
rth-80a488dff1bb,Pulau Jalan Belitung,jalur-hijau,Jakarta Selatan,Jalan Belitung,-6.23127965,106.80763922,,,,,,True,,,Kebayoran Baru,Selong
rth-aa110c376081,Pulau Jalan Kertanegara,jalur-hijau,Jakarta Selatan,Jalan Kertanegara,-6.23552762,106.80751546,,,,,,True,,,Kebayoran Baru,Selong
rth-c093c002b5f7,Jalur Hijau Fly Over Tanjung Barat (bawah),jalur-hijau,Jakarta Selatan,"Jalan Lenteng Agung, Tanjung Barat",-6.30281457,106.83891427,,,,,,True,,,Jagakarsa,Lenteng Agung
rth-6872636fcd9f,Hutan Kota Ciracas,hutan,Jakarta Timur,Jalan Centex RT 006 RW 003,-6.32096137,106.87917826,,,,,,True,,,Ciracas,Ciracas
rth-f8a7d10a27fb,Kali_Pesanggrahan,hutan,Jakarta Selatan,,-6.31339307,106.77759867,,,,,,True,,,,
rth-94c06a44fddd,Hutan Kota Sangga Buana,hutan,Jakarta Selatan,Jalan Taman Sari I RT 003 RW 003,-6.31414382,106.77761514,,,,,,True,,,Cilandak,Lebak Bulus
rth-947375ac758d,Hutan Kota Waduk Sunter Utara_2,hutan,Jakarta Utara,,-6.1269058,106.86878464,,,,,,True,,,Tanjung Priok,Papanggo
rth-34c5e38ff111,Hutan Kota Waduk Sunter Utara_1,hutan,Jakarta Utara,"Kel. Papanggo, Kec. Tanjung Priok, Jakarta Utara",-6.1240484,106.86777225,,,,,,True,,,Tanjung Priok,Papanggo
rth-2bfdd6a4c46a,Hutan Kota Kemayoran_2,hutan,Jakarta Utara,,-6.14065339,106.85047507,,,,,,True,,,Pademangan,Pademangan Barat
rth-976db17fca3d,LOT Banteng,taman,Jakarta Pusat,,-6.16956441,106.83453662,,,,,,True,,,,
rth-52b7b4d905a6,Taman Pulau-pulau Jl. Pakubuwono 6,jalur-hijau,Jakarta Selatan,Jl Pakubowono 6,-6.23618677,106.78941102,,,,,,True,,,Kebayoran Baru,Gunung
rth-67b10bfb2885,Taman Pulau-pulau Jl Gandaria I - Jl Gandari Tengah III,jalur-hijau,Jakarta Selatan,Jl Gandaria I - Jl Gandari Tengah III,-6.2463076,106.78959988,,,,,,True,,,Kebayoran Baru,Kramat Pela
rth-0cfbc83007d4,Jalu Hijau Jl Sudirman(patung pemudas/d Bundaran Semanggi),jalur-hijau,Jakarta Selatan,Jalan Sudirman,-6.22445381,106.80567352,,,,,,True,,,Kebayoran Baru,Selong
rth-f8f6bb50f73a,PT. JIEP Pulogadung,hutan,Jakarta Timur,"Kaw. Industri Pulogadung, Blok JJ No. 4, Jl. Pulobuaran V, RT.10/RW.7, Jatinegara, Cakung, Kota Jakarta Timur, Daerah Khusus Ibukota Jakarta 13920",-6.20659578,106.9151223,,,,,,True,,,Cakung,Jatinegara
rth-541f030499c7,Pulomas,hutan,Jakarta Timur,"Jalan Perintis Kemerdekaan, Klp. Gading Bar., Klp. Gading, Kota Jkt Utara, Daerah Khusus Ibukota Jakarta",-6.18274574,106.88549734,,,,,,True,,,Pulogadung,Kelapa Gading Barat
rth-2d6c0ec9a37b,TAMAN JL. TENGGIRI,jalur-hijau,Jakarta Utara,JALAN TENGGIRI,-6.11283496,106.88184531,,,,,,True,,,Tanjung Priok,Tanjung Priok
rth-5c51ac0d7664,Kebun Bibit Jl. Aselih,kebun-bibit,Jakarta Selatan,Jl. Aselih,-6.35201479,106.79314032,,,,,,True,,,Jagakarsa,Cipedak
rth-55f1837264fb,TPU Kampung Bayur,taman,Jakarta Timur, ,-6.2445833,106.89727289,,,,,,True,,,,
rth-d0ffafa31be6,TPU Kampung Baru,taman,Jakarta Timur, ,-6.1755958,106.93622711,,,,,,True,,,,
rth-04ea45c35b7b,Kelapa Dua Wetan,hutan,Jakarta Timur,"Kelapa Dua Wetan, Kota Jakarta Timur, Daerah Khusus Ibukota Jakarta",-6.33792076,106.88572066,,,,,,True,,,Ciracas,Kelapa Dua Wetan
rth-5988d5f828a5,Hutan Kota Pulogebang,hutan,Jakarta Timur,"Jalan Anggrek II, Pulo Gebang, Cakung, Kota Jakarta Timur, Daerah Khusus Ibukota Jakarta 13950",-6.20066491,106.95423373,,,,,,True,,,Cakung,Pulo Gadung
rth-71ae7bfd8c2a,Hutan Kota Dukuh,hutan,Jakarta Timur,Jalan Raya Pondok Gede RT 006 RW 002,-6.28830213,106.87430246,,,,,,True,,,Kramatjati,Dukuh
rth-9d560556217e,Hutan Kota Setu Rawadongkal,hutan,Jakarta Timur,Jl. Jambore,-6.35755773,106.88752237,,,,,,True,,,Ciracas,Cibubur
rth-021d7851f3ea,Mabes_TNI_Cilangkap,hutan,Jakarta Timur,Mabes TNI Cilangkap,-6.33354835,106.91569488,,,,,,True,,,Cipayung,Cilangkap
rth-a516a2b73de7,Hutan Kota Buperta Cibubur_2,hutan,Jakarta Timur,Kawasan Buperta Cibubur,-6.35847572,106.90052335,,,,,,True,,,Cipayung,Pondok Ranggon
rth-e5638a997e09,Dukuh,hutan,Jakarta Timur,"Jalan Raya Pondok Gede, RT.1/RW.2, Dukuh, Kota Jakarta Timur, Daerah Khusus Ibukota Jakarta",-6.28817436,106.87420458,,,,,,True,,,Kramatjati,Dukuh
rth-3c3550f07926,Tanah Bangunan Kantor Pemerintah,taman,Jakarta Selatan,Jalan Horsono RM No 1 Unit Pengelola Taman Margasatwa Ragunan Dinas Kehutanan,-6.31111631,106.82120361,,,,,,True,,,Pasar Minggu,Ragunan
rth-5d1fc2d9366b,Tanah Kosong yang sudah diperuntukkan,taman,Jakarta Selatan,Jl. Sagu Rt 007 Rw 05 Jagakarsa Jakarta Selatan,-6.31819356,106.81704429,,,,,,True,,,Jagakarsa,Jagakarsa
rth-82cb4d770f7f,PT.Jakpro,hutan,Jakarta Utara,Jalan Kepanduan 2,-6.1288616,106.77959135,,,,,,True,,,Penjaringan,Pejagalan
rth-d81645009ae3,TAMAN INDRAGIRI,taman,Jakarta Utara,RT. 12 RW. 01,-6.12828342,106.92286606,,,,,,True,,,Cilincing,Semper Barat
rth-dce53977776c,TAMAN ELANG BONDOL,taman,Jakarta Utara,JL. PLUIT SELATAN RAYA,-6.12631008,106.78992922,,,,,,True,,,Penjaringan,Penjaringan
rth-eaea405de61f,JH. Jl. Bisma Raya Kel. Papanggo,jalur-hijau,Jakarta Utara,JH. Jl. Bisma Raya Kel. Papanggo,-6.13072259,106.87294346,,,,,,True,,,Tanjung Priok,Papanggo
rth-582c93441bd2,JH. Alu-Alu (Area 1),jalur-hijau,Jakarta Timur,"Jl. Alu-alu, RW. 07, Kel. Jati, Kec. Pulo Gadung, Kota Jakarta Timur",-6.2022104,106.89244809,,,,,,True,,,Pulogadung,Jati
rth-9f625fb3e6f6,JH. Alu-alu (Area 2),jalur-hijau,Jakarta Timur,"Jl. Alu-alu, RW. 07, Kel. Jati, Kec. Pulo Gadung, Kota Jakarta Timur",-6.20241345,106.89557664,,,,,,True,,,Pulogadung,Jati
rth-5d65cbf0ffbe,JH. Wisma Jaya,jalur-hijau,Jakarta Timur,"Jl. Wisma Jaya, RW. 13, Kel. Pisangan Timur, Kec. Pulo Gadung, Kota Jakarta Timur",-6.20212051,106.88426126,,,,,,True,,,Pulogadung,Pisangan Timur
rth-b507bfcd005e,JH. Perserikatan,jalur-hijau,Jakarta Timur,"Jl. Perserikatan, RW. 08, Kel. Rawamangun, Kec. Pulo Gadung, Kota Jakarta Timur",-6.19754437,106.8908433,,,,,,True,,,Pulogadung,Rawamangun
rth-c22ed51f1223,JH. FO. Pondok Kopi,jalur-hijau,Jakarta Timur,Jl. Raya I. Gusti Nugrah Rai,-6.21755454,106.93872508,,,,,,True,,,Duren Sawit,Pondok Kopi
rth-05aa1e2ff0ee,JH. I. Gusti Ngurah Rai (Area 1),jalur-hijau,Jakarta Timur,"Jl. I Gusti Ngurah Rai RW.16, Kel. Penggilingan, Kec. Cakung, Kota Timur Daerah Khusus Ibukota Jakarta",-6.21662309,106.9309564,,,,,,True,,,Cakung,Penggilingan
rth-e4438ce3a428,JH. I Gusti Ngurah Rai (Area 2),jalur-hijau,Jakarta Timur,"Jl. I Gusti Ngurah Rai RW. 08, Kel. Jatinegara, Kec. Cakung, Kota Jakarta Timur",-6.21435018,106.91141012,,,,,,True,,,Cakung,Jatinegara
rth-b076ebeb1b37,JH. I. Gusti Ngurah Rai (Area 3),jalur-hijau,Jakarta Timur,"Jl. I Gusti Ngurah Rai, RW.02, Kel. Klender, Kec. Duren Sawit",-6.21338738,106.89837664,,,,,,True,,,Duren Sawit,Klender
rth-d46f08664e53,JH. I Gusti Ngurah Rai (Area 4),jalur-hijau,Jakarta Timur,"Jl. I Gusti Ngurah Rai, RW. 05, Kel. Cipinang Muara, Kec. Jatinegara, Kota Jakarta Timur",-6.21345007,106.89187401,,,,,,True,,,Jatinegara,Cipinang Muara
rth-0e06df9245a7,JH. Pemuda ( Area 3),jalur-hijau,Jakarta Timur,"Jl. Pemuda RW. 08, Kel. Jati, Kec. Pulo Gadung, Kota Jakarta Timur",-6.19349929,106.89223618,,,,,,True,,,Pulogadung,Jati
rth-0385a76e2b73,JH. Pemuda (Area 4),jalur-hijau,Jakarta Timur,"Jl. Pemuda RW. 07, Kel. Rawamangun, Kec. Pulo Gadung, Kota Jakarta Timur",-6.19346722,106.88867487,,,,,,True,,,Pulogadung,Rawamangun
rth-6f1f60284d42,JH. Pemuda ( Area 5 ),jalur-hijau,Jakarta Timur,"Jl. Pemuda RW. 15, Kel. Rawamangun, Kec. Pulo Gadung, Kota Jakarta Timur",-6.19338161,106.88518483,,,,,,True,,,Pulogadung,Rawamangun
rth-d935f21dc622,TPU Prumpung,taman,Jakarta Timur,"Jl. Prumpung, Kel. Cipinang Besar Utara, Kec. Jatinegara",-6.22213494,106.87659988,,,,,,True,,,,
rth-d343d9228345,JH. Pemuda (Area 2),jalur-hijau,Jakarta Timur,"Jl. Pemuda RW. 09, Kel. Jati, Kec. Pulo Gadung, Kota Jakarta Timur",-6.19352685,106.89732451,,,,,,True,,,Pulogadung,Jati
rth-45116c55a434,JH. Pemuda (Area 1),jalur-hijau,Jakarta Timur,"Jl. Pemuda, RT.3/RW.1, Jati, Pulo Gadung, Kota Jakarta Timur, Daerah Khusus Ibukota Jakarta 13220",-6.1929397,106.9037767,,,,,,True,,,Pulogadung,Rawamangun
rth-95568fd90835,JH. Pemuda (Area 6),jalur-hijau,Jakarta Timur,"Jl. Pemuda RW. 15, Kel. Rawamanguna, Kec. Pulo Gadung, Kota Jakarta Timur",-6.1929255,106.88033869,,,,,,True,,,Pulogadung,Rawamangun
rth-b771807a6f05,JH. Pemuda (Area 7),jalur-hijau,Jakarta Timur,"Jl. Pemuda RW. 14, Kel. Rawamanguna, Kec. Pulo Gadung, Kota Jakarta Timur",-6.19247887,106.87620433,,,,,,True,,,Pulogadung,Rawamangun
rth-47b8ffbbc1cd,JH. Pramuka_1,jalur-hijau,Jakarta Timur,"Jl. Pramuka, RW. 09, Kel. Utan Kayu Utara, Kec. Matraman, Kota Jakarta Timur",-6.1929914,106.86650154,,,,,,True,,,Matraman,Utan Kayu Utara
rth-9804cf78a793,JH. Bekasi Raya,jalur-hijau,Jakarta Timur,"Jl. Bekasi Raya, RW. 07, Kel. Jatinegara Kaum, Kec. Pulo Gadung, Kota Jakarta Timur",-6.20270989,106.90367693,,,,,,True,,,Pulogadung,Jatinegara Kaum
rth-cc9809a9093f,JH. Cipinang Baru Raya_1,jalur-hijau,Jakarta Timur,"Jl. Cipinang Baru Raya, RW. 06, Ke. Cipinang, Kec. Pulo Gadung, Kota Jakarta Timur",-6.20885936,106.89069475,,,,,,True,,,Pulogadung,Cipinang
rth-47dc47faa003,JH. Cipinang Baru Bunder / Jl. Persahabatan Raya,jalur-hijau,Jakarta Timur,"Jl. Cipinang Baru Bunder, Cipinang, Pulo Gadung, Kota Jakarta Timur, Daerah Khusus Ibukota Jakarta 13240",-6.20595872,106.88663786,,,,,,True,,,Pulogadung,Cipinang
rth-519da955be9b,JH. Jl. Kedondong,jalur-hijau,Jakarta Timur,"Jl. Kedondong, RW. 18, Kel. Cipinang, Kec. Pulo Gadung, Kota Jakarta Timur",-6.20192824,106.88799555,,,,,,True,,,Pulogadung,Cipinang
rth-af52f1e850c6,JH. Jl. Paus,jalur-hijau,Jakarta Timur,"Jl. Paus, RW. 08, Kel. Jati, Kec. Pulo Gadung, Kota Jakarta Timur",-6.19507647,106.89118274,,,,,,True,,,Pulogadung,Jati
rth-c0de1e11fa6b,JH. Bekasi Barat (Area 2),jalur-hijau,Jakarta Timur,Jl. Bekasi Barat Rw. Bunga Jatinegara Kota Jakarta Timur Daerah Khusus Ibukota Jakarta,-6.2153708,106.87065763,,,,,,True,,,Jatinegara,Rawa Bunga
rth-0e100086a1e2,JH. Bekasi Barat (Area 1),jalur-hijau,Jakarta Timur,"Jl. Bekasi Barat, RW. 07, Kel. Cipinang Besar Utara, Kec. Jatinegara, Kota Jakarta Timur",-6.21512822,106.87466619,,,,,,True,,,Jatinegara,Cipinang Besar Utara
rth-3f50d27e5aee,TPU Jembatan Sampi,taman,Jakarta Utara,"Jl. Bulak Cabe,Kel.Cilincing,Kec.Cilincing",-6.10768804,106.93966601,,,,,,True,,,,
rth-a3e58cf53f54,TPU Mengkok,taman,Jakarta Timur,"Jl. Tipar Cakung, RT.4/RW.05, Suka Pura, Cilincing",-6.27850013,106.85634234,,,,,,True,,,,
rth-18de58c8915b,TPU Kampung Rambutan II,taman,Jakarta Timur,"Jl. Tanah Merdeka, Kel.Rambutan,Kec.Ciracas",-6.30892363,106.87865112,,,,,,True,,,,
rth-6ffab02a69b5,TPU Ciracas,taman,Jakarta Timur,"Jl. Raya Ciracas, Kel. Ciracas, Kec. Ciracas",-6.32022349,106.8788076,,,,,,True,,,Ciracas,Ciracas
rth-4f9afe10495a,"TPU Sarang Bango, Jl. Rorotan",taman,Jakarta Utara,"Jl. Rorotan 9,Kel.Rorotan,Kec.Cilincing",-6.15113138,106.95649427,,,,,,True,,,Cilincing,Rorotan
rth-7dd29062bd27,TPU Munjul,taman,Jakarta Timur,"Jl. TPU Munjul, Kel. Cipayung, Kec. Cipayung",-6.35366553,106.89878954,,,,,,True,,,,
rth-9c8865bda863,TPU Cijantung,taman,Jakarta Timur,"Kel. Cijantung, Kec. Pasar Rebo",-6.32110849,106.86127416,,,,,,True,,,,
rth-2aa79758e8b4,TPU Susukan Islam,taman,Jakarta Timur,"Jl. Suci, Kel. Susukan, Kec. Ciracas",-6.31200354,106.8738412,,,,,,True,,,Makasar,Susukan
rth-70b0ff98fdfc,TPU Bambu Apus,taman,Jakarta Timur,"Jl. Bambu Apus, Kel. Bambu Apus, Kec. Cipayung",-6.3197414,106.90729962,,,,,,True,,,,
rth-de323c82243c,TPU Ceger,taman,Jakarta Timur,"Jl. Raya Ceger, Kel. Ceger, Kec. Cipayung",-6.31527144,106.88941146,,,,,,True,,,,
rth-ef4c29891d3a,TPU Cipayung,taman,Jakarta Timur,"Jl. Cipayung, Kel. Cipayung, Kec. Cipayung",-6.3292535,106.89767037,,,,,,True,,,Cipayung,Cipayung
rth-42f452af8397,JH. Bekasi Timur Raya (Area 2),jalur-hijau,Jakarta Timur,"Jl. Bekasi Timur Raya, RW. 06, Kel. Cipinang Muara, Kec. Jatinegara, Kota Jakarta Timur",-6.2143396,106.88717448,,,,,,True,,,Jatinegara,Cipinang Muara
rth-f991e82d2915,JH. Bekasi Timur Raya (Area 1),jalur-hijau,Jakarta Timur,"Jl. Bekasi Tim. Raya RT.3/RW.6, Cipinang Muara Jatinegara Kota Jakarta Timur Daerah Khusus Ibukota Jakarta",-6.21467496,106.88162733,,,,,,True,,,Jatinegara,Cipinang
rth-0c1bac7592f1,JH. Jatinegara Timur Raya,jalur-hijau,Jakarta Timur,"Jl. Raya Jatinegara Timur RW.04, Kel. Bali Mester, Kec. Jatinegara, Kota Jakarta Timur",-6.22053936,106.86765697,,,,,,True,,,Jatinegara,Bali Mester
rth-029a00ffcec4,JH. Jatinegara Barat,jalur-hijau,Jakarta Timur,"Jl. Jatinegara Barat, RW. 05, Kel. kampung melayu, Kec. Jatinegara, Kota Jakarta Timur",-6.2185308,106.86418852,,,,,,True,,,Jatinegara,Kampung Melayu
rth-95fab31dd55e,JH. FO. Kampung Melayu Sisi Barat&Timur,jalur-hijau,Jakarta Timur,"Jl. Kampung Melayu, RW. 01, Kel. Bali Mester, Kec. Jatinegara, Kota Jakarta Timur",-6.2247849,106.86778296,,,,,,True,,,Jatinegara,Bali Mester
rth-e1eee89bc82b,JH. Kayu Putih Raya,jalur-hijau,Jakarta Timur,"Jl. Kayu Putih Raya, RW. 16, Kel. Kayu Putih, Kec. Pulo Gadung, Kota Jakarta Timur",-6.18354235,106.89153239,,,,,,True,,,Pulogadung,Kayu Putih
rth-184799cb4d02,TPU Jeruk Purut,taman,Jakarta Selatan,"Jl. Madrasah I, Kel. Cilandak Barat, Kec. Cilandak",-6.28009777,106.81327165,,,,,,True,,,,
rth-3914a3588bd5,TPU Cilangkap,taman,Jakarta Timur,"Jl. Cilangkap, Kel. Cilangkap, Kec. Cipayung",-6.34052033,106.89915965,,,,,,True,,,,
rth-2a1547809e87,TPU Kampung Mangga,taman,Jakarta Utara,"Jl. Raya Plumpang Semper, Kel. Tugu Utara, Kec. Koja",-6.12900052,106.90951959,,,,,,True,,,,
rth-d495871ce9b4,TPU Kalisari,taman,Jakarta Timur,"Jl. Kalisari Kel.Kalisari,Kec.Pasar Rebo",-6.33893492,106.85001715,,,,,,True,,,Pasar Rebo,Kalisari
rth-d27089585446,TPU Kampung Gedong,taman,Jakarta Timur,"Jl. Condet Raya Kel.Gedong,Kec.Pasar Rebo",-6.29417297,106.85511639,,,,,,True,,,Pasar Rebo,Gedong
rth-4d9f20e52492,TPU Utan Kayu,taman,Jakarta Timur,"Jl. Rawamangun Muka, Kel. Rawamangun, Kec. Pulogadung",-6.19510384,106.88193584,,,,,,True,,,,
rth-daae5c3bae75,TPU Rawa Kopi,taman,Jakarta Barat,"Jl. Al Kamal, Kel. Kedoya Selatan, Kec. Kebon Jeruk",-6.1884335,106.76115704,,,,,,True,,,Kebon Jeruk,Kedoya Selatan
rth-668fac1ba375,TPU Kepa Duri,taman,Jakarta Barat,"Jl. Palem Raya,Kel.Duri Kepa,Kec.Kebon Jeruk",-6.18088647,106.7739803,,,,,,True,,,Kebon Jeruk,Duri Kepa
rth-4e5259994690,TPU Petamburan,taman,Jakarta Pusat,"Jl. Aipda II KS. Tubun No. 1, Kel. Petamburan, Kec. Tanah Abang",-6.19974932,106.80434977,,,,,,True,,,,
rth-761076ad7590,TPU Wijaya,taman,Jakarta Selatan,"Jl. Madrasah I,Kel.Cilandak Selatan,Kec.Jagakarsa",-6.28142182,106.8262662,,,,,,True,,,,
rth-6f3cde8952ce,TPU Malaka I,taman,Jakarta Timur,"Jl. H. Bandan, Kel. Rorotan, Kec. Cilincing",-6.22991629,106.93678027,,,,,,True,,,,
rth-9f5a0a19bebf,TPU Kampung Penggilingan,taman,Jakarta Timur,"Jl .Cakung Sumur,Kel.Penggilingan,Kec.Cakung",-6.20667999,106.93336612,,,,,,True,,,,
rth-2416db45431c,TAMAN MUSIK RAYA,jalur-hijau,Jakarta Utara,JL. MUSIK RAYA,-6.17455706,106.9092128,,,,,,True,,,Kelapa Gading,Pegangsaan Dua
rth-c4baf8bf078d,JH. Penggambiran (Area 1),jalur-hijau,Jakarta Timur,"Jl. Penggambiran, RW. 08, Kel. Rawamangun, Kec. Pulo Gadung, Kota Jakarta Timur",-6.19845921,106.89026122,,,,,,True,,,,Rawamangun
rth-a06e1bc7cd4a,JH. Penggambiran (Area 2),jalur-hijau,Jakarta Timur,"Jl. Penggambiran, RW. 08, Kel. Rawamangun, Kec. Pulo Gadung, Kota Jakarta Timur",-6.19893602,106.89015521,,,,,,True,,,Pulogadung,Rawamangun
rth-3dad8d7babbc,JH. Penggambiran (Area 3),jalur-hijau,Jakarta Timur,"Jl. Penggambiran, RW. 08, Kel. Rawamangun, Kec. Pulo Gadung, Kota Jakarta Timur",-6.20082203,106.8904035,,,,,,True,,,Pulogadung,Rawamangun
rth-215175d10c13,JH. A. Yani 12,jalur-hijau,Jakarta Timur,Jl. Jendral Ahmad Yani,-6.19510036,106.87450175,,,,,,True,,,Pulogadung,Rawamangun
rth-6038675eca70,JH. A. Yani 11,jalur-hijau,Jakarta Timur,"Jl. Jendral Ahmad Yani, RW. 13, Kel. Rawamangun, Kec. Pulo Gadung, Kota Jakarta Timur",-6.19964453,106.87356955,,,,,,True,,,Pulogadung,Rawamangun
rth-a1627ecd8332,Jl. A. Yani 4,jalur-hijau,Jakarta Timur,Jl. A.YANI,-6.20663592,106.87369897,,,,,,True,,,Matraman,Utan Kayu Selatan
rth-11a587303cbe,Jl. A. Yani 2,jalur-hijau,Jakarta Timur,"Jl. Jendral Ahmad Yani, RW. 01, Kel. Pisangan Timur, Kec. Pulo Gadung, Kota Jakarta Timur",-6.21349759,106.87411395,,,,,,True,,,Pulogadung,Pisangan Timur
rth-36c1b9ec4bb3,JH. DI. Panjaitan (Area 1),jalur-hijau,Jakarta Timur,"Jl. D.I. Panjaitan, RW. 03, Kel. Rawa Bunga, Kec. Jatinegara, Kota Jakarta Timur",-6.22125985,106.87452948,,,,,,True,,,Jatinegara,Rawa Bunga
rth-0ef49ea73e7c,JH. D.I. Panjaitan (Area 3),jalur-hijau,Jakarta Timur,"Jl. D.I. Panjaitan, RW. 02, Kel. Cipinang Cempedak, Kec. Jatinegara, Kota Jakarta Timur",-6.23758659,106.87781277,,,,,,True,,,Jatinegara,Cipinang Cempedak
rth-01cfce193f6f,JH. D.I.Panjaitan (Area 2),jalur-hijau,Jakarta Timur,"Jl. D.I. Panjaitan, RW. 02, Kel. Cipinang Besar Selatan",-6.23115113,106.87624574,,,,,,True,,,Jatinegara,Cipinang Besar Selatan
rth-6af5712d81d0,JH. Matraman Raya (Area 2),jalur-hijau,Jakarta Timur,"Jl. Matraman, RW. 06, Kel. Bali Mester, Kec. Jatinegara, Kota Jakarta Timur",-6.2137922,106.86271344,,,,,,True,,,Jatinegara,Bali Mester
rth-e9e0652a0f4f,Jalur Hijau Jl. Letjen Suprapto (7),jalur-hijau,Jakarta Pusat,Jl. Letjen Suprapto,-6.1698014,106.86757179,,,,,,True,,,Kemayoran,Cempaka Baru
rth-174b4a75f2a9,Jalur Hijau Jl. Letjen Suprapto (8),jalur-hijau,Jakarta Pusat,Jl. Letjen Suprapto,-6.16903778,106.86920727,,,,,,True,,,Kemayoran,Cempaka Baru
rth-551bd3a21428,Jalur Hijau Jl. Letjen Suprapto (9),jalur-hijau,Jakarta Pusat,Jl. Letjen Suprapto,-6.1685346,106.87026969,,,,,,True,,,Kemayoran,Cempaka Baru
rth-d22e7f28d4f2,Jalur Hijau Jl. Letjen Suprapto (10),jalur-hijau,Jakarta Pusat,Jl. Letjen Suprapto,-6.1682167,106.87098507,,,,,,True,,,Kemayoran,Cempaka Baru
rth-4dc0570f6700,Jalur Hijau Jl. Letjen Suprapto (11),jalur-hijau,Jakarta Pusat,Jl. Letjen Suprapto,-6.16758485,106.87238684,,,,,,True,,,Kemayoran,Sumur Batu
rth-ecc6018be965,Jalur Hijau Jl. Letjen Suprapto (12),jalur-hijau,Jakarta Pusat,Jl. Letjen Suprapto,-6.16665093,106.87531766,,,,,,True,,,Kemayoran,Sumur Batu
rth-4b90b2798dff,JH. PULO-PULO PENGGILINGAN 2,jalur-hijau,Jakarta Timur,"Jl. Penggilingan, RW. 04, Kel. Penggilingan, Kec. Cakung, Kota Jakarta Timur",-6.21206241,106.93978271,,,,,,True,,,Cakung,Penggilingan
rth-3312e91f2b39,TPU Karet Bivak,taman,Jakarta Pusat,"Jl. Penjernihan, Kel. Karet Tengsin, Kec. Tanah Abang",-6.20294255,106.81367042,,,,,,True,,,,
rth-1c23f26580d4,TPU Karet Pasar Baru Barat,taman,Jakarta Pusat,"Jl. KH. Mas Mansyur, Kel. Karet Tengsin, Kec. Tanah Abang",-6.20774932,106.81538267,,,,,,True,,,,
rth-155cafce8ef7,TPU Kampung Kandang,taman,Jakarta Selatan,"Jl. Raya Ciganjur, Kel. Jagakarsa, Kec. Jagakarsa",-6.31946626,106.80901142,,,,,,True,,,,
rth-c7e42e96c77b,TPU Cipinang Besar,taman,Jakarta Timur,"Jl. PWI Kebon Nanas, Kel. Cipinang Besar Selatan, Kec. Jatinegara",-6.23212017,106.88005131,,,,,,True,,,,
rth-7006117afffa,TPU Penggilingan,taman,Jakarta Timur,"Jl. Layur, Kel. Jati, Kec. Pulo Gadung",-6.1973765,106.89931728,,,,,,True,,,,
rth-c854e3a44e10,TPU Bantarjati,taman,Jakarta Timur,"Jl. Bantar Jati, Kel. Setu, Kec. Cipayung",-6.31250178,106.91712104,,,,,,True,,,,
rth-adc97899994f,TPU Semanan,taman,Jakarta Barat,"Jl. Raya Semanan Kel. Semanan, Kec. Kalideres",-6.1622586,106.70311384,,,,,,True,,,Kalideres,Semanan
rth-daff1fee999c,TPU Malaka Ampat Jl. Rorotan IV,taman,Jakarta Utara,TPU Malaka Ampat Jl. Rorotan IV 76-45 RT 014 RW 006,-6.13480475,106.95471533,,,,,,True,,,Cilincing,Rorotan
rth-437cf956c009,TPU Kawi-kawi,taman,Jakarta Pusat,"Jl. Kawi-kawi, Kel. Johar Baru, Kec. Johar Baru",-6.18802237,106.85446362,,,,,,True,,,Johar Baru,Johar Baru
rth-8dc4122ff30b,TPU Grogol Kemanggisan,taman,Jakarta Barat,"Jl. Kemanggisan III,Kel.Palmerah",-6.20300829,106.79020784,,,,,,True,,,Pal Merah,Palmerah
rth-20dfb57d8f4a,TPU Sukabumi Selatan,taman,Jakarta Barat,"Jl. Sukabumi Selatan Kel. Sukabumi Selatan, Kec. Kebon Jeruk",-6.21835662,106.77346422,,,,,,True,,,Kebon Jeruk,Sukabumi Selatan
rth-776ca51ad1b4,TPU Kapuk,taman,Jakarta Barat,"Jl. Gang Mawar Kel.Kapuk,Kec.Cengkareng",-6.1391731,106.73804629,,,,,,True,,,,
rth-1610db027f1c,TPU Kapuk Kebon Jahe,taman,Jakarta Barat,"Kel.Kapuk,Kec.Cengkareng",-6.13514433,106.74990648,,,,,,True,,,Cengkareng,Kapuk
rth-300c5fc93c8b,TPU Besmol,taman,Jakarta Barat,"Jl. Raya Besmol, Kel. Kembangan Utara, Kec. Kembangan",-6.16887958,106.74938754,,,,,,True,,,,
rth-c36144b12a4f,TPU Pejaten Timur,taman,Jakarta Selatan,"Jl. Siaga,Kel.Pejaten Timur, Kec.Pasar Minggu",-6.27453408,106.85041678,,,,,,True,,,,
rth-1f411b735e21,TPU Menteng Pulo Tebet,taman,Jakarta Selatan,Jl. Menteng Pulo Kel. Menteng Dalam Kec. Tebet,-6.2267279,106.8379584,,,,,,True,,,,
rth-8a965b54f9a6,TPU Tegal  Alur I / Unit Kristen,taman,Jakarta Barat,"Jl. Kamal Raya No 1 A,Kel.Tegal Alur,Kec.Kalideres",-6.1037333,106.70284851,,,,,,True,,,Kalideres,Tegal Alur
rth-08ff99f2fda7,TPU Tegal  Alur II / Unit Islam,taman,Jakarta Barat,"Jl. Kamal Raya No 1 A,Kel.Tegal Alur,Kec.Kalideres",-6.10999499,106.70736346,,,,,,True,,,Kalideres,Tegal Alur
rth-dfb10c5d7dbe,TPU Cibubur,taman,Jakarta Timur,TPU Cibubur II Jl. Cibubur II,-6.36344813,106.87890856,,,,,,True,,,Ciracas,Cibubur
rth-8613cfc9dcab,TPU Malaka II,taman,Jakarta Timur, ,-6.22794994,106.94166862,,,,,,True,,,,
rth-7fbff21494af,TPU Jeruk Purut Asset Kolam,taman,Jakarta Selatan, ,-6.28134335,106.81119719,,,,,,True,,,,
rth-a1241090ed64,TPU Menteng Pulo Setia Budi,taman,Jakarta Selatan, ,-6.22276611,106.83657053,,,,,,True,,,,
rth-3cc45ff51f85,TPU Menteng Pulo III,taman,Jakarta Selatan, ,-6.22052052,106.8397885,,,,,,True,,,,
rth-2b1485746df4,TPU Tanah Kusir Selatan - 2 Pembebasan Walikota,taman,Jakarta Selatan, ,-6.25321848,106.77066629,,,,,,True,,,,
rth-3fc5e7033e9a,TPU Cipinang Asem,taman,Jakarta Timur,"Jl. Jengki, Kel. Kebon Pala, Kec. Makasar",-6.26007016,106.8771971,,,,,,True,,,Makasar,Kebon Pala
rth-afa9cf522e07,TPU Cipinang Baru / TPU kampung Bayur,taman,Jakarta Timur,Jl. Cipinang Timur V RT 010 RW 002,-6.20367552,106.89209751,,,,,,True,,,Pulogadung,Cipinang
rth-47a518c3ca0b,TPU Kober Jatinegara,taman,Jakarta Timur,"Jl. Swadaya, Kel. Rawa Bunga, Kec. Jatinegara",-6.2234395,106.87132868,,,,,,True,,,,
rth-84071b8b182b,TPU Pejaten Barat,taman,Jakarta Selatan,"Jl. Siaga, Kel.Pejaten Barat, Kec.Pasar Minggu",-6.2808528,106.83268593,,,,,,True,,,Pasar Minggu,Jati Padang
rth-d9ee8b28216c,TPU Cikoko,taman,Jakarta Selatan,"Jl. Siaga,Kel.Pejaten, Kec.Pasar Minggu",-6.24462014,106.85489814,,,,,,True,,,Pancoran,Cikoko
rth-1c1027a61688,TPU Cibubur I,taman,Jakarta Timur,"Jl. Cibubur,Kel.Cibubur,Kec.Pasar Rebo",-6.34951561,106.87143895,,,,,,True,,,Ciracas,Cibubur
rth-15781cf4b8c1,TPU Kampung Dukuh,taman,Jakarta Timur,"Jl. Dukuh,Kel. Dukuh, Kec.Kramat Jati",-6.30069111,106.87668383,,,,,,True,,,Kramatjati,Dukuh
rth-008d2540f7b1,TPU Tegal Kunir,taman,Jakarta Utara,"Jl. Kampung Batu Tumbuh, Kel. Tugu Selatan, Kec. Koja",-6.14553729,106.9221198,,,,,,True,,,,
rth-1e7d884069a9,TPU Kampung Kapuk,taman,Jakarta Timur,"Jl. Kapuk, Kel. Klender, Kec. Duren Sawit",-6.18145772,106.93454174,,,,,,True,,,,
rth-e26807fa3270,TPU Pisangan,taman,Jakarta Selatan,"Jl. Raya Ragunan, Kel. Jagakarsa, Kec. Jagakarsa",-6.30625438,106.8223929,,,,,,True,,,Pasar Minggu,Ragunan
rth-bef95e3969f5,TPU Plumpang,taman,Jakarta Utara,"Jl. Plumpang, Kel. Rawa Badak Utara, Kec. Koja",-6.12882189,106.89730687,,,,,,True,,,,
rth-34008cdfb72b,TPU Kebagusan,taman,Jakarta Selatan,"JL. H Baung, Kel.Tanjung Barat, Kec.Jagakarsa",-6.30846306,106.83582297,,,,,,True,,,,
rth-22c577dd9143,TPU Pasar Minggu,taman,Jakarta Selatan, ,-6.28327493,106.84092737,,,,,,True,,,,
rth-5c9b7791cfc7,TPU Tanah Kusir Utara - 1,taman,Jakarta Selatan,"Jl. Bintaro Raya No 1,Kel.Kebayoran Lama,Kec.Kebayoran Lama",-6.25088275,106.76846154,,,,,,True,,,,
rth-04a66a326538,Rumah Dinas TPU Tanah Kusir,taman,Jakarta Selatan, ,-6.25849229,106.77291472,,,,,,True,,,,
rth-99bbf2be5a5b,TPU Tanjung Barat,taman,Jakarta Selatan,"Jl. H. Saidi, Kel. Tanjung Barat, Kec. Jagakarsa",-6.29999796,106.84436973,,,,,,True,,,,
rth-a2f85a926b89,TPU Grogol Selatan,taman,Jakarta Selatan,"Jl. Gang kubur, Kel. Grogol Selatan, Kec.Kebayoran lama",-6.23102394,106.78233637,,,,,,True,,,,
rth-31a70bddb84d,TPU Kampung Kongsi,taman,Jakarta Selatan,"Jl. Mawar Rampoa Kel. Bintaro, Kec. Pesanggrahan",-6.2840453,106.76508127,,,,,,True,,,,
rth-7ab26288c97c,Jalur Hijau Jl. Letjen Suprapto (1),jalur-hijau,Jakarta Pusat,Jl. Letjen Suprapto,-6.17427634,106.85487115,,,,,,True,,,Kemayoran,Harapan Mulia
rth-a3ea2b56e911,Jalur Hijau Jl. Letjen Suprapto (2),jalur-hijau,Jakarta Pusat,Jl. Letjen Suprapto,-6.17402483,106.85661631,,,,,,True,,,Kemayoran,Harapan Mulia
rth-a60b13093a52,Jalur Hijau Jl. Letjen Suprapto (3),jalur-hijau,Jakarta Pusat,Jl. Letjen Suprapto,-6.17351774,106.85920703,,,,,,True,,,Kemayoran,Cempaka Baru
rth-a0eb5de06500,Jalur Hijau Jl. Letjen Suprapto (4),jalur-hijau,Jakarta Pusat,Jl. Letjen Suprapto,-6.17272709,106.86128685,,,,,,True,,,Kemayoran,Cempaka Baru
rth-d82a81352c24,Jalur Hijau Jl. Letjen Suprapto (5),jalur-hijau,Jakarta Pusat,Jl. Letjen Suprapto,-6.17138923,106.86415594,,,,,,True,,,Kemayoran,Cempaka Baru
rth-94833a37d236,Jalur Hijau Jl. Letjen Suprapto (6),jalur-hijau,Jakarta Pusat,Jl. Letjen Suprapto,-6.17036582,106.86635206,,,,,,True,,,Kemayoran,Cempaka Baru
rth-46e85adea4a2,JH. Matraman Raya (Area 1),jalur-hijau,Jakarta Timur,"Jl. Matraman, RW. 04, Kel. Kebon Manggis, Kec. Matraman, Kota Jakarta Timur",-6.20543705,106.85781962,,,,,,True,,,Matraman,Kebon Manggis
rth-4a2f847bff4d,Jalur Hijau Jl. Letjen Suprapto (20),jalur-hijau,Jakarta Pusat,Jl. Letjen Suprapto,-6.17183198,106.86380996,,,,,,True,,,Cempaka Putih,Cempaka Putih Barat
rth-8db87306cd72,Jalur Hijau Jl. Letjen Suprapto (21),jalur-hijau,Jakarta Pusat,Jl. Letjen Suprapto,-6.1696275,106.86853689,,,,,,True,,,Cempaka Putih,Cempaka Putih Barat
rth-cd1cd8d3bec5,Jalur Hijau Jl. Letjen Suprapto (22),jalur-hijau,Jakarta Pusat,Jl. Letjen Suprapto,-6.16868178,106.87058239,,,,,,True,,,Cempaka Putih,Cempaka Putih Barat
rth-0bc44b7a0d51,Jalur Hijau Jl. Letjen Suprapto (23),jalur-hijau,Jakarta Pusat,Jl. Letjen Suprapto,-6.167731,106.87275302,,,,,,True,,,Cempaka Putih,Cempaka Putih Barat
rth-69eda80f20c1,Jalur Hijau Jl. Letjen Suprapto (24),jalur-hijau,Jakarta Pusat,Jl. Letjen Suprapto,-6.16701064,106.8749405,,,,,,True,,,Cempaka Putih,Cempaka Putih Barat
rth-fb29f61c984d,JH. Inspeksi Kalimalang (Area 6),jalur-hijau,Jakarta Timur,"Jl. Inspeksi Kalimalang, RW. 16, Kel. Duren Sawit, Kec. Duren Sawit, Kota Jakarta Timur",-6.24794155,106.91629408,,,,,,True,,,Duren Sawit,Duren Sawit
rth-b6c6fe6e92b6,JH. Inspeksi Kalimalang (Area 7),jalur-hijau,Jakarta Timur,"Jl. Inspeksi Kalimalang, RW. 07, Kel. Pondok Kelapa, Kec. Duren Sawit, Kota Jakarta Timur",-6.24868302,106.93202519,,,,,,True,,,Duren Sawit,Pondok Kelapa
rth-4555f934c028,JH. Patung Tak Dikenal,jalur-hijau,Jakarta Timur,"Jl. Jatinegara Barat, RW. 06, Kel. Bali Mester, Kec. Jatinegara, Kota Jakarta Timur",-6.21342086,106.8615345,,,,,,True,,,Jatinegara,Bali Mester
rth-651fe70f3bce,jl Rasamala Raya,jalur-hijau,Jakarta Selatan,,-6.23665944,106.84009036,,,,,,True,,,Tebet,Menteng Dalam
rth-cfa489681777,JH. Stamplas Bogor,jalur-hijau,Jakarta Timur,"Jl. Jatinegara Barat, RW. 04, Kel. Bali Mester, Kec. Jatinegara, Kota Jakarta Timur",-6.21557213,106.86636697,,,,,,True,,,Jatinegara,Bali Mester
rth-ba0c279cffa3,JH. Tongtek,jalur-hijau,Jakarta Timur,"Jl. Jatinegara Barat, RW. 05, Kel. Kampung Melayu, Kec. Jatinegara, Kota Jakarta Timur",-6.21452644,106.86190911,,,,,,True,,,Jatinegara,Kampung Melayu
rth-813956f3f7b2,Jalan Jaya Mandala Raya,jalur-hijau,Jakarta Selatan,Jalan Jaya Mandala Raya,-6.23745457,106.83807051,,,,,,True,,,Tebet,Menteng Dalam
rth-b225cd1a64d2,JH. Inspeksi Kalimalang (Area 1),jalur-hijau,Jakarta Timur,"Jl. Inspeksi Kalimalang, RW. 01, Kel. Cipinang Melayu, Kec. Makasar, Kota Jakarta Timur",-6.23977254,106.88119758,,,,,,True,,,Makasar,Cipinang Melayu
rth-aba04a0dc7df,JH. Inspeksi Kalimalang (Area 2),jalur-hijau,Jakarta Timur,"Jl. Inspeksi Kalimalang, RW. 07, Kel. Cipinang Muara, Kec. Jatinegara, Kota Jakarta Timur",-6.23946831,106.8873021,,,,,,True,,,Jatinegara,Cipinang Muara
rth-836c8d9da929,JH. Inspeksi Kalimalang (Area 3),jalur-hijau,Jakarta Timur,"Jl. Inspeksi Kalimalang, RW. 03, Kel. Cipinang Melayu, Kec. Makasar, Kota Jakarta Timur",-6.23941982,106.89185326,,,,,,True,,,Makasar,Cipinang Melayu
rth-36ddf812136b,JH. Inspeksi Kalimalang (Area 4),jalur-hijau,Jakarta Timur,"Jl. Inspeksi Kalimalang, RW. 12, Kel. Pondok Bambu, Kec. Duren Sawit, Kota Jakarta Timur",-6.24261922,106.89762284,,,,,,True,,,Duren Sawit,Pondok Bambu
rth-3dc3c49474b7,JH. Inspeksi Kalimalang (Area 5),jalur-hijau,Jakarta Timur,"Jl. Inspeksi Kalimalang, RW. 12, Kel. Pondok Bambu, Kec. Duren Sawit, Kota Jakarta Timur",-6.24575669,106.90425065,,,,,,True,,,Duren Sawit,Pondok Bambu
rth-c7b842a1cbb1,Jalur Hijau Jl. Letjen Suprapto (13),jalur-hijau,Jakarta Pusat,Jl. Letjen Suprapto,-6.16669401,106.87590202,,,,,,True,,,Kemayoran,Sumur Batu
rth-004ddfc0b8c3,Jalur Hijau Jl. Letjen Suprapto (14),jalur-hijau,Jakarta Pusat,Jl. Letjen Suprapto,-6.16944262,106.86864333,,,,,,True,,,Kemayoran,Sumur Batu
rth-c4f0e6ca1d4c,Jalan Kali Ciliwung,jalur-hijau,Jakarta Selatan,Jalan Kp Melayu Besar 2,-6.22803314,106.86426268,,,,,,True,,,Tebet,Kebon Baru
rth-9306cd505baf,JH. Sentra Primer & Lereng Jembatan (Area 2),jalur-hijau,Jakarta Timur,"Jl. Dr. Sumarno, RW. 04, Kel. Penggilingan, Kec. Cakung, Kota Jakarta Timur",-6.21246702,106.94072377,,,,,,True,,,Cakung,Penggilingan
rth-1a4167460ac2,JH. Sentra Primer & Lereng Jembatan (Area 1),jalur-hijau,Jakarta Timur,"Jl. Dr. Sumarno, RW. 08, Kel. Pulo Gebang, Kec. Cakung, Kota Jakarta Timur",-6.21150344,106.9480083,,,,,,True,,,Cakung,Pulo Gebang
rth-a6ab1ddf114a,Jl Dukuh Patra,jalur-hijau,Jakarta Selatan,Jalan Dukuh Patra,-6.23812981,106.83558087,,,,,,True,,,Tebet,Menteng Dalam
rth-6149f2fd3309,JH. PULO-PULO PENGGILINGAN 1,jalur-hijau,Jakarta Timur,"Jl. Dr. Sumarno, RW. 08, Kel. Pulo Gebang, Kec. Cakung, Kota Jakarta Timur",-6.21158546,106.94843105,,,,,,True,,,Cakung,Pulo Gebang
rth-b77d6e8ad00e,Jalur Hijau Jl. Letjen Suprapto (15),jalur-hijau,Jakarta Pusat,Jl. Letjen Suprapto,-6.17210657,106.86293325,,,,,,True,,,Kemayoran,Cempaka Baru
rth-e790dacce1db,Jalur Hijau Jl. Letjen Suprapto (16),jalur-hijau,Jakarta Pusat,Jl. Letjen Suprapto,-6.17398394,106.85726272,,,,,,True,,,Kemayoran,Harapan Mulia
rth-57dd3601f24d,Jalur Hijau Jl. Letjen Suprapto (17),jalur-hijau,Jakarta Pusat,Jl. Letjen Suprapto,-6.17437873,106.85590959,,,,,,True,,,Cempaka Putih,Cempaka Putih Barat
rth-732804e7fe38,Jalur Hijau Jl. Letjen Suprapto (18),jalur-hijau,Jakarta Pusat,Jl. Letjen Suprapto,-6.17414514,106.85754267,,,,,,True,,,Cempaka Putih,Cempaka Putih Barat
rth-9ed7feebbafc,Jalur Hijau Jl. Letjen Suprapto (19),jalur-hijau,Jakarta Pusat,Jl. Letjen Suprapto,-6.17385358,106.85897457,,,,,,True,,,Cempaka Putih,Cempaka Putih Barat
rth-5ebf13e9f50e,Jalur Hijau Jl. Stasiun Senen (3),jalur-hijau,Jakarta Pusat,Jl. Stasiun Senen,-6.17305315,106.84305286,,,,,,True,,,Senen,Senen
rth-89123516582f,Jalur Hijau Jl. Stasiun Senen (4),jalur-hijau,Jakarta Pusat,Jl. Stasiun Senen,-6.17485398,106.84327426,,,,,,True,,,Senen,Senen
rth-1c3077e5fe1f,Jalur Hijau Jl. Stasiun Senen (5),jalur-hijau,Jakarta Pusat,Jl. Stasiun Senen,-6.17642545,106.84365517,,,,,,True,,,Senen,Senen
rth-69da43bd0521,JH. Otista Raya (Area 1),jalur-hijau,Jakarta Timur,"Jl. Otista Raya, RW. 01, Kel. Bali Mester, Kec. Jatinegara, Kota Jakarta Timur",-6.22610236,106.86703044,,,,,,True,,,Jatinegara,Bali Mester
rth-1c176fd34045,JH. Otista Raya (Area 2),jalur-hijau,Jakarta Timur,"Jl. Otista Raya, RW. 10, Kel. Bindara Cina, Kec. Jatinegara, Kota Jakarta Timur",-6.23531434,106.8680693,,,,,,True,,,Jatinegara,Bidara Cina
rth-c60845fbc95f,JH. Letjen. M.T. Haryono,jalur-hijau,Jakarta Timur,"Jl. Letjen M.T. Haryono, RW. 01. Kel. Cawang, Kec. Kramat Jati, Kota Jakarta Timur",-6.24543329,106.87088857,,,,,,True,,,Kramatjati,Cawang
rth-c2b9f34fb6a1,JH. Kawasan Halim Perdna Kusuma (Area 1),jalur-hijau,Jakarta Timur,"Jl. Halim Perdanakusuma, RW. 08, Kel. Kebon Pala, Kec. Makasar, Kota Jakarta Timur",-6.2505617,106.88017502,,,,,,True,,,Makasar,Kebon Pala
rth-856b30e595b7,Jalan Manggarai utara 1,jalur-hijau,Jakarta Selatan,Jalan Manggarai Utara 1,-6.21265233,106.85343225,,,,,,True,,,Tebet,Manggarai
rth-a711d7ff38c7,JH. Kawasan Halim Perdana Kusuma (Area 2),jalur-hijau,Jakarta Timur,"Jl. Halim Perdanakusuma, RW. 09, Kel. Halim Perdana Kusuma, Kec. Makasar, Kota Jakarta Timur",-6.25805172,106.88472057,,,,,,True,,,Makasar,Halim Perdana Kusuma
rth-370a543747e7,Jalur Hijau Jl. Letjen Suprapto (25),jalur-hijau,Jakarta Pusat,Jl. Letjen Suprapto,-6.16656927,106.8766291,,,,,,True,,,Cempaka Putih,Cempaka Putih Barat
rth-c9d42c115172,Jalur Hijau Fly Over Galur (1),jalur-hijau,Jakarta Pusat,Fly Over Galur,-6.17456644,106.85194085,,,,,,True,,,Kemayoran,Harapan Mulia
rth-17c428ae1d96,JH. TMII Pintu 1,jalur-hijau,Jakarta Timur,"Jl. Taman Mini I, RW. 02, Kel. Pinang Ranti, Kec. Makasar, Kota Jakarta Timur",-6.29647611,106.88237723,,,,,,True,,,Makasar,Pinangranti
rth-61130819c580,Jalur Hijau Jl. Sumur Batu Raya,jalur-hijau,Jakarta Pusat,Jl. Sumur Batu Raya,-6.16284218,106.86558559,,,,,,True,,,Kemayoran,Sumur Batu
rth-5e133b500836,Jalur Hijau Fly Over Galur 2,jalur-hijau,Jakarta Pusat,Fly Over Galur,-6.17466638,106.85178688,,,,,,True,,,Kemayoran,Harapan Mulia
rth-0b991ea6c9c7,Jalur Hijau Fly Over Galur (3),jalur-hijau,Jakarta Pusat,Fly Over Galur,-6.17465322,106.85150108,,,,,,True,,,Kemayoran,Harapan Mulia
rth-278af5670e95,Jalur Hijau Fly Over Galur (4),jalur-hijau,Jakarta Pusat,Fly Over Galur,-6.1745731,106.85254454,,,,,,True,,,Kemayoran,Harapan Mulia
rth-1aa62975d2e9,Jalur Hijau Jl. Stasiun Senen (2),jalur-hijau,Jakarta Pusat,Jl. Stasiun Senen,-6.17214446,106.84297883,,,,,,True,,,Senen,Senen
rth-50c60651e421,Jalur Hijau Jl. Stasiun Senen (1),jalur-hijau,Jakarta Pusat,Jl. Stasiun Senen,-6.17013644,106.84283171,,,,,,True,,,Senen,Senen
rth-8d0a7eecad6f,Jalur Hijau Bawah Fly Over Matraman (2),jalur-hijau,Jakarta Pusat,Bawah Fly Over Matraman,-6.19961235,106.85359001,,,,,,True,,,Senen,Paseban
rth-4c37fe2e9bb2,Jalur Hijau Median Jl. Pesanggrahan dari LM Puri Indah s/d Fly Over,jalur-hijau,Jakarta Barat,Jl.Pesanggrahan,-6.18674913,106.75503883,,,,,,True,,,Kembangan,Kembangan Selatan
rth-b83a8ac67371,Jalur Hijau Belakang Hypermart Jl. Kembangan Murni Timur (Penyerahan dari Pengambang),jalur-hijau,Jakarta Barat,Jl. Kembangn Murni Timur,-6.18573249,106.74035812,,,,,,True,,,Kembangan,Kembangan Selatan
rth-e6e7adc525e7,Jalur Hijau Jl. Puri Harum,jalur-hijau,Jakarta Barat,Jl.Puri Harum,-6.18813174,106.73764704,,,,,,True,,,Kembangan,Kembangan Selatan
rth-2220fd75752e,Jalur HIjau,jalur-hijau,Jakarta Barat,Jl. Puri Ayu,-6.18809536,106.73752337,,,,,,True,,,Kembangan,Kembangan Selatan
rth-7533d6cb04a7,Jalur Hijau Jl. Puri Elok,jalur-hijau,Jakarta Barat,"Jl. Puri Elok, Puri Indah Kembangan",-6.18989435,106.73759613,,,,,,True,,,Kembangan,Kembangan Selatan
rth-89b77f2034dc,Jalur Hijau Jl. Asia Afrika (5),jalur-hijau,Jakarta Pusat,Jl. Asia Afrika,-6.22812928,106.79826133,,,,,,True,,,Tanah Abang,Gelora
rth-1203bbe08d6c,Jalur Hijau Jl. Puri Molek,jalur-hijau,Jakarta Barat,"Jl. Puri Molek, Puri Indah",-6.18989423,106.73745218,,,,,,True,,,Kembangan,Kembangan Selatan
rth-109a2f2b82d8,Jalur Fly Over Pesing dari Hotel Ibis s/d Rel Kereta Api,jalur-hijau,Jakarta Barat,Jl. Daan Mogot,-6.16153879,106.77060738,,,,,,True,,,Grogol Petamburan,Wijaya Kusuma
rth-e7d5da67abb8,Jalur Hijau JL. Wijaya XVI,jalur-hijau,Jakarta Selatan,JL. Wijaya XVI,-6.25104228,106.80216985,,,,,,True,,,Kebayoran Baru,Melawai
rth-e94f43e3fcca,Jalur Hijau Jl. Tanah Tinggi Barat (1),jalur-hijau,Jakarta Pusat,Jl. Tanah Tinggi Barat,-6.17048051,106.85212245,,,,,,True,,,Senen,Bungur
rth-ac2f58e076db,Jalur Hijau Jl. Tanah Tinggi Barat (2),jalur-hijau,Jakarta Pusat,Jl. Tanah Tinggi Barat,-6.17329818,106.85197809,,,,,,True,,,Senen,Bungur
rth-1c4ed5131718,Jalur Hijau Panglima Polim III,jalur-hijau,Jakarta Selatan,JL. Panglima Polim III,-6.2499071,106.80066733,,,,,,True,,,Kebayoran Baru,Melawai
rth-d7034596e4bf,Jalur Hijau Jl. Dr. Abdul Rahman Saleh (1),jalur-hijau,Jakarta Pusat,Jl. Dr. Abdul Rahman Saleh,-6.17530226,106.83700311,,,,,,True,,,Senen,Senen
rth-900c12561daa,Jalur Hijau Jl. Dr. Abdul Rahman Saleh (2),jalur-hijau,Jakarta Pusat,Jl. Dr. Abdul Rahman Saleh,-6.17561194,106.83659919,,,,,,True,,,Senen,Senen
rth-f971d476402d,Jalur Hijau Jl. Senen Raya (1),jalur-hijau,Jakarta Pusat,Jl. Senen Raya,-6.17423212,106.83857199,,,,,,True,,,Senen,Senen
rth-a30a2d807ccd,Jalur Hijau Jl. Senen Raya (2),jalur-hijau,Jakarta Pusat,Jl. Senen Raya,-6.17470014,106.83887236,,,,,,True,,,Senen,Senen
rth-52350e41559c,Segitiga pulau jalan,jalur-hijau,Jakarta Barat,segitiga pulau jalan jl.panjang,-6.18961587,106.76921104,,,,,,True,,,Kebon Jeruk,Kebon Jeruk
rth-264098c50759,Jalur Hijau Median Jalan Menuju Rusun Pesakih 3,jalur-hijau,Jakarta Barat,Jalan menuju Rusunawa Pesakih,-6.16023993,106.71695989,,,,,,True,,,Cengkareng,Duri Kosambi
rth-3eaf788674b7,Jalur Hijau Segitiga Jl. Kembang Barat,jalur-hijau,Jakarta Barat,Jl. Kembang Barat,-6.18894585,106.74235268,,,,,,True,,,Kembangan,Kembangan Selatan
rth-f870b030ed63,Jalur Hijau Jl. Cililitan Besar_01,jalur-hijau,Jakarta Timur,,-6.26338784,106.8663466,,,,,,True,,,Kramatjati,Cililitan
rth-d92c97ca6c14,Jalur Hijau Jl. Cililitan Besar Sisi Utara_01,jalur-hijau,Jakarta Timur,,-6.26336779,106.8668203,,,,,,True,,,Kramatjati,Cililitan
rth-3bb39c30dd0b,Jalur Hijau Jl. Cililitan Besar Sisi Utara_02,jalur-hijau,Jakarta Timur,,-6.26388123,106.86905703,,,,,,True,,,Kramatjati,Kebon Pala
rth-94d4c5220827,Taman Minangkabau,jalur-hijau,Jakarta Selatan,Jl. Sahardjo (Minangkabau),-6.21069954,106.84474795,,,,,,True,,,Setiabudi,Pasar Manggis
rth-c310a75f9398,Taman Sultan Agung,jalur-hijau,Jakarta Selatan,,-6.20877226,106.84540983,,,,,,True,,,,
rth-39e1a1a08004,JALUR HIJAU JL. PLUIT KARANG KARYA 1,jalur-hijau,Jakarta Utara,JL. PLUIT KARANG KARYA 1,-6.12512918,106.78143762,,,,,,True,,,Penjaringan,Penjaringan
rth-90d889a2e619,Jalur Fly Over Pesing dari Rel Kereta Api s/d Lampu Merah Jl. Tb Angke,jalur-hijau,Jakarta Barat,Jl. Daan Mogot,-6.1595104,106.76903248,,,,,,True,,,Kebon Jeruk,Kedoya Utara
rth-3a257904db3c,Jalur Fly Over Pesing dari Lampu Merah Jl. Tb Angke s/d Jl. Panjang,jalur-hijau,Jakarta Barat,Jl. Daan Mogot,-6.15794953,106.76582014,,,,,,True,,,Cengkareng,Kedaung Kali Angke
rth-9a7601f65fec,Jl. Panjang Raya,jalur-hijau,Jakarta Barat,Jl. Panjang Raya,-6.1629824,106.76303266,,,,,,True,,,Kebon Jeruk,Sukabumi Utara
rth-d0dbd93fd7e7,Jalur Hijau Bawah FO Slipi,jalur-hijau,Jakarta Pusat,Jl. Jendral Gatot Subroto,-6.20285774,106.8002806,,,,,,True,,,Tanah Abang,Petamburan
rth-04012195afcb,Jalur Fly Over Pesing dari Jl. Panjang s/d Lampu Merah Taman Kota,jalur-hijau,Jakarta Barat,Jl. Daan Mogot,-6.15835165,106.76181158,,,,,,True,,,Cengkareng,Kedaung Kali Angke
rth-2b5fb9232215,Jalur Hijau Jl. Daan Mogot dari Fly Over Pesing s/d Cengkareng Drain,jalur-hijau,Jakarta Barat,Jl. Daan Mogot,-6.15643465,106.75463852,,,,,,True,,,Cengkareng,Kedaung Kali Angke
rth-5b2710643298,Jalur Hijau Jl. Daan Mogot dari Cengkareng drain s/d Lampu Merah Cengkareng,jalur-hijau,Jakarta Barat,Jl. Daan Mogot,-6.1547454,106.73700986,,,,,,True,,,Cengkareng,Cengkareng Timur
rth-86952fd9c34d,JH.WIJAYA KUSUMA 1,jalur-hijau,Jakarta Timur,Jl. Wijaya Kusuma,-6.22682646,106.90582834,,,,,,True,,,Duren Sawit,Malaka Sari
rth-34eb88e7037b,Jalur Hijau Jl. Senen Raya (3),jalur-hijau,Jakarta Pusat,Jl. Senen Raya,-6.17570935,106.83977272,,,,,,True,,,Senen,Senen
rth-147bd32ca979,Jalur Hijau Median Jl. Kembang Barat  - Timur  s/d Bundaran,jalur-hijau,Jakarta Barat,Jl. Kembang Barat - Timur,-6.18758294,106.74297961,,,,,,True,,,Kembangan,Kembangan Selatan
rth-afee04d99b15,Jalur Hijau Median Jl. Kembang Barat - Timur,jalur-hijau,Jakarta Barat,Jl. Kembang Barat - Timur,-6.18321535,106.74290044,,,,,,True,,,Kembangan,Kembangan Selatan
rth-532c85d8db89,Jalur Hijau Pinggir Kali Mookervaart dari Rusun Pesakih s/d Jembatan Semanan,jalur-hijau,Jakarta Barat,Jl. Daan Mogot,-6.15578771,106.71070009,,,,,,True,,,Kalideres,Kalideres
rth-5d7e80150029,Jalur Hijau Pinggir Kali Mookervaart dari Jembatan Semanan s/d Batas Kota,jalur-hijau,Jakarta Barat,Jl. Daan Mogot,-6.15883012,106.69675009,,,,,,True,,,Kalideres,Kalideres
rth-381db81e3c29,TPU TANAH KUSIR,taman,Jakarta Selatan,TANAH KUSIR,-6.25392305,106.7714335,,,,,,True,,,Kebayoran Lama,Kebayoran Lama Selatan
rth-ad959ebcc62e,RTH MALAKA GREEN GARDEN,taman,Jakarta Utara,JALAN MALAKA GREEN GARDEN RT 002 RW 05,-6.1419885,106.94600294,,,,,,True,,,Cilincing,Rorotan
rth-a6f830c24bfd,Jalur Hijau Jl. Kyai Tapa (Sisi Selatan),jalur-hijau,Jakarta Barat,Jalur Hijau Jl. Kyai Tapa (Sisi Selatan),-6.16669517,106.7942368,,,,,,True,,,Grogol Petamburan,Tomang
rth-6752d2ba91c5,Jalur Hijau Median Jl. Kyai Tapa,jalur-hijau,Jakarta Barat,Jalur Hijau Median Jl. Kyai Tapa,-6.16651298,106.79362272,,,,,,True,,,Grogol Petamburan,Tomang
rth-46ba1cdf7704,Jl. Panjang Raya sd LM Pos Pengumben,jalur-hijau,Jakarta Barat,Jl. Panjang Raya sd LM Pos Pengumben,-6.21341993,106.77258759,,,,,,True,,,Kebon Jeruk,Sukabumi Selatan
rth-b68f74176587,Jalur Hijau Jl. Kyai Tapa (Sisi Utara),jalur-hijau,Jakarta Barat,Jalur Hijau Jl. Kyai Tapa (Sisi Utara),-6.16619651,106.79533923,,,,,,True,,,Grogol Petamburan,Tomang
rth-ffbc4634a547,Jalur Hijau Jl. Daan Mogot dari Lampu Merah Cengkareng s/d Sumur Bor,jalur-hijau,Jakarta Barat,Jl. Daan Mogot,-6.15333391,106.72306365,,,,,,True,,,Cengkareng,Cengkareng Barat
rth-e4046485f694,Jalur Hijau Jl. Suka Mulia,jalur-hijau,Jakarta Pusat,Jl. Suka Mulia,-6.17067131,106.85231332,,,,,,True,,,Kemayoran,Harapan Mulia
rth-63f106c925bd,Jalur Hijau Jl. Kemayoran Gempol,jalur-hijau,Jakarta Pusat,Jl. Kemayoran Gempol,-6.16184675,106.85428223,,,,,,True,,,Kemayoran,Kemayoran
rth-ef9652f10c77,Jalur Hijau Jl. Dakota Raya,jalur-hijau,Jakarta Pusat,Jl. Dakota Raya,-6.15611043,106.8579895,,,,,,True,,,Kemayoran,Kebon Kosong
rth-f7b87da1312c,Jalur Hijau Jl. Bendungan Jago,jalur-hijau,Jakarta Pusat,Jl. Bendungan Jago,-6.1583426,106.85639316,,,,,,True,,,Kemayoran,Serdang
rth-468edacb09b6,Jalur Hijau JL. Wijaya II,jalur-hijau,Jakarta Selatan,JL. Wijaya II,-6.25126097,106.80200096,,,,,,True,,,Kebayoran Baru,Melawai
rth-6eff4e1dcb62,Jalur Hijau Jl. Tanah Tinggi Timur,jalur-hijau,Jakarta Pusat,Jl. Tanah Tinggi Timur,-6.17323421,106.85219487,,,,,,True,,,Kemayoran,Harapan Mulia
rth-d058be1ab2cc,Jalur Hijau Jl. Cempaka Putih Tengah XXXIII,jalur-hijau,Jakarta Pusat,Jl. Cempaka Putih Tengah XXXIII,-6.1769091,106.87288932,,,,,,True,,,Cempaka Putih,Cempaka Putih Timur
rth-bffec67dddbd,Hutan MAngrove (blok elang laut),jalur-hijau,Jakarta Utara,,-6.12206163,106.74314861,,,,,,True,,,Penjaringan,Kamal Muara
rth-dea976841ce9,Jalur Hijau Jl. Cempaka Putih Timur,jalur-hijau,Jakarta Pusat,Jl. Cempaka Putih Timur,-6.17702896,106.87297425,,,,,,True,,,Cempaka Putih,Cempaka Putih Timur
rth-4a742c579868,RTH PPA DEPSOS,taman,Jakarta Timur,JALAN PPA DEPSOS I RT 003 RW 01,-6.31920834,106.89819026,,,,,,True,,,Cipayung,Bambu Apus
rth-ad50768da25f,Pulau Jalan Brawijaya Raya,jalur-hijau,Jakarta Selatan,Jalan Brawijaya Raya,-6.24981936,106.80796861,,,,,,True,,,Kebayoran Baru,Pulo
rth-fa43c6da484e,Jalur Hijau Jl. Medan Merdeka Barat (3),jalur-hijau,Jakarta Pusat,Jl. Medan Merdeka Barat,-6.17757592,106.82283159,,,,,,True,,,Gambir,Gambir
rth-aa794aeb375b,Jalur Hijau Jl. Medan Merdeka Barat (2),jalur-hijau,Jakarta Pusat,Jl. Medan Merdeka Barat,-6.17442468,106.82291372,,,,,,True,,,Gambir,Gambir
rth-3512bb929e92,Jalur Hijau Jl. Medan Merdeka Barat (1),jalur-hijau,Jakarta Pusat,Jl. Medan Merdeka Barat,-6.17287377,106.82295649,,,,,,True,,,Gambir,Gambir
rth-05cd3066c213,Jalur Hijau Jl. Daan Mogot dari Sumur Bor s/d Daan mogot Baru,jalur-hijau,Jakarta Barat,Jl. Daan Mogot,-6.15425488,106.716326,,,,,,True,,,Kalideres,Kalideres
rth-e5c68646f14b,Jalur Hijau Belakang Terminal Grogol,jalur-hijau,Jakarta Barat,Jalur Hijau Belakang Terminal Grogol,-6.16620689,106.79059372,,,,,,True,,,Grogol Petamburan,Grogol
rth-0e712afe6c7c,Jalur Hijau Jl. Daan Mogot dari Daan mogot Baru s/d Terminal Kalideres,jalur-hijau,Jakarta Barat,Jl. Daan mogot,-6.15570035,106.7104261,,,,,,True,,,Kalideres,Kalideres
rth-2dce139d810a,Jalur Hijau Bawah FO Grogol Jl. Latumenten,jalur-hijau,Jakarta Barat,Jalur Hijau Bawah FO Grogol Jl. Latumenten,-6.16683133,106.7884091,,,,,,True,,,Grogol Petamburan,Grogol
rth-37547c8a5ac8,Jalur Hijau Jl. Daan Mogot dari Terminal Kalideres s/d Jl. Peta Selatan,jalur-hijau,Jakarta Barat,Jl. Daan Mogot,-6.15641665,106.70510069,,,,,,True,,,Kalideres,Kalideres
rth-4df2302732d8,Jalur Hijau Jl. Rawasari Timur (1),jalur-hijau,Jakarta Pusat,Jl. Rawasari Timur,-6.18307082,106.87191392,,,,,,True,,,Cempaka Putih,Cempaka Putih Timur
rth-c5ddd90174ec,Jalur Hijau Jl. Rawasari Timur (2),jalur-hijau,Jakarta Pusat,Jl. Rawasari Timur,-6.18449553,106.8717433,,,,,,True,,,Cempaka Putih,Cempaka Putih Timur
rth-f94ea5ca04f6,Jalur Hijau Jl. Rawasari Timur (3),jalur-hijau,Jakarta Pusat,Jl. Rawasari Timur,-6.18537794,106.8717327,,,,,,True,,,Cempaka Putih,Cempaka Putih Timur
rth-81a9a18ffdae,Jalur Hijau Jl. Rawasari Selatan (1),jalur-hijau,Jakarta Pusat,Jl. Rawasari Selatan,-6.18516362,106.87237166,,,,,,True,,,Cempaka Putih,Cempaka Putih Timur
rth-9c8b33e3f8d0,Jalur Hijau Jl. Rawasari Selatan (2),jalur-hijau,Jakarta Pusat,Jl. Rawasari Selatan,-6.18533209,106.87374348,,,,,,True,,,Cempaka Putih,Cempaka Putih Timur
rth-dd3978a68896,Jalur Hijau Jl. Teuku Cik Ditiro (1),jalur-hijau,Jakarta Pusat,Jl. Teuku Cik Ditiro,-6.20155411,106.83765781,,,,,,True,,,Menteng,Menteng
rth-5d286caa1c41,Jalur Hijau Jl. Teuku Cik Ditiro (2),jalur-hijau,Jakarta Pusat,Jl. Teuku Cik Ditiro,-6.20260361,106.83793616,,,,,,True,,,Menteng,Menteng
rth-711d249da120,Jalur Hijau Jl. Teuku Cik Ditiro (3),jalur-hijau,Jakarta Pusat,Jl. Teuku Cik Ditiro,-6.20364102,106.83819409,,,,,,True,,,Menteng,Menteng
rth-9f78006cb652,Jalur Hijau Jl. Teuku Cik Ditiro (4),jalur-hijau,Jakarta Pusat,Jl. Teuku Cik Ditiro,-6.20470287,106.83849169,,,,,,True,,,Menteng,Menteng
rth-440519eb89ec,Jalur Hijau Segitiga Jl.Pesanggrahan,jalur-hijau,Jakarta Barat,Jl.Pesanggrahan,-6.18469204,106.75425767,,,,,,True,,,Kembangan,Kembangan Selatan
rth-091330eeae7e,RTH TANJUNG BARAT,jalur-hijau,Jakarta Selatan,JALAN RAYA TANJUNG BARAT NO. 18 RT 009 RW 07,-6.29302727,106.84202889,,,,,,True,,,Pasar Minggu,Pasar Minggu
rth-e9226a3b0cf4,Jalur Hijau Jl. Perwira (1),jalur-hijau,Jakarta Pusat,Jl. Perwira,-6.172373,106.83063685,,,,,,True,,,Sawah Besar,Pasar Baru
rth-991e8754f892,Jalur Hijau Jl. Perwira (3),jalur-hijau,Jakarta Pusat,Jl. Perwira,-6.17204691,106.83142691,,,,,,True,,,Sawah Besar,Pasar Baru
rth-3f9bce6e6f9a,Jalur Hijau Jl. Perwira (4),jalur-hijau,Jakarta Pusat,Jl. Perwira,-6.17170644,106.83211848,,,,,,True,,,Sawah Besar,Pasar Baru
rth-48acef1c10f1,Jalur Hijau Jl. Perwira (5),jalur-hijau,Jakarta Pusat,Jl. Perwira,-6.1712224,106.83299338,,,,,,True,,,Sawah Besar,Pasar Baru
rth-35bdb03147fe,Jalur Hijau Jl. Perwira (6),jalur-hijau,Jakarta Pusat,Jl. Perwira,-6.17253097,106.83080573,,,,,,True,,,Sawah Besar,Pasar Baru
rth-d58d4af1aff5,Jalur Hijau Jl. Pos,jalur-hijau,Jakarta Pusat,Jl. Pos,-6.16683484,106.83295029,,,,,,True,,,Sawah Besar,Pasar Baru
rth-63fa4819d26d,Jalur Hijau Jl. Dokter Sutomo,jalur-hijau,Jakarta Pusat,Jl. Dokter Sutomo,-6.16491864,106.83630801,,,,,,True,,,Sawah Besar,Pasar Baru
rth-a27646a9e30d,Jalur Hijau Jl. Katedral (1),jalur-hijau,Jakarta Pusat,Jl. Katedral,-6.16878114,106.83243305,,,,,,True,,,Sawah Besar,Pasar Baru
rth-492738db4592,Jalur Hijau Jl. Katedral (2),jalur-hijau,Jakarta Pusat,Jl. Katedral,-6.16881719,106.83225317,,,,,,True,,,Sawah Besar,Pasar Baru
rth-f1fbb9ed7683,Jalur Hijau Jl. Katedral (3),jalur-hijau,Jakarta Pusat,Jl. Katedral,-6.1702096,106.83295829,,,,,,True,,,Sawah Besar,Pasar Baru
rth-6a6a46eb20e8,Jalur Hijau Jl. Katedral (4),jalur-hijau,Jakarta Pusat,Jl. Katedral,-6.16985141,106.83296554,,,,,,True,,,Sawah Besar,Pasar Baru
rth-01f6280afc51,Jalur Hijau Pinggir Kali Mookervaart dari Jl. Panjang s/d Jembatan PT. Mowilex,jalur-hijau,Jakarta Barat,Jl. Daan Mogot,-6.15831443,106.76100352,,,,,,True,,,Cengkareng,Kedaung Kali Angke
rth-8e67ea200fe3,Jalur Hijau Jl. Teuku Cik Ditiro (6),jalur-hijau,Jakarta Pusat,Jl. Teuku Cik Ditiro,-6.20261598,106.83805369,,,,,,True,,,Menteng,Menteng
rth-a53ba169f759,Jalur Hijau Jl. Teuku Cik Ditiro (5),jalur-hijau,Jakarta Pusat,Jl. Teuku Cik Ditiro,-6.20159711,106.83781502,,,,,,True,,,Menteng,Menteng
rth-e4ebb6270d8e,Jalur Hijau Jl. Teuku Cik Ditiro (7),jalur-hijau,Jakarta Pusat,Jl. Teuku Cik Ditiro,-6.20427973,106.83848197,,,,,,True,,,Menteng,Menteng
rth-f5a9f4463aef,Jalur Hijau Jl. Cimahi (1),jalur-hijau,Jakarta Pusat,Jl. Cimahi,-6.20192329,106.83088453,,,,,,True,,,Menteng,Menteng
rth-b8b5ca8ce311,Jalur Hijau Jl. Cimahi (2),jalur-hijau,Jakarta Pusat,Jl. Cimahi,-6.20266869,106.83028529,,,,,,True,,,Menteng,Menteng
rth-b3129b301778,Jalur Hijau Jl. Cimahi (3),jalur-hijau,Jakarta Pusat,Jl. Cimahi,-6.20336432,106.82998689,,,,,,True,,,Menteng,Menteng
rth-c1426d202197,Jalur Hijau Jl. Cimahi (4),jalur-hijau,Jakarta Pusat,Jl. Cimahi,-6.20256075,106.83055641,,,,,,True,,,Menteng,Menteng
rth-a26cea0fd56d,Jalur Hijau Jl. Pegangsaan Barat,jalur-hijau,Jakarta Pusat,Jl. Pegangsaan Barat,-6.19906504,106.8413621,,,,,,True,,,Menteng,Pegangsaan
rth-a832b6b97a02,Jalur Hijau Jl. DR. Sam Ratulangi (1),jalur-hijau,Jakarta Pusat,Jl. DR. Sam Ratulangi,-6.18904997,106.83178885,,,,,,True,,,Menteng,Gondangdia
rth-20222094a4b6,Jalur Hijau Jl. DR. Sam Ratulangi (2),jalur-hijau,Jakarta Pusat,Jl. DR. Sam Ratulangi,-6.19028511,106.83048963,,,,,,True,,,Menteng,Gondangdia
rth-def40f477ecd,Jalur Hijau Jl. DR. Sam Ratulangi (3),jalur-hijau,Jakarta Pusat,Jl. DR. Sam Ratulangi,-6.19117662,106.82954917,,,,,,True,,,Menteng,Gondangdia
rth-4b0ed2f591a9,Jalur Hijau Atas Fly Over Rawa Buaya Sisi Barat,jalur-hijau,Jakarta Barat,Jl. Outer Ringroad,-6.16203196,106.72695682,,,,,,True,,,Cengkareng,Rawa Buaya
rth-cc2e3776d8e9,Jalur Hijau Median Jl. Puri Lingkar Luar  1,jalur-hijau,Jakarta Barat,,-6.18710069,106.73109593,,,,,,True,,,Kembangan,Kembangan Selatan
rth-b0ba105d48b2,Jakur Hijau Flyover Budi Raya,jalur-hijau,Jakarta Barat,Jakur Hijau Flyover Budi Raya,-6.18586282,106.78336728,,,,,,True,,,Pal Merah,Kemanggisan
rth-180be83bdf8e,Jalur Hijau Atas Fly Over Rawa Buaya Sisi Timur,jalur-hijau,Jakarta Barat,Jl. Outer Ringroad,-6.16208137,106.72744976,,,,,,True,,,Cengkareng,Rawa Buaya
rth-1db798ed58bf,Jalur Hijau Jl. Katedral (5),jalur-hijau,Jakarta Pusat,Jl. Katedral,-6.17108328,106.83344944,,,,,,True,,,Sawah Besar,Pasar Baru
rth-67adf744b82b,Jalur Hijau Jl. Lapangan Banteng Utara,jalur-hijau,Jakarta Pusat,Jl. Lapangan Banteng Utara,-6.16905149,106.83418253,,,,,,True,,,Sawah Besar,Pasar Baru
rth-6aabe0e3ee56,Jalur Hijau Jl. Lapangan Banteng Barat (1),jalur-hijau,Jakarta Pusat,Jl. Lapangan Banteng Barat,-6.17201447,106.83385335,,,,,,True,,,Sawah Besar,Pasar Baru
rth-0e27dca69b67,Jalur Hijau Jl. Perwira (7),jalur-hijau,Jakarta Pusat,Jl. Perwira,-6.17159718,106.83263553,,,,,,True,,,Sawah Besar,Pasar Baru
rth-f01e2fea08a9,Jalur Hijau Jl. Lapangan Banteng Barat (2),jalur-hijau,Jakarta Pusat,Jl. Lapangan Banteng Barat,-6.17219736,106.83421334,,,,,,True,,,Sawah Besar,Pasar Baru
rth-7c95049f89c1,Jalur Hijau Jl. Lapangan Banteng Barat (3),jalur-hijau,Jakarta Pusat,Jl. Lapangan Banteng Barat,-6.17253749,106.83420765,,,,,,True,,,Sawah Besar,Pasar Baru
rth-4041063585ab,Jalur Hijau Jl. Lapangan Banteng Barat (4),jalur-hijau,Jakarta Pusat,Jl. Lapangan Banteng Barat,-6.17283394,106.83429694,,,,,,True,,,Sawah Besar,Pasar Baru
rth-7c2f926c613c,Jalur Hijau Jl. Pejambon (1),jalur-hijau,Jakarta Pusat,Jl. Pejambon,-6.17333825,106.83365254,,,,,,True,,,Sawah Besar,Pasar Baru
rth-751f64211c43,Jalur Hijau Jl. Pejambon (2),jalur-hijau,Jakarta Pusat,Jl. Pejambon,-6.17412647,106.83300262,,,,,,True,,,Sawah Besar,Pasar Baru
rth-a283c438e092,Jalur Hijau Jl. Pejambon (3),jalur-hijau,Jakarta Pusat,Jl. Pejambon,-6.17501608,106.8326358,,,,,,True,,,Sawah Besar,Pasar Baru
rth-32350dc477fc,Jalur Hijau Jl. Pejambon (4),jalur-hijau,Jakarta Pusat,Jl. Pejambon,-6.17613262,106.83191441,,,,,,True,,,Sawah Besar,Pasar Baru
rth-31e1e819f942,Jalur Hijau Jl. Paso,jalur-hijau,Jakarta Selatan,Jalan Paso Kecamatan Jagakarsa,-6.31602338,106.81394876,,,,,,True,,,Jagakarsa,Jagakarsa
rth-ec706724bb61,Jalur Hijau Pinggir Kali Mookervaart dari Jembatan PT. Mowilex s/d Jembatan Taman Kota,jalur-hijau,Jakarta Barat,Jl. Daan Mogot,-6.15752545,106.75846474,,,,,,True,,,Cengkareng,Kedaung Kali Angke
rth-bd69f7496b7c,Jalur Hijau Pinggir Kali Mookervart dari Jembatan Taman Kota s/d Cengkareng Drain,jalur-hijau,Jakarta Barat,Jl. Daan Mogot,-6.15638211,106.75405939,,,,,,True,,,Cengkareng,Kedaung Kali Angke
rth-7a0d5da88dee,Jalur Hijau Jl. Karang Anyar (9),jalur-hijau,Jakarta Pusat,jalur hijau bawah rel kereta api,-6.1524709,106.82727581,,,,,,True,,,Sawah Besar,Karang Anyar
rth-680f5d95675b,Jalur Hijau Jl. M.H. Thamrin (1),jalur-hijau,Jakarta Pusat,Jl. M.H. Thamrin,-6.18207413,106.82292937,,,,,,True,,,Menteng,Menteng
rth-3cf43f423787,Jalur Hijau Jl. M.H. Thamrin (2),jalur-hijau,Jakarta Pusat,Jl. M.H. Thamrin,-6.1851909,106.82307819,,,,,,True,,,Menteng,Menteng
rth-1f0d350bad90,Jalur Hijau Jl. M.H. Thamrin (3),jalur-hijau,Jakarta Pusat,Jl. M.H. Thamrin,-6.18819564,106.82299829,,,,,,True,,,Menteng,Menteng
rth-817f8d0a719e,Jalur Hijau Jl. M.H. Thamrin (4),jalur-hijau,Jakarta Pusat,Jl. M.H. Thamrin,-6.19431627,106.82297016,,,,,,True,,,Menteng,Menteng
rth-8617ed698418,Taman Pulau-Pulau JL. Pakubuwono VI-JL. Hang Lekiu IV,jalur-hijau,Jakarta Selatan,JL. Pakubuwono VI,-6.23371988,106.79370789,,,,,,True,,,Kebayoran Baru,Gunung
rth-03ea7fd90153,Jalur Hijau Jl. Jend. Sudirman (1),jalur-hijau,Jakarta Pusat,Jl. Jend. Sudirman,-6.19759735,106.82311095,,,,,,True,,,Tanah Abang,Karet Tengsin
rth-c8a363ccd89b,Taman Pulau-Pulau JL. Pakubuwono VI- JL. Hang Lekiu I,jalur-hijau,Jakarta Selatan,Jl. Pakubuwono VI,-6.23467046,106.7923083,,,,,,True,,,Kebayoran Baru,Gunung
rth-c2697cffb4c7,Taman Bundaran Pakubuwono VI - JL. Hang Lekir,jalur-hijau,Jakarta Selatan,"Jl, Pakubuwono VI",-6.23334867,106.79409643,,,,,,True,,,Kebayoran Baru,Gunung
rth-31f471b1d449,Taman Pulau-Pulu Patiunus,jalur-hijau,Jakarta Selatan,JL. Patiunus,-6.23310756,106.79610947,,,,,,True,,,Kebayoran Baru,Gunung
rth-98512a307f65,Jalur Hijau Jl. Pejambon (5),jalur-hijau,Jakarta Pusat,Jl. Pejambon,-6.1743218,106.83321645,,,,,,True,,,Sawah Besar,Pasar Baru
rth-2a60144dc7b9,Jalur Hijau Jl. Pejambon (6),jalur-hijau,Jakarta Pusat,Jl. Pejambon,-6.17629405,106.83180528,,,,,,True,,,Sawah Besar,Pasar Baru
rth-4183daa35e8e,Jalur Hijau Jl. Medan Merdeka Timur (1),jalur-hijau,Jakarta Pusat,Jl. Medan Merdeka Timur,-6.17327642,106.83020177,,,,,,True,,,Gambir,Gambir
rth-ff7783a6dee0,Jalur Hijau Jl. Medan Merdeka Timur (2),jalur-hijau,Jakarta Pusat,Jl. Medan Merdeka Timur,-6.17394239,106.83040649,,,,,,True,,,Gambir,Gambir
rth-6eca05817ea0,Jalur Hijau Jl. Medan Merdeka Timur (3),jalur-hijau,Jakarta Pusat,Jl. Medan Merdeka Timur,-6.17524966,106.83082086,,,,,,True,,,Gambir,Gambir
rth-e7e1676cf4a1,Jalur Hijau Jl. Medan Merdeka Timur (4),jalur-hijau,Jakarta Pusat,Jl. Medan Merdeka Timur,-6.17658184,106.83116415,,,,,,True,,,Gambir,Gambir
rth-e54c587c0561,Jalur Hijau Jl. Medan Merdeka Timur (5),jalur-hijau,Jakarta Pusat,Jl. Medan Merdeka Timur,-6.17910944,106.83168094,,,,,,True,,,Gambir,Gambir
rth-9459c34bc41c,Jalur Hijau Jl. Medan Merdeka Selatan (6),jalur-hijau,Jakarta Pusat,Jl. Medan Merdeka Selatan,-6.18023329,106.83116847,,,,,,True,,,Gambir,Gambir
rth-f1f9857eb24b,Jalur Hijau Jl. Medan Merdeka Selatan (5),jalur-hijau,Jakarta Pusat,Jl. Medan Merdeka Selatan,-6.18031893,106.83033152,,,,,,True,,,Gambir,Gambir
rth-2504edd73356,Jalur Hijau Pinggir Kali mookervaart dari Cengkareng Drain s/d Lampu Merah Cengkareng,jalur-hijau,Jakarta Barat,Jl. Daan Mogot,-6.15492406,106.73646703,,,,,,True,,,Cengkareng,Cengkareng Timur
rth-45d9af541183,Jalur Hijau Pulau-Pulau Kembangan Sisi Utara,jalur-hijau,Jakarta Barat,Jl. Kembangan Raya,-6.18575834,106.73063899,,,,,,True,,,Kembangan,Kembangan Utara
rth-6982978b42ae,RTH Jl Patra,jalur-hijau,Jakarta Barat,RTH Jl. Patra Kp. Duri RT. 007 RW. 02,-6.17916123,106.77964843,,,,,,True,,,Kebon Jeruk,Duri Kepa
rth-40346b4102b1,Jalur Hijau Segitiga Sisi Utara 1 Jl.Kembangan,jalur-hijau,Jakarta Barat,Jl.Kembangan Raya,-6.1853869,106.73050867,,,,,,True,,,Kembangan,Kembangan Utara
rth-e88591559071,Jalur Hijau Pinggir Kali Mookervaart dari Lampu Merah Cengkareng s/d Rusun Pesakih,jalur-hijau,Jakarta Barat,Jl. Daan Mogot,-6.15367262,106.72119683,,,,,,True,,,Cengkareng,Cengkareng Barat
rth-265e4557e889,Jalur Hijau Jalan Sirsak,jalur-hijau,Jakarta Selatan,Jl. Sirsak,-6.33510081,106.82270209,,,,,,True,,,Jagakarsa,Jagakarsa
rth-59ca90333e0d,Taman Pulau-Pulau JL. Pakubuwono VI - JL. Hang Lekir X,jalur-hijau,Jakarta Selatan,Jl. Pakubuwono VI,-6.23293344,106.79608295,,,,,,True,,,Kebayoran Baru,Gunung
rth-56632541db7d,Taman Pulau JL. Pakubuwono VI - Jl. Kerinci,jalur-hijau,Jakarta Selatan,Jl. Pakubuwono VI,-6.23686981,106.7880742,,,,,,True,,,Kebayoran Baru,Gunung
rth-76ca4552c6cd,Jalur Hijau Jl. Jend. Sudirman (2),jalur-hijau,Jakarta Pusat,Jl. Jend. Sudirman,-6.2128527,106.81869683,,,,,,True,,,Tanah Abang,Karet Tengsin
rth-38e55b1a7630,Taman Pulau-Pulau JL. Prapanca Raya- JL. Brawijaya VIII,jalur-hijau,Jakarta Selatan,JL. Prapanca Raya,-6.25357864,106.80800722,,,,,,True,,,Kebayoran Baru,Pulo
rth-c72b27f1ac6f,Jalur Hijau Jl. Panjang dr Fly Over Kebon Jeruk s/d Jl. E (Jl H Domang),jalur-hijau,Jakarta Barat,Jl. Panjang Raya,-6.20012904,106.76911533,,,,,,True,,,Kebon Jeruk,Sukabumi Selatan
rth-1fc0671c462f,Jalur Hijau Jl. Medan Merdeka Selatan (4),jalur-hijau,Jakarta Pusat,Jl. Medan Merdeka Selatan,-6.18033023,106.8298238,,,,,,True,,,Gambir,Gambir
rth-f27e4536ee3b,Jalur Hijau Jl. Medan Merdeka Selatan (3),jalur-hijau,Jakarta Pusat,Jl. Medan Merdeka Selatan,-6.18035797,106.829478,,,,,,True,,,Gambir,Gambir
rth-afce9d889803,Jalur Hijau Jl. Medan Merdeka Selatan (2),jalur-hijau,Jakarta Pusat,Jl. Medan Merdeka Selatan,-6.18047687,106.82675619,,,,,,True,,,Gambir,Gambir
rth-d54a06235dd0,Jalur Hijau Jl. Medan Merdeka Selatan (1),jalur-hijau,Jakarta Pusat,Jl. Medan Merdeka Selatan,-6.18059104,106.82375434,,,,,,True,,,Gambir,Gambir
rth-06670daa9c03,Jalur Hijau Jl. Medan Merdeka Barat (4),jalur-hijau,Jakarta Pusat,Jl. Medan Merdeka Barat,-6.17143036,106.82278728,,,,,,True,,,Gambir,Gambir
rth-a150f4c26ca5,Jalur Hijau Jl. Medan Merdeka Barat (5),jalur-hijau,Jakarta Pusat,Jl. Medan Merdeka Barat,-6.1714929,106.82323642,,,,,,True,,,Gambir,Gambir
rth-70e57afa86c4,Jalur Hijau Jl. Medan Merdeka Utara (1),jalur-hijau,Jakarta Pusat,Jl. Medan Merdeka Utara,-6.17122477,106.82324452,,,,,,True,,,Gambir,Gambir
rth-44a2927009ce,Jalur Hijau Jl. Medan Merdeka Utara (2),jalur-hijau,Jakarta Pusat,Jl. Medan Merdeka Utara,-6.17131534,106.82366577,,,,,,True,,,Gambir,Gambir
rth-f96d02134383,Jalur Hijau Jl. Medan Merdeka Utara (3),jalur-hijau,Jakarta Pusat,Jl. Medan Merdeka Utara,-6.17130948,106.82481136,,,,,,True,,,Gambir,Gambir
rth-c47d507dbfd0,Jalur Hijau Segitiga Sisi Utara 2  Jl.Kembangan,jalur-hijau,Jakarta Barat,Jl. Kembangan Raya,-6.18529983,106.7305251,,,,,,True,,,Kembangan,Kembangan Utara
rth-73b8e82c5067,Jalur Hijau Segitiga Pos Pengumben,jalur-hijau,Jakarta Barat,Jalur Hijau Segitiga Pos Pengumben,-6.21612353,106.77447045,,,,,,True,,,Kebon Jeruk,Kelapa Dua
rth-aca8942b8800,Jalur Hijau Pulau-Pulau Kembangan Sisi Utara 2,jalur-hijau,Jakarta Barat,,-6.18583241,106.7307395,,,,,,True,,,,
rth-e7c66d00f015,Jalur Hijau Jl. Kembangan Raya s/d U turn depan Indomaret,jalur-hijau,Jakarta Barat,Jl. Kembangan Raya,-6.18518147,106.73219919,,,,,,True,,,Kembangan,Kembangan Utara
rth-1935f5b4dc8a,Jalur Hijau Jl. Kembangan Raya (U Turn depan Indomaret) s/d  depan Walikota Jakarta Barat,jalur-hijau,Jakarta Barat,,-6.18473547,106.73550025,,,,,,True,,,,
rth-0aacfd978b17,Jalur Hijau Jl. Kembangan Raya (depan Pemadam Kebakaran ) s/d  Jl. Puri Permai,jalur-hijau,Jakarta Barat,Jl. Puri Permai,-6.18479289,106.73917495,,,,,,True,,,Kembangan,Kembangan Selatan
rth-a7f6531dfb59,Taman Pulo -Pulo Prapanca Ujung,jalur-hijau,Jakarta Selatan,JL. Prapanca Raya,-6.25577182,106.80782022,,,,,,True,,,Kebayoran Baru,Pulo
rth-8281ffec1fb0,Taman Pulau-Pulau JL. Barito- JL. Kramat Pela,jalur-hijau,Jakarta Selatan,JL. Barito II,-6.24929874,106.79604898,,,,,,True,,,Kebayoran Baru,Kramat Pela
rth-057732b0dfdb,Jalur Hijau Harsono RM,jalur-hijau,Jakarta Selatan,,-6.29974768,106.82122186,,,,,,True,,,Pasar Minggu,Ragunan
rth-d67b050db898,"Tan Ciragil, sisi kali sebelah utara",jalur-hijau,Jakarta Selatan,Jalan Ciragil Pinggir kali,-6.23647991,106.80900724,,,,,,True,,,Kebayoran Baru,Rawa Barat
rth-fa604f172bf5,"Taman Hang Tuah VII, separator",jalur-hijau,Jakarta Selatan,Jalan Hangtuah VII,-6.23671567,106.79681967,,,,,,True,,,Kebayoran Baru,Gunung
rth-030357b55f50,Jalur Hijau JL. Raden Patah,jalur-hijau,Jakarta Selatan,Jl. Raden Patah,-6.23666957,106.80029895,,,,,,True,,,Kebayoran Baru,Selong
rth-529c0196d4fc,Jalur Hijau Fly Over Budi Raya,jalur-hijau,Jakarta Barat,Jalur Hijau Flyover Budi Raya,-6.18590442,106.78320708,,,,,,True,,,Pal Merah,Kemanggisan
rth-2ec5232b9b64,Jalur Hijau Bawah Fly Over Rawa Buaya Jl. Outer Ringroad Timur Sisi Utara Rel,jalur-hijau,Jakarta Barat,Jl. Outer Ringroad,-6.16173207,106.72741581,,,,,,True,,,Cengkareng,Rawa Buaya
rth-e5950f14f151,Jl. Dpn Kantor Kementrian Hukum dan HAM (Clilitan) s.d depan Kedubes Arab Saudi_01,jalur-hijau,Jakarta Timur,,-6.26211183,106.86642004,,,,,,True,,,Kramatjati,Cililitan
rth-1f433220f973,Jalur Hijau Median Jl. Puri Lingkar Luar 2,jalur-hijau,Jakarta Barat,Jl. Puri LIngkar Luar,-6.18907039,106.73278884,,,,,,True,,,Kembangan,Kembangan Selatan
rth-7cdaa94dc756,Jalur Hijau Bawah Fly Over Rawa Buaya Jl. Outer Ringroad Barat Sisi Utara Rel,jalur-hijau,Jakarta Barat,Jl. Outer Ringroad,-6.16187266,106.72693313,,,,,,True,,,Cengkareng,Rawa Buaya
rth-c9b508386878,Jalur Hijau Jl. Medan Merdeka Utara (4),jalur-hijau,Jakarta Pusat,Jl. Medan Merdeka Utara,-6.17132876,106.82629832,,,,,,True,,,Gambir,Gambir
rth-837e877557c7,Jalur Hijau Jl. Medan Merdeka Utara (5),jalur-hijau,Jakarta Pusat,Jl. Medan Merdeka Utara,-6.17134641,106.82791994,,,,,,True,,,Gambir,Gambir
rth-0f93d1d20641,Jalur Hijau Jl. Majapahit (2),jalur-hijau,Jakarta Pusat,Jl. Majapahit,-6.17078825,106.82183296,,,,,,True,,,Gambir,Gambir
rth-010a7f78c68d,Jalur Hijau Jl. Majapahit (1),jalur-hijau,Jakarta Pusat,Jl. Majapahit,-6.16928455,106.82123278,,,,,,True,,,Gambir,Gambir
rth-65f5443f7d6c,Jalur Hijau Jl. Cideng Barat (1),jalur-hijau,Jakarta Pusat,Jl. Cideng Barat,-6.16223597,106.81057256,,,,,,True,,,Gambir,Cideng
rth-4dcb9ddbc2b7,Jalur Hijau Jl. Cideng Barat (2),jalur-hijau,Jakarta Pusat,Jl. Cideng Barat,-6.16463959,106.81044042,,,,,,True,,,Gambir,Cideng
rth-6cbdc5aabc66,Jalur Hijau Jl. Cideng Barat (3),jalur-hijau,Jakarta Pusat,Jl. Cideng Barat,-6.16673059,106.81049112,,,,,,True,,,Gambir,Cideng
rth-5d6812bbc1af,Jalur Hijau Jl. Cideng Barat (4),jalur-hijau,Jakarta Pusat,Jl. Cideng Barat,-6.16927422,106.81072226,,,,,,True,,,Gambir,Cideng
rth-fa16dbb17166,Jalur Hijau Jl. Cideng Barat (5),jalur-hijau,Jakarta Pusat,Jl. Cideng Barat,-6.17147577,106.81092947,,,,,,True,,,Gambir,Cideng
rth-94748d108244,Jalur Hijau Jl. Cideng Barat (6),jalur-hijau,Jakarta Pusat,Jl. Cideng Barat,-6.17256039,106.81114025,,,,,,True,,,Sawah Besar,Cideng
rth-855c3ab28c0c,Jalur Hijau Jl. Cideng Barat (7),jalur-hijau,Jakarta Pusat,Jl. Cideng Barat,-6.17452278,106.81162227,,,,,,True,,,Gambir,Cideng
rth-6a151578fd50,Jalur Hijau Median Jl. Puri Indah (depan Indomobil) s/d  bundaran Puri Indah,jalur-hijau,Jakarta Barat,Jl. Puri Indah,-6.18671283,106.73321296,,,,,,True,,,Kembangan,Kembangan Selatan
rth-f916fec8a1f2,Jalur Hijau Jl. Pondok Gede_01,jalur-hijau,Jakarta Timur,,-6.28929527,106.87784189,,,,,,True,,,Kramatjati,Dukuh
rth-39a86abd7bda,Jalur Hijau Jl. Pondok Gede_02,jalur-hijau,Jakarta Timur,,-6.288121,106.87449363,,,,,,True,,,Kramatjati,Dukuh
rth-715b6e0dbb07,Jalur Hijau Jl. Lapangan Tembak,jalur-hijau,Jakarta Pusat,Jl. Lapangan Tembak,-6.21270185,106.79730129,,,,,,True,,,Tanah Abang,Gelora
rth-778ac7c55827,Jalur Hijau Jl. Gerbang Pemuda (1),jalur-hijau,Jakarta Pusat,Jl. Gerbang Pemuda,-6.21376244,106.80041978,,,,,,True,,,Tanah Abang,Gelora
rth-fdf202981b88,Jalur Hijau Jl. Cideng Barat (8),jalur-hijau,Jakarta Pusat,Jl. Cideng Barat,-6.1768862,106.81221524,,,,,,True,,,Gambir,Cideng
rth-9d9b7656fb19,Jalur Hijau Jl. Cideng Barat (9),jalur-hijau,Jakarta Pusat,Jl. Cideng Barat,-6.17902618,106.81274689,,,,,,True,,,Gambir,Cideng
rth-7060ad4a7a6d,Jalur Hijau Jl. Cideng Timur (1),jalur-hijau,Jakarta Pusat,Jl. Cideng Timur,-6.16224837,106.81073751,,,,,,True,,,Gambir,Petojo Selatan
rth-8770ef9e4bef,Jalur Hijau Jl. Cideng Timur (2),jalur-hijau,Jakarta Pusat,Jl. Cideng Timur,-6.16462066,106.81060036,,,,,,True,,,Gambir,Petojo Selatan
rth-ab1f297fbfd3,Jalur Hijau Jl. Cideng Timur (3),jalur-hijau,Jakarta Pusat,Jl. Cideng Timur,-6.16663902,106.8106515,,,,,,True,,,Gambir,Petojo Selatan
rth-15ebe5dd65f1,Jalur Hijau Jl. Cideng Timur (4),jalur-hijau,Jakarta Pusat,Jl. Cideng Timur,-6.16935549,106.81089504,,,,,,True,,,Gambir,Petojo Selatan
rth-157380c15896,Jalur Hijau Jl. Cideng Timur (5),jalur-hijau,Jakarta Pusat,Jl. Cideng Timur,-6.17226122,106.81125349,,,,,,True,,,Gambir,Petojo Selatan
rth-c2cc44e32486,Jalur Hijau Jl. Cideng Timur (6),jalur-hijau,Jakarta Pusat,Jl. Cideng Timur,-6.17448527,106.81178249,,,,,,True,,,Gambir,Petojo Selatan
rth-e9b522bb9266,Jalur Hijau Jl. Cideng Timur (7),jalur-hijau,Jakarta Pusat,Jl. Cideng Timur,-6.1770209,106.81241654,,,,,,True,,,Gambir,Petojo Selatan
rth-8bea35e81a6d,Jalur Hijau Jl. Cideng Timur (8),jalur-hijau,Jakarta Pusat,Jl. Cideng Timur,-6.17905502,106.81293253,,,,,,True,,,Gambir,Petojo Selatan
rth-a2627b4ca4d2,Jalur Hijau Jl. Abdul Muis (9),jalur-hijau,Jakarta Pusat,Jl. Abdul Muis,-6.18090449,106.81745193,,,,,,True,,,Gambir,Gambir
rth-3ba33ecf9c9f,Jalur Hijau Pulau Jalan Rusun Pesakih 1,jalur-hijau,Jakarta Barat,Jalan Menuju Rusunawa Pesakih,-6.15784549,106.71624817,,,,,,True,,,Cengkareng,Duri Kosambi
rth-02b76cef69f5,Jalur Hijau Median Jl. Puri Indah (Mulai Bundaran Puri Indah s/d  Pertigaan Hypermart,jalur-hijau,Jakarta Barat,Jalur Hijau Jl. Puri Indah,-6.18695516,106.73696273,,,,,,True,,,Kembangan,Kembangan Selatan
rth-038b2bc10f97,Jalur Hijau Median Jalan Menuju Rusun Pesakih 1,jalur-hijau,Jakarta Barat,Jalan Menuju Rusunawa Pesakih,-6.15684668,106.71614013,,,,,,True,,,Cengkareng,Duri Kosambi
rth-de0d1f7d1dd1,Jalur Hijau Jl. Gerbang Pemuda (2),jalur-hijau,Jakarta Pusat,Jl. Gerbang Pemuda,-6.21280064,106.80457258,,,,,,True,,,Tanah Abang,Gelora
rth-06f13212dc83,Jalur Hijau Jl. Gerbang Pemuda (3),jalur-hijau,Jakarta Pusat,Jl. Gerbang Pemuda,-6.21434587,106.79875917,,,,,,True,,,Tanah Abang,Gelora
rth-3bff530bfaab,Jalur Hijau Jl. Gerbang Pemuda (4),jalur-hijau,Jakarta Pusat,Jl. Gerbang Pemuda,-6.21383051,106.80088999,,,,,,True,,,Tanah Abang,Gelora
rth-679bd7c81b21,Jalur Hijau Jl. Gerbang Pemuda (5),jalur-hijau,Jakarta Pusat,Jl. Gerbang Pemuda,-6.21310904,106.80390344,,,,,,True,,,Tanah Abang,Gelora
rth-db77d35ccd90,Jalur Hijau Median Jl. Kembangan Baru (Cengkareng Drain Sisi Barat),jalur-hijau,Jakarta Barat,Jl. Kembangan Baru,-6.16873998,106.74873131,,,,,,True,,,Kembangan,Kembangan Utara
rth-16c55494c03d,Jalur Hijau Jl. Kembangan Baru (pinggir Kali Cengkareng Drain),jalur-hijau,Jakarta Barat,Jl. Kembangan Baru,-6.16831913,106.74880885,,,,,,True,,,Kembangan,Kembangan Selatan
rth-afd8a81b358b,Jalur Hijau Jl. Kesehatan (1),jalur-hijau,Jakarta Pusat,Jl. Kesehatan,-6.17177186,106.81508963,,,,,,True,,,Gambir,Petojo Selatan
rth-59f1c0552ca8,Jalur Hijau Jl. Kesehatan (2),jalur-hijau,Jakarta Pusat,Jl. Kesehatan,-6.17281301,106.81537682,,,,,,True,,,Gambir,Petojo Selatan
rth-18c970bd4e19,Jalur Hijau Jl. Kesehatan (3),jalur-hijau,Jakarta Pusat,Jl. Kesehatan,-6.17427409,106.815756,,,,,,True,,,Gambir,Petojo Selatan
rth-ff65a0530c57,Jalur Hijau Jl. Terusan Majapahit (sisi tepian air),jalur-hijau,Jakarta Pusat,Jl. Tanah Abang I,-6.17072227,106.82073127,,,,,,True,,,Gambir,Petojo Selatan
rth-e15ce6c6ceb3,Jalur Hijau Jl. Siantar,jalur-hijau,Jakarta Pusat,Jl. Siantar,-6.17295343,106.80782259,,,,,,True,,,Gambir,Cideng
rth-ee52bdb11c77,Jalur Hijau Jl. Pangeran Diponegoro (1),jalur-hijau,Jakarta Pusat,Jl. Pangeran Diponegoro,-6.20041285,106.83398954,,,,,,True,,,Menteng,Menteng
rth-07fdb8823592,Jalur Hijau Jl. Pangeran Diponegoro (2),jalur-hijau,Jakarta Pusat,Jl. Pangeran Diponegoro,-6.20071688,106.83608733,,,,,,True,,,Menteng,Menteng
rth-3180ec19f64c,Jalur Hijau Jl. Pangeran Diponegoro (3),jalur-hijau,Jakarta Pusat,Jl. Pangeran Diponegoro,-6.20106654,106.83861946,,,,,,True,,,Menteng,Menteng
rth-e52a36387621,Jalur Hijau Jl. Pangeran Diponegoro (4),jalur-hijau,Jakarta Pusat,Jl. Pangeran Diponegoro,-6.20128464,106.84016348,,,,,,True,,,Menteng,Menteng
rth-e97c5c22f3dc,Jalur Hijau Jl. Pangeran Diponegoro (5),jalur-hijau,Jakarta Pusat,Jl. Pangeran Diponegoro,-6.20036522,106.83456945,,,,,,True,,,Menteng,Menteng
rth-b60fc80cade8,JAlur Hijau JL. Darmawangsa IX,jalur-hijau,Jakarta Selatan,Jl. Darmawangsa IX,-6.25340355,106.80125128,,,,,,True,,,Kebayoran Baru,Cipete Utara
rth-f0bee5e3c3de,Segitiga pulau jalan Jl. Panjang,jalur-hijau,Jakarta Barat,Segitiga pulau jalan Jl. panjang,-6.18958393,106.76813337,,,,,,True,,,Kebon Jeruk,Kebon Jeruk
rth-d8d8cdaaabb4,Jalur Hijau Median Jalan Menuju Rusun Pesakih 2,jalur-hijau,Jakarta Barat,Jalan Menuju Rusunawa Pesakih,-6.15870741,106.71693422,,,,,,True,,,Cengkareng,Duri Kosambi
rth-3ec69da8235d,Taman Segi-3 Arteri Simprug by pass,jalur-hijau,Jakarta Selatan,JALAN TEUKU NYAK ARIF,-6.22638856,106.7885517,,,,,,True,,,Kebayoran Lama,Grogol Selatan
rth-2bde8ea95ac1,Jalur Hijau Pulau Jalan Rusun Pesakih 2,jalur-hijau,Jakarta Barat,Jalan Menuju Rusunawa Pesakih,-6.15941204,106.71723455,,,,,,True,,,Cengkareng,Duri Kosambi
rth-44acbbad5314,Jalur Hijau Fly Over Kebon Jeruk Sisi Timur (Selatan Tol Tangerang),jalur-hijau,Jakarta Barat,Segitiga pulau jalan,-6.1905561,106.76900614,,,,,,True,,,Kebon Jeruk,Kebon Jeruk
rth-7c467c9b301e,Jalur Hijau Jl. KH. Mas Mansyur (1),jalur-hijau,Jakarta Pusat,Jl. KH. Mas Mansyur,-6.20496539,106.81652568,,,,,,True,,,Tanah Abang,Karet Tengsin
rth-1f043bf45ecb,GOR Ragunan,hutan,Jakarta Selatan,Jalan Kebagusan raya,-6.30486338,106.82573698,,,,,,True,,,Pasar Minggu,Ragunan
rth-c01cb5575b56,Jalur Hijau Jl. KH. Mas Mansyur (2),jalur-hijau,Jakarta Pusat,Jl. KH. Mas Mansyur,-6.20792862,106.81722884,,,,,,True,,,Tanah Abang,Karet Tengsin
rth-b0b26f1f7573,Jalur Hijau Margaguna,jalur-hijau,Jakarta Selatan,JL. Margaguna,-6.26318042,106.78626682,,,,,,True,,,Kebayoran Baru,Gandaria Selatan
rth-e4bd33cbb821,Jalur Hijau JL. Kertanegara,jalur-hijau,Jakarta Selatan,JL. Kertanegara,-6.23519726,106.80649406,,,,,,True,,,Kebayoran Baru,Selong
rth-04c6af255d83,Jalur Hijau Jl. Sakti Raya,jalur-hijau,Jakarta Barat,Jalur Hijau Jl. Kemanggisan Utama Raya,-6.18815184,106.78422876,,,,,,True,,,Pal Merah,Kemanggisan
rth-04ef9a7a3440,Jl. Dpn Kantor Kementrian Hukum dan HAM (Clilitan) s.d depan Kedubes Arab Saudi_02,jalur-hijau,Jakarta Timur,,-6.26180809,106.86667104,,,,,,True,,,Kramatjati,Cililitan
rth-985f977e454f,Jl. Dpn Kantor Kementrian Hukum dan HAM (Clilitan) s.d depan Kedubes Arab Saudi_03,jalur-hijau,Jakarta Timur,,-6.26112237,106.86717767,,,,,,True,,,Kramatjati,Cililitan
rth-978e971dc46c,Jalur Hijau Bawah Fly Over Rawa Buaya Jl. Outer Ringroad Timur Sisi Selatan Rel,jalur-hijau,Jakarta Barat,Jl. Outer Ringroad,-6.16219051,106.72741809,,,,,,True,,,Cengkareng,Rawa Buaya
rth-f954d495550a,Jl. Dpn Kantor Kementrian Hukum dan HAM (Clilitan) s.d depan Kedubes Arab Saudi_04,jalur-hijau,Jakarta Timur,,-6.25966985,106.86828753,,,,,,True,,,Kramatjati,Cililitan
rth-24cc7822cf13,Jalur Hijau Median Jl. Kembang Kerep,jalur-hijau,Jakarta Barat,Jl. Kembang Kerep,-6.1908584,106.74237974,,,,,,True,,,Kembangan,Meruya Utara
rth-406d9833000d,Jalur Hijau Jl. Kemanggisan Utama Raya,jalur-hijau,Jakarta Barat,Jalu Hijau Jl. Kemanggisan Utama Raya,-6.1883732,106.78448298,,,,,,True,,,Pal Merah,Kemanggisan
rth-7c358a22b501,Jalur Hijau Bawah Fly Over Rawa Buaya Jl. Outer Ringroad Barat Sisi Selatan Rel,jalur-hijau,Jakarta Barat,Jl. Outer Ringroad,-6.16223817,106.72694613,,,,,,True,,,Cengkareng,Rawa Buaya
rth-aca6a647b581,Jalur Hijau Jl. Pangeran Diponegoro (6),jalur-hijau,Jakarta Pusat,Jl. Pangeran Diponegoro,-6.20063334,106.83462175,,,,,,True,,,Menteng,Menteng
rth-a218892c740f,Jalur Hijau Jl. Pangeran Diponegoro (7),jalur-hijau,Jakarta Pusat,Jl. Pangeran Diponegoro,-6.20065759,106.83667719,,,,,,True,,,Menteng,Menteng
rth-14b502b9978d,Jalur Hijau Jl. Pangeran Diponegoro (8),jalur-hijau,Jakarta Pusat,Jl. Pangeran Diponegoro,-6.20092427,106.83671419,,,,,,True,,,Menteng,Menteng
rth-e4ee9707abef,Jalur Hijau Jl. Pangeran Diponegoro (9),jalur-hijau,Jakarta Pusat,Jl. Pangeran Diponegoro,-6.20103722,106.83939947,,,,,,True,,,Menteng,Menteng
rth-906195dd2229,Jalur Hijau Jl. Pangeran Diponegoro (10),jalur-hijau,Jakarta Pusat,Jl. Pangeran Diponegoro,-6.20132602,106.83945019,,,,,,True,,,Menteng,Menteng
rth-347327a66a3a,Jalur Hijau Jl. Pangeran Diponegoro (11),jalur-hijau,Jakarta Pusat,Jl. Pangeran Diponegoro,-6.20121406,106.84197353,,,,,,True,,,Menteng,Menteng
rth-a502e29c2a54,Jalur Hijau Jl. Imam Bonjol (1),jalur-hijau,Jakarta Pusat,Jl. Imam Bonjol,-6.19823172,106.82621237,,,,,,True,,,Menteng,Menteng
rth-4279f6e5e950,Jalur Hijau Jl. Imam Bonjol (2),jalur-hijau,Jakarta Pusat,Jl. Imam Bonjol,-6.1997446,106.82921082,,,,,,True,,,Menteng,Menteng
rth-c2f6e941b950,Jalur Hijau Jl. Imam Bonjol (3),jalur-hijau,Jakarta Pusat,Jl. Imam Bonjol,-6.19998495,106.83093241,,,,,,True,,,Menteng,Menteng
rth-a52383f35f5a,Jalur Hijau Segitiga Lampu Merah Grogol Jl. Daan mogot Sisi Utara,jalur-hijau,Jakarta Barat,Jl. Daan Mogot,-6.16658516,106.7877926,,,,,,True,,,Grogol Petamburan,Jelambar
rth-b7aae34cd11c,Jalur Hijau Jl. Gelora (1),jalur-hijau,Jakarta Pusat,Jl. Gelora,-6.21012704,106.79649526,,,,,,True,,,Tanah Abang,Gelora
rth-d246b685c2b1,Jalur Hijau Jl. Gelora (2),jalur-hijau,Jakarta Pusat,Jl. Gelora,-6.2105721,106.79655497,,,,,,True,,,Tanah Abang,Gelora
rth-e3bda5b83190,Jalur Hijau Jl. KH. Mas Mansyur (3),jalur-hijau,Jakarta Pusat,Jl. KH. Mas Mansyur,-6.21097946,106.81796066,,,,,,True,,,Tanah Abang,Karet Tengsin
rth-8ea74a766978,Taman Kapten Tendean,jalur-hijau,Jakarta Selatan,Jalan Kapten tendean,-6.23982007,106.82891962,,,,,,True,,,Mampang Prapatan,Kuningan Barat
rth-aa726a0402b7,Taman PWI,jalur-hijau,Jakarta Selatan,Jalan Pasar Jumat,-6.28926882,106.77279711,,,,,,True,,,Cilandak,Lebak Bulus
rth-64ac5ce5c799,Taman JL. Gandaria I - JL. KH. M Shafi'i Handzani ( 2 lokasi ),jalur-hijau,Jakarta Selatan,Jl. KH. M Shafi'i Hadzani,-6.24524495,106.78875434,,,,,,True,,,Kebayoran Baru,Kramat Pela
rth-e2ab52419d1c,Jalur Hijau Jl. Fakhrudin (1),jalur-hijau,Jakarta Pusat,Jl. Fakhrudin,-6.18879424,106.81511619,,,,,,True,,,Tanah Abang,Kebon Kacang
rth-1d10eb196669,Jalur Hijau Jl. Fakhrudin (2),jalur-hijau,Jakarta Pusat,Jl. Fakhrudin,-6.1885403,106.81534381,,,,,,True,,,Tanah Abang,Kebon Kacang
rth-28de3e13ca11,Jalur Hijau Jl. Fakhrudin (3),jalur-hijau,Jakarta Pusat,Jl. Fakhrudin,-6.18832539,106.81526865,,,,,,True,,,Tanah Abang,Kebon Kacang
rth-9a227bb5930d,Jalur Hijau JL. Langsat,jalur-hijau,Jakarta Selatan,JL. Langsat,-6.24404849,106.79251175,,,,,,True,,,Kebayoran Baru,Kramat Pela
rth-acf037d6de46,RTH JALAN MASJID AL UMAR LUBANG BUAYA,taman,Jakarta Timur,JALAN MASJID AL-UMAR RT 004 RW 012,-6.2870936,106.90856534,,,,,,True,,,Cipayung,Lubang Buaya
rth-28ca32c79ff9,Jalur Hijau Jl. Imam Bonjol (4),jalur-hijau,Jakarta Pusat,Jl. Imam Bonjol,-6.19533108,106.82360983,,,,,,True,,,Menteng,Menteng
rth-5d869b73a481,Jalur Hijau Jl. Prof. DR. Moh. Yamin (1),jalur-hijau,Jakarta Pusat,Jl. Prof. DR. Moh. Yamin,-6.19473748,106.82445704,,,,,,True,,,Menteng,Menteng
rth-ee56cf78b916,Jalur Hijau Jl. Prof. DR. Moh. Yamin (2),jalur-hijau,Jakarta Pusat,Jl. Prof. DR. Moh. Yamin,-6.19509127,106.82699603,,,,,,True,,,Menteng,Menteng
rth-0a645f2bab25,Jalur Hijau Jl. Prof. DR. Moh. Yamin (3),jalur-hijau,Jakarta Pusat,Jl. Prof. DR. Moh. Yamin,-6.19565831,106.8309315,,,,,,True,,,Menteng,Menteng
rth-cf33ec60dd18,Jalur Hijau Jl. Prof. DR. Moh. Yamin (4),jalur-hijau,Jakarta Pusat,Jl. Prof. DR. Moh. Yamin,-6.19627532,106.8347964,,,,,,True,,,Menteng,Menteng
rth-cde9f46ef29d,Jalur Hijau Jl. Prof. DR. Moh. Yamin (5),jalur-hijau,Jakarta Pusat,Jl. Prof. DR. Moh. Yamin,-6.19684594,106.83780984,,,,,,True,,,Menteng,Menteng
rth-4493f16191b6,Jalur Hijau Jl. Prof. DR. Moh. Yamin (6),jalur-hijau,Jakarta Pusat,Jl. Prof. DR. Moh. Yamin,-6.1969485,106.837853,,,,,,True,,,Menteng,Menteng
rth-bffd6fb555bc,Jalur Hijau Jl. Prof. DR. Moh. Yamin (7),jalur-hijau,Jakarta Pusat,Jl. Prof. DR. Moh. Yamin,-6.19671376,106.8363802,,,,,,True,,,Menteng,Menteng
rth-7cdaca33ec44,Jalur Hijau Jl. Prof. DR. Moh. Yamin (8),jalur-hijau,Jakarta Pusat,Jl. Prof. DR. Moh. Yamin,-6.196461,106.83516724,,,,,,True,,,Menteng,Menteng
rth-d9b8200e9893,Jalur Hijau Jl. Prof. DR. Moh. Yamin (9),jalur-hijau,Jakarta Pusat,Jl. Prof. DR. Moh. Yamin,-6.19617789,106.83377249,,,,,,True,,,Menteng,Menteng
rth-9b7e19791a55,Jalur Hijau Jl. Teuku Umar (1),jalur-hijau,Jakarta Pusat,Jl. Teuku Umar,-6.18905055,106.83313384,,,,,,True,,,Menteng,Gondangdia
rth-62e3c16e0455,Jalur Hijau Jl. Teuku Umar (2),jalur-hijau,Jakarta Pusat,Jl. Teuku Umar,-6.19028472,106.83311904,,,,,,True,,,Menteng,Gondangdia
rth-a74f726cfcfb,Jalur Hijau Jl. Teuku Umar (3),jalur-hijau,Jakarta Pusat,Jl. Teuku Umar,-6.19143622,106.833112,,,,,,True,,,Menteng,Gondangdia
rth-c37cc3b6c0a6,Jalur Hijau Jl. Teuku Umar (4),jalur-hijau,Jakarta Pusat,Jl. Teuku Umar,-6.19270577,106.83311145,,,,,,True,,,Menteng,Gondangdia
rth-f181fb471038,Jalur Hijau Jl. Teuku Umar (5),jalur-hijau,Jakarta Pusat,Jl. Teuku Umar,-6.19390795,106.83309527,,,,,,True,,,Menteng,Gondangdia
rth-f1f56a79f85c,Jalur Hijau Jl. Teuku Umar (6),jalur-hijau,Jakarta Pusat,Jl. Teuku Umar,-6.1954037,106.83307447,,,,,,True,,,Menteng,Gondangdia
rth-30a6ee3de33d,Jalur Hijau Jl. Teuku Umar (7),jalur-hijau,Jakarta Pusat,Jl. Teuku Umar,-6.19590577,106.8330702,,,,,,True,,,Menteng,Gondangdia
rth-734e9f9afc71,Jalur Hijau Jl. Teuku Umar (8),jalur-hijau,Jakarta Pusat,Jl. Teuku Umar,-6.19653768,106.83301572,,,,,,True,,,Menteng,Gondangdia
rth-b7fe134b1149,Jalur Hijau Jl. Teuku Umar (9),jalur-hijau,Jakarta Pusat,Jl. Teuku Umar,-6.19774459,106.83286899,,,,,,True,,,Menteng,Gondangdia
rth-cc33284a4c84,Jalur Hijau Jl. Teuku Umar (10),jalur-hijau,Jakarta Pusat,Jl. Teuku Umar,-6.19721485,106.83283674,,,,,,True,,,Menteng,Gondangdia
rth-02bc06c7224c,Jalur Hijau Jl. Tenaga Listrik,jalur-hijau,Jakarta Pusat,Jl. Tenaga Listrik,-6.20054486,106.81441316,,,,,,True,,,Tanah Abang,Kebon Melati
rth-c54277fe8f14,Jalur Hijau Jati Pinggir,jalur-hijau,Jakarta Pusat,Jl. Petamburan,-6.19379654,106.80916698,,,,,,True,,,Tanah Abang,Petamburan
rth-a4a4bbeb3001,Jalur Hijau Jl. R.M Margono Djojohadikoesoemo,jalur-hijau,Jakarta Pusat,Jl. R.M Margono Djojohadikoesoemo,-6.20229446,106.82016176,,,,,,True,,,Tanah Abang,Karet Tengsin
rth-39e4652cf960,Jalur Hijau Pulau Jl.Kembangan Baru,jalur-hijau,Jakarta Barat,Jl. Kembangan Baru,-6.17045673,106.74879684,,,,,,True,,,Kembangan,Kembangan Utara
rth-34647ed71e97,Jalur Hijau Pulau Jl.Kembangan Baru (depo  truk kebersihan),jalur-hijau,Jakarta Barat,Jl.Kembangan Baru,-6.17156413,106.74884069,,,,,,True,,,Kembangan,Kembangan Utara
rth-abcfc5f2bacc,Jalur Hijau Bawah Fly Over Cengkareng Sisi Utara Kali,jalur-hijau,Jakarta Barat,Jl. Daan Mogot,-6.15441546,106.72757997,,,,,,True,,,Cengkareng,Cengkareng Barat
rth-c04a609c59f6,Jalur Hijau Bawah Fly Over Cengkareng Sisi Selatan Kali,jalur-hijau,Jakarta Barat,Jl. Outer Ringroad,-6.15484504,106.72757728,,,,,,True,,,Cengkareng,Rawa Buaya
rth-e011320c42d9,Jalur Hijau Bawah Fly Over Cengkareng Jl. Outer Ringroad Sisi Timur,jalur-hijau,Jakarta Barat,Jl. Outer Ringroad,-6.1554257,106.72767374,,,,,,True,,,Cengkareng,Rawa Buaya
rth-782e534f3dc6,blok SUTT,jalur-hijau,Jakarta Utara,,-6.1169519,106.75130973,,,,,,True,,,,
rth-45dddf7306e1,Jalur Hijau Atas Fly Over Cengkareng Sisi Timur,jalur-hijau,Jakarta Barat,Jl. Outer Ringroad,-6.1543705,106.72786483,,,,,,True,,,Cengkareng,Cengkareng Timur
rth-12e6bc945275,Jalur Hijau Atas Fly Over Cengkareng Sisi Barat,jalur-hijau,Jakarta Barat,Jl. Outer Ringroad,-6.15423018,106.72722363,,,,,,True,,,Cengkareng,Cengkareng Barat
rth-95816fc8dade,Jalur Hijau Jl. Prof. DR. Moh. Yamin (10),jalur-hijau,Jakarta Pusat,Jl. Prof. DR. Moh. Yamin,-6.19597398,106.83248545,,,,,,True,,,Menteng,Menteng
rth-ec93057f12d6,Jalur Hijau Jl. Prof. DR. Moh. Yamin (11),jalur-hijau,Jakarta Pusat,Jl. Prof. DR. Moh. Yamin,-6.19579654,106.83127222,,,,,,True,,,Menteng,Menteng
rth-f3a7dff61df2,Jalur Hijau Jl. Prof. DR. Moh. Yamin (12),jalur-hijau,Jakarta Pusat,Jl. Prof. DR. Moh. Yamin,-6.19557158,106.829672,,,,,,True,,,Menteng,Menteng
rth-983679beb5a6,Jalur Hijau Jl. Prof. DR. Moh. Yamin (13),jalur-hijau,Jakarta Pusat,Jl. Prof. DR. Moh. Yamin,-6.19519921,106.82713348,,,,,,True,,,Menteng,Menteng
rth-27131c2d9052,Jalur Hijau Jl. Prof. DR. Moh. Yamin (14),jalur-hijau,Jakarta Pusat,Jl. Prof. DR. Moh. Yamin,-6.19483302,106.82448071,,,,,,True,,,Menteng,Menteng
rth-d3b8916da52c,Jalur Hijau Jl. Sutan Syahrir (1),jalur-hijau,Jakarta Pusat,Jl. Sutan Syahrir,-6.19461591,106.82446637,,,,,,True,,,Menteng,Gondangdia
rth-face77573684,Jalur Hijau Jl. Sutan Syahrir (2),jalur-hijau,Jakarta Pusat,Jl. Sutan Syahrir,-6.19496839,106.82695769,,,,,,True,,,Menteng,Gondangdia
rth-e502aad972ed,Jalur Hijau Jl. Sutan Syahrir (3),jalur-hijau,Jakarta Pusat,Jl. Sutan Syahrir,-6.19551828,106.83078408,,,,,,True,,,Menteng,Gondangdia
rth-330d516cd412,Jalur Hijau Jl. Sutan Syahrir (4),jalur-hijau,Jakarta Pusat,Jl. Sutan Syahrir,-6.19624199,106.8351453,,,,,,True,,,Menteng,Gondangdia
rth-2e5f0922a69c,Jalur Hijau Jl. Sutan Syahrir (5),jalur-hijau,Jakarta Pusat,Jl. Sutan Syahrir,-6.19673034,106.83774232,,,,,,True,,,Menteng,Gondangdia
rth-f3e8b1d1b84a,Jalur Hijau Jl. Teuku Umar (11),jalur-hijau,Jakarta Pusat,Jl. Teuku Umar,-6.1977761,106.83295465,,,,,,True,,,Menteng,Gondangdia
rth-564fb6617bf1,Jalur Hijau Jl. Teuku Umar (12),jalur-hijau,Jakarta Pusat,Jl. Teuku Umar,-6.19653933,106.83311473,,,,,,True,,,Menteng,Gondangdia
rth-7895768e7a1f,Jalur Hijau Jl. Cut Meutia (1),jalur-hijau,Jakarta Pusat,Jl. Cut Meutia,-6.18695135,106.83529839,,,,,,True,,,Menteng,Cikini
rth-41e4649b9972,Jalur Hijau Jl. Cut Meutia (2),jalur-hijau,Jakarta Pusat,Jl. Cut Meutia,-6.18722945,106.83467809,,,,,,True,,,Menteng,Cikini
rth-22cb7987434a,Jalur Hijau Jl. Sudirman ( Semanggi - Dukuh Atas),jalur-hijau,Jakarta Selatan,,-6.21227005,106.81919385,,,,,,True,,,Setiabudi,
rth-4eeef5b6c12c,Jalur Hijau Jl. Cut Meutia (3),jalur-hijau,Jakarta Pusat,Jl. Cut Meutia,-6.18704276,106.83395483,,,,,,True,,,Menteng,Cikini
rth-1189d5c5fc18,Jalur Hijau Jl. Latuharhary (1),jalur-hijau,Jakarta Pusat,Jl. Latuharhary,-6.20398034,106.83074645,,,,,,True,,,Menteng,Menteng
rth-dcfeee190f3c,Jalur Hijau Jl. Latuharhary (2),jalur-hijau,Jakarta Pusat,Jl. Latuharhary,-6.20495098,106.83655062,,,,,,True,,,Menteng,Menteng
rth-f9620a242bb6,Jalur Hijau Jl. Latuharhary (3),jalur-hijau,Jakarta Pusat,Jl. Latuharhary,-6.20595321,106.84002674,,,,,,True,,,Menteng,Menteng
rth-ed9a9107df0a,Jalur Hijau Jl. Latuharhary (4),jalur-hijau,Jakarta Pusat,Jl. Latuharhary,-6.20362317,106.82941492,,,,,,True,,,Menteng,Menteng
rth-9aa54471858c,Jalur Hijau Jl. Penjernihan (1),jalur-hijau,Jakarta Pusat,Jl. Penjernihan,-6.20126866,106.81279667,,,,,,True,,,Tanah Abang,Bendungan Hilir
rth-d014c9490335,Jalur Hijau Jl. Gerbang Pemuda (6),jalur-hijau,Jakarta Pusat,Jl. Gerbang Pemuda,-6.21411684,106.79797374,,,,,,True,,,Tanah Abang,Gelora
rth-1da784ed72d0,Jalur Hijau Jl. Daan Mogot dari lampu merah grogol s/d u-turn depan SPBU Total,jalur-hijau,Jakarta Barat,Jl. Daan Mogot,-6.16609081,106.78549083,,,,,,True,,,Grogol Petamburan,Tanjung Duren Utara
rth-fc86c3f4bbf0,Jalur Hijau Jl. Asia Afrika (1),jalur-hijau,Jakarta Pusat,Jl. Asia Afrika,-6.21713741,106.79816738,,,,,,True,,,Tanah Abang,Gelora
rth-6e37f5672c46,Jalur Hijau Jl. Asia Afrika (2),jalur-hijau,Jakarta Pusat,Jl. Asia Afrika,-6.22032528,106.79812277,,,,,,True,,,Tanah Abang,Gelora
rth-2afd6770ff5f,Jalur Hijau Jl. Asia Afrika (3),jalur-hijau,Jakarta Pusat,Jl. Asia Afrika,-6.2227994,106.79819918,,,,,,True,,,Tanah Abang,Gelora
rth-08f05349ec17,Jl. Dpn Kantor Kementrian Hukum dan HAM (Clilitan) s.d depan Kedubes Arab Saudi_05,jalur-hijau,Jakarta Timur,,-6.25857682,106.86910464,,,,,,True,,,Kramatjati,Cililitan
rth-3d76698701a0,Jl. Dpn Kantor Kementrian Hukum dan HAM (Clilitan) s.d depan Kedubes Arab Saudi_06,jalur-hijau,Jakarta Timur,,-6.25685447,106.87027138,,,,,,True,,,Kramatjati,Cawang
rth-e2701790aa93,Jl. Dpn Kantor Kementrian Hukum dan HAM (Clilitan) s.d depan Kedubes Arab Saudi_07,jalur-hijau,Jakarta Timur,,-6.25546057,106.87100652,,,,,,True,,,Kramatjati,Cawang
rth-b0c47b584826,Jl. Dpn Kantor Kementrian Hukum dan HAM (Clilitan) s.d depan Kedubes Arab Saudi_08,jalur-hijau,Jakarta Timur,,-6.25481752,106.8712775,,,,,,True,,,Kramatjati,Cawang
rth-2a6fd419af30,Jalur hijau pinggir taman manggarai utara,jalur-hijau,Jakarta Selatan,,-6.2101876,106.85090662,,,,,,True,,,,
rth-2224c901c0c8,Jl. Dpn Kantor Kementrian Hukum dan HAM (Clilitan) s.d depan Kedubes Arab Saudi_09,jalur-hijau,Jakarta Timur,,-6.25434592,106.87145898,,,,,,True,,,Kramatjati,Cawang
rth-d1268f29dc10,Jl. Dpn Kantor Kementrian Hukum dan HAM (Clilitan) s.d depan Kedubes Arab Saudi_10,jalur-hijau,Jakarta Timur,,-6.2535611,106.8717574,,,,,,True,,,Kramatjati,Cawang
rth-f18056136822,Jl. Dpn Kantor Kementrian Hukum dan HAM (Clilitan) s.d depan Kedubes Arab Saudi_11,jalur-hijau,Jakarta Timur,,-6.25282722,106.87205015,,,,,,True,,,Kramatjati,Cawang
rth-568448cd5b74,Jl. Dpn Kantor Kementrian Hukum dan HAM (Clilitan) s.d depan Kedubes Arab Saudi_12,jalur-hijau,Jakarta Timur,,-6.25198838,106.87244871,,,,,,True,,,Kramatjati,Cawang
rth-9ed4651f4e40,Jalan Manggarai Selatan,jalur-hijau,Jakarta Selatan,Jalan manggarai selatan,-6.21407663,106.85597686,,,,,,True,,,Tebet,Manggarai
rth-cb803ee31cbc,Jl. Dpn Kantor Kementrian Hukum dan HAM (Clilitan) s.d depan Kedubes Arab Saudi_13,jalur-hijau,Jakarta Timur,,-6.25131152,106.87279951,,,,,,True,,,Kramatjati,Cawang
rth-d9fff5df697d,Jl. Dpn Kantor Kementrian Hukum dan HAM (Clilitan) s.d depan Kedubes Arab Saudi_14,jalur-hijau,Jakarta Timur,,-6.25067278,106.87311662,,,,,,True,,,Kramatjati,Cawang
rth-22e33da0364b,Jalur Hijau Jl. Sutan Syahrir (6),jalur-hijau,Jakarta Pusat,Jl. Sutan Syahrir,-6.19664413,106.83784625,,,,,,True,,,Menteng,Gondangdia
rth-dab8282af939,Jalur Hijau Jl. Sutan Syahrir (7),jalur-hijau,Jakarta Pusat,Jl. Sutan Syahrir,-6.19634625,106.8360769,,,,,,True,,,Menteng,Gondangdia
rth-693394658052,Jalur Hijau Jl. Sutan Syahrir (8),jalur-hijau,Jakarta Pusat,Jl. Sutan Syahrir,-6.19607287,106.83487201,,,,,,True,,,Menteng,Gondangdia
rth-fba121fc04a0,Jalur Hijau Jl. Sutan Syahrir (9),jalur-hijau,Jakarta Pusat,Jl. Sutan Syahrir,-6.19587546,106.83379477,,,,,,True,,,Menteng,Gondangdia
rth-ba0edb8461f2,Jalur Hijau Jl. Sutan Syahrir (10),jalur-hijau,Jakarta Pusat,Jl. Sutan Syahrir,-6.19552065,106.83138054,,,,,,True,,,Menteng,Gondangdia
rth-d35c4edab849,Jalur Hijau Jl. Sutan Syahrir (11),jalur-hijau,Jakarta Pusat,Jl. Sutan Syahrir,-6.19521289,106.82928552,,,,,,True,,,Menteng,Gondangdia
rth-e6093a35891e,Jalur Hijau Jl. Sutan Syahrir (12),jalur-hijau,Jakarta Pusat,Jl. Sutan Syahrir,-6.19508138,106.82831049,,,,,,True,,,Menteng,Gondangdia
rth-429b1f89c1af,Jalur Hijau Jl. Sutan Syahrir (13),jalur-hijau,Jakarta Pusat,Jl. Sutan Syahrir,-6.19494805,106.82742051,,,,,,True,,,Menteng,Gondangdia
rth-5456f751e8df,Jalur Hijau Jl. Sutan Syahrir (14),jalur-hijau,Jakarta Pusat,Jl. Sutan Syahrir,-6.19476798,106.82618403,,,,,,True,,,Menteng,Gondangdia
rth-b843712101c0,Jalur Hijau Jl. Sutan Syahrir (15),jalur-hijau,Jakarta Pusat,Jl. Sutan Syahrir,-6.19447865,106.82426496,,,,,,True,,,Menteng,Gondangdia
rth-38c7d54c6f4d,Jalur Hijau Jalan H. Montong,jalur-hijau,Jakarta Selatan,Jl. H Montong,-6.33825241,106.81690386,,,,,,True,,,Jagakarsa,Ciganjur
rth-9e14abb9383a,Jalur Hijau Jl. Latuharhary (5),jalur-hijau,Jakarta Pusat,Jl. Latuharhary,-6.20380349,106.8303242,,,,,,True,,,Menteng,Menteng
rth-779d64a54d6c,Jalur Hijau Jl. Latuharhary (6),jalur-hijau,Jakarta Pusat,Jl. Latuharhary,-6.20399661,106.83110831,,,,,,True,,,Menteng,Menteng
rth-d829dd45218c,Jalur Hijau Jl. Latuharhary (7),jalur-hijau,Jakarta Pusat,Jl. Latuharhary,-6.20414549,106.83192964,,,,,,True,,,Menteng,Menteng
rth-4f467ad59e67,Jalur Hijau Jl. Latuharhary (8),jalur-hijau,Jakarta Pusat,Jl. Latuharhary,-6.20425616,106.83278183,,,,,,True,,,Menteng,Menteng
rth-66f75e6c1071,Jalur Hijau Jl. Latuharhary (9),jalur-hijau,Jakarta Pusat,Jl. Latuharhary,-6.20437797,106.83360588,,,,,,True,,,Menteng,Menteng
rth-4091d482f141,Jalur Hijau Jl. Latuharhary (10),jalur-hijau,Jakarta Pusat,Jl. Latuharhary,-6.20451441,106.83441073,,,,,,True,,,Menteng,Menteng
rth-7426e047ce64,Jalur Hijau Jl. Latuharhary (11),jalur-hijau,Jakarta Pusat,Jl. Latuharhary,-6.20463558,106.83537765,,,,,,True,,,Menteng,Menteng
rth-1f600e34fa09,Jalur Hijau Jl. Latuharhary (12),jalur-hijau,Jakarta Pusat,Jl. Latuharhary,-6.20481293,106.836366,,,,,,True,,,Menteng,Menteng
rth-6ece1f5128dc,Jalan Albayinah (mesjid Albayinah),jalur-hijau,Jakarta Selatan,Jalan Setiabudi Selatan,-6.21248622,106.82908141,,,,,,True,,,Setiabudi,Karet Kuningan
rth-2d4561fc31df,Jalur Hijau JL. Melawai,jalur-hijau,Jakarta Selatan,JL. Melawai,-6.24583654,106.79977502,,,,,,True,,,Kebayoran Baru,Melawai
rth-e810b61fa5e1,Jalur Hijau Jl. Asia Afrika (4),jalur-hijau,Jakarta Pusat,Jl. Asia Afrika,-6.22583034,106.79825983,,,,,,True,,,Tanah Abang,Gelora
rth-8ede3fca9d42,Jalur Hijau JL. Saraswati,jalur-hijau,Jakarta Selatan,Jl. Saraswati,-6.26272798,106.80641313,,,,,,True,,,Kebayoran Baru,Cipete Utara
rth-1e629d6fc0a1,Jalur Hijau Jl. Daan Mogot dari U-Turn depan SPBU s/d Gang Damai,jalur-hijau,Jakarta Barat,,-6.16482852,106.77988969,,,,,,True,,,Grogol Petamburan,Jelambar
rth-ab5c9a0d8be8,Jalur Hijau Jl. Daan Mogot dari Gang Damai s/d Fly Over Pesing,jalur-hijau,Jakarta Barat,Jl. Daan Mogot,-6.16306313,106.77436466,,,,,,True,,,Grogol Petamburan,Jelambar
rth-4eea9d9c8150,Jalur Hijau Segitiga Jl.Puri Indah (Depan Pasar Puri),jalur-hijau,Jakarta Barat,Jl.Puri Indah,-6.18499242,106.75389085,,,,,,True,,,Kembangan,Kembangan Selatan
rth-437a85b0ceb4,Jalur Hijau Lereng Landmark,jalur-hijau,Jakarta Selatan,,-6.20394779,106.82282773,,,,,,True,,,Setiabudi,Setia Budi
rth-e8fdce5dd8a7,Jalur Hijau Jl. Latuharhary (13),jalur-hijau,Jakarta Pusat,Jl. Latuharhary,-6.20504317,106.83771549,,,,,,True,,,Menteng,Menteng
rth-6b1d357ef3c4,Jalur Hijau Jl. Gereja Theresia (1),jalur-hijau,Jakarta Pusat,Jl. Gereja Theresia,-6.18978813,106.82690491,,,,,,True,,,Menteng,Gondangdia
rth-8ddb0020331d,Jalur Hijau Jl. Gereja Theresia (2),jalur-hijau,Jakarta Pusat,Jl. Gereja Theresia,-6.18995066,106.82691159,,,,,,True,,,Menteng,Gondangdia
rth-af5c21816f77,jalur hijau jalan Garnisun (depan kantor lurah lama),jalur-hijau,Jakarta Selatan,jalan garnisun,-6.2183597,106.81633108,,,,,,True,,,Setiabudi,Karet Semanggi
rth-1a25ba84b162,Jalur Hijau Jl. Srikaya (1),jalur-hijau,Jakarta Pusat,Jl. Srikaya,-6.18399103,106.83216416,,,,,,True,,,Menteng,Gondangdia
rth-0122780663a3,Jalur Hijau Jl. Srikaya (2),jalur-hijau,Jakarta Pusat,Jl. Srikaya,-6.18409844,106.83209905,,,,,,True,,,Menteng,Gondangdia
rth-d65322754443,Jalur Hijau JL. Hasanudin Barat,jalur-hijau,Jakarta Selatan,Jl. Hasanudin Barat,-6.24170659,106.80228781,,,,,,True,,,Kebayoran Baru,Melawai
rth-beb03b7f648d,Jalur Hijau Hasanuddin Timur,jalur-hijau,Jakarta Selatan,JL. Hasanuddin Timur,-6.24170612,106.80263078,,,,,,True,,,Kebayoran Baru,Melawai
rth-f4936427d11f,Jalur Hijau Wijaya IV,jalur-hijau,Jakarta Selatan,Jl. Melawai IV,-6.24760756,106.80377087,,,,,,True,,,Kebayoran Baru,Melawai
rth-8b532c3c74bc,Jalur Hijau Jl. Bungur Besar,jalur-hijau,Jakarta Pusat,Jl. Bungur Besar,-6.17228384,106.8440811,,,,,,True,,,Senen,Bungur
rth-f030413701a0,Jalur Hijau Jl. Kramat Sawah,jalur-hijau,Jakarta Pusat,Jl. Kramat Sawah,-6.18961641,106.85334717,,,,,,True,,,Senen,Kramat
rth-921115e00875,Jalur Hijau Jl. Gajah Mada (1),jalur-hijau,Jakarta Pusat,Jl. Gajah Mada,-6.15738722,106.81844684,,,,,,True,,,Gambir,Petojo Utara
rth-6d601ca19058,Jalur Hijau Jl. Gajah Mada (2),jalur-hijau,Jakarta Pusat,Jl. Gajah Mada,-6.16133408,106.81934641,,,,,,True,,,Gambir,Petojo Utara
rth-9c65013f98fe,Jalur Hijau Jl. Jend. Ahmad Yani (1),jalur-hijau,Jakarta Pusat,Jl. Jend. Ahmad Yani,-6.16796824,106.8779084,,,,,,True,,,Cempaka Putih,Rawasari
rth-fa8e7ab54453,Jalur Hijau Jl. Bungur Besar Raya (1),jalur-hijau,Jakarta Pusat,Jl. Bungur Besar Raya,-6.16061471,106.83960968,,,,,,True,,,Kemayoran,Gunung Sahari Selatan
rth-f3c08d3383a0,Jalur Hijau Jl. Bungur Besar Raya (2),jalur-hijau,Jakarta Pusat,Jl. Bungur Besar Raya,-6.16276302,106.84045168,,,,,,True,,,Kemayoran,Gunung Sahari Selatan
rth-0e0bd5f47848,Jalur Hijau Jl. Bungur Besar Raya (3),jalur-hijau,Jakarta Pusat,Jl. Bungur Besar Raya,-6.16342179,106.84070997,,,,,,True,,,Kemayoran,Gunung Sahari Selatan
rth-2239764ac7c9,Jalur Hijau Jl. Bungur Besar Raya (4),jalur-hijau,Jakarta Pusat,Jl. Bungur Besar Raya,-6.16580769,106.84161391,,,,,,True,,,Kemayoran,Gunung Sahari Selatan
rth-fadec362d3ec,Jalur Hijau Jl. Bungur Besar Raya (5),jalur-hijau,Jakarta Pusat,Jl. Bungur Besar Raya,-6.16797547,106.84244586,,,,,,True,,,Kemayoran,Gunung Sahari Selatan
rth-f5f477bfc189,Jalur Hijau Jl. Kebon Sirih (7),jalur-hijau,Jakarta Pusat,Jl. Kebon Sirih,-6.18334672,106.82397607,,,,,,True,,,Menteng,Kebon Sirih
rth-e1a102036633,Jalur Hijau Jl. Kebon Sirih (8),jalur-hijau,Jakarta Pusat,Jl. Kebon Sirih,-6.18324126,106.82526971,,,,,,True,,,Menteng,Kebon Sirih
rth-500ba31c04b1,Underpass Pasar Jumat,jalur-hijau,Jakarta Selatan,Jalan Nasional 12,-6.28916081,106.77069578,,,,,,True,,,Kebayoran Lama,Pondok Pinang
rth-e7b447a0b829,Jalur Hijau Jl. Kebon Sirih (9),jalur-hijau,Jakarta Pusat,Jl. Kebon Sirih,-6.18315158,106.82664446,,,,,,True,,,Menteng,Kebon Sirih
rth-e9cb036dc89b,Jalur Hijau Jl. Kebon Sirih (10),jalur-hijau,Jakarta Pusat,Jl. Kebon Sirih,-6.18304171,106.82867744,,,,,,True,,,Menteng,Kebon Sirih
rth-db40ab354bd5,Jalur Hijau Jl. Kebon Sirih (11),jalur-hijau,Jakarta Pusat,Jl. Kebon Sirih,-6.1829504,106.83020525,,,,,,True,,,Menteng,Kebon Sirih
rth-f14c3f3e7d2b,Jalur Hijau Jl. Gajah Mada (3),jalur-hijau,Jakarta Pusat,Jl. Gajah Mada,-6.16383327,106.81991337,,,,,,True,,,Gambir,Petojo Utara
rth-f057830b5816,Jalur Hijau Jalan dr Soepomo,jalur-hijau,Jakarta Selatan,Jalan Dr Soepomo,-6.23466958,106.84509337,,,,,,True,,,Tebet,Tebet Barat
rth-fde6991a2b72,pulau-pulau jalan patung pancoran (sisi Tebet),jalur-hijau,Jakarta Selatan,jalan Dr Soepomo,-6.24258562,106.84374102,,,,,,True,,,Tebet,Tebet Barat
rth-ea43689b11bf,Jalur Hijau Casablanca (depan Menteng Pulo),jalur-hijau,Jakarta Selatan,,-6.22537676,106.83721581,,,,,,True,,,Tebet,Menteng Dalam
rth-b6721de398c1,Jalur Hijau Jalan Casablanca (kota Kasablanka),jalur-hijau,Jakarta Selatan,,-6.22487747,106.84183046,,,,,,True,,,Tebet,Menteng Dalam
rth-f8f55a3f9829,"Taman Barito, depan Hero",jalur-hijau,Jakarta Selatan,Jl. Barito II,-6.24633025,106.79449044,,,,,,True,,,Kebayoran Baru,Kramat Pela
rth-89f9d2b61d4b,Jalur Hijau Jl. Jend. Ahmad Yani (2),jalur-hijau,Jakarta Pusat,Jl. Jend. Ahmad Yani,-6.17021024,106.8772784,,,,,,True,,,Cempaka Putih,Rawasari
rth-8a30082bcafe,Jalur Hijau Jl. Jend. Ahmad Yani (3),jalur-hijau,Jakarta Pusat,Jl. Jend. Ahmad Yani,-6.17123829,106.87694942,,,,,,True,,,Cempaka Putih,Rawasari
rth-1ed389379b54,Jalur Hijau Jl. Jend. Ahmad Yani (4),jalur-hijau,Jakarta Pusat,Jl. Jend. Ahmad Yani,-6.17299189,106.87646097,,,,,,True,,,Cempaka Putih,Rawasari
rth-e66648503ac2,Jalur Hijau Jl. Bungur Besar Raya (6),jalur-hijau,Jakarta Pusat,Jl. Bungur Besar Raya,-6.16844448,106.84262213,,,,,,True,,,Kemayoran,Gunung Sahari Selatan
rth-9806dea4b78b,Jalur Hijau Jl. Angkasa Raya (1),jalur-hijau,Jakarta Pusat,Jl. Angkasa Raya,-6.15708899,106.84462684,,,,,,True,,,Kemayoran,Gunung Sahari Selatan
rth-bae38e1ee485,Jalur Hijau Jl. Angkasa Raya (2),jalur-hijau,Jakarta Pusat,Jl. Angkasa Raya,-6.1570819,106.84406613,,,,,,True,,,Kemayoran,Gunung Sahari Selatan
rth-ecee1a2f9d2d,Jalur Hijau Jl. Angkasa Raya (4),jalur-hijau,Jakarta Pusat,Jl. Angkasa Raya,-6.15777658,106.84263477,,,,,,True,,,Kemayoran,Gunung Sahari Selatan
rth-4d5de3ceb8ca,Jalur Hijau Jl. Angkasa Raya (5),jalur-hijau,Jakarta Pusat,Jl. Angkasa Raya,-6.1579692,106.84190042,,,,,,True,,,Kemayoran,Gunung Sahari Selatan
rth-ef9a266d95a8,Jalur Hijau Jl. Angkasa Raya (3),jalur-hijau,Jakarta Pusat,Jl. Angkasa Raya,-6.15756713,106.84345232,,,,,,True,,,Kemayoran,Gunung Sahari Selatan
rth-c125d19e64de,Jalur Hijau Underpass Jl. Angkasa Raya (1),jalur-hijau,Jakarta Pusat,Underpass Jl. Angkasa Raya,-6.15889476,106.83815994,,,,,,True,,,Kemayoran,Gunung Sahari Selatan
rth-f3d0de981a6a,Jalur Hijau Underpass Jl. Angkasa Raya (2),jalur-hijau,Jakarta Pusat,Underpass Jl. Angkasa Raya,-6.15843661,106.83958613,,,,,,True,,,Kemayoran,Gunung Sahari Selatan
rth-bf43ec5d0c6f,Jalur Hijau Underpass Jl. Angkasa Raya (3),jalur-hijau,Jakarta Pusat,Underpass Jl. Angkasa Raya,-6.15819967,106.84041377,,,,,,True,,,Kemayoran,Gunung Sahari Selatan
rth-ce57b260e011,Jalur Hijau Jl. Kebon Sirih (12),jalur-hijau,Jakarta Pusat,Jl. Kebon Sirih,-6.18288849,106.83121431,,,,,,True,,,Menteng,Kebon Sirih
rth-884d5921e28f,Jalur Hijau Jl. Kebon Sirih (15),jalur-hijau,Jakarta Pusat,Jl. Kebon Sirih,-6.18273635,106.83225122,,,,,,True,,,Menteng,Kebon Sirih
rth-04230f8e9f98,Jalur Hijau Jl. Kebon Sirih (13),jalur-hijau,Jakarta Pusat,Jl. Kebon Sirih,-6.18285552,106.83213676,,,,,,True,,,Menteng,Kebon Sirih
rth-bbeae83925ce,Underpass Pondok Indah,jalur-hijau,Jakarta Selatan,,-6.26354257,106.78337631,,,,,,True,,,Kebayoran Lama,Pondok Pinang
rth-b91920e373e7,Jalur Hijau Jl. Kebon Sirih (14),jalur-hijau,Jakarta Pusat,Jl. Kebon Sirih,-6.18281186,106.83281501,,,,,,True,,,Menteng,Kebon Sirih
rth-36717ce88790,Jalur Hijau Jl. Kebon Sirih (1),jalur-hijau,Jakarta Pusat,Jl. Kebon Sirih,-6.18248931,106.81897998,,,,,,True,,,Gambir,Gambir
rth-d42b19288c13,Jalur Hijau Jl. Kebon Sirih (2),jalur-hijau,Jakarta Pusat,Jl. Kebon Sirih,-6.18303927,106.82105343,,,,,,True,,,Gambir,Gambir
rth-46546ebbee43,Jalur Hijau Jl. Kebon Sirih (3),jalur-hijau,Jakarta Pusat,Jl. Kebon Sirih,-6.18247686,106.81841147,,,,,,True,,,Tanah Abang,Kampung Bali
rth-d17901700d2f,Jalur Hijau Jl. Kebon Sirih (4),jalur-hijau,Jakarta Pusat,Jl. Kebon Sirih,-6.18320121,106.82094779,,,,,,True,,,Tanah Abang,Kampung Bali
rth-5d51d0c200c2,Jalur Hijau Jl. Hayam Wuruk (1),jalur-hijau,Jakarta Pusat,Jl. Hayam Wuruk,-6.15703741,106.81851018,,,,,,True,,,Gambir,Kebon Kelapa
rth-725f1668e788,taman patra kuningan sisi utara,jalur-hijau,Jakarta Selatan,jalan patra kuningan,-6.22964349,106.83421013,,,,,,True,,,Setiabudi,Kuningan Timur
rth-fcc849d12ffa,Jalur Hijau Jl. Hayam Wuruk (2),jalur-hijau,Jakarta Pusat,Jl. Hayam Wuruk,-6.16132396,106.81949362,,,,,,True,,,Gambir,Kebon Kelapa
rth-5deb1f9342a1,Jalur Hijau Jl. Jend. Ahmad Yani (5),jalur-hijau,Jakarta Pusat,Jl. Jend. Ahmad Yani,-6.17587289,106.87584463,,,,,,True,,,Cempaka Putih,Rawasari
rth-2af0d0f8d35e,Jalur Hijau Jl. Jend. Ahmad Yani (6),jalur-hijau,Jakarta Pusat,Jl. Jend. Ahmad Yani,-6.17455796,106.87623548,,,,,,True,,,Cempaka Putih,Rawasari
rth-addce26c522d,Jalur Hijau Jl. Jend. Ahmad Yani (7),jalur-hijau,Jakarta Pusat,Jl. Jend. Ahmad Yani,-6.17835274,106.87564112,,,,,,True,,,Cempaka Putih,Rawasari
rth-34549ee74a60,Jalur Hijau Jl. Jend. Ahmad Yani (8),jalur-hijau,Jakarta Pusat,Jl. Jend. Ahmad Yani,-6.18083689,106.87546477,,,,,,True,,,Cempaka Putih,Rawasari
rth-7b2c5d74af0c,Jalur Hijau Jl. Jend. Ahmad Yani (9),jalur-hijau,Jakarta Pusat,Jl. Jend. Ahmad Yani,-6.1802023,106.87565292,,,,,,True,,,Cempaka Putih,Rawasari
rth-8bc936e25387,Jalur Hijau Jl. Jend. Ahmad Yani (10),jalur-hijau,Jakarta Pusat,Jl. Jend. Ahmad Yani,-6.18491329,106.87531843,,,,,,True,,,Cempaka Putih,Rawasari
rth-48223fa35f64,Jalur Hijau Jl. Jend. Ahmad Yani (11),jalur-hijau,Jakarta Pusat,Jl. Jend. Ahmad Yani,-6.18705959,106.87522772,,,,,,True,,,Cempaka Putih,Rawasari
rth-205dc580a640,Jalur Hijau Jl. Jend. Ahmad Yani (12),jalur-hijau,Jakarta Pusat,Jl. Jend. Ahmad Yani,-6.18825936,106.87506549,,,,,,True,,,Cempaka Putih,Rawasari
rth-7dcb56888eb2,Jalur Hijau Jl. Jend. Ahmad Yani (13),jalur-hijau,Jakarta Pusat,Jl. Jend. Ahmad Yani,-6.18991314,106.87496945,,,,,,True,,,Cempaka Putih,Rawasari
rth-f604f1e77b64,Jalur Hijau Jl. Pramuka Sari I (1),jalur-hijau,Jakarta Pusat,Jl. Pramuka Sari I,-6.18653256,106.87009186,,,,,,True,,,Cempaka Putih,Rawasari
rth-86be88b53f39,Jalur Hijau Underpass Jl. Angkasa Raya (4),jalur-hijau,Jakarta Pusat,Underpass Jl. Angkasa Raya,-6.15786127,106.84165139,,,,,,True,,,Kemayoran,Gunung Sahari Selatan
rth-02884ea9987c,Jalur Hijau Underpass Jl. Angkasa Raya (5),jalur-hijau,Jakarta Pusat,Underpass Jl. Angkasa Raya,-6.1588675,106.83825598,,,,,,True,,,Kemayoran,Gunung Sahari Selatan
rth-03e9844e0fa5,Jalur Hijau Underpass Jl. Angkasa Raya (6),jalur-hijau,Jakarta Pusat,Underpass Jl. Angkasa Raya,-6.15843862,106.83961965,,,,,,True,,,Kemayoran,Gunung Sahari Selatan
rth-a3022fb42169,Jalur Hijau Underpass Jl. Angkasa Raya (7),jalur-hijau,Jakarta Pusat,Underpass Jl. Angkasa Raya,-6.15823585,106.84032078,,,,,,True,,,Kemayoran,Gunung Sahari Selatan
rth-d83465a59947,Jalur Hijau Underpass Jl. Angkasa Raya (8),jalur-hijau,Jakarta Pusat,Underpass Jl. Angkasa Raya,-6.15818305,106.84051409,,,,,,True,,,Kemayoran,Gunung Sahari Selatan
rth-42fcfc1da6d3,Jalur Hijau Underpass Jl. Angkasa Raya (9),jalur-hijau,Jakarta Pusat,Underpass Jl. Angkasa Raya,-6.15779426,106.84183587,,,,,,True,,,Kemayoran,Gunung Sahari Selatan
rth-635433eb414e,Jalur Hijau Jl. Gunung Sahari Raya (1),jalur-hijau,Jakarta Pusat,Jl. Gunung Sahari Raya,-6.14348932,106.83366539,,,,,,True,,,Sawah Besar,Gunung Sahari Utara
rth-7d27fd309a39,Jalur Hijau Jl. Gunung Sahari Raya (2),jalur-hijau,Jakarta Pusat,Jl. Gunung Sahari Raya,-6.14706017,106.83418412,,,,,,True,,,Sawah Besar,Gunung Sahari Utara
rth-4c0f0d5bf8f8,Jalur Hijau Jl. Kebon Sirih (5),jalur-hijau,Jakarta Pusat,Jl. Kebon Sirih,-6.18314605,106.82392328,,,,,,True,,,Gambir,Gambir
rth-78ab237a64d4,Jalur Hijau Jl. Kebon Sirih (6),jalur-hijau,Jakarta Pusat,Jl. Kebon Sirih,-6.18288568,106.82832483,,,,,,True,,,Gambir,Gambir
rth-3a772ca76c56,Fly Over Kalibata (Atas - Bawah),jalur-hijau,Jakarta Selatan,"Fly Over Kalibata, Kel. Rawajati, Kec. Pancoran",-6.25597892,106.85486251,,,,,,True,,,Pancoran,Rawajati
rth-68a59771e08f,Jalur Hijau Jalan layang non tol Tendean-Ciledug,jalur-hijau,Jakarta Selatan,,-6.23682459,106.75650268,,,,,,True,,,Pesanggrahan,Pesanggrahan
rth-cdfe08ff074c,taman patra kuningan,jalur-hijau,Jakarta Selatan,jalan patra kuningan,-6.22970266,106.83411831,,,,,,True,,,Setiabudi,Kuningan Timur
rth-d07385d3a514,Jalur Hijau Jl. Hayam Wuruk (3),jalur-hijau,Jakarta Pusat,Jl. Hayam Wuruk,-6.16393054,106.8200759,,,,,,True,,,Gambir,Kebon Kelapa
rth-6a26a56c2932,Jalur Hijau Jalan Adam Malik (terusan ciledug-apartemen gateway),jalur-hijau,Jakarta Selatan,Jl Adam Malik,-6.23791806,106.74733997,,,,,,True,,,Pesanggrahan,Petukangan Selatan
rth-4d4e3471ccc2,Jalur Hijau Jl. Pramuka Sari I (2),jalur-hijau,Jakarta Pusat,Jl. Pramuka Sari I,-6.18950135,106.87038857,,,,,,True,,,Cempaka Putih,Rawasari
rth-bffd42a25ed9,Jalur Hijau Jl. Pramuka Sari I (3),jalur-hijau,Jakarta Pusat,Jl. Pramuka Sari I,-6.18999496,106.87029261,,,,,,True,,,Cempaka Putih,Rawasari
rth-3db21bd2cd37,Jalur Hijau Jl. Yos Sudarso (2),jalur-hijau,Jakarta Pusat,Jl. Yos Sudarso,-6.16603662,106.87878138,,,,,,True,,,Kemayoran,Sumur Batu
rth-548e67e889fa,Jalur Hijau Jl. Yos Sudarso (1),jalur-hijau,Jakarta Pusat,Jl. Yos Sudarso,-6.16444522,106.8797115,,,,,,True,,,Kemayoran,Sumur Batu
rth-6acb3f074eec,Jalur Hijau Tepian Air Jl. Letjen Suprapto (1),jalur-hijau,Jakarta Pusat,Jl. Letjen Suprapto,-6.16701555,106.87340523,,,,,,True,,,Kemayoran,Sumur Batu
rth-633ee6172e0e,Jalur Hijau Tepian Air Jl. Letjen Suprapto (2),jalur-hijau,Jakarta Pusat,Jl. Letjen Suprapto,-6.16655339,106.87487699,,,,,,True,,,Kemayoran,Sumur Batu
rth-ae5e9b9baa6d,Jalur Hijau Jl. Letjen Suprapto (Bak-bak Tanaman) (2),jalur-hijau,Jakarta Pusat,Jl. Letjen Suprapto,-6.17493488,106.85001001,,,,,,True,,,Johar Baru,Tanah Tinggi
rth-3128bf6bff40,Jalur Hijau Jl. Letjen Suprapto (Bak-bak Tanaman) (1),jalur-hijau,Jakarta Pusat,Jl. Letjen Suprapto,-6.17508633,106.84784377,,,,,,True,,,Johar Baru,Tanah Tinggi
rth-5895216cf1c7,Jalur Hijau Jl. Gunung Sahari Raya (3),jalur-hijau,Jakarta Pusat,Jl. Gunung Sahari Raya,-6.14899719,106.83458123,,,,,,True,,,Sawah Besar,Gunung Sahari Utara
rth-75799294bc24,Jalur Hijau Jl. Gunung Sahari Raya (4),jalur-hijau,Jakarta Pusat,Jl. Gunung Sahari Raya,-6.15383448,106.83584748,,,,,,True,,,Sawah Besar,Kartini
rth-3bd39bd397f5,Jalur Hijau Jl. Gunung Sahari Raya (5),jalur-hijau,Jakarta Pusat,Jl. Gunung Sahari Raya,-6.1612052,106.83770001,,,,,,True,,,Sawah Besar,Pasar Baru
rth-c120d411260b,Jalur Hijau Jl. Gunung Sahari Raya (6),jalur-hijau,Jakarta Pusat,Jl. Gunung Sahari Raya,-6.16517231,106.83870166,,,,,,True,,,Sawah Besar,Pasar Baru
rth-45593f6c63d3,Jalur Hijau Jl. Gunung Sahari Raya (7),jalur-hijau,Jakarta Pusat,Jl. Gunung Sahari Raya,-6.16790971,106.83939168,,,,,,True,,,Sawah Besar,Pasar Baru
rth-2484d49c096e,Jalur Hijau Jl. Gunung Sahari Raya (8),jalur-hijau,Jakarta Pusat,Jl. Gunung Sahari Raya,-6.17048256,106.84004924,,,,,,True,,,Sawah Besar,Pasar Baru
rth-3a76480e2a6d,Jalur Hijau Jl. Gunung Sahari Raya (9),jalur-hijau,Jakarta Pusat,Jl. Gunung Sahari Raya,-6.17163376,106.84035348,,,,,,True,,,Sawah Besar,Pasar Baru
rth-5bfb60c44dbf,Jalur Hijau Jl. Gunung Sahari Raya (10),jalur-hijau,Jakarta Pusat,Jl. Gunung Sahari Raya,-6.16574503,106.83899305,,,,,,True,,,Sawah Besar,Pasar Baru
rth-024102031a4f,Underpass Gandaria City,jalur-hijau,Jakarta Selatan,Jalab Sultan Iskandar Muda,-6.24702149,106.78158514,,,,,,True,,,Kebayoran Lama,Kebayoran Lama Utara
rth-1a67aa6e5d28,Jalur Hijau Jl. Budi Kemuliaan,jalur-hijau,Jakarta Pusat,Jl. Budi Kemuliaan,-6.18059377,106.82046029,,,,,,True,,,Gambir,Gambir
rth-19aca40be6a1,Jalur Hijau Jalan Manggarai Utara 2,jalur-hijau,Jakarta Selatan,Jalan Manggarai Utara 2,-6.21108583,106.85404308,,,,,,True,,,Tebet,Manggarai
rth-81220930dae9,Jalur Hijau Jl. Abdul Muis (1),jalur-hijau,Jakarta Pusat,Jl. Abdul Muis,-6.17188233,106.82153003,,,,,,True,,,Gambir,Petojo Selatan
rth-4080ffb88193,pulau,jalur-hijau,Jakarta Selatan,JL. Gunawarman- JL. Cikatomas,-6.23722151,106.80752548,,,,,,True,,,Kebayoran Baru,Selong
rth-8dfce65c1b56,Jalur Hijau Prapanca Raya,jalur-hijau,Jakarta Selatan,Jalan Prapanca Raya,-6.2481719,106.80658454,,,,,,True,,,Kebayoran Baru,Petogogan
rth-2904834721b4,Jalur Hijau Iskandarsyah,jalur-hijau,Jakarta Selatan,,-6.24545497,106.80453024,,,,,,True,,,Kebayoran Baru,Melawai
rth-83218fa7e0a3,Jalur Hijau Jl. Gunung Sahari Raya (11),jalur-hijau,Jakarta Pusat,Jl. Gunung Sahari Raya,-6.1625276,106.83818055,,,,,,True,,,Sawah Besar,Pasar Baru
rth-7b3f09ef7d75,Jalur Hijau Jl. Gunung Sahari Raya (12),jalur-hijau,Jakarta Pusat,Jl. Gunung Sahari Raya,-6.14670555,106.83427876,,,,,,True,,,Sawah Besar,Gunung Sahari Utara
rth-98bf54ead4f5,Jalur Hijau Jl. Pangeran Jayakarta (4),jalur-hijau,Jakarta Pusat,Jl. Pangeran Jayakarta,-6.14471724,106.83240053,,,,,,True,,,Sawah Besar,Mangga Dua Selatan
rth-01e0476c59a2,Jalur Hijau Jl. Pangeran Jayakarta (3),jalur-hijau,Jakarta Pusat,Jl. Pangeran Jayakarta,-6.14216542,106.82833599,,,,,,True,,,Sawah Besar,Mangga Dua Selatan
rth-f5114d7e7bb5,Jalur Hijau Jl. Pangeran Jayakarta (2),jalur-hijau,Jakarta Pusat,Jl. Pangeran Jayakarta,-6.14071137,106.82470541,,,,,,True,,,Sawah Besar,Mangga Dua Selatan
rth-8e986747bd51,Jalur Hijau Jl. Pangeran Jayakarta (1),jalur-hijau,Jakarta Pusat,Jl. Pangeran Jayakarta,-6.14049386,106.82360656,,,,,,True,,,Sawah Besar,Mangga Dua Selatan
rth-a3f902e5982a,Jalur Hijau Jl. Pangeran Jayakarta (5),jalur-hijau,Jakarta Pusat,Jl. Pangeran Jayakarta,-6.14535742,106.83346615,,,,,,True,,,Sawah Besar,Mangga Dua Selatan
rth-bb98faa84103,Jalur Hijau Jl. Abdul Muis (2),jalur-hijau,Jakarta Pusat,Jl. Abdul Muis,-6.17445983,106.82094863,,,,,,True,,,Gambir,Petojo Selatan
rth-db1107247353,Hutan Kota Ujung Menteng,hutan,Jakarta Timur,Jalan Akasia RT 002 RW 003,-6.18481911,106.9707305,,,,,,True,,,Cakung,Ujung Menteng
rth-560c62de9f96,JALUR HIJAU JL. CIKIJANG,jalur-hijau,Jakarta Utara,JL. CIKIJANG,-6.1129331,106.89793949,,,,,,True,,,Koja,Koja Utara
rth-aa5def9d6e01,Jalur Hijau JL. Pattimura,jalur-hijau,Jakarta Selatan,JL. Pattimura,-6.23379833,106.80108866,,,,,,True,,,Kebayoran Baru,Selong
rth-dfa524e35bf8,Jalur Hijau Jalan Tebet Timur Dalam Raya,jalur-hijau,Jakarta Selatan,Jalan Tebet Timur Dalam Raya,-6.23597957,106.85586636,,,,,,True,,,Tebet,Tebet Timur
rth-25b6e1687e72,Jalur Hijau Jl. Pangeran Jayakarta (7),jalur-hijau,Jakarta Pusat,sisi utara Jl. Pangeran Jayakarta,-6.14509826,106.83325318,,,,,,True,,,Sawah Besar,Mangga Dua Selatan
rth-1d0e0a4800cf,Jalur Hijau Jl. Pangeran Jayakarta (6),jalur-hijau,Jakarta Pusat,Jl. Pangeran Jayakarta,-6.14513464,106.83289828,,,,,,True,,,Sawah Besar,Mangga Dua Selatan
rth-733b5dde7564,Jalur Hijau Jl. Pangeran Jayakarta (8),jalur-hijau,Jakarta Pusat,Jl. Pangeran Jayakarta,-6.1445274,106.83232809,,,,,,True,,,Sawah Besar,Mangga Dua Selatan
rth-8be434ee06d2,Jalur Hijau Jl. Mangga Dua Dalam (1),jalur-hijau,Jakarta Pusat,Jl. Mangga Dua Dalam,-6.13664951,106.82590349,,,,,,True,,,Sawah Besar,Mangga Dua Selatan
rth-4e592c428e47,Jalur Hijau Jl. Mangga Dua Dalam (2),jalur-hijau,Jakarta Pusat,Jl. Mangga Dua Dalam,-6.13706824,106.82596937,,,,,,True,,,Sawah Besar,Mangga Dua Selatan
rth-d75c3e421067,Jalur Hijau Jl. Mangga Dua Dalam (3),jalur-hijau,Jakarta Pusat,Jl. Mangga Dua Dalam,-6.13736502,106.82600071,,,,,,True,,,Sawah Besar,Mangga Dua Selatan
rth-72207e0ea6d3,Jalur Hijau Jl. Mangga Dua Dalam (4),jalur-hijau,Jakarta Pusat,Jl. Mangga Dua Dalam,-6.13777864,106.82595507,,,,,,True,,,Sawah Besar,Mangga Dua Selatan
rth-5a2c76d45cb1,Jalur Hijau Jl. Mangga Dua Dalam (5),jalur-hijau,Jakarta Pusat,Jl. Mangga Dua Dalam,-6.13818806,106.82587887,,,,,,True,,,Sawah Besar,Mangga Dua Selatan
rth-99ee7b8260c5,Jalur Hijau Jl. Mangga Dua Dalam (6),jalur-hijau,Jakarta Pusat,Jl. Mangga Dua Dalam,-6.1386058,106.8257965,,,,,,True,,,Sawah Besar,Mangga Dua Selatan
rth-01873e8e156c,Jalur Hijau Jl. Abdul Muis (3),jalur-hijau,Jakarta Pusat,Jl. Abdul Muis,-6.17644439,106.81994442,,,,,,True,,,Gambir,Petojo Selatan
rth-13b331410d6e,Pondok ndah 2,hutan,Jakarta Selatan,,-6.28680321,106.77751019,,,,,,True,,,,
rth-d101d30c271e,Hutan Kota Komplek Lanud Halim Perdana Kusuma,hutan,Jakarta Timur,Lanud Halim Perdanakusuma,-6.27781934,106.90868649,,,,,,True,,,Makasar,Halim Perdana Kusuma
rth-f0ee28577c1c,Jalur Hijau Jl. Abdul Muis (4),jalur-hijau,Jakarta Pusat,Jl. Abdul Muis,-6.17229142,106.8217056,,,,,,True,,,Gambir,Gambir
rth-8dff4573a101,Jalur Hijau Jl. Abdul Muis (5),jalur-hijau,Jakarta Pusat,Jl. Abdul Muis,-6.17362348,106.82145089,,,,,,True,,,Gambir,Gambir
rth-d102c46b38a3,Jalan layang non tol ciledug tendean,jalur-hijau,Jakarta Selatan,,-6.23987489,106.80170525,,,,,,True,,,Kebayoran Baru,Petogogan
rth-130b6ef269aa,Jalur Hijau Jl. Karang Anyar (1),jalur-hijau,Jakarta Pusat,Jl. Karang Anyar,-6.14966321,106.82716606,,,,,,True,,,Sawah Besar,Karang Anyar
rth-65b8bb1d247c,JH. Jl. Inspeksi Sindang dan JH Jl. Sindang terusan,jalur-hijau,Jakarta Utara,JH. Jl. Inspeksi Sindang dan JH Jl. Sindang terusan,-6.12117019,106.89574672,,,,,,True,,,Koja,Rawa Badak Utara
rth-58cfa87242f4,Jalur Hijau Jl. Kramat Raya (2),jalur-hijau,Jakarta Pusat,Jl. Kramat Raya,-6.18459923,106.84399807,,,,,,True,,,Senen,Kramat
rth-cc971c7ee134,Jalur Hijau Jl. Kramat Raya (3),jalur-hijau,Jakarta Pusat,Jl. Kramat Raya,-6.18609859,106.84486971,,,,,,True,,,Senen,Kramat
rth-b285228ee764,Jalur Hijau Jl. Kramat Raya (4),jalur-hijau,Jakarta Pusat,Jl. Kramat Raya,-6.1880508,106.84599315,,,,,,True,,,Senen,Kramat
rth-064a561c6b76,Jalur Hijau Jl. Kramat Raya (1),jalur-hijau,Jakarta Pusat,Jl. Kramat Raya,-6.1831703,106.84319481,,,,,,True,,,Senen,Kramat
rth-57d3b0b119cb,Jalur Hijau Jl. Salemba Raya (1),jalur-hijau,Jakarta Pusat,Jl. Salemba Raya,-6.19079771,106.84753375,,,,,,True,,,Senen,Kramat
rth-dbe6c43aaf6d,Jalur Hijau Jl. Salemba Raya (2),jalur-hijau,Jakarta Pusat,Jl. Salemba Raya,-6.19388379,106.84916247,,,,,,True,,,Senen,Kramat
rth-d805eb8c4b96,Jalur Hijau Jl. Salemba Raya (3),jalur-hijau,Jakarta Pusat,Jl. Salemba Raya,-6.19664043,106.85094881,,,,,,True,,,Senen,Kramat
rth-14fb7db5a2bf,Jalur Hijau Fly Over Salemba (1),jalur-hijau,Jakarta Pusat,Fly Over Salemba,-6.19842388,106.85271426,,,,,,True,,,Senen,Paseban
rth-06605a1f190c,Jalur Hijau Jl. Percetakan Negara I,jalur-hijau,Jakarta Pusat,Jl. Percetakan Negara I,-6.18970214,106.85362223,,,,,,True,,,Johar Baru,Johar Baru
rth-508165730781,Jalur Hijau Jl. Percetakan Negara II (1),jalur-hijau,Jakarta Pusat,Jl. Percetakan Negara II,-6.18979969,106.85731267,,,,,,True,,,Johar Baru,Johar Baru
rth-08f6a943958c,Jalur Hijau Jl. Kartini Raya,jalur-hijau,Jakarta Pusat,Jl. Kartini Raya,-6.15418116,106.83570891,,,,,,True,,,Sawah Besar,Kartini
rth-fec5575173b2,Jalur Hijau Jl. Pasar Baru Timur,jalur-hijau,Jakarta Pusat,Jl. Pasar Baru Timur,-6.16136279,106.83751454,,,,,,True,,,Sawah Besar,Pasar Baru
rth-327c38162a37,Jalur Hijau Jl. Pasar Baru Selatan,jalur-hijau,Jakarta Pusat,Jl. Pasar Baru Selatan,-6.16461111,106.83638655,,,,,,True,,,Sawah Besar,Pasar Baru
rth-af5c8487ab2b,Jalur Hijau Jl. K.H. Samanhudi (1),jalur-hijau,Jakarta Pusat,Jl. K.H. Samanhudi,-6.16218806,106.82845157,,,,,,True,,,Sawah Besar,Pasar Baru
rth-056ea463e5ea,Jalur Hijau Jl. K.H. Samanhudi (2),jalur-hijau,Jakarta Pusat,Jl. K.H. Samanhudi,-6.16141968,106.83194199,,,,,,True,,,Sawah Besar,Pasar Baru
rth-6e59d52cac66,Jalur Hijau Jl. K.H. Samanhudi (3),jalur-hijau,Jakarta Pusat,Jl. K.H. Samanhudi,-6.16044391,106.83423438,,,,,,True,,,Sawah Besar,Pasar Baru
rth-59591037712d,Jalur Hijau Jl. K.H. Samanhudi (4),jalur-hijau,Jakarta Pusat,Jl. K.H. Samanhudi,-6.15996287,106.83538356,,,,,,True,,,Sawah Besar,Pasar Baru
rth-7895028203be,Jalur Hijau Jl. K.H. Samanhudi (5),jalur-hijau,Jakarta Pusat,Jl. K.H. Samanhudi,-6.15943943,106.83661911,,,,,,True,,,Sawah Besar,Pasar Baru
rth-84caebd5345d,Jalur Hijau Jl. K.H. Samanhudi (6),jalur-hijau,Jakarta Pusat,Jl. K.H. Samanhudi,-6.15967939,106.836156,,,,,,True,,,Sawah Besar,Pasar Baru
rth-916bfc842db1,Jalur Hijau Jl. Sukarjo Wiryopranoto (1),jalur-hijau,Jakarta Pusat,Jl. Sukarjo Wiryopranoto,-6.15964961,106.81965763,,,,,,True,,,Gambir,Kebon Kelapa
rth-d72b8e208d45,Hutan Kota Kopassus Cijantung,hutan,Jakarta Timur,Jl. RA. Fadillah,-6.31364793,106.85974356,,,,,,True,,,Pasar Rebo,Ciracas
rth-fd5f52a31082,Pondok Kelapa,hutan,Jakarta Timur,"Jalan Haji Dogon Blok G6 No. 26, Pondok Kelapa, Duren Sawit, RT.10/RW.2, Pd. Klp., Duren Sawit, Kota Jakarta Timur, Daerah Khusus Ibukota Jakarta 13450",-6.23891633,106.93801954,,,,,,True,,,Duren Sawit,Pondok Kelapa
rth-7686b9832c4c,Jalur Hijau Jl. Abdul Muis (6),jalur-hijau,Jakarta Pusat,Jl. Abdul Muis,-6.17466476,106.82103673,,,,,,True,,,Gambir,Gambir
rth-253870195121,Underpass Kebayoran Lama,jalur-hijau,Jakarta Selatan,,-6.23584778,106.78450414,,,,,,True,,,Kebayoran Lama,Grogol Selatan
rth-0a672ebb5d5b,Taman TUGU 66,jalur-hijau,Jakarta Selatan,Jalan Rasuna Said / hos cokroaminoto,-6.20579427,106.82867953,,,,,,True,,,Setiabudi,Setia Budi
rth-0506ca1ccf4c,Pulau JL. Erlangga,jalur-hijau,Jakarta Selatan,JL. Gunawarman- JL. Erlangga IV,-6.23315931,106.80764615,,,,,,True,,,Kebayoran Baru,Selong
rth-1cd65a05bb8c,Jalur Hijau Jl. Kapten Tendean,jalur-hijau,Jakarta Selatan,"Jalur Hijau Jl. Kapten Tendean, Kecamatan Mampang Prapatan",-6.24012703,106.83177431,,,,,,True,,,Mampang Prapatan,Mampang Prapatan
rth-b5e6821ccbb9,Jalur Hijau Jl. Karang Anyar (2),jalur-hijau,Jakarta Pusat,Jl. Karang Anyar,-6.15100354,106.82738163,,,,,,True,,,Sawah Besar,Karang Anyar
rth-bb3a2a07f992,Fly Over (bawah) dan Underpass Kebayoran Lama,jalur-hijau,Jakarta Selatan,,-6.23908938,106.7833846,,,,,,True,,,Kebayoran Lama,Kebayoran Lama Utara
rth-82a24fb24281,Taman Ineraktif Jl Kalibaru Timur Gg 7 No. 24B,taman,Jakarta Pusat,Jl. Kalibaru Timur Gang 7 No. 24 B,-6.17107483,106.84834687,,,,,,True,,,Senen,Bungur
rth-16ab083448c4,"Jalur Hijau JL. Sriwijaya I, II",jalur-hijau,Jakarta Selatan,"JL. Sriwijaya I, II",-6.23408405,106.80221878,,,,,,True,,,Kebayoran Baru,Selong
rth-95e22ea5f0cc,Hutan lindung angke kapuk (1),hutan,Jakarta Utara,angke kapuk,-6.1008181,106.73925512,,,,,,True,,,Penjaringan,Kapuk Muara
rth-283581b1dc5c,Hutan Lindung Angke Kapuk,hutan,Jakarta Utara,,-6.10286495,106.75474101,,,,,,True,,,Penjaringan,Kapuk Muara
rth-dc96be1a1fc7,Jalur Hijau JL. Rajasa,jalur-hijau,Jakarta Selatan,Jl. Rajasa,-6.23291181,106.8103696,,,,,,True,,,Kebayoran Baru,Selong
rth-7f0e6e587542,Jalur Hijau Jl. Sukarjo Wiryopranoto (2),jalur-hijau,Jakarta Pusat,Jl. Sukarjo Wiryopranoto,-6.15963937,106.82080419,,,,,,True,,,Gambir,Kebon Kelapa
rth-d5b8d00ddc5f,Jalur Hijau Jl. Sukarjo Wiryopranoto (3),jalur-hijau,Jakarta Pusat,Jl. Sukarjo Wiryopranoto,-6.15986554,106.82151878,,,,,,True,,,Gambir,Kebon Kelapa
rth-f93e345eeb4a,Jalur Hijau Jl. Sukarjo Wiryopranoto (4),jalur-hijau,Jakarta Pusat,Jl. Sukarjo Wiryopranoto,-6.16054462,106.8234256,,,,,,True,,,Gambir,Kebon Kelapa
rth-15176e0a4249,Jalur Hijau Jl. Abdul Muis (7),jalur-hijau,Jakarta Pusat,Jl. Abdul Muis,-6.17620094,106.8202585,,,,,,True,,,Gambir,Gambir
rth-4bcb1a185833,BLok Sutet Mangga,jalur-hijau,Jakarta Utara,JlMandara Permai VII,-6.11093811,106.75711076,,,,,,True,,,Penjaringan,Kapuk Muara
rth-ec9f97e9fa46,Jalan Layang Non Tol Ciledug - Tendean wilayah Kebayoran Lama,jalur-hijau,Jakarta Selatan,,-6.2381381,106.77500302,,,,,,True,,,Kebayoran Lama,Cipulir
rth-31284cf9d378,Hutan Kota Cilangkap,hutan,Jakarta Timur,Cilangkap RT 001 RW 004,-6.32554337,106.90852864,,,,,,True,,,Cipayung,Cilangkap
rth-709be18cf040,Jalur Hijau Jl. Abdul Muis (8),jalur-hijau,Jakarta Pusat,Jl. Abdul Muis,-6.17799713,106.8192117,,,,,,True,,,Gambir,Gambir
rth-e24219c06107,Cawang dan UKI,hutan,Jakarta Timur,"Jl. Mayjen Sutoyo, Cawang, Kramatjati, Kota Jakarta Timur, Daerah Khusus Ibukota Jakarta 13630",-6.24867076,106.87596537,,,,,,True,,,Makasar,Kebon Pala
rth-94c4d2ee3743,Hutan Kota Aneka Elok,hutan,Jakarta Timur,Jl. Penggilingan Elok Penggilingan Cakung Kota Jakarta Timur Daerah Khusus Ibukota Jakarta 13940,-6.19494317,106.93816938,,,,,,True,,,Cakung,Penggilingan
rth-6228cab924c9,Jalur Hijau Jl. Karang Anyar (3),jalur-hijau,Jakarta Pusat,Jl. Karang Anyar,-6.15152186,106.82741049,,,,,,True,,,Sawah Besar,Karang Anyar
rth-bd6c8c8b0496,Jalur Hijau Jl. Karang Anyar (4),jalur-hijau,Jakarta Pusat,Jl. Karang Anyar,-6.15242343,106.82745713,,,,,,True,,,Sawah Besar,Karang Anyar
rth-956293d3e7de,Jalur Hijau Jl. Karang Anyar (5),jalur-hijau,Jakarta Pusat,Jl. Karang Anyar,-6.15356965,106.82750308,,,,,,True,,,Sawah Besar,Karang Anyar
rth-3ffdc8f62fa9,Jalur Hijau Jl. Karang Anyar (6),jalur-hijau,Jakarta Pusat,Jl. Karang Anyar,-6.15445234,106.82753105,,,,,,True,,,Sawah Besar,Karang Anyar
rth-6ccc196c67c1,Jalur Hijau Jl. Karang Anyar (7),jalur-hijau,Jakarta Pusat,Jl. Karang Anyar,-6.1551824,106.82754658,,,,,,True,,,Sawah Besar,Karang Anyar
rth-0a0985e57f19,Jalur Hijau Jl. Karang Anyar (8),jalur-hijau,Jakarta Pusat,Jl. Karang Anyar,-6.15609533,106.82755605,,,,,,True,,,Sawah Besar,Karang Anyar
rth-8a019b8d40aa,Jalur Hijau Jl. Mangga Besar (1),jalur-hijau,Jakarta Pusat,Jl. Mangga Besar,-6.14823311,106.82781965,,,,,,True,,,Sawah Besar,Mangga Dua Selatan
rth-c21f031d7512,Jalur Hijau Jl. Mangga Besar (2),jalur-hijau,Jakarta Pusat,Jl. Mangga Besar,-6.14812561,106.82845128,,,,,,True,,,Sawah Besar,Mangga Dua Selatan
rth-97b65a203351,Hutan Kota Komplek  Billy Moon,hutan,Jakarta Timur,Jl. Kelapa Hijau Raya Pd. Klp. Duren Sawit Kota Jakarta Timur Daerah Khusus Ibukota Jakarta 13450,-6.24374491,106.92088252,,,,,,True,,,Duren Sawit,Pondok Kelapa
rth-dab9ffef0ea3,Taman Belalang,taman,Jakarta Selatan,Jalan Rawa Jati timur III,-6.26018193,106.85591421,,,,,,True,,,Pancoran,Rawajati
rth-9a7a3a192475,Jalur Hijau Jalan RA Kartini,jalur-hijau,Jakarta Selatan,,-6.28835798,106.77772234,,,,,,True,,,Kebayoran Lama,Pondok Pinang
rth-b4ed4b9f4dc7,DAS Sunter Hulu,hutan,Jakarta Timur,"Jl. Bantar Jati 28, Setu, Cipayung, Kota Jakarta Timur, Daerah Khusus Ibukota Jakarta 13880",-6.31246366,106.91898616,,,,,,True,,,Cipayung,Setu
rth-224a2990aab8,Jalur Hijau Jl. Mangga Besar (3),jalur-hijau,Jakarta Pusat,Jl. Mangga Besar,-6.14796202,106.82945341,,,,,,True,,,Sawah Besar,Mangga Dua Selatan
rth-37116a84130b,Jalur Hijau Jl. Mangga Besar (4),jalur-hijau,Jakarta Pusat,Jl. Mangga Besar,-6.1478268,106.83022249,,,,,,True,,,Sawah Besar,Mangga Dua Selatan
rth-d6f3960a3bea,Jalur Hijau Jl. Mangga Besar (5),jalur-hijau,Jakarta Pusat,Jl. Mangga Besar,-6.14782964,106.83089418,,,,,,True,,,Sawah Besar,Mangga Dua Selatan
rth-a2e3faacba8c,Jalur Hijau Jl. Mangga Besar (6),jalur-hijau,Jakarta Pusat,Jl. Mangga Besar,-6.14812868,106.83142438,,,,,,True,,,Sawah Besar,Mangga Dua Selatan
rth-768d2d6fc964,Jalur Hijau Jl. Mangga Besar (7),jalur-hijau,Jakarta Pusat,Jl. Mangga Besar,-6.14840576,106.83187703,,,,,,True,,,Sawah Besar,Mangga Dua Selatan
rth-b47a6a93d260,Jalur Hijau Jl. Mangga Besar (8),jalur-hijau,Jakarta Pusat,Jl. Mangga Besar,-6.14842401,106.82721205,,,,,,True,,,Sawah Besar,Mangga Dua Selatan
rth-ebc70800fd2a,Jalur Hijau Jl. Gunung Sahari 7A (1),jalur-hijau,Jakarta Pusat,Jl. Gunung Sahari 7A,-6.14975639,106.83810947,,,,,,True,,,Sawah Besar,Gunung Sahari Utara
rth-5de5be66817c,taman pulo pulo jalan kolong tol pesangrahan,jalur-hijau,Jakarta Selatan,jalan veteran pesangrahan kolong tol,-6.26219125,106.76687023,,,,,,True,,,Pesanggrahan,Bintaro
rth-e085031455d7,Jalur Hijau Jl. Percetakan Negara II (2),jalur-hijau,Jakarta Pusat,Jl. Percetakan Negara II,-6.18989805,106.8574764,,,,,,True,,,Johar Baru,Johar Baru
rth-566862b2ff32,Jalur Hijau Jl. Bawah Rel (samping Masjid Istiqlal),jalur-hijau,Jakarta Pusat,Jl. Bawah Rel,-6.17056696,106.83004495,,,,,,True,,,Sawah Besar,Pasar Baru
rth-6041d4982cc6,Jalur Hijau Jl. Galuh,jalur-hijau,Jakarta Selatan,Jl. Galuh,-6.23146969,106.80288014,,,,,,True,,,Kebayoran Baru,Selong
rth-2b78ef24f116,Jalur Hijau Jl. Perwira (2),jalur-hijau,Jakarta Pusat,Jl. Perwira,-6.17242077,106.83067971,,,,,,True,,,Sawah Besar,Pasar Baru
rth-f8e09a863665,Fo Lebak Bulus (depan Carefour),jalur-hijau,Jakarta Selatan,di Bawah FO Lebak Bulus,-6.28771216,106.77744495,,,,,,True,,,Kebayoran Lama,Pondok Pinang
rth-0af71ff1bc63,Jalur Hijau Fly Over Sungi Ciliwung (Bawah),jalur-hijau,Jakarta Selatan,,-6.25819296,106.8604,,,,,,True,,,Pancoran,Rawajati
rth-b723a46b2cae,Jalur Hijau Rasuna Said,jalur-hijau,Jakarta Selatan,,-6.22256157,106.83143993,,,,,,True,,,Setiabudi,
rth-bd4938740bd9,Jalur Hijau Jl. Gunung Sahari 7A (2),jalur-hijau,Jakarta Pusat,Jl. Gunung Sahari 7A,-6.15635298,106.83982033,,,,,,True,,,Sawah Besar,Gunung Sahari Utara
rth-853aec254b0c,Jalur Hijau Jalan Layang Non Toll Ciledug - Tendean,jalur-hijau,Jakarta Selatan,"Jalan Raya Non Toll Ciledug - Tendean, Mampang Prapatan, Jakarta Selatan",-6.24013773,106.82431087,,,,,,True,,,Mampang Prapatan,Mampang Prapatan
rth-640fed6ec43e,Taman pulo pulo kolong tol,jalur-hijau,Jakarta Selatan,Jalan veteran pesangrahan,-6.26166098,106.76676487,,,,,,True,,,Pesanggrahan,Bintaro
rth-eeaed4c6d751,Jalur Hijau jalan Non Tol dari Menteng Pulo - Wisma Darmala,jalur-hijau,Jakarta Selatan,,-6.22224635,106.82372847,,,,,,True,,,Setiabudi,
rth-b2b1ae30aa81,Hutan mangrove (Blok Galatama),jalur-hijau,Jakarta Utara,samping tol sedyatmo,-6.12311636,106.76179012,,,,,,True,,,Penjaringan,Kamal Muara
rth-e1a82aee190b,Jalur Hijau Lenteng Agung - Ex. Penertiban,jalur-hijau,Jakarta Selatan,"Jl. Raya Lenteng Agung, Mulai dari St. Lenteng Agung sampai Adhimix Beton",-6.3221964,106.83594044,,,,,,True,,,Jagakarsa,Lenteng Agung
rth-7b438bb9edb2,ekowisata mangrove,jalur-hijau,Jakarta Utara,jl mandara permai 7 samping tol sedyatmo,-6.1217816,106.76219688,,,,,,True,,,Penjaringan,Kapuk Muara
rth-7ccced739d1c,Hutan Mangrove (arboretum mangrove),hutan,Jakarta Utara,,-6.11237148,106.73205809,,,,,,True,,,Penjaringan,Kamal Muara
rth-2ab5686bca83,Jalur Hijau Jl. Ir. H. Juanda (1),jalur-hijau,Jakarta Pusat,Jl. Ir. H. Juanda,-6.16731604,106.82291237,,,,,,True,,,Gambir,Kebon Kelapa
rth-247dbba9c5d4,Jalur Hijau Jl. Ir. H. Juanda (2),jalur-hijau,Jakarta Pusat,Jl. Ir. H. Juanda,-6.16720379,106.82598307,,,,,,True,,,Gambir,Kebon Kelapa
rth-00cfe5bf6093,Jalur Hijau Jl. Ir. H. Juanda (3),jalur-hijau,Jakarta Pusat,Jl. Ir. H. Juanda,-6.16763548,106.82818717,,,,,,True,,,Gambir,Kebon Kelapa
rth-798063a4c524,JH Jl Abdullah Syafii,jalur-hijau,Jakarta Selatan,,-6.22445868,106.85271129,,,,,,True,,,Tebet,Tebet Timur
rth-bc8133df542f,Jalur Hijau Jalan Mampang Prapatan,jalur-hijau,Jakarta Selatan,,-6.24658457,106.82619765,,,,,,True,,,Mampang Prapatan,Tegal Parang
rth-5adc018244b0,Jalur Hijau Jl. Adityawarman,jalur-hijau,Jakarta Selatan,Jl. Adityawarman,-6.23763173,106.80420376,,,,,,True,,,Kebayoran Baru,Selong
rth-5a2d6bcf83b5,Jalur Hijau Jl. Industri Raya (1),jalur-hijau,Jakarta Pusat,Jalur Hijau Jl. Industri Raya,-6.14837237,106.8380744,,,,,,True,,,Sawah Besar,Gunung Sahari Utara
rth-5dc3891a64ab,Jalur Hijau Jl. Industri Raya (2),jalur-hijau,Jakarta Pusat,Jl. Industri Raya,-6.14891638,106.83887079,,,,,,True,,,Sawah Besar,Gunung Sahari Utara
rth-9f9c80852bf9,Jalur Hijau Jalan Depan Hotel Four Season,jalur-hijau,Jakarta Selatan,Jalan Setiabudi Utara Raya,-6.20664668,106.82782241,,,,,,True,,,Setiabudi,Kuningan Barat
rth-936cbd1486fc,"Jalur Hijau Tepian air Banjir Kanal Barat (Jl Jend sudirman, dukuh atas, pertigaan pasar rumput",jalur-hijau,Jakarta Selatan,,-6.20553875,106.83504939,,,,,,True,,,Setiabudi,Guntur
rth-37367a4ff5a2,Jalur Hijau Jl. Juanda I (1),jalur-hijau,Jakarta Pusat,Jl. Juanda I,-6.16525214,106.83033737,,,,,,True,,,Sawah Besar,Pasar Baru
rth-43cade0a74d7,Jalur Hijau Jl. Juanda I (2),jalur-hijau,Jakarta Pusat,Jl. Juanda I,-6.16629934,106.83057503,,,,,,True,,,Sawah Besar,Pasar Baru
rth-cb1b60f6087f,Jalur Hijau JL. Sriwijaya Raya,jalur-hijau,Jakarta Selatan,Jl. Sriwijaya Raya,-6.23379463,106.80324205,,,,,,True,,,Kebayoran Baru,Selong
rth-183a2ca1b62c,Taman Blok B Perum Kary DKI,hutan,Jakarta Timur,,-6.23880549,106.93983406,,,,,,True,,,,
rth-410d97ed9b57,Jalur Hijau Jl. Veteran (2),jalur-hijau,Jakarta Pusat,Jl. Veteran,-6.16739279,106.82603234,,,,,,True,,,Gambir,Gambir
rth-967aaee96ea3,Jalur Hijau Jl. Veteran (1),jalur-hijau,Jakarta Pusat,Jl. Veteran,-6.16749976,106.82291487,,,,,,True,,,Gambir,Gambir
rth-78f867bb692d,Jalur Hijau Jl. Veteran (3),jalur-hijau,Jakarta Pusat,Jl. Veteran,-6.16786866,106.82836884,,,,,,True,,,Gambir,Gambir
rth-a4b96a096952,Pulo - pulo jalan Daksa 4,jalur-hijau,Jakarta Selatan,Jalan Daksa 4,-6.23271657,106.80753811,,,,,,True,,,Kebayoran Baru,Selong
rth-0989a35226e3,Fly Over Tebet (atas-bawah),jalur-hijau,Jakarta Selatan,,-6.22541661,106.85797598,,,,,,True,,,Tebet,Bukit Duri
rth-9e12aa290b89,Jalur Hijau Jalan Dr Saharjo,jalur-hijau,Jakarta Selatan,jalan saharjo,-6.21894007,106.84611455,,,,,,True,,,Tebet,Tebet Barat
rth-1d8ac04b4221,Jalur Hijau JL. Purnawarman,jalur-hijau,Jakarta Selatan,JL. Purnawarman,-6.23478532,106.80538461,,,,,,True,,,Kebayoran Baru,Selong
rth-f0b591b1e809,Jalur Hijau Jalan Sultan Agung,jalur-hijau,Jakarta Selatan,Jalan Sultan Agung,-6.2055173,106.83479787,,,,,,True,,,Setiabudi,Guntur
rth-c7b34899fe05,Jalur Hijau Jl. Antara,jalur-hijau,Jakarta Pusat,Jl. Antara,-6.16638032,106.83326849,,,,,,True,,,Sawah Besar,Pasar Baru
rth-dd27c605bf15,Taman buncit Raya / Jalur,jalur-hijau,Jakarta Selatan,Jalan Mampang prapatan / Buncit raya,-6.2555983,106.8277098,,,,,,True,,,Pancoran,Duren Tiga
rth-0afe44486a2c,Jalur Hijau Gunawarman,jalur-hijau,Jakarta Selatan,Jl. Gunawarman,-6.23505511,106.80748711,,,,,,True,,,Kebayoran Baru,Selong
rth-9c150b3d2c9b,Jalur Hijau JL. Senopati,jalur-hijau,Jakarta Selatan,Jl. Senopati,-6.22959016,106.80401608,,,,,,True,,,Kebayoran Baru,Senayan
rth-939a49282416,"Pulo Taman Senopati, Pom Bensin, Segi-3",jalur-hijau,Jakarta Selatan,Jl. Senopati,-6.23332793,106.81198904,,,,,,True,,,Kebayoran Baru,Selong
rth-6c55e86a155e,JH. Jl. Raya Bogor (HEK) (aREA 1),jalur-hijau,Jakarta Timur,"Jl. Raya Bogor, RW. 01, Kel. Kampung Tengah, Kec. Kramat Jati, Kota Jakarta Timur",-6.29332115,106.87107421,,,,,,True,,,Ciracas,Tengah
rth-57ce69aaa86e,JH. Jl. Raya Bogor (HEK) (Area 3),jalur-hijau,Jakarta Timur,"Jl. Raya Bogor, RW. 04, Kel. Cijantung, Kec. Pasar Rebo, Kota Jakarta Timur",-6.31381289,106.8628143,,,,,,True,,,Pasar Rebo,Cijantung
rth-a93616743b0e,Jalur Hijau Jl. Museum (1),jalur-hijau,Jakarta Pusat,Jl. Museum,-6.17554665,106.82181144,,,,,,True,,,Gambir,Gambir
rth-c8f6e05a427b,FO saharjo (4sisi),jalur-hijau,Jakarta Selatan,jalan saharjo,-6.22360155,106.84811949,,,,,,True,,,Tebet,Manggarai Selatan
rth-1ab3cde7c98c,Jalur Hijau Jl. Museum (2),jalur-hijau,Jakarta Pusat,Jl. Museum,-6.17542958,106.82153112,,,,,,True,,,Gambir,Gambir
rth-f738fb29c6cc,Jalur Hijau MT Haryono sisi Tebet,jalur-hijau,Jakarta Selatan,,-6.24294919,106.8532193,,,,,,True,,,Tebet,Tebet Timur
rth-b13a31a022a0,JH. Jl. Raya Bogor (HEK) (Area 4),jalur-hijau,Jakarta Timur,"Jl. Raya Bogor, RW. 04, Kel. Cijantung, Kec. Pasar Rebo, Kota Jakarta Timur",-6.32463822,106.8648908,,,,,,True,,,Pasar Rebo,Cijantung
rth-00d31f193c6f,JH. Jl. Raya Bogor (HEK) (Area 5),jalur-hijau,Jakarta Timur,"Jl. Raya Bogor, RW. 06, Kel. Pekayon, Kec. Pasar Rebo, Kota Jakarta Timur",-6.33795191,106.86828622,,,,,,True,,,Pasar Rebo,Pekayon
rth-9c3f77f5b079,Jalur Hijau Jl. Gatot Subroto (Pancoran s.d Semanggi),jalur-hijau,Jakarta Selatan,"Jl. Gatot Subroto, Kec. Pancoran",-6.23269061,106.82422887,,,,,,True,,,Pancoran,Pancoran
rth-c5cdc71ba260,Jalur Hijau Jl. MT Haryono (Ciliwungs.d Pancoran),jalur-hijau,Jakarta Selatan,"Jl. MT Haryono, Kel. Cikoko, Kec. Pancoran",-6.24332197,106.85338472,,,,,,True,,,Pancoran,Cikoko
rth-419370f342d0,Jalur Hijau Jl. Raya Pasar Minggu,jalur-hijau,Jakarta Selatan,"Jl. Raya Pasar Minggu, Kel. Kalibata, Kec. Pancoran",-6.25321498,106.84298342,,,,,,True,,,Pancoran,Kalibata
rth-f7713ca9a7c8,Jalur Hijau Jalan Kebon Baru (stasiun cawang),jalur-hijau,Jakarta Selatan,,-6.24285751,106.85766697,,,,,,True,,,Tebet,Tebet Timur
rth-0077a07be340,Taman Batan I & II,taman,Jakarta Selatan,Jalan Batan II,-6.29628058,106.83786282,,,,,,True,,,Pasar Minggu,Pasar Minggu
rth-20d9795b0e6b,Tmn Segitiga Terminal Bus Manggarai,jalur-hijau,Jakarta Selatan,Jalan DR.Saharjo,-6.20845603,106.84804984,,,,,,True,,,Setiabudi,Manggarai
rth-667dfb0c69a6,Taman Tanjung Selor,jalur-hijau,Jakarta Pusat,,-6.17266889,106.80572568,,,,,,True,,,Gambir,Cideng
rth-2401b9679a31,Jalur Hijau Jalan TB Simatupang,jalur-hijau,Jakarta Selatan,Jl. TB Simatupang (Lampu Merah) s.d Jl. Fatmawati,-6.29226676,106.8068537,,,,,,True,,,Cilandak,Cilandak Barat
rth-38e09be36dff,Jalur Hijau Jalan Pinang Center,jalur-hijau,Jakarta Selatan,Jalan Gedung hijau samping gedung pinang center,-6.27341624,106.77390367,,,,,,True,,,Kebayoran Lama,Pondok Pinang
rth-69232e2680be,Jalur Hijau Jalan Perbatasan Jakarta - Banten,jalur-hijau,Jakarta Selatan,Jalan IR H Juanda,-6.29014536,106.76729459,,,,,,True,,,Kebayoran Lama,Pondok Pinang
rth-e9e9cb8655f3,Jalur Hijau Jalan Karang Tengah Raya,jalur-hijau,Jakarta Selatan,"Jl. Karang Tengah Raya, Kel. Lebak Bulus, Kec. Cilandak, Kota Jakarta Selatan",-6.30123466,106.78038685,,,,,,True,,,Cilandak,Lebak Bulus
rth-099c15943e66,Jalur Hijau Jalan Metro Pondok Indah,jalur-hijau,Jakarta Selatan,,-6.27734984,106.78159321,,,,,,True,,,Kebayoran Lama,Pondok Pinang
rth-5a19ee6021c8,Jalur Hijau Fly Over Galur (2),jalur-hijau,Jakarta Pusat,Fly Over Galur,-6.1746703,106.85173877,,,,,,True,,,Kemayoran,Harapan Mulia
rth-4d7af23bcf61,Jalur Hijau Jl. Duren Tiga Selatan Raya,jalur-hijau,Jakarta Selatan,"Jl. Duren Tiga Selatan Raya, Kel. Duren Tiga, Kec. Pancoran",-6.2588593,106.83612523,,,,,,True,,,Pancoran,Duren Tiga
rth-fd651dceed61,Jalur Hijau Jalan Al-Hadzami,jalur-hijau,Jakarta Selatan,,-6.24567581,106.78629509,,,,,,True,,,Kebayoran Lama,Kebayoran Lama Utara
rth-9674a116afcb,Jalur Hijau Jalan masjid Al-Huda,jalur-hijau,Jakarta Selatan,Jalan Baru,-6.24000672,106.78157035,,,,,,True,,,Kebayoran Lama,Kebayoran Lama Utara
rth-20d9ae239b25,Jalur Hijau Jalan Iskandarmuda,jalur-hijau,Jakarta Selatan,Jalan Isskandarmuda,-6.25049136,106.78190213,,,,,,True,,,Kebayoran Lama,Kebayoran Lama Utara
rth-4995ac9bc344,Underpass Pasar Minggu,jalur-hijau,Jakarta Selatan,"Underpass Pasar Minggu, Kel.Pejaten Timur, Kec. Pasar Minggu",-6.28502196,106.84431895,,,,,,True,,,Pasar Minggu,Pejaten Timur
rth-32f4ac29b7e9,Taman Jl. Jelambar Madya Raya,jalur-hijau,Jakarta Barat,Jl. Jelambar Madya Raya,-6.15674298,106.78383252,,,,,,True,,,Grogol Petamburan,Jelambar
rth-b7ec40d50a69,Jalur Hijau Jl. Museum (3),jalur-hijau,Jakarta Pusat,Jl. Museum,-6.17561166,106.82079709,,,,,,True,,,Gambir,Gambir
rth-3a9a07459ced,JH. Pulomas Barat_2,jalur-hijau,Jakarta Timur,"Jl. Pulomas Barat, Rw. 11, Kel. Kayu Putih, Kec. Pulogadung, Jakarta Timur",-6.17798963,106.87883327,,,,,,True,,,Pulogadung,Kayu Putih
rth-c9af82bd6873,JH. Pulomas Jaya_1,jalur-hijau,Jakarta Timur,"Jl. Pulomas Jaya, Rw. 02, Kel. Kayu Putih, Kec. Pulogadung, Jakarta Timur",-6.18422046,106.88684474,,,,,,True,,,Pulogadung,Kayu Putih
rth-cb078410340e,JH.JL. KOL.SUGIONO 1,jalur-hijau,Jakarta Timur,JL.KOL.SUGIONO,-6.22970464,106.90923352,,,,,,True,,,Duren Sawit,Duren Sawit
rth-47f1b4e64ea3,JH.JL.KOL.SUGIONO 2,jalur-hijau,Jakarta Timur,JL.KOL.SUGIONO,-6.22979711,106.90993942,,,,,,True,,,Duren Sawit,Duren Sawit
rth-20c18b8e774d,JH. Pulomas Raya_1,jalur-hijau,Jakarta Timur,"Jl. Pulomas Raya, Rw. 11, Kel. Kayu Putih, Kec. Pulogadung, Jakarta Timur",-6.17849567,106.88403751,,,,,,True,,,Pulogadung,Kayu Putih
rth-43d52655680d,JH.JL.KOL.SUGIONO 3,jalur-hijau,Jakarta Timur,JL.KOL.SUGIONO,-6.22978556,106.91011051,,,,,,True,,,Duren Sawit,Duren Sawit
rth-f52229f60d7f,JH. Jl. Pulomas Raya_2,jalur-hijau,Jakarta Timur,"Jl. Pulomas Raya, Rw. 11, Kel. Kayu Putih, Kec. Pulogadung, Jakarta Timur",-6.17740071,106.88057411,,,,,,True,,,Pulogadung,Kayu Putih
rth-b63d276ca81b,JH.JL.KOL.SUGIONO 4,jalur-hijau,Jakarta Timur,JL.KOL.SUGIONO,-6.22921309,106.91325315,,,,,,True,,,Duren Sawit,Duren Sawit
rth-958c8b38c45f,JH.JL.KOL.SUGIONO 5,jalur-hijau,Jakarta Timur,JL.KOL.SUGIONO,-6.22851936,106.91677204,,,,,,True,,,Duren Sawit,Duren Sawit
rth-fcafa625e476,JH.JL.KOL.SUGIONO 6,jalur-hijau,Jakarta Timur,JL.KOL.SUGIONO,-6.22801693,106.91850664,,,,,,True,,,Duren Sawit,Duren Sawit
rth-e34280ff572f,JH.JL.KOL.SUGIONO 7,jalur-hijau,Jakarta Timur,JL.KOL.SUGIONO,-6.22787647,106.91961598,,,,,,True,,,Duren Sawit,Duren Sawit
rth-7cd9a35a6e44,JH.JL.KOL.SUGIONO 8,jalur-hijau,Jakarta Timur,JL.KOL.SUKAMTO,-6.22769506,106.92156397,,,,,,True,,,Duren Sawit,Duren Sawit
rth-256da69098e2,Jalur Hijau Fly Over Jl. Jend. Sudirman (3),jalur-hijau,Jakarta Pusat,Fly Over Jl. Jend. Sudirman,-6.21355651,106.8180804,,,,,,True,,,Tanah Abang,Karet Tengsin
rth-595a88d4bea1,Jalur Hijau Jl. Sekolah,jalur-hijau,Jakarta Pusat,Jl. Sekolah,-6.1681151,106.81883363,,,,,,True,,,Gambir,Petojo Utara
rth-9b52c25e9f36,Jalur Hijau Jl. Jatibaru,jalur-hijau,Jakarta Pusat,Jl. Jatibaru,-6.18571993,106.81106134,,,,,,True,,,Tanah Abang,Kampung Bali
rth-d86aff5ba27d,Jalur Hijau Jl. Cempaka Putih Tengah I (1),jalur-hijau,Jakarta Pusat,Jl. Cempaka Putih Tengah I,-6.17072108,106.86898853,,,,,,True,,,Cempaka Putih,Cempaka Putih Timur
rth-4c518a0b8ed9,Jalur Hijau Jl. Cempaka Putih Tengah I (2),jalur-hijau,Jakarta Pusat,Jl. Cempaka Putih Tengah I,-6.17079222,106.86902962,,,,,,True,,,Cempaka Putih,Cempaka Putih Timur
rth-c8057a824313,Jalur Hijau Jl. Cempaka Putih Tengah XXX (1),jalur-hijau,Jakarta Pusat,Jl. Cempaka Putih Tengah XXX,-6.17068559,106.87148123,,,,,,True,,,Cempaka Putih,Cempaka Putih Timur
rth-c471efb99fd1,Jalur Hijau Jl. Cempaka Putih Tengah XXX (2),jalur-hijau,Jakarta Pusat,Jl. Cempaka Putih Tengah XXX,-6.17055401,106.87148803,,,,,,True,,,Cempaka Putih,Cempaka Putih Timur
rth-69aa3867f3b9,Jalur Hijau Jl. Tanah Tinggi I A,jalur-hijau,Jakarta Pusat,Jl. Tanah Tinggi I A,-6.17780669,106.84588939,,,,,,True,,,Johar Baru,Tanah Tinggi
rth-594921ede0f6,Jalur Hijau Jl. Rajawali Selatan XII,jalur-hijau,Jakarta Pusat,Jl. Rajawali Selatan XII,-6.14232522,106.83922968,,,,,,True,,,Sawah Besar,Gunung Sahari Utara
rth-7cbe91bcbaf4,RTH JALAN SD INPRES,taman,Jakarta Timur,JALAN SD INPRES RT. 004 RW. 03,-6.30211178,106.87671795,,,,,,True,,,Ciracas,Rambutan
rth-adeb51b7076d,JH. Lereng A. Yani dan Lereng Pisangan Baru/Lama_1,jalur-hijau,Jakarta Timur,"Jl. Jendral Ahmad Yani, Rw. 15, Kel. Pisangan Baru, Kec. Matraman, Kota Jakarta Timur",-6.21319754,106.87374295,,,,,,True,,,Matraman,Pisangan Baru
rth-26abdd323466,JH.JL.PULOGEBANG DPN TERMINAL 1,jalur-hijau,Jakarta Timur,JL. PULOGEBANG,-6.21025935,106.95140503,,,,,,True,,,Cakung,Pulo Gebang
rth-44610dab6d07,JH. Lereng A. Yani dan Lereng Pisangan Baru/Lama_2,jalur-hijau,Jakarta Timur,"Jl. Jendral Ahmad Yani, Rw. 01, Kel. Pisangan Timur, Kec. Pulo Gadung, Kota Jakarta Timur",-6.21344785,106.87445007,,,,,,True,,,Pulogadung,Pisangan Timur
rth-151a1a4422bc,JH.JL.BOJONG RANGKONG 2,jalur-hijau,Jakarta Timur,JL. BOJONG RANGKONG,-6.20894975,106.95300576,,,,,,True,,,Cakung,Pulo Gebang
rth-f2981a2f899e,JH.JL.PULOGEBANG DPN TERMINAL 2,jalur-hijau,Jakarta Timur,JL. PULOGEBANG,-6.20959395,106.95259853,,,,,,True,,,Cakung,Pulo Gebang
rth-f37c5a4cf28d,JH Jalan DI Panjiatan (Area 7),jalur-hijau,Jakarta Timur,"Jl. DI Panjaitan, Rw. 02, Kel. Cipinang Cempedak, Kec. Jatinegara, Kota Jakarta Timur",-6.23427321,106.87688868,,,,,,True,,,Jatinegara,Cipinang Cempedak
rth-86ccd706d3db,JH. JL. DI. PANJAITAN (Area 12),jalur-hijau,Jakarta Timur,"Jl. DI Panjaitan, Rw. 07, Kel. Cipinang Besar Utara, Kec. Jatinegara, Kota Jakarta Timur",-6.21678621,106.87437608,,,,,,True,,,Jatinegara,Cipinang Besar Utara
rth-d1154467f99c,Hutan Kota Blok P Walikota Jakarta Selatan,hutan,Jakarta Selatan,Jl. Prapanca Blok P,-6.24893305,106.80859094,,,,,,True,,,Kebayoran Baru,Melawai
rth-909ff1b76130,Jalur Hijau Pedestrian Jl. HOS Cokroaminoto (1),jalur-hijau,Jakarta Pusat,Jl. HOS Cokroaminoto,-6.195802,106.82867104,,,,,,True,,,Menteng,Menteng
rth-d4bf29aa0e96,Hutan Kota Buperta Cibubur_1,hutan,Jakarta Timur,Kawasan Buperta Cibubur,-6.36707981,106.89639153,,,,,,True,,,Cipayung,Pondok Ranggon
rth-9388ff95b197,Jalur Hijau Pedestrian Jl. HOS Cokroaminoto (2),jalur-hijau,Jakarta Pusat,Jl. HOS Cokroaminoto,-6.19723542,106.82849362,,,,,,True,,,Menteng,Menteng
rth-b8df1d5cebc1,FO PONDOK BAMBU/ PULO-PULO 1,jalur-hijau,Jakarta Timur,JL. PONDOK BAMBU,-6.22947215,106.89840944,,,,,,True,,,Duren Sawit,Pondok Bambu
rth-680abeaf4236,FO PONDOK BAMBU/PULO-PULO 2,jalur-hijau,Jakarta Timur,JL.PONDOK BAMBU,-6.22949484,106.89820028,,,,,,True,,,Duren Sawit,Pondok Bambu
rth-9aa4d2a6142a,FO PONDOK BAMBU/PULO-PULO 3,jalur-hijau,Jakarta Timur,JL.PONDOK BAMBU,-6.22981349,106.89799199,,,,,,True,,,Duren Sawit,Pondok Bambu
rth-d98c3b270a63,JH.JL.BANGUNAN TIMUR 1,jalur-hijau,Jakarta Timur,JL. BANGUNAN TIMUR PULOGADUNG,-6.18907819,106.88916203,,,,,,True,,,Pulogadung,Kayu Putih
rth-597fb3be32ae,JH.JL.BANGUNAN TIMUR 2,jalur-hijau,Jakarta Timur,JL. BANGUNAN TIMUR PULOGADUNG,-6.18960496,106.88571958,,,,,,True,,,Pulogadung,Kayu Putih
rth-532a501db2f7,JH.BANGUNAN TIMUR 3,jalur-hijau,Jakarta Timur,JL.BANGUNAN TIMUR PULOGADUNG,-6.18975331,106.88230093,,,,,,True,,,Pulogadung,Kayu Putih
rth-c9644470a110,JH.JL.BANGUNAN BARAT,jalur-hijau,Jakarta Timur,JL.BANGUNAN BARAT PULOGADUNG,-6.18537257,106.88090478,,,,,,True,,,Pulogadung,Kayu Putih
rth-6d89e851d3ab,JH.JL. KAYU PUTIH SELATAN 1,jalur-hijau,Jakarta Timur,JL. KAYU PUTIH SELATAN,-6.18824182,106.89406884,,,,,,True,,,Pulogadung,Jati
rth-36cf36d3823e,JH.JL.KAYU PUTIH SELATAN 2,jalur-hijau,Jakarta Timur,JL. KAYU PUTIH SELATAN,-6.18766429,106.89752288,,,,,,True,,,Pulogadung,Jati
rth-b1be9267a084,JH.JL.PULOMAS 1,jalur-hijau,Jakarta Timur,JL. PULOMAS RAYA,-6.17622625,106.87626322,,,,,,True,,,Pulogadung,Kayu Putih
rth-6488c58a3f7a,JH.JL.PULOMAS 2,jalur-hijau,Jakarta Timur,JL. PULOMAS RAYA,-6.1769517,106.87940888,,,,,,True,,,Pulogadung,Kayu Putih
rth-0c837571d0a6,JH.JL.PULOMAS 3,jalur-hijau,Jakarta Timur,JL. PULOMAS RAYA,-6.17760915,106.88190842,,,,,,True,,,Pulogadung,Kayu Putih
rth-7456445e6a88, ,taman,Jakarta Barat,KELURAHAN CENGKARENG BARAT,-6.14590195,106.722183,,,,,,True,,,Cengkareng,Cengkareng Barat
rth-284c1e63eddc,JH.PULO-PULO PENGGILINGAN 3,jalur-hijau,Jakarta Timur,JL.PENGGILINGAN,-6.21424982,106.93959284,,,,,,True,,,Cakung,Penggilingan
rth-406765480f55,JH. JL.A.YANI 3,jalur-hijau,Jakarta Timur,Jl.A.YANI,-6.21308942,106.87422436,,,,,,True,,,Pulogadung,Pisangan Timur
rth-a26342f659fb,JH.PULO-PULO PENGGILINGAN 4,jalur-hijau,Jakarta Timur,JL. PENGGILINGAN,-6.21638397,106.93928458,,,,,,True,,,Cakung,Penggilingan
rth-c723951e958e,JH. JL.A.YANI 6,jalur-hijau,Jakarta Timur,"Jl. DI Panjaitan, Rw. 01, Kel. Pisangan Timur, Kec. Pulo Gadung, Kota Jakarta Timur",-6.21073895,106.87416817,,,,,,True,,,Pulogadung,Pisangan Timur
rth-11dca475b9df,JH.JL ELOK PENGGILINGAN 2,jalur-hijau,Jakarta Timur,JL. ELOK PENGGILINGAN,-6.19573709,106.93778167,,,,,,True,,,Cakung,Penggilingan
rth-539433ddde4a,JH. JL.ELOK PENGGILINGAN 3,jalur-hijau,Jakarta Timur,JL.ELOK PENGGILINGAN,-6.19574835,106.94026782,,,,,,True,,,Cakung,Penggilingan
rth-96e2d0581297,JH Pulo-Pulo Pemuda_1,jalur-hijau,Jakarta Timur,"Jl. Pemuda, Rw. 1, Kel. Rawamangun, Kec. Pulo Gadung, Kota Jakarta Timur",-6.19196593,106.90562243,,,,,,True,,,Pulogadung,Rawamangun
rth-7ac6da406119,JH. Pulo-pulo Pemuda_2,jalur-hijau,Jakarta Timur,"Jl. Pemuda, Rw. 01, Kel. Rawamangun, Kec. Pulogadung, Kota Jakarta Timur",-6.19230747,106.90558376,,,,,,True,,,Pulogadung,Rawamangun
rth-095615b07863,JH. Segitiga Rawamangun Muka,jalur-hijau,Jakarta Timur,"Jl. Rawamangun Muka, Rw. 12, Kel. Rawamangun, Kec. Pulo gadung, Kota Jakarta Timur",-6.1968995,106.88027064,,,,,,True,,,Pulogadung,Rawamangun
rth-f1b3d0eb12dd,JH JL. RADIN INTEN 4,jalur-hijau,Jakarta Timur,,-6.22033468,106.92355061,,,,,,True,,,Duren Sawit,Duren Sawit
rth-d310bff0d0c8,JH. Tanah Mas 1,jalur-hijau,Jakarta Timur,"Jl. Tanah Mas I, Rw. 03, Kel. Kayu Putih, Kec. Pulo Gadung, Kota Jakarta Timur",-6.18723825,106.88851195,,,,,,True,,,Pulogadung,Kayu Putih
rth-d18e25900f70,Jalur Hijau Pedestrian Jl. HOS Cokroaminoto (3),jalur-hijau,Jakarta Pusat,Jl. HOS Cokroaminoto,-6.19894861,106.82827686,,,,,,True,,,Menteng,Menteng
rth-b4cd56fca3e2,Jalur Hijau Pedestrian Jl. HOS Cokroaminoto (4),jalur-hijau,Jakarta Pusat,Jl. HOS Cokroaminoto,-6.19622188,106.8288307,,,,,,True,,,Menteng,Menteng
rth-4d25a1cee6e4,Jalur Hijau Pedestrian Jl. HOS Cokroaminoto (5),jalur-hijau,Jakarta Pusat,Jl. HOS Cokroaminoto,-6.19763737,106.82860714,,,,,,True,,,Menteng,Menteng
rth-9c908a86a007,Jalur Hijau Pedestrian Jl. HOS Cokroaminoto (6),jalur-hijau,Jakarta Pusat,Jl. HOS Cokroaminoto,-6.19895207,106.82842876,,,,,,True,,,Menteng,Menteng
rth-994a8952cd2f,Jalur Hijau Pedestrian Jl. Kramat Raya (1),jalur-hijau,Jakarta Pusat,Jl. Kramat Raya,-6.18581556,106.84446834,,,,,,True,,,Senen,Kramat
rth-80bab5a42797,Jalur Hijau Pedestrian Jl. Kramat Raya (2),jalur-hijau,Jakarta Pusat,Jl. Kramat Raya,-6.1853044,106.84464795,,,,,,True,,,Senen,Kramat
rth-70c75bb2ff35,Jalur Hijau Pedestrian Jl. Salemba Raya (1),jalur-hijau,Jakarta Pusat,Jl. Salemba Raya,-6.19436897,106.84929858,,,,,,True,,,Senen,Kramat
rth-8f18f27d00bc,Jalur Hijau Pedestrian Jl. Salemba Raya (2),jalur-hijau,Jakarta Pusat,Jl. Salemba Raya,-6.19287936,106.84891946,,,,,,True,,,Senen,Kramat
rth-5087c6ff0175,Jalur Hijau Bawah Fly Over Matraman (1),jalur-hijau,Jakarta Pusat,Bawah Fly Over Matraman,-6.19911024,106.85346557,,,,,,True,,,Senen,Paseban
rth-f75a69f2e3cf,Jalur Hijau Bawah Fly Over Matraman (3),jalur-hijau,Jakarta Pusat,Bawah Fly Over Matraman,-6.19933523,106.85412892,,,,,,True,,,Senen,Paseban
rth-c20263232569,JH.JL.PULOMAS 4,jalur-hijau,Jakarta Timur,JL.PULOMAS RAYA,-6.17779902,106.88247809,,,,,,True,,,Pulogadung,Kayu Putih
rth-e643c096279c,JH.JL.PULOMAS 5,jalur-hijau,Jakarta Timur,JL.PULOMAS RAYA,-6.17851425,106.88459938,,,,,,True,,,Pulogadung,Kayu Putih
rth-7f2a71bc4d05,Jalur Hijau Jl. Sunda,jalur-hijau,Jakarta Pusat,Jl. Sunda,-6.18851607,106.82458422,,,,,,True,,,Menteng,Gondangdia
rth-64f7ab097dc1,Jl. Pulomas Jaya_2,jalur-hijau,Jakarta Timur,JL. PULOMAS RAYA,-6.17914656,106.88676643,,,,,,True,,,Pulogadung,Kayu Putih
rth-4b50c1d628f3,Jalur Hijau Jl. Pramuka (1),jalur-hijau,Jakarta Pusat,Jl. Pramuka,-6.19205482,106.87397897,,,,,,True,,,Cempaka Putih,Rawasari
rth-ccd7ed12ea42,Jalur Hijau Jl. Pramuka (2),jalur-hijau,Jakarta Pusat,Jl. Pramuka,-6.19190809,106.87160747,,,,,,True,,,Cempaka Putih,Rawasari
rth-2bdcf09a55d3,Jalur Hijau Jl. Pramuka (3),jalur-hijau,Jakarta Pusat,Jl. Pramuka,-6.19222759,106.8675826,,,,,,True,,,Cempaka Putih,Rawasari
rth-bb23abe3f144,Jalur Hijau Jl. Pramuka (4),jalur-hijau,Jakarta Pusat,Jl. Pramuka,-6.19261937,106.86468446,,,,,,True,,,Cempaka Putih,Rawasari
rth-95206a5815fc,Jalur Hijau Jl. Pramuka (5),jalur-hijau,Jakarta Pusat,Jl. Pramuka,-6.1931607,106.86302951,,,,,,True,,,Cempaka Putih,Rawasari
rth-eff99eab3c3f,Jalur Hijau Jl. Pramuka (6),jalur-hijau,Jakarta Pusat,Jl. Pramuka,-6.19370919,106.86187877,,,,,,True,,,Cempaka Putih,Rawasari
rth-c0403f91109e,Jalur Hijau Jl. Pramuka (7),jalur-hijau,Jakarta Pusat,Jl. Pramuka,-6.19446214,106.86071286,,,,,,True,,,Cempaka Putih,Rawasari
rth-4a9974857952,JH. Tanah Mas Raya_1,jalur-hijau,Jakarta Timur,"Jl. Tanah Mas Raya, Rw. 16, Kel. Kayu Putih, Kec. Pulo Gadung, Kota Jakarta Timur",-6.18496919,106.88978633,,,,,,True,,,Pulogadung,Kayu Putih
rth-bbbe32085b9f,JH. Tanah Mas Raya_2,jalur-hijau,Jakarta Timur,"Jl. Tanah Mas Raya, Rw. 16, Kel. Kayu Putih, Kec. Pulo Gadung, Kota Jakarta Timur",-6.1846239,106.88769277,,,,,,True,,,Pulogadung,Kayu Putih
rth-3d6078db5bbc,JH. Kayu Putih Tengah_1,jalur-hijau,Jakarta Timur,"Jl. Kayu Putih Tengah, Rw. 07, Kel. Pulo Gadung, Kec. Pulo Gadung, Kota Jakarta Timur",-6.18361706,106.8923638,,,,,,True,,,Pulogadung,Pulo Gadung
rth-ac1688e3a9cf,JH Jl. Terusan I Gusti Ngurah Rai (Area 1),jalur-hijau,Jakarta Timur,,-6.2182151,106.94304662,,,,,,True,,,Duren Sawit,
rth-14fe19401776,JH. Kayu Putih Tengah_2,jalur-hijau,Jakarta Timur,"Jl. Kayu Putih Tengah, Rw. 07, Kel. Pulo Gadung, Kec. Pulo Gadung, Kota Jakarta Timur",-6.18388092,106.89381882,,,,,,True,,,Pulogadung,Pulo Gadung
rth-3b01a6fc1ba1,JH Jl. Terusan I Gusti Ngurah Rai (Area 2),jalur-hijau,Jakarta Timur,,-6.21864938,106.94660456,,,,,,True,,,Duren Sawit,
rth-641abed475e2,JH Jl. Terusan I Gusti Ngurah Rai (Area 3),jalur-hijau,Jakarta Timur,,-6.21888562,106.94819935,,,,,,True,,,Duren Sawit,
rth-40143a688b1e,JH Jl. Terusan I Gusti Ngurah Rai (Area 4),jalur-hijau,Jakarta Timur,,-6.21932736,106.9501303,,,,,,True,,,Duren Sawit,
rth-76c8eb375b2d,JH Jl. Terusan I Gusti Ngurah Rai (Area 5),jalur-hijau,Jakarta Timur,,-6.2192672,106.95089691,,,,,,True,,,Duren Sawit,
rth-0b4137370937,JH. Kayu Putih Tengah_3,jalur-hijau,Jakarta Timur,"Jl. Kayu Putih Tengah, Rw. 07, Kel. Pulo Gadung, Kec. Pulogadung, Kota Jakarta Timur",-6.18397564,106.895028,,,,,,True,,,Pulogadung,Pulo Gadung
rth-8e5d6cf2f631,JH Jl. Terusan I Gusti Ngurah Rai (Area 7),jalur-hijau,Jakarta Timur,,-6.21965686,106.95411151,,,,,,True,,,Duren Sawit,Pondok Kopi
rth-78fcc57c7c3b,JH Jl. Terusan I Gusti Ngurah Rai (Area 8),jalur-hijau,Jakarta Timur,,-6.21974835,106.95558789,,,,,,True,,,Duren Sawit,Pondok Kopi
rth-ab7d8d61d98a,Jalur Hijau Gempol_01,jalur-hijau,Jakarta Timur,,-6.30899507,106.8944562,,,,,,True,,,Cipayung,Ceger
rth-73239c7ca3aa,Jalur Hijau Jl. Bambu Apus,jalur-hijau,Jakarta Timur,JH Jl. Bambu Apus,-6.31438043,106.89968412,,,,,,True,,,Cipayung,Bambu Apus
rth-85baca8f047f,JH Jl. Bina Marga,taman,Jakarta Timur,Jl. Bina Marga,-6.323366,106.88911195,,,,,,True,,,Cipayung,Cipayung
rth-aaf98ff4baab,JH Jalan Hankam,taman,Jakarta Timur,Jl. Hankam,-6.30766209,106.89343909,,,,,,True,,,Cipayung,Cipayung
rth-a5e027e51c28,JH Jalan DI Panjaitan (Area 5),jalur-hijau,Jakarta Timur,"Jl. DI Panjaitan, Rw. 02, Kel. Cipinang Besar Selatan, Kec. Jatinegara, Kota Jakarta Timur",-6.23482037,106.87727706,,,,,,True,,,Jatinegara,Cipinang Besar Selatan
rth-6144c41be92b,JH.JL.BALAI RAKYAT / JL. GALUR SARI 2,jalur-hijau,Jakarta Timur,JL. BALAI RAKYAT / JL. GALUR SARI,-6.19827857,106.86880166,,,,,,True,,,Matraman,Utan Kayu Utara
rth-bffe26f5b7f6,JH.JL. SMA 48 MAKASAR,jalur-hijau,Jakarta Timur,JL. SMA 48 MAKASAR,-6.28693397,106.88214024,,,,,,True,,,Makasar,Pinangranti
rth-f0b6761ae4fe,JH. JL. PUSDIK MAKASAR 1,jalur-hijau,Jakarta Timur,JL. PUSDIK MAKASAR,-6.28515237,106.88005784,,,,,,True,,,Makasar,Pinangranti
rth-ac099913a17b,JH. JL. PUSDIK MAKASAR,jalur-hijau,Jakarta Timur,JL. PUSDIK MAKASAR,-6.28506911,106.87977626,,,,,,True,,,Makasar,Makasar
rth-ac95048a3748,JH. JL. GOR MAKASAR 1,jalur-hijau,Jakarta Timur,JL. GOR MAKASAR,-6.28042533,106.87684111,,,,,,True,,,Makasar,Makasar
rth-29b7c141a3b0,JH. JL.GOR MAKASAR 2,jalur-hijau,Jakarta Timur,JL. GOR MAKASAR,-6.28063252,106.87691797,,,,,,True,,,Makasar,Makasar
rth-2fc57fb5e284,JH.JL.BALAI RAKYAT / JL. GALUR SARI 1,jalur-hijau,Jakarta Timur,JL. BALAI RAKYAT / JL. GALUR SARI,-6.19891757,106.86877997,,,,,,True,,,Matraman,Utan Kayu Utara
rth-c57f3a74f2ef,JH. Pulo Nangka Timur,jalur-hijau,Jakarta Timur,"Jl. Pulo Nangka Timur, Rw. 08, Kel. Pulo Gadung, Kec. Pulogadung, Jakarta Timur",-6.17874383,106.89836994,,,,,,True,,,Pulogadung,Pulo Gadung
rth-780ef742991c,JH.JL.PRAMUKA 9,jalur-hijau,Jakarta Timur,JL.PRAMUKA,-6.1922246,106.86968358,,,,,,True,,,Matraman,Utan Kayu Utara
rth-bc41385b0d4b,JH. Jatinegara Kaum,jalur-hijau,Jakarta Timur,"Jl. Jatinegara Kaum, Rw. 03, Kel. Jatinegara Kaum, Kec. Pulogadung, Jakarta Timur",-6.20255335,106.90063702,,,,,,True,,,Pulogadung,Jatinegara Kaum
rth-dd1c3794f3a3,JH. Depan BPKP,jalur-hijau,Jakarta Timur,"Jl. Pramuka, RW. 08, Kel. Utan Kayu Utara, Kec. Matraman, Kota Jakarta Timur",-6.19225545,106.87112193,,,,,,True,,,Matraman,Utan Kayu Utara
rth-d21d61eb355b,JH. Balai Pustaka,jalur-hijau,Jakarta Timur,"Jl. Balai Pustaka Timur, Rw. 07, Kel. Rawamanguna, Kec. Pulogadung, Jakarta Timur",-6.19510815,106.88611299,,,,,,True,,,Pulogadung,Rawamangun
rth-a7b5190867b3,JH. Kayu Putih Tengah_4,jalur-hijau,Jakarta Timur,"Jl. Kayu Putih Tengah, Rw. 07, Kel. Pulo Gadung, Kec. Pulogadung, Kota Jakarta Timur",-6.18392399,106.89612051,,,,,,True,,,Pulogadung,Pulo Gadung
rth-3615e6eaaba5,JH. Kayu Putih Tengah_5,jalur-hijau,Jakarta Timur,"Jl. Kayu Putih Tengah, Rw. 07, Kel. Pulo Gadung, Kec. Pulogadung, Kota Jakarta Timur",-6.18387626,106.89762914,,,,,,True,,,Pulogadung,Pulo Gadung
rth-7efe35ec8a17,JH. Kayu Putih Tengah_6,jalur-hijau,Jakarta Timur,"Jl. Kayu Putih Tengah, Rw. 05, Kel. Pulo Gadung, Kec. Pulogadung, Kota Jakarta Timur",-6.18398671,106.89746617,,,,,,True,,,Pulogadung,Pulo Gadung
rth-fa42e6364678,JH.JL.TEGALAN,jalur-hijau,Jakarta Timur,JL.TEGALAN MATRAMAN,-6.20207728,106.85812598,,,,,,True,,,Matraman,Palmeriam
rth-7af4de3c2886,JH.JL.PRAMUKA 6,jalur-hijau,Jakarta Timur,JL. PRAMUKA,-6.1927419,106.86503689,,,,,,True,,,Matraman,Utan Kayu Utara
rth-7e6e3dd321a7,JH.JL.PRAMUKA 7,jalur-hijau,Jakarta Timur,JL.PRAMUKA,-6.19293337,106.86424488,,,,,,True,,,Matraman,Utan Kayu Utara
rth-5924e316254d,JH.JL.PRAMUKA 8,jalur-hijau,Jakarta Timur,JL.PRAMUKA,-6.19483036,106.86052327,,,,,,True,,,Matraman,Utan Kayu Utara
rth-ea90cfd758aa,JH.JL.HALIM PERDANA KUSUMA 3,jalur-hijau,Jakarta Timur,JL. HALIM PERDANA KUSUMA,-6.25142378,106.88042409,,,,,,True,,,Makasar,Kebon Pala
rth-7c55679f8dc7,JH.JL.HALIM PERDANA KUSUMA 4,jalur-hijau,Jakarta Timur,JL.HALIM PERDANA KUSUMA,-6.25303745,106.88111539,,,,,,True,,,Makasar,Kebon Pala
rth-280e8a9cca95,JH.JL.HALIM PERDANA KUSUMA 5,jalur-hijau,Jakarta Timur,JL.HALIM PERDANA KUSUMA,-6.25449998,106.88207874,,,,,,True,,,Makasar,Halim Perdana Kusuma
rth-bd01c08a1c60,JH.JL.HALIM PERDANA KUSUMA 6,jalur-hijau,Jakarta Timur,JL. HALIM PERDANA KUSUMA,-6.25601814,106.88316444,,,,,,True,,,Makasar,Halim Perdana Kusuma
rth-343daf28eb85,Jalan DI Panjaitan (Area 6),jalur-hijau,Jakarta Timur,"Jl. DI Panjiatan, Rw. 02, Kel. Cipinang Besar Selatan, Kec. Jatinegara, Kota Jakarta Timur",-6.23397263,106.87712214,,,,,,True,,,Jatinegara,Cipinang Besar Selatan
rth-49c2129b31fb,Jalur Hijau Fly Over Salemba (2),jalur-hijau,Jakarta Pusat,Fly Over Salemba,-6.19874169,106.85337197,,,,,,True,,,Senen,Paseban
rth-3bd1b8f8e89b,JH Jalan DI Panjaitan (Area 4),jalur-hijau,Jakarta Timur,"Jl. DI Panjaitan, Rw. 02, Kel. Cipinang Cempedak, Kec. Jatinegara, Kota Jakarta Timur",-6.23335912,106.87659939,,,,,,True,,,Jatinegara,Cipinang Cempedak
rth-d94e5ee42cae,Jalur Hijau Fly Over Salemba (3),jalur-hijau,Jakarta Pusat,Fly Over Salemba,-6.19872827,106.85348051,,,,,,True,,,Senen,Paseban
rth-ecfe3afbbdb8,JH. JL. DI PANJAITAN (Area 9),jalur-hijau,Jakarta Timur,"Jl. DI Panjaitan, Rw. 01, Kel. Cipinang Besar Utara, Kel. Jatinegara, Kota Jakarta Timur",-6.22516564,106.87510005,,,,,,True,,,Jatinegara,Cipinang Besar Utara
rth-141f00fa4551,JH.JL.DI PANJAITAN (Area 8),jalur-hijau,Jakarta Timur,"Jl. DI Panjaitan, Rw. 06, Kel. Cipinang Besar Selatan, Kec. Jatinegara, Kota Jakarta Timur",-6.22578125,106.87511998,,,,,,True,,,Jatinegara,Cipinang Besar Selatan
rth-949a7cf3b006,JH.JL.DI PANJAITAN (Area 10),jalur-hijau,Jakarta Timur,"Jl. DI Panjaitan, Rw. 09, Kel. Rawa Bunga, Kec. Jatinegara, Kota Jakarta Timur",-6.21538332,106.87407446,,,,,,True,,,Jatinegara,Rawa Bunga
rth-22c14d857355,JH. Jl. Jatiwaringin_1,jalur-hijau,Jakarta Timur,"Jl. Jati Waringin, Rw. 13, Kel. Cipinang Melayu, Kec. Makasar, Kota Jakarta Timur",-6.250081,106.90870209,,,,,,True,,,Makasar,Cipinang Melayu
rth-95466c8d228b,JH. Jl. Jatiwaringin_2,jalur-hijau,Jakarta Timur,"Jl. Jatiwaringin, Rw. 07, Kel. Cipinang Melayu, Kec. Makasar, Jakarta Timur",-6.2540224,106.90954287,,,,,,True,,,Makasar,Cipinang Melayu
rth-6d225533e2a3,Jalur Hijau Fly Over Roxy (1),jalur-hijau,Jakarta Pusat,sisi atas Fly Over Roxy,-6.16596972,106.80235177,,,,,,True,,,Gambir,Cideng
rth-92de568108b2,JH. Pulo-Pulo Jatiwaringin_1,jalur-hijau,Jakarta Timur,"Jl. Jatiwaringin, RW. 09, Kel Cipinang Melayu, Kec. Makasar, Jakarta Timur",-6.25549208,106.90982733,,,,,,True,,,Makasar,Cipinang Melayu
rth-981fa29c6efa,Jalur Hijau Fly Over Roxy (2),jalur-hijau,Jakarta Pusat,sisi atas Fly Over Roxy,-6.16610412,106.80233587,,,,,,True,,,Gambir,Cideng
rth-58b6a1816a1e,JH. Pulo-Pulo Jatiwaringin_2,jalur-hijau,Jakarta Timur,"Jl. Jatiwarigin, RW. 09, Kel. Cipinang Melayu, Kec. Makasar, Jakarta Timur",-6.25561018,106.90993064,,,,,,True,,,Makasar,Cipinang Melayu
rth-ad4109496387,Jalur Hijau Fly Over Roxy (3),jalur-hijau,Jakarta Pusat,Fly Over Roxy,-6.16603508,106.80232567,,,,,,True,,,Gambir,Cideng
rth-9339252cbc09,JH. Pulo-pulo Jatiwaringin_3,jalur-hijau,Jakarta Timur,"Jl. Jatiwaringin, RW. 09, Kel. Cipinang Melayu, Kec. Makasar, Kota Jakarta Timur",-6.25799398,106.9102948,,,,,,True,,,Makasar,Cipinang Melayu
rth-5a73e62b3d42,Jalur Hijau Fly Over Karet (1),jalur-hijau,Jakarta Pusat,Fly Over Karet,-6.20110099,106.81543147,,,,,,True,,,Tanah Abang,Karet Tengsin
rth-a3e69da22f2a,Jalur Hijau Fly Over Karet (2),jalur-hijau,Jakarta Pusat,Fly Over Karet,-6.20102352,106.81555681,,,,,,True,,,Tanah Abang,Karet Tengsin
rth-a6cab78f7000,JH. Persahabatan_1,jalur-hijau,Jakarta Timur,"Jl. Persahabatan, Rw. 09, Kel. Rawamangun, Kec. Pulogadung, Jakarta Timur",-6.19692465,106.88605854,,,,,,True,,,Pulogadung,Rawamangun
rth-9a721757d9e8,JH. Persahabatan_2,jalur-hijau,Jakarta Timur,"Jl. Persahabatan, Rw. 11, kel. Rawamngun, Kec. Pulogadung, Jakarta Timur",-6.19953948,106.88601275,,,,,,True,,,Pulogadung,Rawamangun
rth-d57da4ba289d,JH. Jl. Cipinang Baru Raya_2,jalur-hijau,Jakarta Timur,"Jl. Cipinang Baru Raya, Rw. 18, Kel. Cipinang, Kec. Pulogadung, Jakarta Timur",-6.20429994,106.89017428,,,,,,True,,,Pulogadung,Cipinang
rth-c8bf10985839,JH. Jl. Raya Bogor (HEK) (Area 2),jalur-hijau,Jakarta Timur,"Jl. Raya Bogor, RW. 09, Kel. Gedong, Kec. Pasar Rebo, Kota Jakarta Timur",-6.30602275,106.86529729,,,,,,True,,,Pasar Rebo,Gedong
rth-b2dbe16c1918,JL.PENGAYOMAN,jalur-hijau,Jakarta Timur,JL.PENGAYOMAN,-6.19353498,106.86945656,,,,,,True,,,Matraman,Utan Kayu Utara
rth-f9ba3b60df7a,KBT Segmen Pintu Air S/D Pondok Kopi Zona I,jalur-hijau,Jakarta Timur,KBT Zona I,-6.22896105,106.88456147,,,,,,True,,,Jatinegara,Cipinang Besar Selatan
rth-caaa4900e188,Jalur Hijau BKT Segmen Pintu Air S.d Pondok Kopi Zona I,jalur-hijau,Jakarta Timur,KBT Zona I,-6.22702744,106.92465055,,,,,,True,,,Duren Sawit,Duren Sawit
rth-84af5abaf150,KBT Segman Pitu Air s.d Pondok Kopi I,jalur-hijau,Jakarta Timur,BKT,-6.22854227,106.88328669,,,,,,True,,,Jatinegara,Cipinang Besar Selatan
rth-69a98dfeacd3,JH.JL.AS SYAFIIAH,jalur-hijau,Jakarta Timur,JL.AS SYAFIIAH CIPAYUNG,-6.3345196,106.9024303,,,,,,True,,,Cipayung,Cilangkap
rth-db3665b06547,JH.JL.HALIM PERDANA KUSUMA 7,jalur-hijau,Jakarta Timur,JL. HALIM PERDANA KUSUMA,-6.25681473,106.88373286,,,,,,True,,,Makasar,Halim Perdana Kusuma
rth-4d2e069b52d5,JH. Kayu Putih Tengah_7,jalur-hijau,Jakarta Timur,"Jl. Kayu Putih Tengah, Rw. 05, Kel. Pulo gadung, Kec. Pulogadung, Kota Jakarta Timur`",-6.18405121,106.89477523,,,,,,True,,,Pulogadung,Pulo Gadung
rth-6b5bb5f3dc34,JH. Kayu Putih Tengah_8,jalur-hijau,Jakarta Timur,"Jl. Kayu Putih tengah, Rw. 06, kel. Pulo Gadung, Kec. Pulogadung, Kota Jakarta Timur",-6.18374406,106.89236148,,,,,,True,,,Pulogadung,Pulo Gadung
rth-2b03dec753b6,JH. Jl. Kayu Putih III_1,jalur-hijau,Jakarta Timur,"Jl. Kayu Putih III, Rw. 06, Kel. Pulo Gadung, Kec. Pulogadung, Kota Jakarta Timur",-6.18385754,106.89229799,,,,,,True,,,Pulogadung,Pulo Gadung
rth-70379d206057,JH. Kayu Putih III_2,jalur-hijau,Jakarta Timur,"Jl. Kayu Putih III, Rw. 06, Kel. Pulo Gadung, kec. Pulogadung, Kota Jakarta Timur",-6.18416882,106.89494711,,,,,,True,,,Pulogadung,Pulo Gadung
rth-25281379987c,JH. Kayu Putih III_3,jalur-hijau,Jakarta Timur,"Jl. Kayu Putih III, Rw. 05, Kel. Pulo Gadung, Kec. Pulogadung, Kota Jakarta Timur",-6.18410847,106.89750408,,,,,,True,,,Pulogadung,Pulo Gadung
rth-6a6cf4a1d27b,JH.JL.KOL.SUGIONO 9,jalur-hijau,Jakarta Timur,JL.KOL.SUGIONO,-6.22774173,106.92297252,,,,,,True,,,Duren Sawit,Duren Sawit
rth-0d8fdcb0949c,JH.JL.KOL.SUGIONO 10,jalur-hijau,Jakarta Timur,JL.KOL.SUGIONO,-6.22775346,106.92319199,,,,,,True,,,Duren Sawit,Duren Sawit
rth-ac88af8f00d2,JH.JL.WIJAYA KUSUMA 1,jalur-hijau,Jakarta Timur,JL.WIJAYA KUSUMA,-6.22745957,106.90540589,,,,,,True,,,Duren Sawit,Duren Sawit
rth-e72c53b62c28,JH.JL.WISMA JAYA 2,jalur-hijau,Jakarta Timur,JL.WIJAYA KUSUMA,-6.22581485,106.90649106,,,,,,True,,,Duren Sawit,Duren Sawit
rth-3d569bf8a6f8,JH.JL.WIJAYA KUSUMA 3,jalur-hijau,Jakarta Timur,JL.WIJAYA KUSUMA,-6.22513371,106.90703136,,,,,,True,,,Duren Sawit,Duren Sawit
rth-6e84e9396964,JH.LINGKAR DUREN SAWIT,jalur-hijau,Jakarta Timur,JL.LINGKAR DUREN SAWIT,-6.22295826,106.91391584,,,,,,True,,,Duren Sawit,
rth-28b66780263d,JH.JL.ARAFURU,jalur-hijau,Jakarta Timur,JL.ARAFURU DUREN SAWIT,-6.2361548,106.90995708,,,,,,True,,,Duren Sawit,Pondok Bambu
rth-72af810093d4,JH.JL. RADIN INTAN 1,jalur-hijau,Jakarta Timur,JL.RADIN INTEN DUREN SAWIT,-6.21859381,106.92359433,,,,,,True,,,Duren Sawit,Klender
rth-bf4ec20cfde9,JH.JL.RADIN INTEN 2,jalur-hijau,Jakarta Timur,JL. RADIN INTEN DUREN SAWIT,-6.21973744,106.92349185,,,,,,True,,,Duren Sawit,Klender
rth-b8ec41c08ed0,JH. JL. RADIN INTEN 3,jalur-hijau,Jakarta Timur,JL. RADIN INTEN  DUREN SAWIT,-6.22208933,106.92332303,,,,,,True,,,Duren Sawit,Duren Sawit
rth-9e2f52ed78d6,JH.RADIN INTEN 4,jalur-hijau,Jakarta Timur,JL.RADIN INTEN DUREN SAWIT,-6.22558424,106.92327119,,,,,,True,,,Duren Sawit,Duren Sawit
rth-687276827fca,JH. JL. RADIN INTEN 5,jalur-hijau,Jakarta Timur,JL.RADIN INTEN DUREN SAWIT,-6.22894492,106.92278608,,,,,,True,,,Duren Sawit,Duren Sawit
rth-2f609446371f,JH.JL.RADIN INTEN 6,jalur-hijau,Jakarta Timur,JL. RADIN INTEN DUREN SAWIT,-6.23317099,106.92263477,,,,,,True,,,Duren Sawit,Duren Sawit
rth-e1d407c17043,JH.JL.RADIN INTEN 7,jalur-hijau,Jakarta Timur,JL. RADIN INTEN DUREN SAWIT,-6.24198718,106.92093432,,,,,,True,,,Duren Sawit,Duren Sawit
rth-a5fdb653120f,Jalur Hijau Fly Over Latuharhary (2),jalur-hijau,Jakarta Pusat,Fly Over Latuharhary,-6.20343276,106.82807906,,,,,,True,,,Menteng,Menteng
rth-7725539552f6,JH. Jl. Komodor Halim_1,jalur-hijau,Jakarta Timur,"Jl. Komodor Halim, RW. 09, Kel. Halim Perdana Kusuma, Kec. Makasar, Jakarta Timur",-6.26454151,106.88421315,,,,,,True,,,Makasar,Halim Perdana Kusuma
rth-ff4d03af4383,JH. Komodor Halim_2,jalur-hijau,Jakarta Timur,"Jl. Komodor Halim, RW. 09, Kel. Halim Perdana Kusuma, Kec. Makasar, Jakarta Timur",-6.26416748,106.88433919,,,,,,True,,,Makasar,Halim Perdana Kusuma
rth-18a80c19f993,Jalur Hijau Fly Over Latuharhary (1),jalur-hijau,Jakarta Pusat,Fly Over Latuharhary,-6.20336857,106.82778022,,,,,,True,,,Menteng,Menteng
rth-1890a842d2cc,Bk-bak Tanaman,jalur-hijau,Jakarta Pusat,Fly Over Jl. Jend. Sudirman,-6.20106549,106.82325811,,,,,,True,,,Tanah Abang,Karet Tengsin
rth-3f5b82b12607,Jalur Hijau Tepian Air Banjir Kanal Barat,jalur-hijau,Jakarta Pusat,Tepian Air Banjir Kanal Barat,-6.20423981,106.83133307,,,,,,True,,,Menteng,Menteng
rth-dc9715e81ad3,Jalur Hijau Jl. Pramuka (8),jalur-hijau,Jakarta Pusat,Jl. Pramuka,-6.19495313,106.85996042,,,,,,True,,,Cempaka Putih,Rawasari
rth-a3223c1dc3e9,Jalur Hijau Jl. Pramuka (9),jalur-hijau,Jakarta Pusat,Jl. Pramuka,-6.19701984,106.85688546,,,,,,True,,,Cempaka Putih,Rawasari
rth-bc5d1f8325b0,Jalur Hijau Underpass Jl. Pramuka (1),jalur-hijau,Jakarta Pusat,Jl. Pramuka,-6.19579171,106.85889714,,,,,,True,,,Cempaka Putih,Rawasari
rth-789dbb58a546,Jalur Hijau Underpass Jl. Pramuka (4),jalur-hijau,Jakarta Pusat,Underpass Jl. Pramuka,-6.19649616,106.85785194,,,,,,True,,,Cempaka Putih,Rawasari
rth-2f3315a393db,BKT Segmen Pintu Air s.d Pondok kopi Zona I,jalur-hijau,Jakarta Timur,BKT,-6.22944388,106.88947481,,,,,,True,,,Duren Sawit,Duren Sawit
rth-39c37bfff1e5,KBT Segmen Pondok Kopi s/d Bekasi  Raya  ( Zona II ),jalur-hijau,Jakarta Timur,BKT,-6.21358642,106.95429331,,,,,,True,,,Duren Sawit,Pondok Kopi
rth-794470634c00,KBT SEGMAN PINTU AIR S.D PONDOK KOPI ( ZONA I ),jalur-hijau,Jakarta Timur,KBT Sisi Selatan,-6.2304115,106.9035202,,,,,,True,,,Duren Sawit,Pondok Bambu
rth-d548988905d9,Jalur Hijau Jl. Meruya Ilir 2,jalur-hijau,Jakarta Barat,Jl. Meruya Ilir,-6.19753548,106.74433155,,,,,,True,,,Kembangan,Meruya Utara
rth-b832a2fdcf01,Jalur Hijau Jl. Meruya Ilir 3,jalur-hijau,Jakarta Barat,Jl. meruya Ilir,-6.19752133,106.7460872,,,,,,True,,,Kembangan,Meruya Utara
rth-b8da420936db,Jalur Meruya Ilir 4,jalur-hijau,Jakarta Barat,Jl. Meruya Ilir,-6.19742251,106.74714511,,,,,,True,,,Kembangan,Meruya Utara
rth-83a8a7cd4493,Jalur Meruya Ilir 5,jalur-hijau,Jakarta Barat,Jl. Meruya Ilir,-6.19725191,106.74872082,,,,,,True,,,Kembangan,Meruya Utara
rth-a686e85f6d55,Jalur Meruya Ilir 6,jalur-hijau,Jakarta Barat,Jl. Meruya Ilir,-6.19723734,106.7498622,,,,,,True,,,Kembangan,Meruya Utara
rth-05b8c30b9ab9,Jalur Hijau Jl. Meruya Ilir 7,jalur-hijau,Jakarta Barat,Jl. Meruya Ilir,-6.19736112,106.75071289,,,,,,True,,,Kembangan,Meruya Utara
rth-71da72185c01,Jalur Hijau Jl. Meruya Ilir 8,jalur-hijau,Jakarta Barat,Jl. Meruya Ilir,-6.19721291,106.75375262,,,,,,True,,,Kembangan,Meruya Utara
rth-1444fda0eeb4,Jalur Hijau Jl. Sepanjang Sisi Dukcapil 2,jalur-hijau,Jakarta Barat,,-6.19655229,106.7342234,,,,,,True,,,Kembangan,Meruya Utara
rth-8840b14a0048,Jalur Hijau Jalur Jl. Sepanjang Sisi Tol Dukcapil 1,jalur-hijau,Jakarta Barat,,-6.19512679,106.73364077,,,,,,True,,,Kembangan,Meruya Utara
rth-ebd87574ed9d,Jalur Hijau Underpass Jl. Pramuka (2),jalur-hijau,Jakarta Pusat,Underpass Jl. Pramuka,-6.19612984,106.85840119,,,,,,True,,,Cempaka Putih,Rawasari
rth-0072829efedb,Jalur Hijau Underpass Jl. Pramuka (3),jalur-hijau,Jakarta Pusat,Underpass Jl. Pramuka,-6.19621519,106.85828131,,,,,,True,,,Cempaka Putih,Rawasari
rth-32db090be58b,Underpass Mampang Prapatan,jalur-hijau,Jakarta Selatan,,-6.24045275,106.82581249,,,,,,True,,,Mampang Prapatan,
rth-4ad7fdd87b10,Underpasss RA KArtini,jalur-hijau,Jakarta Selatan,,-6.28853367,106.77790048,,,,,,True,,,Cilandak,
rth-1650f05410e4,Fly Over Bintaro Permai,jalur-hijau,Jakarta Selatan,JL. Bintaro Permai,-6.25670833,106.76280829,,,,,,True,,,Pesanggrahan,Bintaro
rth-83a7644edd3d,Jalur Hijau JL. Moh Kahfi II,jalur-hijau,Jakarta Selatan,JL. Moh Kahfi II,-6.33721585,106.82452374,,,,,,True,,,Jagakarsa,Jagakarsa
rth-724b4a91aaac,Fly Over Permata Hijau,jalur-hijau,Jakarta Selatan,JL. Permata Hijau- JL. Fatal senayan,-6.2231581,106.79024116,,,,,,True,,,Kebayoran Lama,Grogol Utara
rth-90666da57a4e,JH.JL.PULOMAS TIMUR  1,jalur-hijau,Jakarta Timur,JL.PULOMAS BARAT/TIMUR,-6.17738042,106.8862964,,,,,,True,,,Pulogadung,Kayu Putih
rth-141ae25a2cf6,JH.JL.PULOMAS TIMUR 2,jalur-hijau,Jakarta Timur,JL.PULOMAS BARAT/TIMUR,-6.17525148,106.88740703,,,,,,True,,,Pulogadung,Kayu Putih
rth-35f384fbde16,JH. FO/Kolong Buaran_1,jalur-hijau,Jakarta Timur,"Jl. Dr. Radjiman, Rw. 14, Kel. Klender, Kec. Duren Sawit, Jakarta Timur",-6.21602043,106.92353031,,,,,,True,,,Duren Sawit,Klender
rth-746cb291651b,JH. FO/Kolong Buaran_2,jalur-hijau,Jakarta Timur,"Jl. Dr. Radjiman, Rw. 14, Kel. Klender, Kec. Duren Sawit, Jakarta Timur",-6.2160672,106.92403044,,,,,,True,,,Duren Sawit,Klender
rth-b85e8fceb558,JH. Basuki Rachmat_7,jalur-hijau,Jakarta Timur,"Jl. Basuki Rachmat, Rw.",-6.22968326,106.90067615,,,,,,True,,,,
rth-9770368a3bc9,JH.JL.HANKAM 1,jalur-hijau,Jakarta Timur,JL.HANKAM,-6.31380753,106.90787027,,,,,,True,,,Cipayung,Setu
rth-7123ae92e329,JH.JL.HANKAM 2,jalur-hijau,Jakarta Timur,JL.HANKAM,-6.31372299,106.90757847,,,,,,True,,,Cipayung,Setu
rth-19f3317e7e34,JH.JL.HANKAM 3,jalur-hijau,Jakarta Timur,JL.HANKAM,-6.31074873,106.9007198,,,,,,True,,,Cipayung,Bambu Apus
rth-20a7e0f03c0e,JH.JL.HANKAM 4,jalur-hijau,Jakarta Timur,JL.HANKAM CIPAYUNG,-6.31028361,106.90024302,,,,,,True,,,Cipayung,Bambu Apus
rth-c90a872791d7,JH.JL.TMII PINTU 1 ( 2 ),jalur-hijau,Jakarta Timur,JL.TMII PINTU 1,-6.29567746,106.88224353,,,,,,True,,,Makasar,Pinangranti
rth-26d2f3539118,KBT SEGMAN PONDOK KOPI S.D BEKASI RAYA ( ZONA II ),jalur-hijau,Jakarta Timur,Jl. Inspeksi Kanal Banjir Timur,-6.21812992,106.94974364,,,,,,True,,,Cakung,Pulo Gebang
rth-34af466e4c93,Jalur Hijau Jl. Komplek Permata Meruya 1,jalur-hijau,Jakarta Barat,Komplek Permata Meruya,-6.19842949,106.73957138,,,,,,True,,,Kembangan,Meruya Utara
rth-8b9da6ef9b07,Jalur Hijau Jl. Komplek Permata Meruya 1 (2),jalur-hijau,Jakarta Barat,Komplek Permata Meruya,-6.19843985,106.73950295,,,,,,True,,,Kembangan,Meruya Utara
rth-5c916c2624fc,Jalur Hijau Jl. Komplek Permata Meruya 1 (3),jalur-hijau,Jakarta Barat,,-6.19662222,106.73955363,,,,,,True,,,Kembangan,Meruya Utara
rth-d03ae8f71c3b,Jalur Hijau Jl. Komplek Permata Meruya 1 (4),jalur-hijau,Jakarta Barat,,-6.1965465,106.73962339,,,,,,True,,,Kembangan,
rth-1da7b95ae459,Jalur Hijau Jl. Komplek Permata Meruya 2 (1),jalur-hijau,Jakarta Barat,Komplek Permata Meruya,-6.19498297,106.74071067,,,,,,True,,,Kembangan,Meruya Utara
rth-c166b649a8e8,Jalur Hijau Jl. Komplek Permata Meruya 2 (2),jalur-hijau,Jakarta Barat,Komplek Permata Meruya,-6.19492436,106.74072191,,,,,,True,,,Kembangan,Meruya Utara
rth-fc9cafb8a9ea,Jalur Hijau Jl. Komplek Permata Meruya 2 (3),jalur-hijau,Jakarta Barat,Komplek Permata Meruya,-6.19494193,106.73850124,,,,,,True,,,Kembangan,Meruya Utara
rth-81839f28125f,RTH Jl. Panglima Polim II,taman,Jakarta Selatan,RTH Jl. Panglima Polim II RT. 003 RW. 07,-6.2481023,106.80164629,,,,,,True,,,Kebayoran Baru,Melawai
rth-b6032efe20d6,Jalur Hijau Jl. Komplek Permata Meruya 2 (4),jalur-hijau,Jakarta Barat,Komplek Permata Meruya,-6.19486269,106.73804274,,,,,,True,,,Kembangan,Meruya Utara
rth-1bd4a962e7c1,Jalur Hijau Jl. Komplek Permata Meruya 3 (1),jalur-hijau,Jakarta Barat,Komplek Permata Meruya,-6.19381729,106.73724547,,,,,,True,,,Kembangan,Meruya Utara
rth-4534e8be702a,Jalur Hijau Jl. Komplek Permata Meruya 3 (2),jalur-hijau,Jakarta Barat,Komplek Permata Meruya,-6.19365607,106.73718248,,,,,,True,,,Kembangan,Meruya Utara
rth-2e6eacca7d2e,JH.JL.PULOMAS TIMUR 3,jalur-hijau,Jakarta Timur,JL. PULOMAS TIMUR/BARAT,-6.1738739,106.88822133,,,,,,True,,,Pulogadung,Kayu Putih
rth-a3c59b5913cb,JH.JL.PULOMAS TIMUR 4,jalur-hijau,Jakarta Timur,JL.PULOMAS TIMUR/BARAT,-6.17270056,106.88892912,,,,,,True,,,Pulogadung,Kayu Putih
rth-10f3d80e5555,JH.JL.PULOMAS SELATAN,jalur-hijau,Jakarta Timur,JL.PULOMAS SELATAN,-6.17360501,106.87700361,,,,,,True,,,Pulogadung,Kayu Putih
rth-88af88d3258a,taman repoblika,jalur-hijau,Jakarta Selatan,Jalan Raya Warung buncit pejaten vilage/ depan universitas islam,-6.28281497,106.82731999,,,,,,True,,,Pasar Minggu,Pejaten Barat
rth-2779330fa5da,Taman Warung buncit,jalur-hijau,Jakarta Selatan,Jalan Warung buncit / depan pom bensin,-6.2751456,106.83022851,,,,,,True,,,Pasar Minggu,Pejaten Barat
rth-852750705d20,Taman Warung Jati selter busway,jalur-hijau,Jakarta Selatan,Jalan Warung buncit,-6.26235866,106.82978331,,,,,,True,,,Pancoran,Kalibata
rth-4cf481b741fb,Taman Segitiga  Bintaro Raya,jalur-hijau,Jakarta Selatan,Jalan Bintaro raya,-6.2534644,106.77766728,,,,,,True,,,Kebayoran Lama,Kebayoran Lama Utara
rth-0f3c5d3c2c4a,TAMAN SEGITIGA BUNGUR,jalur-hijau,Jakarta Selatan,Jalan Raya Bungur,-6.24708737,106.77921243,,,,,,True,,,Kebayoran Lama,Kebayoran Lama Utara
rth-61d5e6d43827,Taman Segiga bungur,jalur-hijau,Jakarta Selatan,Jalan Bungur Raya,-6.24754251,106.78116392,,,,,,True,,,Kebayoran Lama,Kebayoran Lama Utara
rth-ab10492fff39,Taman Segitiga Pondok indah,jalur-hijau,Jakarta Selatan,Jalan Iskandar muda / jalan margaguna,-6.26338038,106.78378602,,,,,,True,,,Kebayoran Lama,Pondok Pinang
rth-3c3353f2f30d,JH. JL. RAYA BEKASI 1,jalur-hijau,Jakarta Timur,JL. RAYA BEKASI,-6.18908671,106.96433961,,,,,,True,,,Cakung,Ujung Menteng
rth-b515fd0b7585,JH.JL.HANKAM 5,jalur-hijau,Jakarta Timur,JL. HANKAM CIPAYUNG,-6.30857569,106.89751041,,,,,,True,,,Cipayung,Bambu Apus
rth-6b9da9c40b6f,JH.JL.HANKAM 6,jalur-hijau,Jakarta Timur,JL.HANKAM,-6.30687298,106.89271376,,,,,,True,,,Cipayung,Ceger
rth-7450d10bd97c,JH.JL.HANKAM 7,jalur-hijau,Jakarta Timur,JL. HANKAM,-6.30616818,106.88803517,,,,,,True,,,Cipayung,Ceger
rth-1e8d4493f8c6,JH.JL.HANKAM 8,jalur-hijau,Jakarta Timur,JL.HANKAM,-6.31056139,106.90165978,,,,,,True,,,Cipayung,Bambu Apus
rth-6b2fd260bf13,JH.JL.HANKAM 9,jalur-hijau,Jakarta Timur,JL.HANKAM,-6.30875495,106.89900163,,,,,,True,,,Cipayung,Bambu Apus
rth-903040a6956c,JH.JL.HANKAM 10,jalur-hijau,Jakarta Timur,JL.HANKAM,-6.30904139,106.89959896,,,,,,True,,,Cipayung,Bambu Apus
rth-99df0a87d83b,JH.JL.HANKAM 11,jalur-hijau,Jakarta Timur,JL.HANKAM,-6.30660623,106.89429581,,,,,,True,,,Cipayung,Bambu Apus
rth-1c2840e76d1d,JH.JL.HANKAM 12,jalur-hijau,Jakarta Timur,JL.HANKAM,-6.30564861,106.89048748,,,,,,True,,,Cipayung,Bambu Apus
rth-c23bf137e8ca,JH.JL.HANKAM 13,jalur-hijau,Jakarta Timur,JL.HANKAM,-6.30765897,106.8963613,,,,,,True,,,Cipayung,Bambu Apus
rth-e2e023d61975,JH.JL.TMII PINTU 1 ( 1 ),jalur-hijau,Jakarta Timur,JL.TMII PINTU 1,-6.29299533,106.88126882,,,,,,True,,,Makasar,Pinangranti
rth-dd17dce70570,JH.JL.TMII PINTU 1 ( 3 ),jalur-hijau,Jakarta Timur,JL.TMII PINTU 1,-6.2967059,106.88263009,,,,,,True,,,Makasar,Pinangranti
rth-dd2b1c72c076,RTH JALAN PULO INDAH,taman,Jakarta Timur,JALAN PULO INDAH RT.007.RW.018,-6.20158622,106.93980267,,,,,,True,,,Cakung,Penggilingan
rth-f05ba2d3853c,RTH KAMPUNG BARU,taman,Jakarta Barat,JALAN KAMPUNG BARU RT.006 RW.10,-6.16783307,106.7498293,,,,,,True,,,Kembangan,Kembangan Utara
rth-98bf9c32b598,Jalur Hijau Jl. Permata Meruya 3 (3),jalur-hijau,Jakarta Barat,Komplek Permata Meruya,-6.19232503,106.73726833,,,,,,True,,,Kembangan,Meruya Utara
rth-8073be418968,Jalur Hijau Jl. Permata Meruya 3 (4),jalur-hijau,Jakarta Barat,Komplek Permata Meruya,-6.19233625,106.73719278,,,,,,True,,,Kembangan,Meruya Utara
rth-f7e20bcec17b,Jalur Hijau Jl. Pengampuan,jalur-hijau,Jakarta Barat,Jl. Pengampuan,-6.19746913,106.75804529,,,,,,True,,,Kembangan,Srengseng
rth-930b5d4b7037,Jalur Hijau Jl. Pengampuan (2),jalur-hijau,Jakarta Barat,Jl. Pengampuan,-6.1989976,106.76167206,,,,,,True,,,Kembangan,Srengseng
rth-5478e280d5d2,Jalur Hijau Jl. Pengampuan (3),jalur-hijau,Jakarta Barat,Jl. Pengampuan,-6.19861593,106.76246034,,,,,,True,,,Kembangan,Srengseng
rth-343f428b0e26,Jalur Hijau Jl. Pengampuan (4),jalur-hijau,Jakarta Barat,Jl. Pengampuan,-6.19817711,106.76318564,,,,,,True,,,Kembangan,Srengseng
rth-0a66bff529cf,Jalur Hijau Jl. Jalur 20 (1),jalur-hijau,Jakarta Barat,Jalur 20,-6.19639732,106.72973961,,,,,,True,,,Kembangan,Meruya Selatan
rth-2b66eb649acc,Jalur Hijau Jl. Jalur 20 (2),jalur-hijau,Jakarta Barat,Jalur 20,-6.19702241,106.72927916,,,,,,True,,,Kembangan,Meruya Selatan
rth-c24c02bc6721,Jalur Hijau Jl. Jalur 20 (3),jalur-hijau,Jakarta Barat,Jl. Jalur 20,-6.19792753,106.72860414,,,,,,True,,,Kembangan,Meruya Selatan
rth-ef28df2858ec,Jalur Hijau Jl. Jalur 20 (4),jalur-hijau,Jakarta Barat,Jl. Jalur 20,-6.19881182,106.72794951,,,,,,True,,,Kembangan,Meruya Selatan
rth-d44dd36abc79,Jalur Hijau Jl. Jalur 20 (5),jalur-hijau,Jakarta Barat,,-6.1994265,106.72749354,,,,,,True,,,Kembangan,Meruya Selatan
rth-13d9a534e001,JH.JL.RAYA BEKASI 2,jalur-hijau,Jakarta Timur,JL. RAYA BEKASI,-6.18573489,106.95081229,,,,,,True,,,Cakung,Cakung Timur
rth-68dbde3bd1be,JH.JL.RAYA BEKASI 3,jalur-hijau,Jakarta Timur,JL.RAYA BEKASI,-6.1848822,106.94671445,,,,,,True,,,Cakung,Cakung Timur
rth-ac1eef6b4ff3,JH.JL.RAYA BEKASI 4,jalur-hijau,Jakarta Timur,JL.RAYA BEKASI,-6.1852805,106.94902709,,,,,,True,,,Cakung,Cakung Timur
rth-8e2bba9a5d99,JH.JL.RAYA BEKASI 5,jalur-hijau,Jakarta Timur,JL.RAYA BEKASI,-6.18586986,106.95239528,,,,,,True,,,Cakung,Cakung Timur
rth-a954d800431d,JH.JL.RAYA BEKASI 6,jalur-hijau,Jakarta Timur,JL.RAYA BEKASI,-6.18662729,106.95630108,,,,,,True,,,Cakung,Cakung Timur
rth-522cfe3af9a2,JH.JL.RAYA BEKASI 7,jalur-hijau,Jakarta Timur,JL. RAYA BEKASI,-6.18707581,106.95719945,,,,,,True,,,Cakung,Ujung Menteng
rth-d3f731bc2da1,JH. Basuki Rachmat_1,jalur-hijau,Jakarta Timur,"Jl. Basuki Rachmat. Rw. 10, Kel. Cipinang Besar Selatan, Kec. Jatinegara, Kota Jakarta Timur",-6.22538167,106.8785772,,,,,,True,,,Jatinegara,Cipinang Besar Selatan
rth-92a086329e22,JH. Basuki Rachmat_4,jalur-hijau,Jakarta Timur,"Jl. Basuki Rachmat. Rw. 02, Kel. Cipinang Muara, Kec. Jatinegara, Kota Jakarta Timur",-6.22872881,106.88682064,,,,,,True,,,Jatinegara,Cipinang Muara
rth-fd0e003c9db8,JH. Basuki Rachmat_3,jalur-hijau,Jakarta Timur,"Jl. Basuki Rachmat, Rw. 06, Kel. Cipinang Besar Selatan, Kec. Jatinegara, Kota Jakarta Timur",-6.22767206,106.88282357,,,,,,True,,,Jatinegara,Cipinang Besar Selatan
rth-a7063eb260d5,JH. Jl. Basuki Rachmat_5,jalur-hijau,Jakarta Timur,"Jl. Basuki Rachmat, Rw. 03, Kel. Pondok Bambu, Kec. Duren Sawit, Kota Jakarta Timur",-6.2295581,106.89456902,,,,,,True,,,Duren Sawit,
rth-7b457ffd3059,BKT Segmen Pintu Air s.d Pondok kopi Zona I Sisi Utara (6),jalur-hijau,Jakarta Timur,"Jl. Basuki Rachmat, Rw. 03, Kel. Pondok Bambu, Ke. Duren Sawit, Kota Jakarta Timur",-6.22964761,106.89414029,,,,,,True,,,Duren Sawit,Pondok Bambu
rth-d9df83a8503e,JH.JL.TMII PITU 1 ( 4 ),jalur-hijau,Jakarta Timur,JL.TMII PINTU 1,-6.29790962,106.88308902,,,,,,True,,,Makasar,Pinangranti
rth-be8b7f922517,KBT Segmen Bekasi Raya  s/d Rorotan  ( Zona III ),jalur-hijau,Jakarta Timur,BKT,-6.1893389,106.9698219,,,,,,True,,,Cakung,Ujung Menteng
rth-633519f39408,KBT Segmen Bekasi Raya s.d Rorotan Zona III,jalur-hijau,Jakarta Timur,BKT,-6.18759428,106.97099355,,,,,,True,,,Cakung,Ujung Menteng
rth-d29654f1dad9,JH.JL.TMII PINTU 1,jalur-hijau,Jakarta Timur,JL.TMII PINTU 1,-6.2960564,106.8821517,,,,,,True,,,Makasar,Pinangranti
rth-69b7a18195fb,JH. Jl. Sederaha_1,jalur-hijau,Jakarta Timur,"Jl. Sederaha, Rw. 06, Kel. Gedong, Kec. Pasar Rebo, Jakarta Timur",-6.31007112,106.85853006,,,,,,True,,,Pasar Rebo,Gedong
rth-f56e43fc3f16,KBT Segmen Bekasi Raya s.d Rorotan  ( Zona III ),jalur-hijau,Jakarta Timur,BKT,-6.18409588,106.9717463,,,,,,True,,,Cakung,Ujung Menteng
rth-58a79d85a1ac,JH. Jl. Mahoni_1,jalur-hijau,Jakarta Timur,"Jl. Mahoni, Rw. 04, Kel. Gedong, Kec. Pasar Rebo, Jakarta Timur",-6.31078719,106.85961035,,,,,,True,,,Pasar Rebo,Gedong
rth-a00b60b16de2,JH. Mahoni_2,jalur-hijau,Jakarta Timur,"Jl. Mahoni, Rw. 04, Kel. Gedong, Kec. Pasar Rebo, Jakarta Timur",-6.3082404,106.85938326,,,,,,True,,,Pasar Rebo,Gedong
rth-6506b6b002ad,JH. Jl. Mahoni_3,jalur-hijau,Jakarta Timur,"Jl. Mahoni, Rw. 04, Kel. Gedong, Kec. Pasar Rebo, Jakarta Timur",-6.30639957,106.85927882,,,,,,True,,,Pasar Rebo,Gedong
rth-4f1137198e1f,JH. Jl. Radar Raya_1,jalur-hijau,Jakarta Timur,"Jl. Radar Raya, Rw. 04, Kel. Kalisari, Kec. Pasar Rebo, Jakarta Timur",-6.33455239,106.84420089,,,,,,True,,,Pasar Rebo,Kalisari
rth-acee31abb6d8,Segmen Bekasi Raya  s/d Rorotan  ( Zona III ),jalur-hijau,Jakarta Timur,KBT Jl. Pinggir Dermaga,-6.18912186,106.9707458,,,,,,True,,,Cakung,Ujung Menteng
rth-cc8f4ec49985,Jl. Joglo Raya (1),jalur-hijau,Jakarta Barat,Jl. Joglo Raya,-6.21755294,106.74733406,,,,,,True,,,Kembangan,Joglo
rth-ba092b0f6898,Jalur Hijau Jl. Joglo Raya (2),jalur-hijau,Jakarta Barat,Jl. Joglo Raya,-6.21810549,106.74553949,,,,,,True,,,Kembangan,Joglo
rth-7aeabe274462,Jalur Hijau Jl. Joglo Raya (3),jalur-hijau,Jakarta Barat,Jalur Hijau Joglo Raya,-6.2194302,106.74306468,,,,,,True,,,Kembangan,Joglo
rth-dea0d2209c8b,Jalur Hijau Jl. Joglo Raya (4),jalur-hijau,Jakarta Barat,Jl. Joglo Raya,-6.22031077,106.74052151,,,,,,True,,,Kembangan,Joglo
rth-9d28fe54efe6,Jalur Hijau Jl. Joglo Raya (5),jalur-hijau,Jakarta Barat,Jl. Joglo Raya,-6.2202172,106.73929317,,,,,,True,,,Kembangan,Joglo
rth-b6d0f69aee5d,Jalur Hijau Jl. Joglo Raya (6),jalur-hijau,Jakarta Barat,Jl. Joglo Raya,-6.22014178,106.73858353,,,,,,True,,,Kebon Jeruk,Joglo
rth-0cee7a26cdea,Jalur Hijau Jl. Joglo Raya (7),jalur-hijau,Jakarta Barat,Jl. Joglo,-6.22007872,106.73801559,,,,,,True,,,Kembangan,Joglo
rth-d4665d7b74cd,Taman Segitiga Jl. Dharmawangsa Raya,jalur-hijau,Jakarta Selatan,Jl. Dharmawangsa Raya,-6.24834055,106.80650117,,,,,,True,,,Kebayoran Baru,Pulo
rth-a1a8ec14e2ba,Jalur Hijau Pinggir Kali Jl. Dharmawangsa XI,jalur-hijau,Jakarta Selatan,Jl. Dharmawangsa XI,-6.25556055,106.80055251,,,,,,True,,,Kebayoran Baru,Pulo
rth-ae467c2e9102,Jalur Hijau Pinggir Kali Jl. Dharmawangsa XI Lanjutan,jalur-hijau,Jakarta Selatan,Jl. Darmawangsa XI,-6.25685999,106.80060633,,,,,,True,,,Kebayoran Baru,Pulo
rth-3b81ebc4ff27,Jalur Hijau Jl. Tentara Pelajar,jalur-hijau,Jakarta Pusat,Jl. Tentara Pelajar,-6.20848622,106.79721249,,,,,,True,,,Tanah Abang,Gelora
rth-709d6f99f185,JH. KBT Segmen Pintu Air s.d P. Kopi Zona I Sisi Utara (4),jalur-hijau,Jakarta Timur,"Jl. Basuki Rachmat, Rw. 14, Kel. Cipinang Muara, Kec. Jatinegara, Kota Jakarta Timur",-6.22929793,106.88929364,,,,,,True,,,Jatinegara,Cipinang Muara
rth-12ae4582e9df,JH. KBT Segmen Pintu Air s.d P. Kopi Zona I Sisi Utara (5),jalur-hijau,Jakarta Timur,"Jl. Basuki Rachmat, Rw. 03, Kel. Pondok Bambu, Kec. Duren Sawit, Kota Jakarta Timur",-6.22943167,106.89047416,,,,,,True,,,Duren Sawit,Pondok Bambu
rth-664a9e5cab22,JH. KBT Segmen Pintu Air s.d P. Kopi Zona I Sisi Utara (3),jalur-hijau,Jakarta Timur,"Jl. Basuki Rachmat, Rw. 14, Kel. Cipinang Muara, Kec. Jatinegara, Kota Jakarta Timur",-6.2288603,106.88665374,,,,,,True,,,Jatinegara,Cipinang Muara
rth-f6553b5b10e3,JH. MT. Haryono_6,jalur-hijau,Jakarta Timur,"Jl. MT. Haryono, Rw. 01, Kel. Cawang, Kec. Kramat Jati, Jakarta Timur",-6.24468518,106.8679539,,,,,,True,,,Kramatjati,Cawang
rth-d8a6153d741a,JH. MT. Haryono_7,jalur-hijau,Jakarta Timur,"Jl. MT. Haryono, Rw. 01, Kel. Cawang, Jakarta Timur",-6.24416107,106.86808405,,,,,,True,,,Kramatjati,Cawang
rth-7e6721ba6c33,JH. MT. Haryono_8,jalur-hijau,Jakarta Timur,"Jl. MT. Haryono, Rw. 01, Kel. Cawang Kec. Kramatjati, Jakarta Timur",-6.24401438,106.86819522,,,,,,True,,,Kramatjati,Cawang
rth-dfab2b88b5ec,JH. MT. Haryono_9,jalur-hijau,Jakarta Timur,"Jl. MT. Haryono, Rw. 01, Kel. Cawang, Kec. Kramatjati, Jakarta Timur",-6.24506979,106.86898871,,,,,,True,,,Kramatjati,Cawang
rth-3e3538b5b4b8,JH. MT. Haryono_10,jalur-hijau,Jakarta Timur,"Jl. MT. Haryono, Rw. 01, Kel. Cawang, Kec. Kramatjati, Jakarta Timur",-6.24520221,106.8698168,,,,,,True,,,Kramatjati,Cawang
rth-f3aad0f53824,JH. MT. Haryono_11,jalur-hijau,Jakarta Timur,"Jl. MT. Haryono, Rw. 01, Kel. Cawang, Kec. Kramatjati, Jakarta Timur",-6.24549351,106.86969034,,,,,,True,,,Kramatjati,Cawang
rth-dd4f9671d613,JH. MT. Haryono_12,jalur-hijau,Jakarta Timur,"Jl. MT. Haryono, Rw. 01, Kel. Cawang, Kec. Kramatjati, Jakarta Timur",-6.24457352,106.86866205,,,,,,True,,,Kramatjati,Cawang
rth-6a66f6b98841,JH. MT. Haryono_13,jalur-hijau,Jakarta Timur,"Jl. MT. Haryono, Rw. 01, Kel. Cawang, Kec. Kramatjati, Jakarta Timur",-6.24447497,106.86836981,,,,,,True,,,Kramatjati,Cawang
rth-e1305af24b8e,JH. Jl. Radar Raya_2,jalur-hijau,Jakarta Timur,"Jl. Radar Raya, Rw. 04, Kel. Kalisari, Kec. Pasar Rebo, Jakarta Timur",-6.33487704,106.8441696,,,,,,True,,,Pasar Rebo,Kalisari
rth-99800e2e1037,JH. Jl. Radar Raya_3,jalur-hijau,Jakarta Timur,"Jl. Radar Raya, Rw. 04, Kel. Kalisari, Kec. Pasar Rebo, Jakarta Timur",-6.33370222,106.84321427,,,,,,True,,,Pasar Rebo,Kalisari
rth-40fc77b95097,JH. Jl. Puskesmas_1,jalur-hijau,Jakarta Timur,"Jl. Puskesmas Baru, Rw. 01, Kel. Baru, Kec. Pasar Rebo, Jakarta Timur",-6.32360146,106.8520656,,,,,,True,,,Pasar Rebo,Baru
rth-e9b94fb0add0,JH. Jl. Kali Sari_1,jalur-hijau,Jakarta Timur,"Jl. Kali Sari, Rw. 08, Kel. Pekayon, Kec. Pasar Rebo, Jakarta Timur",-6.34050688,106.86781937,,,,,,True,,,Pasar Rebo,Pekayon
rth-fddb1f0a462a,JH. Jl. Kali Sari_2,jalur-hijau,Jakarta Timur,"Jl. Kali Sari, Rw. 08, Kel. Pekayon, Kec. Pasar Rebo, Jakarta Timur",-6.34057332,106.86769529,,,,,,True,,,Pasar Rebo,Pekayon
rth-55bb4bed9400,JH. MT. Haryono_1,jalur-hijau,Jakarta Timur,"Jl. MT. Haryono, Rw. 01, Kel. Kramat Jati, Kec. Cawang, Jakarta Timur",-6.24282566,106.86300136,,,,,,True,,,Kramatjati,Cawang
rth-e2dbe4d03d7a,JH. MT. Haryono_2,jalur-hijau,Jakarta Timur,"Jl. MT. Haryono, Rw. 01, Kel. Cawang, Kec. Kramat Jati, Jakarta Timur",-6.24282125,106.86352758,,,,,,True,,,Kramatjati,Cawang
rth-a07b36178489,JH. MT. Haryono_3,jalur-hijau,Jakarta Timur,"Jl. MT. Haryono, Rw. 01, Kel. Cawang, Kec. Kramat Jati, Jakarta Timur",-6.24286697,106.86403664,,,,,,True,,,Kramatjati,Cawang
rth-0daeba48829a,JH. MT. Haryono_4,jalur-hijau,Jakarta Timur,"Jl. MT. Haryono, Rw. 01, Kel. Cawang, Kec. Kramat Jati, Jakarta Timur",-6.24371417,106.86543095,,,,,,True,,,Kramatjati,Cawang
rth-8957d111f160,JH. MT. Haryono_5,jalur-hijau,Jakarta Timur,"Jl. MT. Haryono, Rw. 01, Kel. Cawang, Kec. Kramat Jati, Jakarta Timur",-6.24453395,106.86795872,,,,,,True,,,Kramatjati,Cawang
rth-dfa084fbc263,JH. KBT Segmen Pintu Air s.d P. Kopi Zona I Sisi Utara (19),jalur-hijau,Jakarta Timur,"Jl. Jend. Pol. RS. Soekanto, Rw. 08, Kel. Malaka Sari, Kec. Duren Sawit, Jakarta Timur",-6.22767154,106.93294892,,,,,,True,,,Duren Sawit,Malaka Sari
rth-9f8a0c1cfca6,JH. KBT Segmen Pintu Air s.d P. Kopi Zona I Sisi Utara (18),jalur-hijau,Jakarta Timur,"Jl. Jend. Pol. RS. Soekanto, Rw. 08, Kel. Malaka Sari, Kec. Duren Sawit, Jakarta Timur",-6.22645705,106.93965637,,,,,,True,,,Duren Sawit,Malaka Jaya
rth-ab4590827987,JH. KBT Segmen Pintu Air s.d P.  Kopi Zona I Sisi Utara (21),jalur-hijau,Jakarta Timur,"Jl. Pondok Kopi, Jakarta Timur",-6.22388955,106.94366263,,,,,,True,,,Duren Sawit,Pondok Kopi
rth-4cf18bb56b47,JH. KBT Segmen Pintu Air s.d P. Kopi Zona I Sisi Utara,jalur-hijau,Jakarta Timur,KBT Sisi Utara Kel. Pondok Kopi,-6.22336974,106.94445045,,,,,,True,,,Duren Sawit,Pondok Kopi
rth-ffc55f70c383,Jalur Hijau Jl. Penjernihan (2),jalur-hijau,Jakarta Pusat,Jl. Penjernihan,-6.20108357,106.81373677,,,,,,True,,,Tanah Abang,
rth-38d0a0bc831c,Jalur Hijau Pulau Kramat Bunder,jalur-hijau,Jakarta Pusat,Underpass Senen,-6.17746794,106.84345491,,,,,,True,,,Senen,Senen
rth-014597b715ff,Jalur Hijau Underpass Senen (1),jalur-hijau,Jakarta Pusat,Underpass Senen,-6.17743028,106.84347642,,,,,,True,,,Senen,Senen
rth-2c41f0d297cb,Jalur Hijau Underpass Senen (2),jalur-hijau,Jakarta Pusat,Underpass Senen,-6.17616599,106.84451347,,,,,,True,,,Senen,Senen
rth-77d766dcb818,Jalur Hijau Underpass Senen (3),jalur-hijau,Jakarta Pusat,Underpass Senen,-6.17511203,106.84589452,,,,,,True,,,Senen,Senen
rth-3b52894e227d,Jalur Hijau Underpass Senen (4),jalur-hijau,Jakarta Pusat,Underpass Senen,-6.17507377,106.84611918,,,,,,True,,,Senen,Senen
rth-586295a19d56,Jalur Hijau Underpass Senen (5),jalur-hijau,Jakarta Pusat,Underpass Senen,-6.1762195,106.84446671,,,,,,True,,,Senen,Senen
rth-c451d881cda0,Jalur Hijau Fly Over Senen (1),jalur-hijau,Jakarta Pusat,Fly Over Senen,-6.17882697,106.8420922,,,,,,True,,,Senen,Senen
rth-11163353b926,PULO-PULO SUTOYO,jalur-hijau,Jakarta Timur,JL.MT.HARYONO,-6.25559837,106.87121863,,,,,,True,,,Kramatjati,Cililitan
rth-cd7cc5943cd9,JH. MT. Haryono_14,jalur-hijau,Jakarta Timur,"Jl. MT. Haryono, Rw. 01, Kel. Cawang, Kec. Kramatjati, Jakarta Timur",-6.24361006,106.86705835,,,,,,True,,,Kramatjati,Cawang
rth-ac8a075ba161,JH. MT. Haryono_15,jalur-hijau,Jakarta Timur,"Jl. MT. Haryono, Rw. 01, Kel. Cawang, Kec. Kramatjati, Jakarta Timur",-6.24456041,106.8692243,,,,,,True,,,Kramatjati,Cawang
rth-48985925d12e,JH. MT. Haryono_16,jalur-hijau,Jakarta Timur,"Jl. MT. Haryono, Rw. 01, Kel. Cawang, Kec. Kramatjati, Jakarta Timur",-6.24562117,106.87111884,,,,,,True,,,Kramatjati,Cawang
rth-ff5cc141b4fe,PULO-PULO JL.SUTOYO,jalur-hijau,Jakarta Timur,JL.SUTOYO,-6.25581122,106.87136817,,,,,,True,,,Kramatjati,Cililitan
rth-1fa4184bd64a,JH. MT. Haryono_17,jalur-hijau,Jakarta Timur,"Jl. MT. Haryono, Rw. 01, Kel. Cawang, Kec. Kramatjati, Jakarta Timur",-6.24491703,106.86894156,,,,,,True,,,Kramatjati,Cawang
rth-32834107ce54,JH.JL.UNDERPASS CAWANG 1,jalur-hijau,Jakarta Timur,"Jl. MT. Haryono, Rw. 06, Kel. Cawang, Kec. Kramatjati, Jakarta Timur",-6.24660454,106.87402678,,,,,,True,,,Kramatjati,Cawang
rth-586a1009e991,JH. Underpass Cawang_2,jalur-hijau,Jakarta Timur,"Jl. MT. Haryono, Rw. 06, Kel. Cawang, Kec. Kramatjati, Jakarta Timur",-6.24657718,106.87456092,,,,,,True,,,Kramatjati,Cawang
rth-7017bad9727e,JH.UNDERPASS CAWANG 3,jalur-hijau,Jakarta Timur,MT.HARYONO CAWANG,-6.24690825,106.87402939,,,,,,True,,,Kramatjati,Cawang
rth-15b7dc8f9bd8,JH.UNDERPASS CAWANG 4,jalur-hijau,Jakarta Timur,MT.HARYONO,-6.24739671,106.87461185,,,,,,True,,,Kramatjati,Cawang
rth-55bbd483e954,JH.UNDERPASS CAWANG 5,jalur-hijau,Jakarta Timur,JL.MT.HARYONO,-6.24704096,106.87499503,,,,,,True,,,Kramatjati,Cawang
rth-deadc47fb483,JH. KBT Segmen Pitu Air s.d Pondok Kopi Sisi Utara Zona 1 (1),jalur-hijau,Jakarta Timur,"Jl. Basuki Rachmat, Rw. 06, Kel. Cipinang Besar Selatan, Kec. Jatinegara, Jakarta Timur",-6.22805524,106.88143086,,,,,,True,,,Jatinegara,Cipinang Besar Selatan
rth-3a293cdfde59,JH. Mayjen Sutoyo & Kawasan Underpass Cawang_07,jalur-hijau,Jakarta Timur,"Jl. Mayjen Sutoyo, Rw. 09, Kel. cililitan, Kec. Kramat Jati, Jakarta Timur",-6.26005479,106.86846751,,,,,,True,,,Kramatjati,Cililitan
rth-3476acdd3767,JH. Mayjen Sutoyo & Kawasan Underpass Cawang_08,jalur-hijau,Jakarta Timur,"Jl. Mayjen Sutoyo, Rw. 09, Kel. Cililitan, Kec. Kramat Jati, Jakarta Timur",-6.25931383,106.86900408,,,,,,True,,,Kramatjati,Cililitan
rth-8a2bc3999736,JH.JL.A.YANI 8,jalur-hijau,Jakarta Timur,JL.A.YANI,-6.20728851,106.87367823,,,,,,True,,,Matraman,Utan Kayu Selatan
rth-741a7d72d53f,JH. Jl. Bekasi Timur Raya_1,jalur-hijau,Jakarta Timur,"Jl. Bekasi Timur Raya, Rw. 06, Kel. Cipinang, Kec. Pulogadung, Jakarta Timur",-6.21132225,106.89029878,,,,,,True,,,Pulogadung,Cipinang
rth-2bc3a86d11c6,JH.JL.A.YANI 10,jalur-hijau,Jakarta Timur,JL.A.YANI,-6.20234374,106.87311714,,,,,,True,,,Matraman,Utan Kayu Selatan
rth-1a952214b3c9,JH. Jl. Bekasi Timur Raya_2,jalur-hijau,Jakarta Timur,"Jl. Bekasi Timur Raya, Rw. 05, Kel. Cipinang, Kec. Pulogadung, Jakarta Timur",-6.21028128,106.89352456,,,,,,True,,,Pulogadung,Cipinang
rth-5d9f3f13cfd9,JH. Jl. Bekasi Timur Raya_3,jalur-hijau,Jakarta Timur,"Jl. Bekasi Timur Raya, Rw. 05, Kel. Cipinang, Kec. Pulogadung, Jakarta Timur",-6.21119646,106.89575606,,,,,,True,,,Pulogadung,Cipinang
rth-9d10294d8612,JH. Jl. Bekasi Timur Raya_5,jalur-hijau,Jakarta Timur,"Jl. Bekasi Timur Raya, Rw. 08, Kel. Jatinegara Kaum, Kec. Pulogadung, Jakarta Timur",-6.21261146,106.89808004,,,,,,True,,,Pulogadung,Jatinegara Kaum
rth-82e6a5606e3a,JH. Jl. Bekasi Timur Raya_4,jalur-hijau,Jakarta Timur,"Jl. Bekasi Timur Raya, Rw. 16, Kel. Cipinang, Kec. Pulogadung, Jakarta Timur",-6.21152551,106.89619709,,,,,,True,,,Pulogadung,Cipinang
rth-ad531b616857,JH. KBT Segmen Pintu Air s.d P. Kopi Zona I Sisi Utara (8),jalur-hijau,Jakarta Timur,"J. Kol. Soegiono, Rw. 09, Kel. Pondok Bambu, Kec. Duren Sawit, Jakarta Timur",-6.22986919,106.90009519,,,,,,True,,,Duren Sawit,Pondok Bambu
rth-0418334bfc06,"J. Kol. Soegiono, Rw. 09, Kel. Pondok Bambu, Kec. Duren Sawit, Jakarta Timur",jalur-hijau,Jakarta Timur,"l. Kol. Soegiono, Rw. 06, Kel. Pondok Bambu, Kec. Duren Sawit, Jakarta Timur",-6.22983463,106.90340005,,,,,,True,,,Duren Sawit,Pondok Bambu
rth-4850854e14b2,JH. KBT Segmen Pintu Air s.d P. Kopi Zona I Sisi Utara (11),jalur-hijau,Jakarta Timur,"Jl. Kol. Soegiono, Rw. 06. Kel. Pondok Bambu, Kec. Duren Sawit, Jakarta Timur",-6.22992629,106.90738133,,,,,,True,,,Duren Sawit,Pondok Bambu
rth-20f7dad6fc52,JH. KBT Segmen Pintu Air s.d P. Kopi Zona I Sisi Utara (12),jalur-hijau,Jakarta Timur,"Jl. Kol. Soegiono, Rw. 04, Kel. Duren Sawit, Kec. Duren Sawit, Jakarta Timur",-6.22972105,106.9122713,,,,,,True,,,Duren Sawit,Duren Sawit
rth-ce608d835654,JH. KBT Segmen Pintu Air s.d P. Kopi Zona I Sisi Utara (13),jalur-hijau,Jakarta Timur,"Jl. Kol. Soegiono, Rw. 12 , Kel. Duren Sawit, Kec. Duren Sawit, Jakarta Timur",-6.22897338,106.91556736,,,,,,True,,,Duren Sawit,Duren Sawit
rth-7971702f3d2e,JH. KBT Segmen Pintu Air s.d P. Kopi Zona I Sisi Utara (14),jalur-hijau,Jakarta Timur,"Jl. Kol. Soegiono, Rw. 12 , Kel. Duren Sawit, Kec. Duren Sawit, Jakarta Timur",-6.2283823,106.91813921,,,,,,True,,,Duren Sawit,Duren Sawit
rth-9e7b66529866,JH. KBT Segmen Pintu Air s.d P. Kopi Zona I Sisi Utara (15),jalur-hijau,Jakarta Timur,"Jl. Kol. Soegiono, Rw. 02 , Kel. Duren Sawit, Kec. Duren Sawit, Jakarta Timur",-6.22802594,106.92117937,,,,,,True,,,Duren Sawit,Duren Sawit
rth-ccbcb0fef2af,Jalur Hijau Jl. Pondok Gede_03,jalur-hijau,Jakarta Timur,"Jl. Pondok Gede, RW. 05, Kel. Rambutan, Kec. Rambutan, Kota Jakarta Timur",-6.28725195,106.87160836,,,,,,True,,,Ciracas,Rambutan
rth-1e732dd227c2,Jalur Hijau Fly Over Senen (2),jalur-hijau,Jakarta Pusat,Fly Over Senen,-6.17837487,106.84215501,,,,,,True,,,Senen,Senen
rth-f3294764656a,JH. Jl. Cilangkap_1,jalur-hijau,Jakarta Timur,"Jl. Cilangkap, RW. 05, Kel. Cilangkap, Kec. Cipayung, Kota Jakarta Timur",-6.33976598,106.90230884,,,,,,True,,,Cipayung,Cilangkap
rth-c860e9dd8819,Jalur Hijau Jl. Paseban Raya,jalur-hijau,Jakarta Pusat,Jl. Paseban Raya,-6.1918852,106.85380124,,,,,,True,,,Senen,Paseban
rth-06e8b7f32b15,Jalur Hijau Jl. Utan Panjang Barat,jalur-hijau,Jakarta Pusat,Jl. Utan Panjang Barat,-6.16613025,106.85240326,,,,,,True,,,Kemayoran,Utan Panjang
rth-336e27a955a0,Jalur Hijau Jl. Utan Panjang Timur,jalur-hijau,Jakarta Pusat,Jl. Utan Panjang Timur,-6.16604844,106.85259617,,,,,,True,,,Kemayoran,Utan Panjang
rth-bfd2347a1bf1,Pulau Jalan Kemayoran Gempol,jalur-hijau,Jakarta Pusat,Jl. Kemayoran Gempol,-6.1636241,106.85305443,,,,,,True,,,Kemayoran,Utan Panjang
rth-b88816cab4b9,Jalur Hijau Jl. KH. Fakhrudin (1),jalur-hijau,Jakarta Pusat,Jl. KH. Fakhrudin,-6.1835887,106.81515899,,,,,,True,,,Tanah Abang,Kampung Bali
rth-df53079a18ba,JH.UNDERPASS CAWANG 6,jalur-hijau,Jakarta Timur,MT.HARYONO,-6.24758709,106.87502846,,,,,,True,,,Makasar,Kebon Pala
rth-0bd7bb72f49c,JH. KBT Segmen Pintu Air s.d P. Kopi Zona I Sisi Utara (2),jalur-hijau,Jakarta Timur,"Jl. Basuki Rachmat, Rw. 02, Kel. Cipinang Muara, Kec. Jatinegara, Jakarta Timur",-6.22820697,106.88419688,,,,,,True,,,Jatinegara,Cipinang Muara
rth-c6d4af71ac6a,JH.UNDERPASS CAWANG 7,jalur-hijau,Jakarta Timur,MT.HARYONO CAWANG,-6.2471687,106.87520194,,,,,,True,,,Makasar,Kebon Pala
rth-515e61eb1b01,JH.UNDERPASS CAWANG 8,jalur-hijau,Jakarta Timur,MT.HARYONO CAWANG,-6.24681,106.87485671,,,,,,True,,,Kramatjati,Cawang
rth-b62f10fbf372,JH. KBT Segmen Pintu Air s.d P. Kopi Zona I Sisi Utara (9),jalur-hijau,Jakarta Timur,"Jl. Kol. Soegiono, Rw. 06, Kel. Pondok Bambu, Kec. Duren Sawit, Jakarta Timur",-6.22968432,106.90319935,,,,,,True,,,Duren Sawit,Pondok Bambu
rth-34be5614bb12,JH.JL.BOJONG RANGKONG 3,jalur-hijau,Jakarta Timur,JL.SENTRA PRIMER BARU,-6.20667968,106.95478445,,,,,,True,,,Cakung,Pulo Gebang
rth-3a6f71c48b42,JH.JL. A.YANI  ( DEPAN BEA CUKAI ),jalur-hijau,Jakarta Timur,JL.A.YANI,-6.20692002,106.87392529,,,,,,True,,,Pulogadung,Rawamangun
rth-1a67c98f5fcd,JH.JL.DI PANJAITAN 10,jalur-hijau,Jakarta Timur,JL.DI PANJAITAN,-6.21819265,106.87420207,,,,,,True,,,Jatinegara,Rawa Bunga
rth-d87ebbe10ced,JH. KBT Segmen Pintu Air s.d P. Kopi Zona I Sisi Utara (16),jalur-hijau,Jakarta Timur,"Jl. Jend. Pol. RS. Soekanto, Rw. 02, Kel. Duren Sawit, Kec. Duren Sawit, Jakarta Timur",-6.22796094,106.92351799,,,,,,True,,,Duren Sawit,Duren Sawit
rth-e3d8e63d2b24,H. KBT Segmen Pintu Air s.d P. Kopi Zona I Sisi Utara (18),jalur-hijau,Jakarta Timur,"Jl. Jend. Pol. RS. Soekanto, Rw. 08, Kel. Malaka Sari, Kec. Duren Sawit, Jakarta Timur",-6.22817591,106.92615904,,,,,,True,,,Duren Sawit,Malaka Sari
rth-f029667d0479,Jalur Hijau Jl. KH. Fakhrudin (2),jalur-hijau,Jakarta Pusat,Jl. KH. Fakhrudin,-6.18361995,106.81588308,,,,,,True,,,Tanah Abang,Kampung Bali
rth-41fcde4f2123,Jalur Hijau Fly Over Cideng (1),jalur-hijau,Jakarta Pusat,Fly Over Cideng,-6.18196075,106.81352026,,,,,,True,,,Gambir,Cideng
rth-582e53b97105,Jalur Hijau Fly Over Cideng (2),jalur-hijau,Jakarta Pusat,Fly Over Cideng,-6.18237115,106.81381988,,,,,,True,,,Gambir,Cideng
rth-a38224994628,JH. Jl. Cilangkap_2,jalur-hijau,Jakarta Timur,"Jl. Cilangkap, RW. 01, Kel. Cipayung, Kec. Cipayung, Kota Jakarta Timur",-6.33305671,106.89291406,,,,,,True,,,Cipayung,Cipayung
rth-c551ecdda1db,Jalur Hijau Fly Over Cideng (3),jalur-hijau,Jakarta Pusat,Fly Over Cideng,-6.18235766,106.81369567,,,,,,True,,,Gambir,Cideng
rth-c50738b3935e,KBT SEGMAN PINTU AIR S.D PONDOK KOPI,jalur-hijau,Jakarta Timur,KBT,-6.22841425,106.93313511,,,,,,True,,,Jatinegara,Cipinang Besar Selatan
rth-b44ba54fe145,JH. KBT Segmen Pintu Air s.d P. Kopi Zona I Sisi Utara (10),jalur-hijau,Jakarta Timur,"Jl.Kol. Soegiono, Rw. 06, Kel. Pondok Bambu, Kec. Duren Sawit, Jakarta Timur",-6.2297173,106.90499488,,,,,,True,,,Duren Sawit,Pondok Bambu
rth-7d378d531a8a,JH. KBT Segmen Pintu Air s.d P. Kopi Zona I Sisi Utara (17),jalur-hijau,Jakarta Timur,"Jl. Jend. Pol. RS. Soekanto, Rw. 02, Kel. Pondok Kelapa, Kec. Duren Sawit, Jakarta Timur",-6.22785714,106.9247281,,,,,,True,,,Duren Sawit,Pondok Kelapa
rth-8914fb7845f0,KBT SEGMAN PINTU AIR S.D PONDOK KOPI ZONA I SISI SELATAN (2),jalur-hijau,Jakarta Timur,JL. BASUKI RAHMAT,-6.22838668,106.88434829,,,,,,True,,,Jatinegara,Cipinang Muara
rth-9a17f863021f,JH. FO. Klender_5,jalur-hijau,Jakarta Timur,"Jl. I Gusti Ngurah Rai, Rw. 06, Kel. Klender, Kec. Duren Sawit, Jakarta Timur",-6.21438407,106.90149822,,,,,,True,,,Duren Sawit,Klender
rth-080dc03c3938,JH.JL.DI PANJAITAN 11,jalur-hijau,Jakarta Timur,JL.DI PANJAITAN,-6.22470613,106.87467093,,,,,,True,,,Jatinegara,Rawa Bunga
rth-3b02f44341fd,JH. FO Klender_3,jalur-hijau,Jakarta Timur,"Jl. I Gusti Ngurah Rai, Rw. 02, Kel. Klender, Kec. Duren Sawit, Jakarta Timur",-6.21428289,106.89976372,,,,,,True,,,Duren Sawit,Klender
rth-0b77560e6ee6,JH. FO. Klender_8,jalur-hijau,Jakarta Timur,"Jl. I Gusti Ngurah Rai, Rw. 06, Kel. Klender, Kec. Duren Sawit, Jakarta Timur",-6.21445476,106.90157869,,,,,,True,,,Duren Sawit,Klender
rth-4a0ee2927bd0,JH. FO Klender_6,jalur-hijau,Jakarta Timur,"Jl. I Gusti Ngurah Rai, Rw. 06, Kel. Klender, Kec. Duren Sawit, Jakarta Timur",-6.21372527,106.90156168,,,,,,True,,,Duren Sawit,Klender
rth-966eab23f37c,JH. FO Klender_7,jalur-hijau,Jakarta Timur,"Jl. I Gusti Ngurah Rai, Rw. 06, Kel. Klender, Kec. Duren Sawit, Jakarta Timur",-6.21372767,106.90175284,,,,,,True,,,Duren Sawit,Klender
rth-6f98fb2874a1,JH. FO. Klender_4,jalur-hijau,Jakarta Timur,"Jl. I Gusti Ngurah Rai, Rw. 02, Kel. Klender, Kec. Duren Sawit, Jakarta Timur",-6.21369927,106.89981208,,,,,,True,,,Duren Sawit,Klender
rth-ba03d49d750d,JH. FO. Klender_2,jalur-hijau,Jakarta Timur,"Jl. I Gusti Ngurah Rai, Rw. 02, Kel. Klender, Kec. Duren Sawit, Jakarta Timur",-6.2136979,106.89961245,,,,,,True,,,Duren Sawit,Klender
rth-98c1f7dc0fec,JH.JL.DI.PANJAITAN 12,jalur-hijau,Jakarta Timur,JL.DI PANJAITAN,-6.23978166,106.87785389,,,,,,True,,,Jatinegara,Cipinang Cempedak
rth-b74cf9fa59ea,JH.JL.DI PANJAITAN 14,jalur-hijau,Jakarta Timur,JL.DI PANJAITAN,-6.23956735,106.87800357,,,,,,True,,,Jatinegara,Cipinang Cempedak
rth-5469a33dbff7,JH. Basuki Rachmat_2,jalur-hijau,Jakarta Timur,"Jl. Basuki Raachmat. Rw.06, Kel. Cipinang Besar Selatan, Kec. Jatinegara, Kota Jakarta Timur",-6.22663882,106.88078751,,,,,,True,,,Jatinegara,Cipinang Besar Selatan
rth-c42a07732453,KBT SEGMAN PINTU AIR S.D PONDOK KOPI ZONA I SISI SELATAN (3),jalur-hijau,Jakarta Timur,JL. BASUKI RAHMAT,-6.22906717,106.88702816,,,,,,True,,,Jatinegara,Cipinang Muara
rth-815ed8b8266e,KBT SEGMAN PINTU AIR s/d PDK KOPI ZONA 1 SISI SELATAN (4),jalur-hijau,Jakarta Timur,JL. BASUKI RAHMAT,-6.22945955,106.88959717,,,,,,True,,,Jatinegara,Cipinang Muara
rth-0d1299585f29,BKT SEGMAN PINTU AIR s/d PONDOK KOPI ZONA I SISI SELATAN (5),jalur-hijau,Jakarta Timur,JL.BASUKI RAHMAT,-6.22981516,106.89438703,,,,,,True,,,Duren Sawit,Pondok Bambu
rth-8c69bd150be7,BKT SEGMAN PINTU AIR s/d PONDOK KOPI ZONA 1 SISI SELATAN (5),jalur-hijau,Jakarta Timur,JL. INSPEKSI KANAL BANJIR TIMUR,-6.2298184,106.89448491,,,,,,True,,,Duren Sawit,Pondok Bambu
rth-57f02f7df61f,KBT SEGMAN PINTU AIR S.D PONDOK KOPI  ZONA I SISI SELATAN (1),jalur-hijau,Jakarta Timur,JL. INSPEKSI KANAL BANJIR TIMUR,-6.22824678,106.88056425,,,,,,True,,,Jatinegara,Cipinang Besar Selatan
rth-e3c9e550af13,JH.JL.A.YANI 5,jalur-hijau,Jakarta Timur,JL.A.YANI,-6.2104198,106.8737434,,,,,,True,,,Matraman,Pisangan Baru
rth-1b5464d33778,JH.JL.A.YANI 7,jalur-hijau,Jakarta Timur,JL.A.YANI,-6.21030867,106.87379091,,,,,,True,,,Matraman,Pisangan Baru
rth-3bb508c373aa,JH.JL.A.YANI 1,jalur-hijau,Jakarta Timur,JL.A.YANI,-6.2123273,106.87392508,,,,,,True,,,Matraman,Utan Kayu Selatan
rth-8f0764c9405e,JH Jl. Terusan I Gusti Ngurah Rai (Area 6),jalur-hijau,Jakarta Timur,,-6.21937296,106.95175457,,,,,,True,,,Duren Sawit,
rth-aa32b8c87113,JH.JL.A.YANI 9,jalur-hijau,Jakarta Timur,JL.A.YANI,-6.2023967,106.87314693,,,,,,True,,,Matraman,Utan Kayu Selatan
rth-807a505f1fd7,JH.JL.DI PANJAITAN 15,jalur-hijau,Jakarta Timur,JL.DI PANJAITAN,-6.23975983,106.8781091,,,,,,True,,,Jatinegara,Cipinang Cempedak
rth-74a588823ba4,JH.JL.DI PANJAITAN 16,jalur-hijau,Jakarta Timur,JL.DI PANJAITAN,-6.24017631,106.87789087,,,,,,True,,,Jatinegara,Cipinang Cempedak
rth-d0bfa713f316,JH.JL.DI.PANJAITAN 16,jalur-hijau,Jakarta Timur,JL.DI.PANJAITAN,-6.24022159,106.87774219,,,,,,True,,,Jatinegara,Cipinang Cempedak
rth-ece10912d1eb,JH. Jl. Cipinang Baru Timur,jalur-hijau,Jakarta Timur,"Jl. Cipinang Baru Timur, Rw. 18, Kel. Cipinang, Kec. Pulo Gadung, Jakarta Timur",-6.20198309,106.88820375,,,,,,True,,,Pulogadung,Cipinang
rth-7ce9373d95d4,JH.JL.DI PANJAITAN 17,jalur-hijau,Jakarta Timur,JL.DI.PANJAITAN,-6.24016686,106.87790057,,,,,,True,,,Jatinegara,Cipinang Cempedak
rth-8a348b8e371d,JH. Jl. Cipinang Baru Utara_1,jalur-hijau,Jakarta Timur,"Jl. Cipinang Baru Utara, Rw. 07, Kel. Jati, Kec. Pulogadung, Jakarta Timur",-6.20225845,106.89247004,,,,,,True,,,Pulogadung,Jati
rth-8118a28dfb4f,JH.JL.DI PANJAITAN 18,jalur-hijau,Jakarta Timur,JL.DI PANJAITAN,-6.24024323,106.87802116,,,,,,True,,,Makasar,Kebon Pala
rth-1e0994b37385,JH.JL.DI PANJAITAN 19,jalur-hijau,Jakarta Timur,JL.DI PANJAITAN,-6.24056603,106.87762237,,,,,,True,,,Jatinegara,Cipinang Cempedak
rth-efb93a80105b,JH. Jl. Cipinang Baru Utara_2,jalur-hijau,Jakarta Timur,"Jl. Cipinang Baru Utara, Kel. Jati, Kec. Pulogadung, Jakarta Timur",-6.2024717,106.89564097,,,,,,True,,,Pulogadung,Jati
rth-438c97a4a907,JH.JL.DI PANJAITAN 20,jalur-hijau,Jakarta Timur,JL.DI PANJAITAN,-6.24058697,106.87777543,,,,,,True,,,Jatinegara,Cipinang Cempedak
rth-b640b03c3323,JH. pulau pulau taman perahu,jalur-hijau,Jakarta Utara,jl pluit selatan penjaringan,-6.12606974,106.79201738,,,,,,True,,,Penjaringan,Pluit
rth-4a306f3bf1e3,JH. Jl mitra bahari,jalur-hijau,Jakarta Utara,jl. mitra bahari penjaringan,-6.12699871,106.80642716,,,,,,True,,,Penjaringan,Penjaringan
rth-0a7dfb68fd16,JH. galangan VOC,jalur-hijau,Jakarta Utara,galangan voc,-6.12834053,106.80935958,,,,,,True,,,Penjaringan,Penjaringan
rth-82a27cbd9e43,JH. JL. pakin,jalur-hijau,Jakarta Utara,JL pakin,-6.12787143,106.8078824,,,,,,True,,,Penjaringan,Penjaringan
rth-b95e934cb4ad,JH. Jl gedong panjang,jalur-hijau,Jakarta Utara,JL gedong panjang,-6.12564803,106.80386385,,,,,,True,,,Penjaringan,Penjaringan
rth-11e4334e5e67,JH. JL pluit selatan raya,jalur-hijau,Jakarta Utara,jl. pluit selatan raya,-6.12516612,106.79910277,,,,,,True,,,Penjaringan,Penjaringan
rth-eed734482ad8,Jalur Hijau Jl. Kebon Kacang Raya,jalur-hijau,Jakarta Pusat,Jl. Kebon Kacang Raya,-6.1935283,106.81564796,,,,,,True,,,Tanah Abang,Kebon Kacang
rth-5b5527321b90,Jalur Hijau Jl. Surabaya,jalur-hijau,Jakarta Pusat,Jl. Surabaya,-6.20326328,106.84211843,,,,,,True,,,Menteng,Pegangsaan
rth-5b6265ffabde,JH. JL. PKP DAN KIWI 2,jalur-hijau,Jakarta Timur,JL. PKP DAN KIWI,-6.33938814,106.87332326,,,,,,True,,,Ciracas,Pekayon
rth-d6f2275aaf27,JH. Kayu Putih Timur_1,jalur-hijau,Jakarta Timur,"Jl. Kayu Putih Timur, Rw. 05, Kel. Pulo Gadung, Kec. Pulogadung, Kota Jakarta Timur",-6.18565804,106.89829735,,,,,,True,,,Pulogadung,Pulo Gadung
rth-ded6b0a48867,JH. Kayu Putih Timur_2,jalur-hijau,Jakarta Timur,"Jl. Kayu Putih Timur, Rw. 07, Kel. Pulo Gadung, Kec. Pulogadung, Kota Jakarta Timur",-6.18206431,106.89865182,,,,,,True,,,Pulogadung,Pulo Gadung
rth-f5de83da6b28,JH. Kayu Putih Timur_3,jalur-hijau,Jakarta Timur,"Jl. Kayu Putih Timur, Rw. 08, Kel. Pulo Gadung, Kec. Pulogadung, Kota Jakarta Timur",-6.17957372,106.89885566,,,,,,True,,,Pulogadung,Pulo Gadung
rth-2fd99188cb18,JH.JL.HALIM PERDANA KUSUMA 8,jalur-hijau,Jakarta Timur,JL.HALIM PERDANA KUSUMA,-6.26007534,106.88604847,,,,,,True,,,Makasar,Halim Perdana Kusuma
rth-0f1fb6a2b7c7,JH.JL.HALIM PERDANA KUSUMA 9,jalur-hijau,Jakarta Timur,JL.HALIM PERDANA KUSUMA,-6.26059869,106.88668707,,,,,,True,,,Makasar,Halim Perdana Kusuma
rth-0a0484ef8162,JH.JL. HALIM PERDANA KUSUMA 10,jalur-hijau,Jakarta Timur,JL. HALIM PERDANA KUSUMA,-6.25921407,106.88570493,,,,,,True,,,Makasar,Halim Perdana Kusuma
rth-1598e0735545,JH.JL.HALIM PERDANA KUSUMA 11,jalur-hijau,Jakarta Timur,JL. HALIM PERDANA KUSUMA,-6.25737746,106.88437791,,,,,,True,,,Makasar,Halim Perdana Kusuma
rth-9869abe6311f,JH. Kayu Putih Utara,jalur-hijau,Jakarta Timur,"Jl. Kayu Putih Utara, Rw. 08, Kel. Pulo Gadung, kec. Puogadung, Jakarta Timur",-6.17956238,106.89549764,,,,,,True,,,Pulogadung,Pulo Gadung
rth-fca2c69bad02,JH.JL.HALIM PERDANA KUSUMA 12,jalur-hijau,Jakarta Timur,JL.HALIM PERDANA KUSUMA,-6.25606971,106.88341481,,,,,,True,,,Makasar,Halim Perdana Kusuma
rth-27acbc593612,JH. Kayu Putih Timur_4,jalur-hijau,Jakarta Timur,"Jl. Kayu Putih Timur, Rw. 08, Kel. Pulo Gadung, Kec. Pulogadung, Jakarta Timur",-6.1794323,106.89530235,,,,,,True,,,Pulogadung,Pulo Gadung
rth-257b599abc32,JH.JL.HALIM PERDANA KUSUMA 13,jalur-hijau,Jakarta Timur,JL.HALIM PERDANA KUSUMA,-6.25268031,106.88135085,,,,,,True,,,Makasar,Halim Perdana Kusuma
rth-1e651c0fd3f9,JH. Jl. Cipinang Baru Utara_3,jalur-hijau,Jakarta Timur,"Jl. Cipinang Baru Utara, Kel. Jati, Kec. Pulogadung, Jakarta Timur",-6.20260596,106.89756172,,,,,,True,,,Pulogadung,Jati
rth-10fb7dbd7a43,JH.JL.DI PANJAITAN 21,jalur-hijau,Jakarta Timur,JL.DI PANJAITAN,-6.24066029,106.87793409,,,,,,True,,,Makasar,Kebon Pala
rth-a24f8717fa86,JH.DI PANJAITAN 22,jalur-hijau,Jakarta Timur,JL.DI PANJAITAN,-6.24164791,106.87771475,,,,,,True,,,Makasar,Cipinang Cempedak
rth-5ff95ca2fc9d,JH.JL.DI PANJAITAN 23,jalur-hijau,Jakarta Timur,JL.DI PANJAITAN,-6.24188979,106.87740665,,,,,,True,,,Jatinegara,Cipinang Cempedak
rth-1cce566f6f1e,JH.JL.DI PANJAITAN 24,jalur-hijau,Jakarta Timur,JL.DI PANJAITAN,-6.24288632,106.87684075,,,,,,True,,,Jatinegara,Cipinang Cempedak
rth-66afb97f8fd8,JH.JL.DI.PANJAITAN 25,jalur-hijau,Jakarta Timur,JL.DI.PANJAITAN,-6.24264695,106.87713679,,,,,,True,,,Jatinegara,Cipinang Cempedak
rth-1122d159bd80,JH. Jl. Pacuan Kuda,jalur-hijau,Jakarta Timur,"Jl. Pacuan Kuda Raya, Rw. 11, Kel. Kayu Putih, Kec. Pulogadung, Jakarta Timur",-6.17973347,106.8853066,,,,,,True,,,Pulogadung,Kayu Putih
rth-528c0d0659fe,JH. Jl. Persahabatan Utara,jalur-hijau,Jakarta Timur,"Jl. Persahabatan Utara, Rw. 13, Kel. Pisangan Timur, Kec. Pulogadung, Jakarta Timur",-6.20218974,106.88423841,,,,,,True,,,Pulogadung,Pisangan Timur
rth-414dab0e7c20,JH. Pulomas Barat_1,jalur-hijau,Jakarta Timur,"Jl. Pulomas Barat, Rw. 10, Kel. Kayu Putih, Kec. Pulogadung, Jakarta Timur",-6.18041282,106.8786943,,,,,,True,,,Pulogadung,Kayu Putih
rth-b5dfcec4797a,Jalur Hijau Fly Over Jatibaru (1),jalur-hijau,Jakarta Pusat,Fly Over Jatibaru,-6.18486529,106.81046562,,,,,,True,,,Tanah Abang,Kampung Bali
rth-1cbd72a9c5db,Jalur Hijau Fly Over Jatibaru (2),jalur-hijau,Jakarta Pusat,Fly Over Jatibaru,-6.18488059,106.81070222,,,,,,True,,,Tanah Abang,Kampung Bali
rth-007e73acb04e,Jalur Hijau Fly Over Jatibaru (3),jalur-hijau,Jakarta Pusat,Fly Over Jatibaru,-6.18490274,106.8105457,,,,,,True,,,Tanah Abang,Kampung Bali
rth-0f8bc04692ef,JH.JL.LUBANG BUAYA RAYA,jalur-hijau,Jakarta Timur,JL. LUBANG BUAYA RAYA,-6.28773726,106.90616842,,,,,,True,,,Cipayung,Lubang Buaya
rth-6d7fbf631f2b,JH. JL. MUTUMANIKAM 1,jalur-hijau,Jakarta Timur,JL.MUTUMANIKAM,-6.24238404,106.8653314,,,,,,True,,,Jatinegara,Bidara Cina
rth-11232b0690b0,JL. MUTUMANIKAM 2,jalur-hijau,Jakarta Timur,JL. MUTUMANIKAM,-6.24245424,106.86525265,,,,,,True,,,Jatinegara,Bidara Cina
rth-f4ac28c85a5a,JH. Jl. Duren Sawit_1,jalur-hijau,Jakarta Timur,"Jl. Duren Sawit, RW. 11, Kel. Klender, Kec. Duren Sawit, Kota Jakarta Timur",-6.22130161,106.91487402,,,,,,True,,,Duren Sawit,Klender
rth-8e2ff1bf6c72,JH. Jl. Duren Sawit_2,jalur-hijau,Jakarta Timur,"Jl. Duren Sawit, RW. 11, Kel. Klender, Kec. Duren Sawit, Kota Jakarta Timur",-6.22127839,106.91538902,,,,,,True,,,Duren Sawit,Klender
rth-f474ae04c821,JH. Jl. Duren Sawit_3,jalur-hijau,Jakarta Timur,"Jl. Duren Sawit, RW. 12, Kel. Klender, Kec. Duren Sawit, Kota Jakarta Timur",-6.22106954,106.91597141,,,,,,True,,,Duren Sawit,Klender
rth-c003762cee28,JH. Jl. Laut Banda_1,jalur-hijau,Jakarta Timur,"Jl. Laut Banda, RW. 17, Kel. Duren Sawit, Kec. Duren Sawit, Kota Jakarta Timur",-6.23351671,106.91175706,,,,,,True,,,Duren Sawit,Duren Sawit
rth-e18a4ca496e3,JH. Jl. Laut Banda_2,jalur-hijau,Jakarta Timur,"Jl. Laut Banda, RW. 17, Kel. Duren Sawit, Kec. Duren Sawit, Kota Jakarta Timur",-6.23351977,106.91277942,,,,,,True,,,Duren Sawit,Duren Sawit
rth-343003dd6b34,Jalur Hijau Fly Over Jl. Jend. Sudirman (1),jalur-hijau,Jakarta Pusat,Fly Over Jl. Jend. Sudirman,-6.21430631,106.81815744,,,,,,True,,,Tanah Abang,Karet Tengsin
rth-c1f40c5c4196,Jalur Hijau Fly Over Jl. Jend. Sudirman (2),jalur-hijau,Jakarta Pusat,Fly Over Jl. Jend. Sudirman,-6.21426731,106.81824971,,,,,,True,,,Tanah Abang,Karet Tengsin
rth-24bc0d7b3619,Jalur Hijau Pengadegan Timur,jalur-hijau,Jakarta Selatan,JL.PANDENGAN TIMUR,-6.252203,106.85676277,,,,,,True,,,Pancoran,Rawajati
rth-656261bf98bc,Jalur Hijau JL. Permata Hijau,jalur-hijau,Jakarta Selatan,JL. Permata Hijau,-6.22328925,106.78621816,,,,,,True,,,Kebayoran Lama,Grogol Utara
rth-1c89e9637662,Jalur Hijau Duren Tiga,jalur-hijau,Jakarta Selatan,Jalan Duren Tiga,-6.25393414,106.83477511,,,,,,True,,,Pancoran,Duren Tiga
rth-4470f0105ecc,Jalur Hijau JL. Nyak Arif,jalur-hijau,Jakarta Selatan,JL. Teuku Nyak Arief,-6.23179108,106.78811658,,,,,,True,,,Kebayoran Lama,Grogol Selatan
rth-573f21f6877a,Jalur Hijau Minyak 1-4,jalur-hijau,Jakarta Selatan,Jalan Minyak,-6.2548532,106.83857468,,,,,,True,,,Pancoran,Duren Tiga
rth-76eb38e08b68,Jalur Hijau TMP Kalibata,jalur-hijau,Jakarta Selatan,Jalan TMP Kalibata,-6.25560839,106.84796185,,,,,,True,,,Pancoran,Duren Tiga
rth-90cd1c559dfb,Jalur Hijau Jl. Mangga Dua Raya,jalur-hijau,Jakarta Barat,Jl. Mangga Dua Raya,-6.13727868,106.81943228,,,,,,True,,,Taman Sari,Mangga Besar
rth-8e3d7add1f4e,Jalur Hijau Jl. Kokosan,jalur-hijau,Jakarta Barat,Jl. Kokosan,-6.1400275,106.81979252,,,,,,True,,,Taman Sari,Mangga Besar
rth-db0b4a5d5f9b,taman Ranco,jalur-hijau,Jakarta Selatan,Jalan TB. Simatupang  / jalan Tanjung,-6.30422576,106.85087276,,,,,,True,,,Jagakarsa,Tanjung Barat
rth-ea66363a69cb,Taman Ranco Atas TOL,jalur-hijau,Jakarta Selatan,Jalan TB. Simatupang / Jalan Tanjung,-6.30415453,106.84984165,,,,,,True,,,Jagakarsa,Tanjung Barat
rth-f62d4175cf72,Taman Segitiga Ranco,jalur-hijau,Jakarta Selatan,Jalan TB . Simatupangf,-6.30449072,106.85085413,,,,,,True,,,Jagakarsa,Tanjung Barat
rth-c8b7c2a0de74,TAMAN SINDANG TERUSAN RW. 014,jalur-hijau,Jakarta Utara,JL. SINDANG TERUSAN,-6.12711055,106.89473242,,,,,,True,,,Koja,Rawa Badak Utara
rth-aff025e7b0a8,Taman Rnco Kupingan Atas TOL,jalur-hijau,Jakarta Selatan,Jalan tanjung,-6.30439767,106.85112369,,,,,,True,,,Jagakarsa,Tanjung Barat
rth-924a675a76be,Taman TB. Simatupang,jalur-hijau,Jakarta Selatan,Jalan TB. Simatupangh,-6.30434333,106.84840367,,,,,,True,,,Jagakarsa,Tanjung Barat
rth-90d03c9d0186,Jalur Hijau Jl. Outer Ringroad Sisi Timur dari Kali Angke s/d Jl. Bojong Raya,jalur-hijau,Jakarta Barat,Jl. Outer Ringroad,-6.1737294,106.72853428,,,,,,True,,,Cengkareng,Rawa Buaya
rth-adb0ba8a3259,JH. Mayjen Sutoyo & Kawasan Underpass Cawang_04,jalur-hijau,Jakarta Timur,JL. SUTOYO,-6.25877045,106.86920889,,,,,,True,,,Kramatjati,Cililitan
rth-a4ab39c97b64,Jalur Hijau JL. sinabung,jalur-hijau,Jakarta Selatan,Jl. Sinabung,-6.23353031,106.79197551,,,,,,True,,,Kebayoran Baru,Gunung
rth-0f2bf5137607,Jalur Hijau Jl. Kemanggisan Utama,jalur-hijau,Jakarta Barat,Jl. Kemanggisan Utama,-6.1893801,106.78869299,,,,,,True,,,Pal Merah,Kemanggisan
rth-62b011a2d40e,JH. Mayjen Sutoyo & Kawasan Underpass Cawang_05,jalur-hijau,Jakarta Timur,,-6.25682558,106.87055591,,,,,,True,,,Kramatjati,Cawang
rth-59b8de701a02,Jalur Hijau Median Jl. Tb Angke (Putaran Rumah Duka Jabar Agung s/d  U turn Wijaya Kusuma),jalur-hijau,Jakarta Barat,Jl. TB Angke Angke,-6.14498288,106.77906207,,,,,,True,,,Grogol Petamburan,Wijaya Kusuma
rth-4b64b77aec1b,Jalur Hijau Segitiga Pulau Jl. Sakti Raya,jalur-hijau,Jakarta Barat,Jalur Hijau Segitiga Pulau Jl. Sakti Raya,-6.18885616,106.78667716,,,,,,True,,,Pal Merah,Kemanggisan
rth-d0a9cd3a950c,JH. Elok Penggilingan 1,jalur-hijau,Jakarta Timur,"Jl. Elok Penggilingan, RW. 09, Kel. Penggilingan, Kec. Cakung, Kota Jakarta Timur",-6.19583668,106.93894862,,,,,,True,,,Cakung,Penggilingan
rth-460aa7c535bc,Taman atas TOL TB. Simatupang,jalur-hijau,Jakarta Selatan,Jalan Raya TB simatupang,-6.29380937,106.82224095,,,,,,True,,,Pasar Minggu,Ragunan
rth-aa5b0ec03f80,Jalur Hijau Jl. Jend. Gatot Subroto (7),jalur-hijau,Jakarta Pusat,Jl. Jend. Gatot Subroto,-6.20648518,106.80230615,,,,,,True,,,Tanah Abang,Bendungan Hilir
rth-3b1f5e910f99,Jalur Hijau Taman Jayakarta,jalur-hijau,Jakarta Barat,Jl. Latumenten,-6.15199372,106.79461786,,,,,,True,,,Tambora,Tambora
rth-9299f9792933,Taman Atasa tol TB. Simatupang,jalur-hijau,Jakarta Selatan,,-6.29390702,106.82257888,,,,,,True,,,,
rth-c7894a8817c4,Jalur Hijau Jl. Jend. Gatot Subroto (8),jalur-hijau,Jakarta Pusat,Jl. Jend. Gatot Subroto,-6.20718343,106.8026223,,,,,,True,,,Tanah Abang,Bendungan Hilir
rth-db92c23f1062,Jalur Hijau Latumenten Kalimati,jalur-hijau,Jakarta Barat,Jl. Latumenten,-6.15067729,106.79419517,,,,,,True,,,Tambora,Tambora
rth-d82d4064c08c,Jalur Hijau Jl. Supeno,jalur-hijau,Jakarta Selatan,Jl. Supeno,-6.2224878,106.784186,,,,,,True,,,Kebayoran Lama,Grogol Utara
rth-e5e59d10e4df,Jalur Hijau Komp Kalibata Timur,jalur-hijau,Jakarta Selatan,Jalan Kalibata Timur,-6.25908255,106.84634513,,,,,,True,,,Pancoran,Kalibata
rth-c004a8316795,Jalur Hijau Kalibata Timur,jalur-hijau,Jakarta Selatan,Jalan Kalibata Timur,-6.26240521,106.84731816,,,,,,True,,,Pancoran,Pejaten Timur
rth-1a700209e278,Jalur Hijau JL. Simprug Garden,jalur-hijau,Jakarta Selatan,Jl. Simprug Garden - Simprug Garden VIII,-6.23176701,106.78720213,,,,,,True,,,Kebayoran Lama,Grogol Selatan
rth-c805d798a4cb,Jalur Hijau JL. Tanah Kusir,jalur-hijau,Jakarta Selatan,JL. Tanah Kusir II,-6.25723678,106.77974429,,,,,,True,,,Kebayoran Lama,Kebayoran Lama Selatan
rth-a48fbfe0f1df,JH. Pramuka_3,jalur-hijau,Jakarta Timur,"Jl. Pramuka, RW. 09, Kel. Utan Kayu Utara, Kec. Matraman, Kota Jakarta Timur",-6.19216506,106.87311808,,,,,,True,,,Matraman,Utan Kayu Utara
rth-18061c7cb284,JH. Pramuka_4,jalur-hijau,Jakarta Timur,"Jl. Pramuka, RW. 08, Kel. Utan Kayu Utara, Kec. Matraman, Kota Jakarta Timur",-6.19207708,106.87135344,,,,,,True,,,Matraman,Utan Kayu Utara
rth-5130c9a8d959,JH. Pramuka_5,jalur-hijau,Jakarta Timur,"Jl. Pramuka, RW. 05, Kel. Utan Kayu Utara, Kec. Matraman, Kota Jakarta Timur",-6.19252262,106.86685945,,,,,,True,,,Matraman,Utan Kayu Utara
rth-0109d70c1cfd,Jalur Hijau Jl. Perjuangan Raya,jalur-hijau,Jakarta Barat,Jl. Perjuangan Raya,-6.19064391,106.75902304,,,,,,True,,,Kebon Jeruk,Kebon Jeruk
rth-87ee66f00dd3,RTH Jl. Pegangsaan Dua,taman,Jakarta Utara,Jl. Pegangsaan Dua,-6.17031946,106.91699735,,,,,,True,,,Kelapa Gading,Pegangsaan Dua
rth-7cffde14b9ea,jh.jl. cilincing landak,jalur-hijau,Jakarta Utara,jh.jl. cilincing landak,-6.11038474,106.9392975,,,,,,True,,,Cilincing,Cilincing
rth-e1905d7e488b,Jalur Hijau Jl. S. Parman Sisi Barat dr Universitas Taruma Negara s/d Citraland,jalur-hijau,Jakarta Barat,Jalur Hijau Jl. S. parman Sisi Barat dr Universitas Taruma Negara s/d Citraland,-6.16823653,106.78776547,,,,,,True,,,Grogol Petamburan,Tanjung Duren Utara
rth-c7ef16d2c984,Fly Over Kuningan (atas bawah) sisi Setiabudi,jalur-hijau,Jakarta Selatan,,-6.23664657,106.82732133,,,,,,True,,,Setiabudi,Kuningan Timur
rth-68c07573931f,Jalur Hijau Jl. S Parman sisi Timur,jalur-hijau,Jakarta Barat,Jalur Hijau Jl. S Parman sisi Timur,-6.17957888,106.79661081,,,,,,True,,,Pal Merah,Jatipulo
rth-abb860be0166,Jalur Hijau Jl. Outer Ringroad Sisi Barat dari Jl. dari Lampu Merah Cengkareng s/d Jl. Kamal Raya,jalur-hijau,Jakarta Barat,Jl. Outer Ringroad,-6.13892847,106.72965085,,,,,,True,,,Cengkareng,Cengkareng Barat
rth-7fb537c5595b,Jalur Hijau Median Jl. TB Angke (U Turn Bengkel Botak Seng s/d rumah pompa),jalur-hijau,Jakarta Barat,Jl. TB Angke,-6.1551894,106.76969458,,,,,,True,,,Grogol Petamburan,Wijaya Kusuma
rth-56ea073d8926,Hutan Kota Cawang Uki_01,hutan,Jakarta Timur,,-6.24909757,106.87485013,,,,,,True,,,Kramatjati,Cawang
rth-e0a8a7d4c6a3,Jalur Hijau Jl. Outer Ringroad Sisi timur dari Jl. Raya Kembangan s/d Kali Angke,jalur-hijau,Jakarta Barat,Jl. Outer Ringroad,-6.18044686,106.72931839,,,,,,True,,,Kembangan,Kembangan Utara
rth-bb07dd70f6c4,Jalur Hijau Pinggir Kali Cideng,jalur-hijau,Jakarta Selatan,Jalan Kuningan mulia,-6.21250845,106.83353559,,,,,,True,,,Setiabudi,Menteng Atas
rth-8f20fae8ead9,Jalur Hijau Jl. S. Parman Sisi Barat dr Tomang s/d Universitas Tarumas Negara,jalur-hijau,Jakarta Barat,Jalur Hijau Jl. S. Parman Sisi Barat Tomang s/d Depan Universitas Taruma Negara,-6.17449069,106.79089507,,,,,,True,,,Grogol Petamburan,Tanjung Duren Utara
rth-d5f2b6235eb3,Jalur Hijau Median Jl. TB Angke (U Turn Wijaya Kusuma s/d Bengkel Botak Seng),jalur-hijau,Jakarta Barat,Jl. TB Angke,-6.15139666,106.77185941,,,,,,True,,,Grogol Petamburan,Wijaya Kusuma
rth-cfd00b2aeb93,Jalur Hijau Fly Over Pancoran (atas-bawah),jalur-hijau,Jakarta Selatan,Jalan MT Haryono,-6.24312347,106.84313631,,,,,,True,,,Pancoran,Pancoran
rth-ad9cb9744797,Jalur Hijau Jl. Lebak Bulus Raya,jalur-hijau,Jakarta Selatan,,-6.29673918,106.77405056,,,,,,True,,,Cilandak,Lebak Bulus
rth-ed5bf2a1f40c,Jalur Hijau JL. Bata Putih,jalur-hijau,Jakarta Selatan,JL. Bata Putih,-6.23599548,106.78414464,,,,,,True,,,Kebayoran Lama,Grogol Selatan
rth-de84214885c8,Jalur Hijau MRT,jalur-hijau,Jakarta Selatan,,-6.28443695,106.78944745,,,,,,True,,,Cilandak,
rth-1b149ce9a1a2,Kupingan Cilandak KKO,jalur-hijau,Jakarta Selatan,Jl. Cilandak KKO,-6.29237187,106.81716522,,,,,,True,,,Cilandak,Ragunan
rth-18f7bb8107fb,Jalur Hijau JL. Lebak Bulus II ( Samping RS Mayapada ),jalur-hijau,Jakarta Selatan,JL. Lebak Bulus II,-6.29760865,106.7867456,,,,,,True,,,Cilandak,Cilandak Barat
rth-22ead6f1edec,Jalur Hijau Toll Desari,jalur-hijau,Jakarta Selatan,,-6.29232145,106.80474168,,,,,,True,,,Cilandak,
rth-a1ad1091ee82,Jalur Hijau Jl. Taman Aries,jalur-hijau,Jakarta Barat,Jl. Taman Aries,-6.19125575,106.75091426,,,,,,True,,,Kembangan,Meruya Utara
rth-c58618c68728,Jalur Hijau Segitiga Jl. Taman Aries,jalur-hijau,Jakarta Barat,Jl. Taman Aries,-6.19105279,106.75538407,,,,,,True,,,Kembangan,Meruya Utara
rth-d52202705c5d,Jalur Hijau Pulau Bawah Fly Over Pesanggrahan Sisi Barat Tol Tangerang,jalur-hijau,Jakarta Barat,Jl. Taman Aries,-6.19109848,106.75574713,,,,,,True,,,Kembangan,Meruya Utara
rth-623594561060,Jl. Rorotan IX Kp. Kandang Sapi,taman,Jakarta Utara,Jl. Rorotan IX Kp. Kandang Sapi RT. 004 RW. 07,-6.15474162,106.95839003,,,,,,True,,,Cilincing,Rorotan
rth-6f3bd66fc46b,Jalur Hijau Median Jl. Pesanggrahan dr Fly Over s/d LM. Srengseng,jalur-hijau,Jakarta Barat,Jl. Pesanggrahan,-6.19426568,106.75572404,,,,,,True,,,Kembangan,Meruya Utara
rth-d8813474255b,Jalur Hijau Pulau Bawah Fly Over Pesanggrahan Sisi Timur Tol Tangerang,jalur-hijau,Jakarta Barat,Jl. Pesanggrahan,-6.19039605,106.75580802,,,,,,True,,,Kembangan,Kembangan Selatan
rth-7d8654e10a82,Jalur Hijau Pedestrian Jl. Jend. Sudirman (10),jalur-hijau,Jakarta Pusat,Jl. Jend. Sudirman,-6.22126953,106.80962267,,,,,,True,,,Tanah Abang,Karet Tengsin
rth-984c1016151d,Jalur Hijau Pedestrian Jl. Jend. Sudirman (11),jalur-hijau,Jakarta Pusat,Jl. Jend. Sudirman,-6.22328906,106.80675303,,,,,,True,,,Tanah Abang,Karet Tengsin
rth-73fc655f17b2,Jalur Hijau Jl. Puri Kencana,jalur-hijau,Jakarta Barat,Jl. Puri Kencana,-6.19083945,106.7508366,,,,,,True,,,Kembangan,Kembangan Selatan
rth-fd6895404da9,Jalur Hijau Median Jl. Tb Angke ( U Turn Rumah Pompa s/d LM Kolong FO Pesing,jalur-hijau,Jakarta Barat,Jl. TB Angke,-6.15732265,106.76845563,,,,,,True,,,Grogol Petamburan,Wijaya Kusuma
rth-f966068c18ca,Jalur Hijau Fly Over Tomang (Bawah),jalur-hijau,Jakarta Barat,Jalur Hijau Fly Over Tomang (Bawah),-6.17881438,106.7954432,,,,,,True,,,Grogol Petamburan,Tanjung Duren Utara
rth-5277812cd2ef,Jalur Hijau jalan damai raya,jalur-hijau,Jakarta Selatan,jalan damai raya,-6.24850446,106.75499653,,,,,,True,,,Pesanggrahan,Petukangan Selatan
rth-56949fa4fe19,JALUR S PARMAN SISI TIMUR,jalur-hijau,Jakarta Barat,JALUR S PARMAN SISI TIMUR,-6.18321349,106.79711071,,,,,,True,,,Pal Merah,Jatipulo
rth-b749f85b408d,JH. pertigaan STIP s/d rumah pitung marunda dan rusun marunda,jalur-hijau,Jakarta Utara,,-6.10036969,106.96129374,,,,,,True,,,Cilincing,Marunda
rth-32fd527b40d6,Jalur Hijau Jl. Outer Ringroad Sisi Timur dari Jl. Bumi Cengkareng Indah s/d SPBU,jalur-hijau,Jakarta Barat,Jl. Outer Ringroad,-6.1367133,106.73030974,,,,,,True,,,Cengkareng,Cengkareng Timur
rth-9e642d8fda01,Pulau Jalur Hijau Fly Over Tomang (Bawah),jalur-hijau,Jakarta Barat,Pulau Jalur Hijau Fly Over Tomang (Bawah),-6.17958202,106.79527124,,,,,,True,,,Grogol Petamburan,Tanjung Duren Utara
rth-3a4349cdb93c,Taman Pancoran (Segi 3),jalur-hijau,Jakarta Selatan,Jalan Raya Pasar Minggu / Jalan MT. Haryono,-6.24360595,106.84351029,,,,,,True,,,Pancoran,Pancoran
rth-c873914c0128,Jalur Pinggir Kali Sekertaris (Jembatan Gereja s/d Segitiga Tanjung Duren Barat),jalur-hijau,Jakarta Barat,Jl. Kali Sekertaris,-6.17562065,106.77990424,,,,,,True,,,Grogol Petamburan,Tanjung Duren Utara
rth-2d971573684a,Jalur Hijau Segitiga Lampu Merah Grogol Jl. Daan mogot Sisi Selatan,jalur-hijau,Jakarta Barat,Jl. Daan Mogot,-6.16695726,106.78765432,,,,,,True,,,Grogol Petamburan,Tanjung Duren Utara
rth-e81406602b0b,SEGITIGA KOLONG SLIPI JAYA,jalur-hijau,Jakarta Barat,SEGITIGA KOLONG SLIPI JAYA,-6.18959183,106.79675777,,,,,,True,,,Pal Merah,Kemanggisan
rth-1699b5a7fb08,Jalur Hijau Pinggir Kali Tubagus Angke dari Pesing s/d Jembatan Genit,jalur-hijau,Jakarta Barat,Jl. Tubagus Angke,-6.15421825,106.77004653,,,,,,True,,,Grogol Petamburan,Wijaya Kusuma
rth-5cfbedc9fdb4,Jalur Hijau Median Jl. Latumenten Jembatan Besi,jalur-hijau,Jakarta Barat,Jl. Latumenten,-6.15197512,106.79489412,,,,,,True,,,Tambora,Angke
rth-a74061bb15e9,Jalur Hijau Pedestrian Jl. M.H. Thamrin (2),jalur-hijau,Jakarta Pusat,Jl. M.H. Thamrin,-6.18491734,106.82284601,,,,,,True,,,Menteng,Menteng
rth-0c9808d689f6,Jalur Hijau Pinggir Kali Jl. Krendang Barat,jalur-hijau,Jakarta Barat,Jl. Krendang Barat,-6.15101179,106.80115981,,,,,,True,,,Tambora,Krendang
rth-36caf3f8acea,Istiqlal_5,hutan,Jakarta Pusat,Komplek Masjid Istiqlal,-6.16885151,106.83178838,,,,,,True,,,Sawah Besar,Pasar Baru
rth-54ff994be13c,JH. FO. Ps. Rebo_2,jalur-hijau,Jakarta Timur,"Jl. Raya Bogor, RW. 05, Kel. Susukan, Kec. Ciracas, Kota Jakarta Timur",-6.3065411,106.86571106,,,,,,True,,,Ciracas,Susukan
rth-5652f92993c2,Jalur Hijau Pedestrian Jl. M.H. Thamrin (3),jalur-hijau,Jakarta Pusat,Jl. M.H. Thamrin,-6.19111823,106.82276486,,,,,,True,,,Gambir,Gambir
rth-2818d11b18ef,Taman Kemang Raya,jalur-hijau,Jakarta Selatan,Jalan Kemang Raya,-6.27286106,106.81587773,,,,,,True,,,Mampang Prapatan,Bangka
rth-9e519005a418,Istiqlal_9,hutan,Jakarta Pusat,Komplek Masjid Istiqlal,-6.17057722,106.83289078,,,,,,True,,,Sawah Besar,Pasar Baru
rth-8f8310970bc1,Jalur Hijau Pedestrian Jl. M.H. Thamrin (4),jalur-hijau,Jakarta Pusat,Jl. M.H. Thamrin,-6.18209249,106.82314368,,,,,,True,,,Menteng,Menteng
rth-7a7ccb4bf1d0,Taman Ampera,jalur-hijau,Jakarta Selatan,Jalan Ampera,-6.2915647,106.81690003,,,,,,True,,,Pasar Minggu,Cilandak Timur
rth-961c876b03e0,Jalur Hijau Pedestrian Jl. Veteran (2),jalur-hijau,Jakarta Pusat,Jl. Veteran,-6.16814224,106.82879734,,,,,,True,,,Gambir,Gambir
rth-8cec43441d97,JH. JL danau indah raya,jalur-hijau,Jakarta Utara,jl. danau indah raya,-6.14992179,106.8818381,,,,,,True,,,Tanjung Priok,Sunter Jaya
rth-e60bd4eb3f7d,Istiqlal_2,hutan,Jakarta Pusat,Komplek Masjid Istiqlal,-6.16935448,106.8304362,,,,,,True,,,Sawah Besar,Pasar Baru
rth-ab09c6c92969,JH.Jl sunter kemayoran,jalur-hijau,Jakarta Utara,jl. sunter kemayoran,-6.16002035,106.87185484,,,,,,True,,,Tanjung Priok,Sunter Jaya
rth-4fa6fd09b3b1,Istiqlal_11,hutan,Jakarta Pusat,Komplek Masjid Istiqlal,-6.17207236,106.83035436,,,,,,True,,,Sawah Besar,Pasar Baru
rth-090bca75d8b9,Jalur Hijau Segitiga Jl. Tomang Raya Sisi Selatan,jalur-hijau,Jakarta Barat,Jl. Tomang Raya,-6.17509054,106.80324033,,,,,,True,,,Pal Merah,Jatipulo
rth-1485d0755adc,Jalur Hijau Bawah Fly Over Slipi Jaya,jalur-hijau,Jakarta Barat,Jl. Kemanggisan Utama Raya,-6.18964012,106.79592824,,,,,,True,,,Pal Merah,Slipi
rth-106e411572ba,JH. JL gunung sahari ( dari pintu kereta s/d perempatan lampu merah ancol ),jalur-hijau,Jakarta Utara,JH. JL gunung sahari ( dari pintu kereta api s/d perempatan lampu merah ancol ),-6.13679406,106.83234064,,,,,,True,,,Pademangan,Ancol
rth-81dd929c3502,DPR RI_2,hutan,Jakarta Pusat,Jalan Gatot Subroto,-6.21060691,106.79745002,,,,,,True,,,Tanah Abang,Gelora
rth-a72a7ea88929,Jalur Hijau JL. Patiunus,jalur-hijau,Jakarta Selatan,JL. Patiunus,-6.23611633,106.79612192,,,,,,True,,,Kebayoran Baru,Gunung
rth-639ee758ae48,Jalur Hijau Pinggir Kali TB Angke (LM Kolong FO Pesing s/d Jembatan Genit),taman,Jakarta Barat,Jl TB Angke,-6.15424977,106.77003091,,,,,,True,,,Grogol Petamburan,Wijaya Kusuma
rth-e0984812dd51,Jl. S Parman Sisi Barat,jalur-hijau,Jakarta Barat,Jl. S Parman Sisi Barat,-6.18315021,106.79650735,,,,,,True,,,Pal Merah,Kemanggisan
rth-3f13fbabf852,Jalur Hijau Jl. Outer Ringroad Sisi timur dari Lampu Merah Cengkareng s/d Jl. Bumi Ceng Indah,jalur-hijau,Jakarta Barat,Jl. Outer Ringroad,-6.14397552,106.72921503,,,,,,True,,,Cengkareng,Cengkareng Timur
rth-bb6f9e77cb4d,Taman Senayan,jalur-hijau,Jakarta Selatan,Jalan Senayan,-6.23852082,106.8164108,,,,,,True,,,Kebayoran Baru,Rawa Barat
rth-c032ff8c101f,Jalur Hijau Jl. Jend. Gatot Subroto (4),jalur-hijau,Jakarta Pusat,Jl. Jend. Gatot Subroto,-6.21813825,106.81167216,,,,,,True,,,Tanah Abang,Bendungan Hilir
rth-c891b0c20458,Jalur Hijau JL. Cikatomas,jalur-hijau,Jakarta Selatan,JL. Cikatomas,-6.2372357,106.81067849,,,,,,True,,,Kebayoran Baru,Rawa Barat
rth-937a832e90c1,JH. Radjiman (Area 2),jalur-hijau,Jakarta Timur,"Jl. Dr. Radjiman, RW. 06, Kel. Rawa Terate, Kec. Cakung, Kota Jakarta Timur",-6.18840526,106.92322031,,,,,,True,,,Cakung,Rawa Terate
rth-387f85ae9270,Jalur Hijau Jl. Tomang Raya,jalur-hijau,Jakarta Barat,Jl. Tomang Raya,-6.17727176,106.79979543,,,,,,True,,,Grogol Petamburan,Tomang
rth-bec8569e51f0,Istiqlal_6,hutan,Jakarta Pusat,Komplek Masjid Istiqlal,-6.16994372,106.83224181,,,,,,True,,,Sawah Besar,Pasar Baru
rth-2b75507c2b19,JH. FO Ps. Rebo_4,jalur-hijau,Jakarta Timur,"Jl. Raya Bogor, RW. 02, Kel. Susukan, Kec. Ciracas, Kota Jakarta Timur",-6.30794402,106.86445867,,,,,,True,,,Ciracas,Susukan
rth-8c1d3df0e6eb,Jalur Hijau Under Pass Jl. Tomang Raya,jalur-hijau,Jakarta Barat,Jl. Tomang Raya,-6.1791089,106.7968537,,,,,,True,,,Pal Merah,Jatipulo
rth-9b98975f87c7,JH. Segitiga TB Simatupang,jalur-hijau,Jakarta Timur,"Jl. Supriyadi, RW. 03, Kel. Rambutran, Kec. Ciracas, Kota Jakarta Timur",-6.30803047,106.87389589,,,,,,True,,,Ciracas,Rambutan
rth-dae81e1f5394,Jalur Hijau Jl. RA Kartini (Pintu TOL Pondok Pinang s.d Fatmawati),jalur-hijau,Jakarta Selatan,,-6.2898377,106.78334588,,,,,,True,,,Cilandak,
rth-7c08c27d5807,Jalur Hijau Jl. Panjang depan Gereja GKI,jalur-hijau,Jakarta Barat,Jl. Panjang,-6.17990038,106.76649621,,,,,,True,,,Kebon Jeruk,Kedoya Utara
rth-a33f13e6cf95,Jalur Hijau Pedestrian Jl. Jend. Sudirman (12),jalur-hijau,Jakarta Pusat,Jl. Jend. Sudirman,-6.226727,106.80204428,,,,,,True,,,Tanah Abang,Karet Tengsin
rth-a04ac35e68d8,Jalur Hijau Median Jl. Puri Indah,jalur-hijau,Jakarta Barat,Jl. Puri Indah Raya,-6.18618536,106.74856699,,,,,,True,,,Kembangan,Kembangan Selatan
rth-138adbd9b302,RTH Jl. Sungai Kendal,taman,Jakarta Utara,Jl. Sungai Kendal RT. 005 RW. 08,-6.13784295,106.96711009,,,,,,True,,,Cilincing,Rorotan
rth-5fe37e9dfc78,Jalur Hijau Jl. Puri Indah Raya,jalur-hijau,Jakarta Barat,Jl. Puri Indah Raya,-6.18636739,106.74604886,,,,,,True,,,Kembangan,Kembangan Selatan
rth-1d97c1c8bc1d,Jalur Hijau Segitiga Jl. Puri Indah (Puri Kedoya),jalur-hijau,Jakarta Barat,Jl. Puri Indah Raya,-6.1845819,106.75380762,,,,,,True,,,Kembangan,Kembangan Selatan
rth-87d86ca3d92b,JALUR S PARMAN TIMUR,jalur-hijau,Jakarta Barat,JALUR S PARMAN SISI TIMUR,-6.18619275,106.79723387,,,,,,True,,,Pal Merah,Kota Bambu Selatan
rth-b2f42b0fd1e9,Jalur Pinggir kali Tb Angke (Jembatan Genit s/d Jalan Kampung Gusti),taman,Jakarta Barat,Jalur Tb Angke,-6.14709385,106.77436871,,,,,,True,,,Grogol Petamburan,Jelambar Baru
rth-70004ffc4f09,Jalur Hijau JL. Hang Tuah VII,jalur-hijau,Jakarta Selatan,JL. Hang Tuah VII,-6.23679033,106.79719609,,,,,,True,,,Kebayoran Baru,Gunung
rth-805238c5972d,Jalur Pinggir Kali Tb Angke,jalur-hijau,Jakarta Barat,Jl. Tb Angke,-6.14395463,106.77972355,,,,,,True,,,Grogol Petamburan,Jelambar Baru
rth-780bb47a1d74,JH. Sisi Barat Tol Cakung,jalur-hijau,Jakarta Timur,"Jl. Cakung Cilincing Barat, RW. 08, Kel. Pulo Gebang, Kec. Cakung, Kota Jakarta Timur",-6.201117,106.94567208,,,,,,True,,,Cakung,Pulo Gebang
rth-fe9c151a9006,Jalur Hijau Jl. Jend. Gatot Subroto (9),jalur-hijau,Jakarta Pusat,Jl. Jend. Gatot Subroto,-6.21002437,106.8049896,,,,,,True,,,Tanah Abang,Bendungan Hilir
rth-57500e0d8758,Jalur Hijau Jl. Tirtayasa,jalur-hijau,Jakarta Selatan,JL. Tirtayasa,-6.24259893,106.80562496,,,,,,True,,,Kebayoran Baru,Melawai
rth-c43ce0c572b1,Jalur Hijau Segitiga Jl. S. Parman Sisi Timur,jalur-hijau,Jakarta Barat,Jl. S. Parman,-6.1794907,106.79647632,,,,,,True,,,Pal Merah,Jatipulo
rth-036ef37918da,Jalur Hijau Pedestrian Jl. M.H. Thamrin (5),jalur-hijau,Jakarta Pusat,Jl. M.H. Thamrin,-6.18528853,106.8233063,,,,,,True,,,Menteng,Menteng
rth-3f89f88152dc,JH. Jl. Trikora,jalur-hijau,Jakarta Timur,"Jl. TB. Simatupang, RW. 11, Kel. Gendong, Kec. Pasar Rebo, Kota Jakarta Timur",-6.30611973,106.86440442,,,,,,True,,,Pasar Rebo,Gedong
rth-d7583e5c7694,Jalur Hijau Segitiga Jl. Tomang Raya Sisi Utara,jalur-hijau,Jakarta Barat,Jl. Tomang Raya,-6.17489917,106.80292224,,,,,,True,,,Grogol Petamburan,Tomang
rth-01e1c5031cb8,Jalur Hijau Bawah Fly Over Slipi Jl. S. Parman,jalur-hijau,Jakarta Barat,Jl. S. Parman,-6.20069881,106.79922367,,,,,,True,,,Pal Merah,Slipi
rth-4696d66fb36f,JH. Jl. Supriyadi_1,jalur-hijau,Jakarta Timur,"Jl. Supriyadi, RW. 04, Kel. Rambutan, Kec. Ciracas, Kota Jakarta Timur",-6.30785924,106.87515458,,,,,,True,,,Ciracas,Rambutan
rth-5ab841a38201,AHM,hutan,Jakarta Utara,Jalan Gaya Motor 2,-6.13232473,106.89033552,,,,,,True,,,Tanjung Priok,Sungai Bambu
rth-44df55edee08,Jalur Hijau Viaduck Kembang Kerep,jalur-hijau,Jakarta Barat,Jl. Kembang Kerep,-6.19217934,106.7421304,,,,,,True,,,Kembangan,Meruya Utara
rth-dc4b37fa0c3e,Jalur Hijau Segitiga Jl. Kembang Kerep 1,jalur-hijau,Jakarta Barat,Jl. Kembang Kerep,-6.1926374,106.74232646,,,,,,True,,,Kembangan,Meruya Utara
rth-cddcdc8c0792,Jalur Hijau Segitiga Jl. Kembang Kerep 2,jalur-hijau,Jakarta Barat,Jl. Kembang Kerep,-6.19301759,106.74257953,,,,,,True,,,Kembangan,Meruya Utara
rth-6b9ea2cf4844,Taman Khafi II,jalur-hijau,Jakarta Selatan,Jalan Khafi II,-6.35515824,106.81033871,,,,,,True,,,Jagakarsa,Cipedak
rth-9bc6bb18d869,Jalur Hijau Segitiga Jl. Kembang Kencana,jalur-hijau,Jakarta Barat,Jl. Kembang Kencana,-6.19794103,106.74226114,,,,,,True,,,Kembangan,Meruya Utara
rth-609951faca48,Taman M. Khafi II,jalur-hijau,Jakarta Selatan,Jalan Khafi 2,-6.36004292,106.80783075,,,,,,True,,,Jagakarsa,Cipedak
rth-82e949ec7978,Jalur Hijau Jl. Meruya Ilir 1,jalur-hijau,Jakarta Barat,Jl. Meruya Ilir,-6.19776869,106.74318483,,,,,,True,,,Kembangan,Meruya Utara
rth-38e52e719014,JH. kanal banjir timur sisi barat dan timur ( jembatan 2 KBT s/d marunda ),jalur-hijau,Jakarta Utara,JH. kanal banjir timur sisi barat dan timur ( jembatan 2 KBT s/d marunda ),-6.12291016,106.96951242,,,,,,True,,,Cilincing,Marunda
rth-1cdd88d9b02d,Hutan Kota Cawang dan UKI_03,hutan,Jakarta Timur,,-6.24775241,106.8774544,,,,,,True,,,Makasar,Kebon Pala
rth-0c213229ab4a,Hutan Kota Cawang dan UKI_04,hutan,Jakarta Timur,,-6.24625562,106.87794247,,,,,,True,,,Makasar,Kebon Pala
rth-b23d38e343b3,Hutan Kota Cawang dan UKI_05,hutan,Jakarta Timur,,-6.24538458,106.87656469,,,,,,True,,,Jatinegara,Cipinang Cempedak
rth-6e7c69e60b8b,Jalur Hijau Pinggir Kali TB Angke (Arah Jalan Permata Indah I),jalur-hijau,Jakarta Barat,Jalan Tb Angke,-6.14379517,106.78182476,,,,,,True,,,Grogol Petamburan,Jelambar Baru
rth-732c138e9050,Jalur Hijau Jalan Sabar,jalur-hijau,Jakarta Selatan,Jalan Sabar,-6.23992011,106.75232222,,,,,,True,,,Pesanggrahan,Petukangan Selatan
rth-c1b095b96b0e,JH. Jl yos sudarso dan sisi barat (lampu merah ITC cempaka mas s.d lampu merah permai ),jalur-hijau,Jakarta Utara,JH. Jl yos sudarso dan sisi barat (lampu merah ITC cempaka mas s.d lampu merah permai ),-6.14935005,106.88725692,,,,,,True,,,Tanjung Priok,Sunter Jaya
rth-dc29a8a00d85,Taman Buncit Raya,jalur-hijau,Jakarta Selatan,Jalan Buncit Raya,-6.29310423,106.82271855,,,,,,True,,,Pasar Minggu,Ragunan
rth-9b2cb2dd3e10,Jalur Hijau Jl. Rawa Bahagia,jalur-hijau,Jakarta Barat,Jl. Rawa Bahagia,-6.16593296,106.79779498,,,,,,True,,,Grogol Petamburan,Grogol
rth-eb280734c35f,Jalur Hijau RC Veteran,jalur-hijau,Jakarta Selatan,Jalan RC Veteran,-6.26945132,106.76505948,,,,,,True,,,Pesanggrahan,Bintaro
rth-014e65b952b8,Taman  margasatwa,jalur-hijau,Jakarta Selatan,Jalan Buncit Raya,-6.28902765,106.82463809,,,,,,True,,,Pasar Minggu,Ragunan
rth-41f58c2231b5,Jalur Hijau Jl. Jend. Gatot Subroto (10),jalur-hijau,Jakarta Pusat,Jl. Jend. Gatot Subroto,-6.21356939,106.80789861,,,,,,True,,,Tanah Abang,Bendungan Hilir
rth-bb71eb6ff78c,Jalur Hijau Jl. Susilo I dari Jl. Susilo Raya s/d Jl. Muwardi I,jalur-hijau,Jakarta Barat,Jl. Susilo I,-6.16513362,106.79346392,,,,,,True,,,Grogol Petamburan,Grogol
rth-8700bb90ae0d,Jalur Hijau Pulau Jl. KS. Tubun depan Mesjid An-Nur,jalur-hijau,Jakarta Barat,Jl. KS. Tubun,-6.18899243,106.80667107,,,,,,True,,,Pal Merah,Kota Bambu Utara
rth-1fb5574bd721,JH. Jl. Supriyadi_2,jalur-hijau,Jakarta Timur,"Jl. Supriyadi, RW. 03, Kel. Susukan, Kec. Ciracas, Kota Jakarta Timur",-6.30856027,106.8709756,,,,,,True,,,Ciracas,Susukan
rth-a4691f39d73d,Jalur Hijau Pedestrian Jl. M.H. Thamrin (6),jalur-hijau,Jakarta Pusat,Jl. M.H. Thamrin,-6.18778912,106.82323852,,,,,,True,,,Menteng,Menteng
rth-1f79e8950ab2,JH. Jl. Supriyadi_3,jalur-hijau,Jakarta Timur,"Jl. Supriyadi, RW. 05, Kel. Susukan, Kec. Ciracas, Kota Jakarta Timur",-6.30810342,106.87111557,,,,,,True,,,Ciracas,Susukan
rth-f46048e089f7,Jalur Hijau Segitiga Jl. KS. Tubun 1 depan PLN,jalur-hijau,Jakarta Barat,Jl. KS. Tubun 1,-6.18693415,106.80800053,,,,,,True,,,Pal Merah,Kota Bambu Utara
rth-8201fd5fc63c,Jalur Hijau Segitiga Jl. KS. Tubun Raya Gg. Harlan,jalur-hijau,Jakarta Barat,Jl. KS. Tubun,-6.18669279,106.80787559,,,,,,True,,,Pal Merah,Kota Bambu Utara
rth-38a114435fe4,Jalur Hijau Jl. RS Fatmawati,jalur-hijau,Jakarta Selatan,,-6.29541418,106.79514202,,,,,,True,,,Cilandak,Cilandak Barat
rth-5a47b3860b1a,Jalur Hijau JL. Lebak Bulus I,jalur-hijau,Jakarta Selatan,JL. Lebak Bulus I,-6.29677856,106.78891407,,,,,,True,,,Cilandak,Cilandak Barat
rth-4aae799bd22b,Kebun Bibit Kehutanan Cibubur,kebun-bibit,Jakarta Timur,Jl. Safa Marwah,-6.36027593,106.87238552,,,,,,True,,,Ciracas,Cibubur
rth-d9edea8d5513,Se,taman,Jakarta Barat,,-6.18863807,106.81034422,,,,,,True,,,,
rth-ff6d977eed09,Jalur Hijau Atas Fly Over Pasar Pagi,jalur-hijau,Jakarta Barat,Fly Over Pasar Pagi,-6.13955334,106.80944065,,,,,,True,,,Tambora,Roa Malaka
rth-48b4b07b0922,Jalur Hijau Depan Kejagung,jalur-hijau,Jakarta Selatan,JL. Panglima Polim Raya,-6.24128558,106.7983682,,,,,,True,,,Kebayoran Baru,Selong
rth-2b76afa1e515,Jalur Hijau Pulau Jl. Pekojan,jalur-hijau,Jakarta Barat,Jl. Pekojan,-6.14148486,106.80715397,,,,,,True,,,Tambora,Pekojan
rth-0c7fe4cf2a12,Jalur Hijau Jl. Depan Museum Tekstil,jalur-hijau,Jakarta Barat,Jalur Hijau Jl. Depan Museum Tekstil,-6.18828415,106.81025074,,,,,,True,,,Pal Merah,Kota Bambu Selatan
rth-a19d55ea4239,Jalur Pinggir kali Tb Angke (Jl Permata I s/d Jl Permata),jalur-hijau,Jakarta Barat,Jl Tb Angke,-6.14370905,106.7828681,,,,,,True,,,Grogol Petamburan,Jelambar Baru
rth-9836ef0312ff,Jalur Hijau Pinggir Kali Tb Angke (Jl Permata s/d U Turn Rumah Duka Jelmbar),jalur-hijau,Jakarta Barat,Jl Tb Angke,-6.14345698,106.78580818,,,,,,True,,,Grogol Petamburan,Jelambar Baru
rth-e66bbc81c1df,Jalur Median TB ANgke (U Turn Rumah DUka Jelambar s/d Jalan Jatayu),jalur-hijau,Jakarta Barat,Jalan Tb Angke,-6.14350088,106.78696495,,,,,,True,,,Grogol Petamburan,Jelambar Baru
rth-e5313fa7b306,Jaur Hjau Jalan Kemajuan,jalur-hijau,Jakarta Selatan,Jalan Kemajuan,-6.2404621,106.75387827,,,,,,True,,,Pesanggrahan,Petukangan Selatan
rth-179fdb2f6650,SEGITIGA SLIPI,jalur-hijau,Jakarta Barat,SEGITIGA SLIPI,-6.20075785,106.79962285,,,,,,True,,,Pal Merah,Slipi
rth-f1842691a3b3,Jalur hijau Jalan M SAidi Raya,jalur-hijau,Jakarta Selatan,Jalan M Saidi,-6.23758407,106.75719089,,,,,,True,,,Pesanggrahan,Petukangan Selatan
rth-e8146aa4d366,Jalur Hijau JL. Lamandau,jalur-hijau,Jakarta Selatan,Jl. Lamandau,-6.2425873,106.79565562,,,,,,True,,,Kebayoran Baru,Kramat Pela
rth-e2c295eb21f0,Jalur Hijau Jl. Susilo I dari Muwardi I s/d Muwardi Raya,jalur-hijau,Jakarta Barat,Jl. Susilo I,-6.16335507,106.79334732,,,,,,True,,,Grogol Petamburan,Grogol
rth-ee00f6d343dd,Jalur Hijau Jl. Jend. Gatot Subroto (11),jalur-hijau,Jakarta Pusat,Jl. Jend. Gatot Subroto,-6.21673093,106.81019372,,,,,,True,,,Tanah Abang,Bendungan Hilir
rth-144afdf9cb56,Jalur Hijau Jl. Semeru Raya,jalur-hijau,Jakarta Barat,Jl. Semeru Raya,-6.1593898,106.79680375,,,,,,True,,,Grogol Petamburan,Grogol
rth-fff5154d419d,Taman Hang lekiu 1,jalur-hijau,Jakarta Selatan,Jalan Hanglekiu 1,-6.23548878,106.79346869,,,,,,True,,,Kebayoran Baru,Gunung
rth-40ac3f414048,Jalur Hijau Jl. KS. Tubun Terusan,jalur-hijau,Jakarta Barat,Jl. KS. Tubun,-6.18590753,106.80917351,,,,,,True,,,Pal Merah,Kota Bambu Utara
rth-d90e45d3cb60,JIEXPO_1,hutan,Jakarta Utara,Jalan Benyamin Sueb,-6.14879504,106.84840018,,,,,,True,,,Pademangan,Pademangan Timur
rth-cb9c44a5272c,Jalur Hijau Atas dan Bawah Fly Over Tomang Jl. S. Parman,jalur-hijau,Jakarta Barat,Jl. S. Parman,-6.17997706,106.79620842,,,,,,True,,,Pal Merah,Kemanggisan
rth-b06ff9c53d9a,JH. tepian air air sisi pintu tol ancol timur. jl RE martadinata,jalur-hijau,Jakarta Utara,tepian air air sisi pintu tol ancol timur. jl RE martadinata,-6.12416785,106.85561156,,,,,,True,,,Pademangan,Ancol
rth-9a225f189db2,Jalur Hijau Pedestrian Jl. M.H. Thamrin (7),jalur-hijau,Jakarta Pusat,Jl. M.H. Thamrin,-6.19144055,106.82319471,,,,,,True,,,Gambir,Gambir
rth-cbeb07e0620f,Jalur Hijau Pulau-Pulau Tomang (Pintu Tol Tangerang),jalur-hijau,Jakarta Barat,Jl. S. Parman,-6.18005309,106.79549492,,,,,,True,,,Pal Merah,Kemanggisan
rth-64ef0b5fa995,Jalur Hijau Segitiga Pos Pengumben Jl. Kebayoran Lama,jalur-hijau,Jakarta Barat,Jl. Kebayoran Lama,-6.21595192,106.77710823,,,,,,True,,,Pal Merah,Palmerah
rth-c2905d71ed6d,Jalur Hijau Pinggir Kali Jl. Pejagalan Raya Sisi Barat,jalur-hijau,Jakarta Barat,Jl. Pajagalan Raya,-6.1405238,106.8076917,,,,,,True,,,Tambora,Pekojan
rth-44d5691d7643,Jalur Hijau Pinggir Kali Jl. Pejagalan Raya Sisi Timur,jalur-hijau,Jakarta Barat,Jl. Pejagalan Raya,-6.14055815,106.8078902,,,,,,True,,,Tambora,Pekojan
rth-c52fd705ec50,JH Bawah FO Jatibaru,jalur-hijau,Jakarta Barat,Jl. Tanggul Banjir Kanal Barat,-6.18520174,106.8101794,,,,,,True,,,Pal Merah,Kota Bambu Utara
rth-5f30bccba76c,Jalur Hijau Jl. Sudirman,jalur-hijau,Jakarta Selatan,Jl. Sudirman,-6.22601401,106.80407432,,,,,,True,,,Kebayoran Baru,Selong
rth-a794444a47fd,Jalur Hijau Jl. Gedong Panjang,jalur-hijau,Jakarta Barat,Jl. Gedong Panjang,-6.13397106,106.80630342,,,,,,True,,,Tambora,Pekojan
rth-f1a63d160eeb,Taman Sigura gura,jalur-hijau,Jakarta Selatan,Jalan Durentiga Selatan,-6.25821088,106.83256569,,,,,,True,,,Pancoran,Duren Tiga
rth-a119a24e220d,Jalur Hijau Jl. Bandengan Utara,jalur-hijau,Jakarta Barat,Jl. Bandengan Utara,-6.13611916,106.80459891,,,,,,True,,,Tambora,Pekojan
rth-37f92a819eeb,JH. JL danau sunter utara ( sunter c ),jalur-hijau,Jakarta Utara,JL danau sunter utara,-6.13920824,106.87299718,,,,,,True,,,Tanjung Priok,Sunter Agung
rth-9bb37fbb9af9,Jalur Hijau Depan Universitas Pancasila,jalur-hijau,Jakarta Selatan,,-6.34000116,106.8338053,,,,,,True,,,Jagakarsa,Srengseng Sawah
rth-750070530672,Taman Segitiga Jalur Tanjung Duren Barat,jalur-hijau,Jakarta Barat,Jl Tanjung Duren Barat,-6.17390029,106.77995616,,,,,,True,,,Grogol Petamburan,Tanjung Duren Utara
rth-c7023bf4bcbe,JH. Jl perintis kemerdekaan sisi utara s/d terminal pulogadung,jalur-hijau,Jakarta Utara,JH. Jl perintis kemerdekaan sisi utara s/d terminal pulogadung,-6.17549903,106.89606636,,,,,,True,,,Kelapa Gading,Kelapa Gading Timur
rth-46f57e341b8f,Jalur Hijau Pinggir Kali Sekertaris (Jembatan Gereja s/d Jalan Lontar Raya),jalur-hijau,Jakarta Barat,Jalan Tanjung Duren Barat,-6.17757086,106.7799305,,,,,,True,,,Grogol Petamburan,Tanjung Duren Utara
rth-20366ff6b2d9,JALUR JL AIPDA KS TUBUN DEPAN DINAS,jalur-hijau,Jakarta Barat,JALUR JL AIPDA KS TUBUN DEPAN DINAS,-6.19574916,106.80399714,,,,,,True,,,Pal Merah,Slipi
rth-7bca9d1fa8c2,Jalur Hijau Jl. Utan Jati,jalur-hijau,Jakarta Barat,Jl. Utan Jati,-6.14668606,106.71002624,,,,,,True,,,Kalideres,Pegadungan
rth-843d8b5da437,Jalur Hijau Jl. Lontar Ujung,jalur-hijau,Jakarta Barat,Jalur Hijau Jl. Lontar Ujung,-6.18347207,106.78167794,,,,,,True,,,Grogol Petamburan,Tanjung Duren Selatan
rth-46dfc0acaed2,Hutan Kota Cawang dan UKI_02,hutan,Jakarta Timur,,-6.25390497,106.87231069,,,,,,True,,,Kramatjati,Kebon Pala
rth-5109d3c8401d,Jalur Hijau Jl. Jend. Gatot Subroto (12),jalur-hijau,Jakarta Pusat,Jl. Jend. Gatot Subroto,-6.21557546,106.8101635,,,,,,True,,,Tanah Abang,Bendungan Hilir
rth-7e2088fb6a9f,Jalur Hijau Jl. Nurdin Raya,jalur-hijau,Jakarta Barat,Jl. Nurdin Raya,-6.16034677,106.79374461,,,,,,True,,,Grogol Petamburan,Grogol
rth-ed03458e5ad5,Jalur Hijau Jl. Jend. Gatot Subroto (13),jalur-hijau,Jakarta Pusat,Jl. Jend. Gatot Subroto,-6.21091529,106.80642876,,,,,,True,,,Tanah Abang,Bendungan Hilir
rth-d324bf5de69b,Jalur Hijau JL. Gandaria Terusan,jalur-hijau,Jakarta Selatan,Jl. Gandaria I - Gandaria III,-6.24466086,106.78944374,,,,,,True,,,Kebayoran Baru,Kramat Pela
rth-4408575f0066,Jalur Hijau Jl. Makaliwe,jalur-hijau,Jakarta Barat,Jl. Makaliwe,-6.15991696,106.79142648,,,,,,True,,,Grogol Petamburan,Grogol
rth-ad7c2b2f9baa,Jalur Hijau Jl. Jend. Gatot Subroto (14),jalur-hijau,Jakarta Pusat,Jl. Jend. Gatot Subroto,-6.20812931,106.80418886,,,,,,True,,,Tanah Abang,Bendungan Hilir
rth-a3530f9ebfc8,RTH Jl. Dr Radjiman,taman,Jakarta Timur,Jl. Dr. Rajiman RT. 015 RW. 04,-6.18977924,106.92903443,,,,,,True,,,Cakung,Rawa Terate
rth-8d1f7af5d1de,Jalur Hijau Fly Over Kebon Jeruk Sisi Barat (Selatan Tol Tangerang),jalur-hijau,Jakarta Barat,Jl. Panjang,-6.19076732,106.76873065,,,,,,True,,,Kebon Jeruk,Kebon Jeruk
rth-4eaf668aa55d,Jalur Hijau Jln Supriyadi 4,jalur-hijau,Jakarta Timur,Jln  Supryadi  RW  03 Kel Rambutan Kecamatan Ciracas Kota Jakarta Timur,-6.3072488,106.87616509,,,,,,True,,,Ciracas,Rambutan
rth-fffc749423b9,Jalur Hijau Fly Over Kebon Jeruk Sisi Barat (Utara Tol Tangerang),jalur-hijau,Jakarta Barat,Jl. Panjang,-6.18927725,106.76859108,,,,,,True,,,Kebon Jeruk,Kebon Jeruk
rth-2092f8fadef6,Jalur Hijau Fly Over Kebon Jeruk Sisi Timur (Utara Tol Tangerang),jalur-hijau,Jakarta Barat,Jl. Panjang,-6.18921422,106.76893843,,,,,,True,,,Kebon Jeruk,Kebon Jeruk
rth-6b5a5644a4ee,JH. JL. mangga dua raya,jalur-hijau,Jakarta Utara,JH.JL mangga dua raya,-6.13514929,106.83068151,,,,,,True,,,Pademangan,Pademangan Barat
rth-950da68e0c5d,Jalur Hijau Jl. Bandengan Selatan,jalur-hijau,Jakarta Barat,Jl. Bandengan Selatan,-6.13617665,106.80507976,,,,,,True,,,Tambora,Pekojan
rth-5ea77d015628,Jalur Hijau Bawah Fly Over Bandengan Utara dan Selatan,jalur-hijau,Jakarta Barat,Jl. Bandengan Utara dan Selatan,-6.13647002,106.80144821,,,,,,True,,,Tambora,Pekojan
rth-690ef06ba7ae,JH.Jl griya utama,jalur-hijau,Jakarta Utara,jl griya utama,-6.14052418,106.85513286,,,,,,True,,,Tanjung Priok,Sunter Agung
rth-170ad1db315d,Jalur Hijau Jl. Tiang Bendera Raya,jalur-hijau,Jakarta Barat,Jl. Tiang Bendera Raya,-6.13181361,106.80816626,,,,,,True,,,Tambora,Roa Malaka
rth-61697c807d37,Jalur Hijau Pedestrian Jl. Veteran I,jalur-hijau,Jakarta Pusat,Jl. Veteran I,-6.16963035,106.83004571,,,,,,True,,,Gambir,Gambir
rth-ee7fa0fa84d5,JH. Pulo Keluar Tol Cakung_1,jalur-hijau,Jakarta Timur,"Jl. Raya Bekasi, RW. 04, Kel. Cakung Barat, Kec. Cakung, Kota Jakarta Timur",-6.18414408,106.94282975,,,,,,True,,,Cakung,Cakung
rth-5c5db643f11b,JH. Pulo-pulo Keluar Tol Cakung_2,jalur-hijau,Jakarta Timur,"Jl. Raya Bekasi, RW. 03, Kel. Cakung Timur, Kec. Cakung, Kota Jakarta Timur",-6.18417985,106.94310787,,,,,,True,,,Cakung,Cakung Timur
rth-5adb1f4d348d,JH. Median JL perintis kemerdekaan,jalur-hijau,Jakarta Utara,JL perintis kemerdekaan,-6.17298023,106.89011922,,,,,,True,,,Kelapa Gading,
rth-fbbecbca6d76,Jalur Hijau Pinggir Kali Sekertaris (Jl Lontar Raya s/d Pasar Patra),jalur-hijau,Jakarta Barat,Jalan Lontar Raya,-6.18046446,106.78031393,,,,,,True,,,Grogol Petamburan,Tanjung Duren Utara
rth-aef93ffb1707,Jalur Hijau Segitiga Jl. Peta Selatan,jalur-hijau,Jakarta Barat,Jl. Peta Selatan,-6.14661833,106.70261858,,,,,,True,,,Kalideres,Kalideres
rth-9c74910aa49b,JALUR JL BRIGJEN KATAMSO,jalur-hijau,Jakarta Barat,JALUR JL BRIGJEN KATAMSO,-6.18971423,106.79788639,,,,,,True,,,Pal Merah,Slipi
rth-badce874466f,Jalur Hijau JL. Kerinci,jalur-hijau,Jakarta Selatan,JL. Kerinci,-6.2387269,106.78872821,,,,,,True,,,Kebayoran Baru,Gunung
rth-5cf432b9c6eb,Jalur Hijau Jalan Anggrek,jalur-hijau,Jakarta Selatan,,-6.23118249,106.75428146,,,,,,True,,,Pesanggrahan,Petukangan Utara
rth-0bc912b401ef,Taman Jalur Tugu Reformasi (Depan Kampus Trisakti),jalur-hijau,Jakarta Barat,Jl. Kyai Tapa,-6.16718147,106.78888531,,,,,,True,,,Grogol Petamburan,Tomang
rth-b4bbb1095ab3,Taman Jatisari,taman,Jakarta Selatan,Jalan Jatimulya IV,-6.28521216,106.83087854,,,,,,True,,,Kebayoran Baru,Jati Padang
rth-77823a258776,Tugu Reformasi (Depan Kampus Trisakti),jalur-hijau,Jakarta Barat,Jl Kyai Tapa,-6.16708114,106.78880075,,,,,,True,,,Grogol Petamburan,Tomang
rth-a2138b98fb2b,Jalur Hijau Jl. Jend. Gatot Subroto (15),jalur-hijau,Jakarta Pusat,Jl. Jend. Gatot Subroto,-6.20600823,106.80246532,,,,,,True,,,Tanah Abang,Bendungan Hilir
rth-2eae8f83a08b,Jalur Hijau JL. Percetakan,jalur-hijau,Jakarta Selatan,Jl. Percetakan I - Jl. Percetakan II,-6.2489263,106.79462831,,,,,,True,,,Kebayoran Baru,Kramat Pela
rth-b800b389c269,Jalur Hijau S. Parman Sisi Barat,jalur-hijau,Jakarta Barat,Jalur Hijau S. Parman Sisi Barat,-6.18800141,106.79670661,,,,,,True,,,Pal Merah,Kemanggisan
rth-932a63b98e0e,Jalur Hijau Jl. Rawa Buaya,jalur-hijau,Jakarta Barat,Jl. Rawa Buaya,-6.1601409,106.72856107,,,,,,True,,,Cengkareng,Rawa Buaya
rth-93b3d4130bd4,Jalur Hijau S Parman Sisi Barat,jalur-hijau,Jakarta Barat,Jalur Hijau S Parman Sisi Barat,-6.1871749,106.79663833,,,,,,True,,,Pal Merah,Kemanggisan
rth-d62c55ca5e12,Jalur Hijau JL. Barito Sayap Ibu,jalur-hijau,Jakarta Selatan,Jl. Barito II,-6.24760347,106.79453538,,,,,,True,,,Kebayoran Baru,Kramat Pela
rth-9402563cea41,Jalur Hijau Jl. Taman Jeruk Raya,jalur-hijau,Jakarta Barat,Jl. Taman Jeruk Raya,-6.16183945,106.73948097,,,,,,True,,,Cengkareng,Rawa Buaya
rth-be3b653cef47,Jalur Hijau Pedestrian Jl. Medan Merdeka Barat (1),jalur-hijau,Jakarta Pusat,Jl. Medan Merdeka Barat,-6.17351644,106.82267805,,,,,,True,,,Gambir,Gambir
rth-665e3f1acaba,RTH Jl Damai Raya (1),taman,Jakarta Timur,Jl. Damai Raya  RT. 001 RW. 01,-6.317632,106.89923567,,,,,,True,,,Cipayung,Bambu Apus
rth-9c21b095617a,Jalur Hijau Segitiga Jl. Perjuangan Raya,jalur-hijau,Jakarta Barat,Jl. Perjuangan Raya,-6.1907517,106.7684823,,,,,,True,,,Kebon Jeruk,Kebon Jeruk
rth-ff4cd25c72ba,RTH Jl Damai Raya (2),taman,Jakarta Timur,Jl. Damai Raya  RT. 001 RW. 01,-6.31721019,106.89960722,,,,,,True,,,,Bambu Apus
rth-19c09f7243e1,Jalur Hijau Segitiga Jl. Arjuna Selatan,jalur-hijau,Jakarta Barat,Jl. Arjuna Selatan,-6.19017692,106.76912037,,,,,,True,,,Kebon Jeruk,Kebon Jeruk
rth-48a9cf767a36,Jalur Hijau Jl. Arjuna Selatan dan depan kantor pajak,jalur-hijau,Jakarta Barat,Jl. Arjuna Selatan,-6.18567876,106.78239531,,,,,,True,,,Kebon Jeruk,Kebon Jeruk
rth-6ac60fc4b6d0,JH. Jl. Jambore Cibubur_1,jalur-hijau,Jakarta Timur,"Jl. Jambore, RW. 14, Kel. Cibubur, Kec. Ciracas, Kota Jakarta Timur",-6.36824925,106.88967108,,,,,,True,,,Ciracas,Cibubur
rth-e24631d973cc,Jalur Hijau Jl. Arjuna Selatan,jalur-hijau,Jakarta Barat,Jl. Arjuna Selatan,-6.18940338,106.77144389,,,,,,True,,,Kebon Jeruk,Kebon Jeruk
rth-e6cce8493fe4,JH. Jl. Jambore_2,jalur-hijau,Jakarta Timur,"Jl. Jambore, RW. 14, Kel. Cibubur, Kec. Ciracas, Kota Jakarta Timur",-6.36953783,106.89216452,,,,,,True,,,Ciracas,Cibubur
rth-b7f2bede7974,Jalur Hijau Jl. Arjuna Utara,jalur-hijau,Jakarta Barat,Jl. Arjuna Utara,-6.188535,106.77331874,,,,,,True,,,Kebon Jeruk,Kedoya Selatan
rth-aaa95e2be8d7,JH.Jl Mitra sunter boulevard,jalur-hijau,Jakarta Utara,jl. mitra sunter boulevard,-6.14982901,106.88624696,,,,,,True,,,Tanjung Priok,Sunter Jaya
rth-ca75507c70e8,Situ Mangga Bolong,hutan,Jakarta Selatan,Jalan Mangga Bolong,-6.35091866,106.82160091,,,,,,True,,,Jagakarsa,Srengseng Sawah
rth-dab9ecf751c8,Jalur Hijau Pedestrian Jl. Veteran (1),jalur-hijau,Jakarta Pusat,Jl. Veteran,-6.16765238,106.82649127,,,,,,True,,,Gambir,Gambir
rth-b8a9ef9c3475,JH. Pulo-pulo Keluar Tol Cakung_3,jalur-hijau,Jakarta Timur,"Jl. Cakung Cilincing Barat, RW. 07, Kel. Cakung Barat, Kec. Cakung, Kota Jakarta Timur",-6.17430823,106.94276846,,,,,,True,,,Cakung,Cakung
rth-c9b761edc717,Jalur Hijau Jl. Perniagaan Timur,jalur-hijau,Jakarta Barat,Jl. Perniagaan Timur,-6.1403051,106.810145,,,,,,True,,,Tambora,Tambora
rth-11c5638d7f00,Jalur Hijau Pedestrian Jl. M.H. Thamrin (1),jalur-hijau,Jakarta Pusat,Jl. M.H. Thamrin,-6.18211585,106.82270294,,,,,,True,,,Menteng,Menteng
rth-a5dc22a25d5f,SEGITIGA SLIPI JAYA,jalur-hijau,Jakarta Barat,SEGITIGA SLIPI JAYA,-6.18949174,106.79512895,,,,,,True,,,Pal Merah,Kemanggisan
rth-d5650e0e6551,Jalur Hijau Jalan Kesehatan,jalur-hijau,Jakarta Selatan,,-6.27071654,106.76121902,,,,,,True,,,Pesanggrahan,Bintaro
rth-6e700f45bb02,SEGITIGA SLIPI BARAT,jalur-hijau,Jakarta Barat,SEGITIGA SLIPI BARAT,-6.20195028,106.79938595,,,,,,True,,,Pal Merah,Palmerah
rth-0cb8fb40eada,Jalur Hijau Lereng Arjuna Utara,jalur-hijau,Jakarta Barat,Jl. Tanjung Duren Selatan,-6.18482621,106.78739208,,,,,,True,,,Grogol Petamburan,Tanjung Duren Selatan
rth-26f356f5a52f,Jalur Hijau JL. Hang Lekir,jalur-hijau,Jakarta Selatan,JL. Hang Lekir,-6.23092358,106.79545366,,,,,,True,,,Kebayoran Baru,Gunung
rth-08c208e4d747,Jalur hijau Moestopo,jalur-hijau,Jakarta Selatan,Jalan Bhakti,-6.2584877,106.76532917,,,,,,True,,,Pesanggrahan,Bintaro
rth-eeda25a0b7e7,Lereng Arjuna Utara,jalur-hijau,Jakarta Barat,Jalan Tanjung Duren Selatan,-6.18453443,106.78743474,,,,,,True,,,Grogol Petamburan,Tanjung Duren Selatan
rth-0ac1cf4a43d7,Jalur Arjuna Utara,jalur-hijau,Jakarta Barat,Jl Tanjung Duren Selatan,-6.18453291,106.78754808,,,,,,True,,,Grogol Petamburan,Tanjung Duren Selatan
rth-9cca174571bf,JALUR JL S PARMAN BARAT,jalur-hijau,Jakarta Barat,JALUR JL S PARMAN BARAT,-6.20063991,106.79878859,,,,,,True,,,Pal Merah,Palmerah
rth-4728ccd786f7,Jalur Hijau Pedestrian Jl. Medan Merdeka Barat (2),jalur-hijau,Jakarta Pusat,Jl. Medan Merdeka Barat,-6.177742,106.82258656,,,,,,True,,,Gambir,Gambir
rth-4856138b9c28,Jalur Hiijau S. Parman Sisi Barat,jalur-hijau,Jakarta Barat,Jalur Hiijau S. Parman Sisi Barat,-6.18528262,106.79661705,,,,,,True,,,Pal Merah,Kemanggisan
rth-d42a086ff49c,Jalur Hijau Pedestrian Jl. Medan Merdeka Barat (3),jalur-hijau,Jakarta Pusat,Jl. Medan Merdeka Barat,-6.18017599,106.82252259,,,,,,True,,,Gambir,Gambir
rth-2a8a1bdd7b36,Jalur Hijau Jl. Peternakan 1,jalur-hijau,Jakarta Barat,Jl. Peternakan 1,-6.1462089,106.76459135,,,,,,True,,,Cengkareng,Kapuk
rth-ef8e7bd1fa23,Jalur Hijau Pedestrian Jl. Medan Merdeka Selatan,jalur-hijau,Jakarta Pusat,Jl. Medan Merdeka Selatan,-6.18064883,106.82787263,,,,,,True,,,Gambir,Gambir
rth-44f73a4f5a7a,Jalur Hijau JL. Brawijaya V,jalur-hijau,Jakarta Selatan,JL. Brawijaya V,-6.25178027,106.80722037,,,,,,True,,,Kebayoran Baru,Pulo
rth-153fdece5a70,Jalur Hijau JalanUlujami Raya,jalur-hijau,Jakarta Selatan,,-6.25502381,106.76480448,,,,,,True,,,Pesanggrahan,Ulujami
rth-e8a6fe809716,Jalur Hijau Pedestrian Jl. M.H. Thamrin (8),jalur-hijau,Jakarta Pusat,Jl. M.H. Thamrin,-6.19513459,106.822456,,,,,,True,,,Menteng,Menteng
rth-9df39c918efe,Jalur Hijau Pedestrian Jl. Jend. Sudirman (1),jalur-hijau,Jakarta Pusat,Jl. Jend. Sudirman,-6.19654421,106.82286446,,,,,,True,,,Tanah Abang,Karet Tengsin
rth-b4166b75beb7,Jalur Hijau Jl. Kebon Raya,jalur-hijau,Jakarta Barat,Jl. Kebon Raya,-6.18608887,106.77676929,,,,,,True,,,Kebon Jeruk,Duri Kepa
rth-beb24f05f7bd,Jalur Hijau Pedestrian Jl. Jend. Sudirman (2),jalur-hijau,Jakarta Pusat,Jl. Jend. Sudirman,-6.1982562,106.82294068,,,,,,True,,,Tanah Abang,Karet Tengsin
rth-898fd3ee2670,Jalur Hijau Jl. Lapangan Bola,jalur-hijau,Jakarta Barat,Jl. Lapangan Bola,-6.1974072,106.76608466,,,,,,True,,,Kebon Jeruk,Kebon Jeruk
rth-58396c0a38eb,Jalur Hijau Pedestrian Jl. Jend. Sudirman (3),jalur-hijau,Jakarta Pusat,Jl. Jend. Sudirman,-6.19920954,106.82294324,,,,,,True,,,Tanah Abang,Karet Tengsin
rth-391159193aa4,Jalur Hijau Pedestrian Jl. Jend. Sudirman (4),jalur-hijau,Jakarta Pusat,Jl. Jend. Sudirman,-6.20094298,106.82291249,,,,,,True,,,Tanah Abang,Karet Tengsin
rth-74327a636c59,JH. Bojong Rangkong 1,jalur-hijau,Jakarta Timur,"Jl. Sentra Primer Baru, RW. 06, Kel. Pulo Gebang, Kec. Cakung, Kota Jakart Timur",-6.20785058,106.95371171,,,,,,True,,,Cakung,Pulo Gadung
rth-c9b974e761a8,Jl. Dpn Kantor Kementrian Hukum dan HAM (Clilitan) s.d depan Kedubes Arab Saudi_15,jalur-hijau,Jakarta Timur,,-6.24976107,106.87357133,,,,,,True,,,Kramatjati,Cawang
rth-78fdc97902b2,Jl. Dpn Kantor Kementrian Hukum dan HAM (Clilitan) s.d depan Kedubes Arab Saudi_16,jalur-hijau,Jakarta Timur,,-6.24909262,106.8738396,,,,,,True,,,Kramatjati,Cawang
rth-b8b1fd68e907,Jalur Hijau JL. Suryo,jalur-hijau,Jakarta Selatan,JL. Suryo,-6.23425418,106.81220061,,,,,,True,,,Kebayoran Baru,Rawa Barat
rth-55f5744a8ae0,Jalur Hijau Pedongkelan Sisi Timur Kali Cengkareng Drain,jalur-hijau,Jakarta Barat,Jl. Pedongkelan,-6.154542,106.74838511,,,,,,True,,,Cengkareng,Kapuk
rth-78cd8029892b,Jalur Hijau Gelong Baru Utara (Telkom),jalur-hijau,Jakarta Barat,Jalan Gelong Baru Utara,-6.17519115,106.79362614,,,,,,True,,,Grogol Petamburan,Tomang
rth-3fc70578d3ac,JALUR S PARMAN BARAT,jalur-hijau,Jakarta Barat,JALUR JL S PARMAN BARAT,-6.19445146,106.79723015,,,,,,True,,,Pal Merah,Kemanggisan
rth-11f672b8fd06,Jalur Hijau Pedongkelan Sisi Barat dari Jl. Daan Mogot s/d Pintu Air,jalur-hijau,Jakarta Barat,Jl. Pedongkelan,-6.15442972,106.74778589,,,,,,True,,,Cengkareng,Kapuk
rth-bcaec06ecebb,Jalur Hijau JL. Cibitung,jalur-hijau,Jakarta Selatan,Jl. Cibitung,-6.24121758,106.81085814,,,,,,True,,,Kebayoran Baru,Petogogan
rth-9c18010c80b1,Jalur Hijau Pinggir Kali Tubagus Angke dari Jembatan Genit s/d Jl. Kamp Gusti,jalur-hijau,Jakarta Barat,Jl. Tubagus Angke,-6.14735671,106.77428566,,,,,,True,,,Grogol Petamburan,Jelambar Baru
rth-052e99e67e8c,Jalur Hijau Pedestrian Jl. H. Agus Salim (1),jalur-hijau,Jakarta Pusat,Jl. H. Agus Salim,-6.18196361,106.82458999,,,,,,True,,,Gambir,Gambir
rth-99ce57b43c0e,Hutan Kota UKI Cawang,hutan,Jakarta Timur,,-6.24918761,106.87496255,,,,,,True,,,Kramatjati,Cawang
rth-6334291dcfcd,Jalur Hijau Pedestrian Jl. H. Agus Salim (2),jalur-hijau,Jakarta Pusat,Jl. H. Agus Salim,-6.18206207,106.82445809,,,,,,True,,,Gambir,Gambir
rth-77b4c7ea30c9,Jalur Hijau Jl. Sumur Bor,jalur-hijau,Jakarta Barat,Jl. Sumur Bor,-6.15098904,106.71846437,,,,,,True,,,Kalideres,Pegadungan
rth-08d06d88076b,JH. Jl. Karya Bakti,jalur-hijau,Jakarta Timur,"Jl. Karya Bakti, RW. 07, Kel. Cibubur, Kec. Ciracas, Kota Jakarta Timur",-6.36667269,106.89334025,,,,,,True,,,Ciracas,Cibubur
rth-0813a0d4cc1c,Jalur Hijau Pedestrian Jl. Jend. Sudirman (5),jalur-hijau,Jakarta Pusat,Jl. Jend. Sudirman,-6.20669415,106.82188015,,,,,,True,,,Tanah Abang,Karet Tengsin
rth-11c43e0b4a19,Gelora_BK_3,hutan,Jakarta Pusat,Kawasan Gelora Bung Karno,-6.22094737,106.8014831,,,,,,True,,,,
rth-b57256bed997,Jalur Hijau Pedestrian Jl. Jend. Sudirman (6),jalur-hijau,Jakarta Pusat,Jl. Jend. Sudirman,-6.21162488,106.82014967,,,,,,True,,,Tanah Abang,Karet Tengsin
rth-9ede9c10c410,Jalur Hijau Pedestrian Jl. Jend. Sudirman (7),jalur-hijau,Jakarta Pusat,Jl. Jend. Sudirman,-6.21506316,106.81739681,,,,,,True,,,Tanah Abang,Karet Tengsin
rth-8362f854016a,Jalur Hijau Pedestrian Jl. Jend. Sudirman (8),jalur-hijau,Jakarta Pusat,Jl. Jend. Sudirman,-6.21592606,106.81639542,,,,,,True,,,Tanah Abang,Karet Tengsin
rth-855db8913f29,Taman brawijaya,jalur-hijau,Jakarta Selatan,Jalan Brawaijaya,-6.25345813,106.80558172,,,,,,True,,,Kebayoran Baru,Pulo
rth-4a6ebaa02409,Jl. Dpn Kantor Kementrian Hukum dan HAM (Clilitan) s.d depan Kedubes Arab Saudi_17,jalur-hijau,Jakarta Timur,,-6.2461386,106.87130624,,,,,,True,,,Kramatjati,Cawang
rth-125e0811dc24,Jalur Hijau Jalan Dr Satrio,jalur-hijau,Jakarta Selatan,jalan Dr Satrio,-6.22157558,106.82274867,,,,,,True,,,Setiabudi,Karet Semanggi
rth-d261b826f05f,Jalur Hijau sekitar walikota jakarta selatan,jalur-hijau,Jakarta Selatan,Jalan Nipah,-6.24781596,106.80763297,,,,,,True,,,Kebayoran Baru,Pulo
rth-d9568575697d,Taman ATM Bank Mandiri  depan Walikota Jakarta Selatan,jalur-hijau,Jakarta Selatan,Jalan Prapanca Raya,-6.24923995,106.80814542,,,,,,True,,,Kebayoran Baru,Pulo
rth-0e4b7d99d6b7,Jalur Hijau Jl. Outer Ringroad Sisi Barat dari Fly Over Buaya s/d Lampu Merah Cengkareng,jalur-hijau,Jakarta Barat,Jl. Outer Ringroad,-6.15692638,106.72698643,,,,,,True,,,Cengkareng,Duri Kosambi
rth-bda2095640e6,Jalur Median Tanjung Duren Utara,jalur-hijau,Jakarta Barat,Jalan S. Parman,-6.1737356,106.78837983,,,,,,True,,,Grogol Petamburan,Tanjung Duren Utara
rth-b90b3b642780,Jalur Hijau Jl. Jend. Gatot Subroto (1),jalur-hijau,Jakarta Pusat,Jl. Jend. Gatot Subroto,-6.20566143,106.80198293,,,,,,True,,,Tanah Abang,Bendungan Hilir
rth-d00921599866,Jalur Hijau Jl. Jend. Gatot Subroto (2),jalur-hijau,Jakarta Pusat,Jl. Jend. Gatot Subroto,-6.207617,106.80358957,,,,,,True,,,Tanah Abang,Bendungan Hilir
rth-dd8d3685780a,Jalur Hijau Pulau Jl. Tubagus Angke depan Pasar Jembatan Dua,jalur-hijau,Jakarta Barat,Jl. Tubagus Angke,-6.1431281,106.7928573,,,,,,True,,,Tambora,Tambora
rth-e78b9b999021,JH. Jl. pelepah raya,jalur-hijau,Jakarta Utara,Jl. pelepah raya,-6.16618408,106.89867468,,,,,,True,,,Kelapa Gading,Kelapa Gading Barat
rth-36732aa742ad,Jalur Hijau Median Jl. Tubagus Angke dari Kali Jodo s/d U-Turn,jalur-hijau,Jakarta Barat,Jl. Tubagus Angke,-6.14317283,106.79048087,,,,,,True,,,Tambora,Tambora
rth-f07a0567dc97,Jalan Swadarma Raya,jalur-hijau,Jakarta Selatan,,-6.22784625,106.7605928,,,,,,True,,,Pesanggrahan,Ulujami
rth-030d5f400fc4,Pulo-pulo Segitiga Sutoyo_01,jalur-hijau,Jakarta Timur,,-6.2634395,106.86594559,,,,,,True,,,Kramatjati,Kramatjati
rth-d74c00a0005d,Jalur Hijau Jalan Penerangan,jalur-hijau,Jakarta Selatan,,-6.25027229,106.75588196,,,,,,True,,,Pesanggrahan,Petukangan Selatan
rth-ce63fb4cffe3,Pulo-pulo Segitiga Sutoyo_02,jalur-hijau,Jakarta Timur,,-6.26321269,106.86607335,,,,,,True,,,Kramatjati,Cililitan
rth-18d402e822f0,Pulo-pulo Segitiga Sutoyo_03,jalur-hijau,Jakarta Timur,,-6.26334637,106.86546127,,,,,,True,,,Kramatjati,Cililitan
rth-14e79c18f5ce,TAMAN POSPOL KAV. 17 KOMP. SACNA NUSANTARA,jalur-hijau,Jakarta Utara,JL. NUSANTARA SELATAN,-6.13484365,106.86906154,,,,,,True,,,Tanjung Priok,Sunter Agung
rth-dc1ad0334116,Jalur Hijau Jl. Depan PLN Sutoyo,jalur-hijau,Jakarta Timur,JLN DEPAN PLN SUTOYO,-6.26163678,106.86724454,,,,,,True,,,Kramatjati,Cililitan
rth-bb1ce599b0cc,Jalur Hijau Jalan AMD X,jalur-hijau,Jakarta Selatan,,-6.22734695,106.7414814,,,,,,True,,,Pesanggrahan,Petukangan Utara
rth-1e7ca74ea853,Jalur Hijau JL. Barito Pinggir Kali,jalur-hijau,Jakarta Selatan,JL. Radio IV,-6.24894011,106.79393695,,,,,,True,,,Kebayoran Baru,Kramat Pela
rth-95b7f9ba823c,JH. Pramuka_2,jalur-hijau,Jakarta Timur,"Jl. Pramuka, RW. 06, Kel. Pal Meriem, Kec. Matraman, Kota Jakarta Timur",-6.19697049,106.85717619,,,,,,True,,,Matraman,Palmeriam
rth-c0d66dcbccdf,Jalur Hijau Pedestrian Jl. Jend. Sudirman (9),jalur-hijau,Jakarta Pusat,Jl. Jend. Sudirman,-6.2170076,106.8150111,,,,,,True,,,Tanah Abang,Karet Tengsin
rth-19a084ffca2c,Jalur Hijau Jl. Hayam Wuruk dari Jl. Mangga Besar s/d Jl. Sukarjo Wiryopranoto,jalur-hijau,Jakarta Barat,Jl. Hayam Wuruk,-6.15223896,106.81744079,,,,,,True,,,Taman Sari,Maphar
rth-bf79688afecc,Taman Sekitar Walikota Jakarta Selatan,jalur-hijau,Jakarta Selatan,Jalan Nipah / Jalan Prapanca Raya,-6.24907408,106.80878958,,,,,,True,,,Kebayoran Baru,Pulo
rth-3afa19781451,Jalur Hijau Jl. Latumenten Kolong Tol Sempurna,jalur-hijau,Jakarta Barat,Jalur Hijau Jl. Latumenten Kolong Tol Sempurna,-6.15304001,106.79399376,,,,,,True,,,Grogol Petamburan,Jelambar
rth-d5c376f886f2,Jalur Hijau Jl. Sukarjo Wiryopranoto (5),jalur-hijau,Jakarta Pusat,Jl. Sukarjo Wiryopranoto,-6.16145335,106.82592352,,,,,,True,,,Gambir,Kebon Kelapa
rth-bc4b883d0532,Jalur Hijau Jl. Outer Ringroad Sisi Barat dari Jl. Raya Kembangan Selatan s/d Jl. Puri Mansion Blvd,jalur-hijau,Jakarta Barat,Jl. Outer Ringroad,-6.18329875,106.72948533,,,,,,True,,,Kembangan,Kembangan Utara
rth-76a3c4ad11ac,Jalur Hijau JL. Wijaya I,jalur-hijau,Jakarta Selatan,JL. Wijaya I,-6.24346416,106.81094756,,,,,,True,,,Kebayoran Baru,Petogogan
rth-8903118eafb8,Jalur Hijau Bawah Fly Over Jembatan Dua,jalur-hijau,Jakarta Barat,Jl. Latumenten,-6.14341504,106.79353607,,,,,,True,,,Tambora,Tambora
rth-7e19ac63991c,Jalur Hijau Median Jl. Latumenten dari Jembatan Besi s/d Jembatan Dua,jalur-hijau,Jakarta Barat,Jl. Latumenten,-6.14762343,106.7940463,,,,,,True,,,Tambora,Angke
rth-ec7ddc841df2,Taman Segitiga  SMK 29 JAKARTA,jalur-hijau,Jakarta Selatan,Jalan Prof. Joko Sutono,-6.23931029,106.80728264,,,,,,True,,,Kebayoran Baru,Petogogan
rth-b27c27b60c2b,Jalur Hijau Jl. Angke Jaya,jalur-hijau,Jakarta Barat,Jl. Angke Jaya,-6.14886295,106.7970983,,,,,,True,,,Tambora,Angke
rth-6667f14929ff,Jalur Hijau JL. Brawijaya Raya,jalur-hijau,Jakarta Selatan,JL. Brawijaya Raya,-6.25197054,106.80642653,,,,,,True,,,Kebayoran Baru,Pulo
rth-ab532468d222,Jalur hijau Jalan Bintaro Utara,jalur-hijau,Jakarta Selatan,Jalan Bintaro Utara,-6.26692299,106.755362,,,,,,True,,,Pesanggrahan,Bintaro
rth-9ee5ff5259c4,Jalur Hijau JL. Darmawangsa,jalur-hijau,Jakarta Selatan,Jl. Darmawangsa raya,-6.25287842,106.80234533,,,,,,True,,,Kebayoran Baru,Pulo
rth-d79bf8239442,Jalur Hijau JL. Brawijaya II,jalur-hijau,Jakarta Selatan,JL. Brawijaya II,-6.25534959,106.80449863,,,,,,True,,,Kebayoran Baru,Pulo
rth-f5420208496a,Jalur Hijau Jalan Kemang Raya Utara,jalur-hijau,Jakarta Selatan,,-6.25793912,106.82050407,,,,,,True,,,Mampang Prapatan,Bangka
rth-458c142820c2,Jalur Hijau JL. Wijaya XIV,jalur-hijau,Jakarta Selatan,JL. Wijaya IV,-6.25042139,106.80269966,,,,,,True,,,Kebayoran Baru,Pulo
rth-2a8b4d88d624,RTH Kemayoran Timur,taman,Jakarta Pusat,Jl. Kemayoran Timur Vi No. 18 Gg. VIII RT 12 RW 07,-6.16247868,106.84842457,,,,,,True,,,Kemayoran,Kemayoran
rth-eb243d558ab5,Jalur Hijau Jl. Hayam Wuruk dari Depan Glodok Plaza s/d Jl. Mangga Besar,jalur-hijau,Jakarta Barat,Jl. Hayam Wuruk,-6.14863143,106.81657477,,,,,,True,,,Taman Sari,Mangga Besar
rth-de82eaa6e576,Jalur Hijau Median Jl. Latumenten dr Lampu Merah grogol s/d Jembatan Besi,jalur-hijau,Jakarta Barat,Jalur Hijau Jl. Latumenten dr Lampu Merah Grogol s/d jembatan Besi,-6.15994565,106.79134835,,,,,,True,,,Grogol Petamburan,Grogol
rth-9c44961fe778,Jalur Hijau Jl. Latumenten Kolong Tol Bandara (Pintu Tol Waduk Grogol),jalur-hijau,Jakarta Barat,Jalur Hijau Jl. Latumenten Kolong Tol Bandara (Pintu Tol Waduk Grogol),-6.1556996,106.79348378,,,,,,True,,,Grogol Petamburan,Grogol
rth-daf9d5108cf9,Jalur Hijau Jl. Outer Ringroad Sisi Barat dari Jl. Puri Mansion Blvd s/d Kali Angke,jalur-hijau,Jakarta Barat,Jl. Outer Ringroad,-6.17779374,106.72834048,,,,,,True,,,Kembangan,Kembangan Utara
rth-c80c93ccbfa6,Jalur Hijau JL. Hang Tuah,jalur-hijau,Jakarta Selatan,,-6.23463251,106.7975427,,,,,,True,,,Kebayoran Baru,Gunung
rth-29147f19da52,Jalur Hijau Pulau Jl. Puri Kencana (samping FO Jl. Pesanggrahan),jalur-hijau,Jakarta Barat,Jl. Puri Kencana - Kembangan,-6.18998428,106.7557352,,,,,,True,,,Kembangan,Kembangan Selatan
rth-0edf232236bf,Taman Segitiga Gunawarman / Jalan Sanjaya,jalur-hijau,Jakarta Selatan,Jalan Gunawarman / Jalan Sanjaya,-6.23841959,106.80714185,,,,,,True,,,Kebayoran Baru,Selong
rth-97ff41e11f8d,Jalur Hijau Bawah Fly Over Jl. Tubagus Angke,jalur-hijau,Jakarta Barat,Jl. Tubagus Angke,-6.14213062,106.800619,,,,,,True,,,Tambora,Angke
rth-b1014fda2921,JH. JL torompio s/d accordion,jalur-hijau,Jakarta Utara,JL torompio s/d accordion,-6.17397972,106.90909639,,,,,,True,,,Kelapa Gading,Pegangsaan Dua
rth-9c8f45b43303,Taman Segitiga Apotik Senopati,jalur-hijau,Jakarta Selatan,Jalan Senopati,-6.2305923,106.80757382,,,,,,True,,,Kebayoran Baru,Senayan
rth-c9c890b88422,Taman Segitiga Senopati,jalur-hijau,Jakarta Selatan,Jalan Senopati,-6.23045293,106.80755642,,,,,,True,,,Kebayoran Baru,Senayan
rth-b7ceccf2df4e,Jalur Hijau Jl. Jend. Gatot Subroto (3),jalur-hijau,Jakarta Pusat,Jl. Jend. Gatot Subroto,-6.21290937,106.80788204,,,,,,True,,,Tanah Abang,Bendungan Hilir
rth-fa44fa1b6ad2,JH. Mayjen Sutoyo & Kawasan Underpass Cawang_06,jalur-hijau,Jakarta Timur,,-6.25133275,106.87307489,,,,,,True,,,Kramatjati,Cawang
rth-e69823995ff1,Taman Tulodong Bawah IV,taman,Jakarta Selatan,Jalan Tulodong Bawah IV,-6.23182918,106.8131332,,,,,,True,,,Kebayoran Baru,Senayan
rth-e1caca7bc120,Jalan Kemang 1,jalur-hijau,Jakarta Selatan,jalan kemang 1,-6.25782901,106.81418912,,,,,,True,,,Mampang Prapatan,Bangka
rth-4c5af192d0bd,Jalur jalan Kemang Selatan,jalur-hijau,Jakarta Selatan,Jalan Kemang Selatan,-6.27303122,106.81566272,,,,,,True,,,Mampang Prapatan,Bangka
rth-d68f6c018b14,"Jalur Hijau JL. Brawijaya VII, VIII, IX",jalur-hijau,Jakarta Selatan,"Jl. Brawijaya VII, VIII, IX",-6.25019468,106.80603733,,,,,,True,,,Kebayoran Baru,Pulo
rth-35a7cfb2c8d8,Taman Pulau JL. Brawijaya 10,jalur-hijau,Jakarta Selatan,JL. Brawijaya 10,-6.25728256,106.80591631,,,,,,True,,,Kebayoran Baru,Pulo
rth-4774d035a3d8,Jalur Hijau Kemang Timur,jalur-hijau,Jakarta Selatan,jalan kemang timur,-6.260113,106.82329749,,,,,,True,,,Mampang Prapatan,Bangka
rth-6e9863934004,Jalur Hijau Kemang Dalam V,jalur-hijau,Jakarta Selatan,Jalan Kemang Dalam 5,-6.2700661,106.81822022,,,,,,True,,,Mampang Prapatan,Bangka
rth-897d05923f04,Jalur hijau Kemang Dalam X,jalur-hijau,Jakarta Selatan,jalan kemang dalam x,-6.26708585,106.81900797,,,,,,True,,,Mampang Prapatan,Bangka
rth-8bd01b0a0d9d,Jalur Hijau Bawah MRT,jalur-hijau,Jakarta Selatan,JL. Fatmawti- JL. Sisingamaraja,-6.24712626,106.79777679,,,,,,True,,,Kebayoran Baru,
rth-c424348422e7,Jalur Hijau JL. Radio Dalam,jalur-hijau,Jakarta Selatan,JL. RadioDalam,-6.25657104,106.79007509,,,,,,True,,,Kebayoran Baru,Gandaria Utara
rth-39e945bf00cf,Jalur Hijau Jl. Glodok Pancoran Sisi Selatan,jalur-hijau,Jakarta Barat,Jl. Golodok Pancoran,-6.14174901,106.81350061,,,,,,True,,,Taman Sari,Glodok
rth-1eb77d5b8ff0,Jalur Hijau Jl. Glodok Pancoran Sisi Utara,jalur-hijau,Jakarta Barat,Jl. Glodok Pancoran,-6.14177675,106.81363233,,,,,,True,,,Taman Sari,Glodok
rth-9f97b1bc9375,TPU Basmol,taman,Jakarta Barat,"Jl Basmol Raya, Kembangan Selatan",-6.15999696,106.75234079,,,,,,True,,,Kembangan,Kembangan Selatan
rth-b875f02bf42e,Jalur Hijau Jl. Gajah Mada (Pot Tanaman),jalur-hijau,Jakarta Barat,Jl. Gajah Mada,-6.15375485,106.81762876,,,,,,True,,,Taman Sari,Glodok
rth-0295cdc7b083,Jalur Hijau Jl. Pintu Besar Selatan,jalur-hijau,Jakarta Barat,Jl. Pintu Besar Selatan,-6.1416976,106.81465808,,,,,,True,,,Taman Sari,Mangga Besar
rth-4098b472de38,TPU Utan Jati,taman,Jakarta Barat,"Jl. Utan Jati,Kel.pegadungan,Kec.Kalideres",-6.14742494,106.71534304,,,,,,True,,,Kalideres,Kalideres
rth-f8f3a3adc44d,Jalur Hijau Jl. Mangga Besar Raya,jalur-hijau,Jakarta Barat,Jl. Mangga Besar Raya,-6.14917344,106.82226865,,,,,,True,,,Taman Sari,Mangga Besar
rth-301aa059f27a,Jalur Hijau Jl. Kunir,jalur-hijau,Jakarta Barat,Jl. Kunir,-6.13364829,106.81298404,,,,,,True,,,Taman Sari,Pinangsia
rth-0dacf107df79,jalur hijau Jalan Denpasar Raya,jalur-hijau,Jakarta Selatan,Jalan Denpasar Raya,-6.23396454,106.82826945,,,,,,True,,,Setiabudi,Karet Kuningan
rth-0a8adc6d242d,Jalur Hijau Jl. Outer Ringroad Sisi Barat dari Kali Angke s/d Fly Over Rawa Buaya,jalur-hijau,Jakarta Barat,Jl. Outer Ringroad,-6.17064826,106.72775094,,,,,,True,,,Cengkareng,Duri Kosambi
rth-9e1d93540924,Jalur Hijau JL. Hang Jebat,jalur-hijau,Jakarta Selatan,JL. Hang Jebat,-6.23672804,106.79417241,,,,,,True,,,Kebayoran Baru,Gunung
rth-23ce4fcf00f9,Jalur Hijau Pulau Lampu Merah Cengkareng Sisi Barat Jl. Outer Ringroad,jalur-hijau,Jakarta Barat,Jl. Daan Mogot,-6.15372522,106.72624491,,,,,,True,,,Cengkareng,Cengkareng Barat
rth-a5a3944414b6,Jalur Hijau Pulau Lampu Merah Cengkareng Sisi Timur Jl. Outer Ringroad,jalur-hijau,Jakarta Barat,Jl. Daan Mogot,-6.15427996,106.72880554,,,,,,True,,,Cengkareng,Cengkareng Timur
rth-9dd7b0f40425,Hutan Kota Cawang dan UKI_06,hutan,Jakarta Timur,,-6.25268531,106.87364491,,,,,,True,,,Kramatjati,Kebon Pala
rth-618d8e9ddb2e,Jalur Hijau Jl. Jend. Gatot Subroto (5),jalur-hijau,Jakarta Pusat,Jl. Jend. Gatot Subroto,-6.21798076,106.81123451,,,,,,True,,,Tanah Abang,Bendungan Hilir
rth-9cd1b04d1dc1,Taman Segitiga Depan SMK 6,jalur-hijau,Jakarta Selatan,Jalan Mahakam,-6.24328478,106.79770723,,,,,,True,,,Kebayoran Baru,Kramat Pela
rth-38b47e6d9bf5,Taman Bunderan Bulungan,jalur-hijau,Jakarta Selatan,Jalan Mahakam,-6.24370933,106.79688734,,,,,,True,,,Kebayoran Baru,Kramat Pela
rth-ff675c4cb317,Taman Pulau-Pulau JL. Nipah,jalur-hijau,Jakarta Selatan,JL. Nipah 12,-6.24697862,106.80771409,,,,,,True,,,Kebayoran Baru,Petogogan
rth-99648f9aaebf,JH. JL yos sudarso sisi timur (plumpang s.d pintu 1 pertamina ),jalur-hijau,Jakarta Utara,JH. JL yos sudarso sisi timur (plumpang s.d pintu 1 pertamina ),-6.13267427,106.89353018,,,,,,True,,,Koja,Rawa Badak Utara
rth-990d415613db,JH. Radjiman (Area 1),jalur-hijau,Jakarta Timur,"Jl. Dr. Radjiman RW. 08, Kel. Jatinegara, Kec. Cakung, Kota Jakarta Timur",-6.20361225,106.92269545,,,,,,True,,,Cakung,Jatinegara
rth-862deb054426,Jalur Hijau Jl. Jati Raya Utara,jalur-hijau,Jakarta Selatan,,-6.31404368,106.78961182,,,,,,True,,,Cilandak,Pondok Labu
rth-136b983c27f0,Jalur Hijau Pondok Karya,jalur-hijau,Jakarta Selatan,Jalan Pondok Karya,-6.24184633,106.82138258,,,,,,True,,,Mampang Prapatan,Pela Mampang
rth-1a0e09c91c75,Jalur Hijau JL. Pangeran Antasari,jalur-hijau,Jakarta Selatan,Jl. Pangeran Antasari,-6.26916769,106.80817047,,,,,,True,,,Kebayoran Baru,Cipete Utara
rth-7935effb0b30,Jalur Hijau JL. Taman Brawijaya,jalur-hijau,Jakarta Selatan,JL. Taman Brawijaya,-6.25722095,106.80693679,,,,,,True,,,Kebayoran Baru,Pulo
rth-e91ceefdda09,Jalur Hijau JL. Abdul Majid,jalur-hijau,Jakarta Selatan,JL. Abdul Majid,-6.26637049,106.80321249,,,,,,True,,,Kebayoran Baru,Cipete Utara
rth-737b22370c9d,Jalur Hijau JL. Prof Joko sutono,jalur-hijau,Jakarta Selatan,JL. Prof Joko Sutono,-6.24186454,106.80771589,,,,,,True,,,Kebayoran Baru,Petogogan
rth-f491c66cb2a6,Jalur Hijau Jl. Kemukus,jalur-hijau,Jakarta Barat,,-6.13399629,106.81469837,,,,,,True,,,Taman Sari,Pinangsia
rth-cc181c9424e6,Jalur Hijau Jl. Ketumbar,jalur-hijau,Jakarta Barat,Jl. Ketumbar,-6.13472445,106.81446794,,,,,,True,,,Taman Sari,Pinangsia
rth-01e396340887,Jalur Hijau Jl. Lada,jalur-hijau,Jakarta Barat,Jl. Lada,-6.13593217,106.814313,,,,,,True,,,Taman Sari,Pinangsia
rth-040421e2d361,Jalur Hijau Jl. Lada Dalam,jalur-hijau,Jakarta Barat,Jl. Lada Dalam,-6.13660889,106.81496146,,,,,,True,,,Taman Sari,Pinangsia
rth-a09eb04da80f,Jalur Hijau Segitiga Depan Stasiun Beos,jalur-hijau,Jakarta Barat,Jl. Jembatan Batu,-6.13837767,106.81423377,,,,,,True,,,Taman Sari,Pinangsia
rth-701be79211bf,Jalur Hijau Jl. Pangeran Jayakarta,jalur-hijau,Jakarta Barat,Jl. Pangeran Jayakarta,-6.13964074,106.81994165,,,,,,True,,,Taman Sari,Mangga Besar
rth-13a7141c5a04,Taman Puteran Ranco,jalur-hijau,Jakarta Selatan,Jalan Tanjung / Jalan TB. Simatupang,-6.30430505,106.85059272,,,,,,True,,,Jagakarsa,Tanjung Barat
rth-f14ec11cf440,JH. Mayjen Sutoyo & Kawasan Underpass Cawang_01,jalur-hijau,Jakarta Timur,,-6.26258863,106.86627964,,,,,,True,,,Kramatjati,Cililitan
rth-f645442f9de2,Jalur Hijau JL. Kebayoran Baru,jalur-hijau,Jakarta Selatan,JL. Kebayoran Baru,-6.23929985,106.78493003,,,,,,True,,,Kebayoran Baru,Gunung
rth-819685e9e3e6,Taman Rawa Jati,jalur-hijau,Jakarta Selatan,Jalan Rawajati barat,-6.25730592,106.85412574,,,,,,True,,,Pancoran,Rawajati
rth-4e0d1c3aef83,JH. Mayjen Sutoyo & Kawasan Underpass Cawang_02,jalur-hijau,Jakarta Timur,JL. MAYJEN SUTOYO,-6.26146182,106.86714484,,,,,,True,,,Kramatjati,Cililitan
rth-ddfa7f3b20c0,Jalur Hijau Jalan Besakih,jalur-hijau,Jakarta Selatan,,-6.23409617,106.82886175,,,,,,True,,,Setiabudi,Kuningan Timur
rth-a9dae29baee4,Jl. S. Parman Sisi Timur dr Grogol s/d Tomang,jalur-hijau,Jakarta Barat,Jl. S. Parman Sisi Timur dr Grogol s/d Tomang,-6.17522911,106.79263471,,,,,,True,,,Grogol Petamburan,Tomang
rth-45a8203ce053,JH. Mayjen Sutoyo & Kawasan Underpass Cawang_03,jalur-hijau,Jakarta Timur,,-6.26027457,106.8680572,,,,,,True,,,Kramatjati,Cililitan
rth-20ea33a1637c,Taman Rawajati,jalur-hijau,Jakarta Selatan,Jalan Rawajati Timur,-6.26500834,106.85087989,,,,,,True,,,Pancoran,Rawajati
rth-d7284b5defa3,Jalur Hijau Jl. Jend. Gatot Subroto (6),jalur-hijau,Jakarta Pusat,Jl. Jend. Gatot Subroto,-6.21268776,106.80735268,,,,,,True,,,Tanah Abang,Bendungan Hilir
rth-2dfffa0de3b5,JH. Jl yos sudarso sisi timur ( plumpang s.d rumah pompa depan sebrang AHM ),jalur-hijau,Jakarta Utara,JH. Jl yos sudarso sisi timur ( plumpang s.d rumah pompa depan sebrang AHM ),-6.14773946,106.88889458,,,,,,True,,,Kelapa Gading,Kelapa Gading Barat
rth-6382c2010b4a,Taman Pulau Trunojoyo 8 Lokasi,jalur-hijau,Jakarta Selatan,Jl. Trunojoyo,-6.23989214,106.80242434,,,,,,True,,,Kebayoran Baru,Selong
rth-309f8b7e9cf8,Jalur Hijau Pancoran Timur 2,jalur-hijau,Jakarta Selatan,Jalan Pancoran Timur 2,-6.24537827,106.84677811,,,,,,True,,,Pancoran,Cikoko
rth-5a46b77a96e9,Jalur Hijau JL. Sisingamaraja,jalur-hijau,Jakarta Selatan,JL. Sisingamaraja,-6.23422136,106.7985445,,,,,,True,,,Kebayoran Baru,Selong
rth-f8d31da4b1fd,Jalur Hijau Pengadegan Selatan,jalur-hijau,Jakarta Selatan,jalan pengadegan selatan raya,-6.25154424,106.85322642,,,,,,True,,,Pancoran,Pengadegan
rth-ab643e5b84e2,Jalur Hijau Samping Polda Metro Jaya,jalur-hijau,Jakarta Selatan,JL. Jendral Sudirman,-6.22306565,106.81203142,,,,,,True,,,Kebayoran Baru,Senayan
rth-c16cf188e649,Jalur Hijau Jalan Adiyaksa Raya,jalur-hijau,Jakarta Selatan,,-6.29548061,106.77823056,,,,,,True,,,Cilandak,Lebak Bulus
