id,nama,kategori_id,wilayah,alamat,latitude,longitude,deskripsi,jam_operasional,tiket_masuk,akses_disabilitas,ramah_hewan,verified,status_general,image_url,kecamatan,kelurahan
rth-2ca804c939f7,Taman Blok F,taman,Jakarta Timur,UPRS Rawa Bebek,-6.20044074,106.96380085,,,,,,True,,,Cakung,Pulo Gebang
rth-3fda6b7dfcae,RTH Muara Baru Rusun Waduk Pluit 1,taman,Jakarta Utara,JALAN MUARA BARU POMPA,-6.10909357,106.80006128,,,,,,True,,,Penjaringan,Penjaringan
rth-07d7767d7c2a,Taman Blok Merak,taman,Jakarta Timur,UPRS Rawa Bebek,-6.19625234,106.9661202,,,,,,True,,,Cakung,Pulo Gebang
rth-c94d375cac4f,RTH Muara Baru Rusun Waduk Pluit 2,taman,Jakarta Utara,JALAN MUARA BARU POMPA,-6.11008324,106.80040699,,,,,,True,,,Penjaringan,Penjaringan
rth-52067b7c6fd8,Taman Blok E,taman,Jakarta Timur,UPRS Rawa Bebek,-6.20049822,106.96487705,,,,,,True,,,Cakung,Pulo Gebang
rth-8c807f44ff3d,RTH Muara Baru Rusun Waduk Pluit 4,taman,Jakarta Utara,JALAN MUARA BARU POMPA,-6.11122865,106.8007848,,,,,,True,,,Penjaringan,Penjaringan
rth-2f17084ce358,RTH Muara Baru Rusun Waduk Pluit 3,taman,Jakarta Utara,JALAN MUARA BARU POMPA,-6.11092549,106.80056684,,,,,,True,,,Penjaringan,Penjaringan
rth-d4b3133e4090,RTH Muara Baru Rusun Waduk Pluit 5,taman,Jakarta Utara,Jalan Muara Baru Pompa,-6.11093693,106.80195297,,,,,,True,,,Penjaringan,Penjaringan
rth-7627fb3a3cb0,RTH Muara Baru Rusun Waduk Pluit 6,taman,Jakarta Utara,JALAN MUARA BARU POMPA,-6.11133045,106.80140035,,,,,,True,,,Penjaringan,Penjaringan
rth-535d341cc996,RTH Muara Baru Rusun Waduk Pluit 7,taman,Jakarta Utara,JALAN MUARA BARU POMPA,-6.11124786,106.79959789,,,,,,True,,,Penjaringan,Penjaringan
rth-3489b1b02732,RTH Rusunawa Daan Mogot 2,taman,Jakarta Barat,Rusunawa Daan Mogot,-6.16141005,106.71685356,,,,,,True,,,Cengkareng,Duri Kosambi
rth-951ed3280767,RTH Rusun Daan Mogot 3,taman,Jakarta Barat,Rusunawa Daan Mogot,-6.16149779,106.71511132,,,,,,True,,,Cengkareng,Duri Kosambi
rth-0f407bcddfeb,RTH Rusun Daan Mogot 4,taman,Jakarta Barat,Rusun Daan Mogot,-6.16171196,106.71779803,,,,,,True,,,Cengkareng,Duri Kosambi
rth-b46d97870e2a,RTH,taman,Jakarta Utara,RUMAH SUSUN NAGRAK,-6.12625029,106.95092934,,,,,,True,,,Cilincing,Marunda
rth-b728c5562680,Tanpa Nama,taman,Jakarta Barat,KS Tubun,-6.18647616,106.81005383,,,,,,True,,,Pal Merah,Kota Bambu Selatan
rth-d9cad4bc4e40,UPRS Rawa Bebek Blok Anggrek,taman,Jakarta Timur,UPRS Rawa Bebek Blok Anggrek,-6.2010557,106.96410203,,,,,,True,,,Cakung,Pulo Gebang
rth-f0894059970c,Taman wing C depan,taman,Jakarta Barat,Rusunawa KS Tubun,-6.18637488,106.80975265,,,,,,True,,,Pal Merah,Kota Bambu Selatan
rth-22bacc8a08a6,RTH Rusun Tambora 1,taman,Jakarta Barat,Rusun Tambora,-6.14829819,106.79846622,,,,,,True,,,Tambora,Angke
rth-e6358acf8df6,Taman bermain,taman,Jakarta Timur,Rumah Susun Cipinang Muara,-6.22329167,106.8954923,,,,,,True,,,Duren Sawit,Pondok Bambu
rth-88cbe93ad34e,ruang terbuka hijau,taman,Jakarta Timur,Rumah Susun Cipinang Muara,-6.22364811,106.89559089,,,,,,True,,,Duren Sawit,Pondok Bambu
rth-ad6084475f17,Biotek,taman,Jakarta Timur,Rumah Susun Cipinang Muara,-6.22393746,106.8953029,,,,,,True,,,Duren Sawit,Pondok Bambu
rth-94a6ec682d0d,RTH Rusun Pinus Elok Gardu,taman,Jakarta Timur,"Komplek Taman Pulo Indah - Jl. Boulevar Raya, Jl. Raya Penggilingan, Penggilingan, Cakung, DKI Jakarta 13910",-6.20105669,106.9367133,,,,,,True,,,Cakung,Penggilingan
rth-165ae74e8ed3,Taman Blok A,taman,Jakarta Timur,UPRS Rawa Bebek,-6.20140853,106.96346064,,,,,,True,,,Cakung,Pulo Gebang
rth-84c5448162d3,Tama Blok C,taman,Jakarta Timur,UPRS Rawa Bebek,-6.20109826,106.9636096,,,,,,True,,,Cakung,Pulo Gebang
rth-e3640f2934d7,Taman Blok B,taman,Jakarta Timur,UPRS Rawa Bebek,-6.20152857,106.96387461,,,,,,True,,,Cakung,Pulo Gebang
rth-86fe087fe7e3,RTH Rusun Pinus Elok Blok A5-A6,taman,Jakarta Timur,"Komplek Taman Pulo Indah - Jl. Boulevar Raya, Jl. Raya Penggilingan, Penggilingan, Cakung, DKI Jakarta 13910",-6.20091695,106.93638947,,,,,,True,,,Cakung,Penggilingan
rth-1e5fed5ac5bc,RTH RUSUN MARUNDA,taman,Jakarta Utara,CLUSTER B RUSUN MARUNDA,-6.09594882,106.96343026,,,,,,True,,,Cilincing,Marunda
rth-2a6d43db7161,RTH Rusun Pinus Elok Blok A3-A4,taman,Jakarta Timur,"Komplek Taman Pulo Indah - Jl. Boulevar Raya, Jl. Raya Penggilingan, Penggilingan, Cakung, DKI Jakarta 13910",-6.20046174,106.93711815,,,,,,True,,,Cakung,Penggilingan
rth-f52b6ea5923a,RTH Rusun Pinus Elok Blok C,taman,Jakarta Timur,"Jl. Komaruddin Raya, Pulo Gebang, Cakung",-6.20302212,106.94026413,,,,,,True,,,Cakung,Penggilingan
rth-5671b9160eba,RTH Rusun Pinus Elok A1-A2,taman,Jakarta Timur,"Komplek Taman Pulo Indah - Jl. Boulevar Raya, Jl. Raya Penggilingan, Penggilingan, Cakung, DKI Jakarta 13910",-6.20158687,106.93717356,,,,,,True,,,Cakung,Penggilingan
rth-8765b38d0a6b,Taman wing A depan,taman,Jakarta Barat,Rusunawa KS Tubun,-6.18661361,106.80977468,,,,,,True,,,Pal Merah,Kota Bambu Selatan
rth-4f799d7caa9c,Taman Blok  B Anggrek,taman,Jakarta Timur,UPRS Rawa Bebek,-6.20172099,106.96411864,,,,,,True,,,Cakung,Pulo Gebang
rth-5898a0321690,Taman Blok A APBD,taman,Jakarta Timur,UPRS Rawa Bebek,-6.19880795,106.96521067,,,,,,True,,,Cakung,Pulo Gebang
rth-d53319b15900,Taman Blok C APBD,taman,Jakarta Timur,UPRS Rawa Bebek,-6.19813691,106.96550724,,,,,,True,,,Cakung,Pulo Gebang
rth-d5876ddc7b1a,UPRS Rawa Bebek,taman,Jakarta Timur,UPRS Rawa Bebek Blok Bugenvil dan Cempaka,-6.19721776,106.96517475,,,,,,True,,,Cakung,Pulo Gebang
rth-9c8a7cbf81c9,RTH Muara Baru Rusun Waduk Pluit 8,taman,Jakarta Utara,JALAN MUARA BARU POMPA,-6.10911082,106.7992812,,,,,,True,,,Penjaringan,Penjaringan
rth-7528e50d77a2,RTH Muara Baru Rusun Waduk Pluit Taman,taman,Jakarta Utara,JALAN MUARA BARU POMPA,-6.11039866,106.79963049,,,,,,True,,,Penjaringan,Penjaringan
rth-036797b2a465,RTH Muara Baru Rusun Waduk Pluit Taman masjid,taman,Jakarta Utara,JALAN MUARA BARU POMPA,-6.11009503,106.80018709,,,,,,True,,,Penjaringan,Penjaringan
rth-d709497db888,RTH Muara Baru Rusun Waduk Pluit 9,taman,Jakarta Utara,JALAN MUARA BARU POMPA,-6.11133774,106.80000646,,,,,,True,,,Penjaringan,Penjaringan
rth-31c6289a8b76,RTH Muara Baru Rusun Waduk Pluit 10,taman,Jakarta Utara,JALAN MUARA BARU POMPA,-6.11130891,106.80042202,,,,,,True,,,Penjaringan,Penjaringan
rth-61391de2e368,RTH Muara Baru Rusun Kapuk Muara 1,taman,Jakarta Utara,Jalan SMP 122,-6.13630641,106.76330826,,,,,,True,,,Penjaringan,Kapuk Muara
rth-3be41158cab0,RTH Muara Baru Rusun Kapuk Muara 2,taman,Jakarta Utara,Jalan SMP 122,-6.1353258,106.76364846,,,,,,True,,,Penjaringan,Kapuk Muara
rth-279f1ea73fe9,RTH Muara Baru Rusun Kapuk Muara 3,taman,Jakarta Utara,Jalan SMP 122,-6.13507912,106.7630977,,,,,,True,,,Penjaringan,Kapuk Muara
rth-f6e7fa27ffd8,RTH Muara Baru Rusun Kapuk Muara 4,taman,Jakarta Utara,Jalan SMP 122,-6.13511755,106.76259476,,,,,,True,,,Penjaringan,Kapuk Muara
rth-4f7cdef4215c,RTH Muara Baru Rusun Kapuk Muara 5,taman,Jakarta Utara,Jalan SMP 122,-6.13584694,106.76228849,,,,,,True,,,Penjaringan,Kapuk Muara
rth-b76f418ef0eb,RUSUN CIPINANG BESAR UTARA 1,taman,Jakarta Timur,RUSUN CIPINANG BESAR UTARA,-6.21791562,106.88508044,,,,,,True,,,Jatinegara,Cipinang Besar Utara
rth-e28db2e31eba,RUSUN CIPINANG BESAR UTARA  - 2,taman,Jakarta Timur,RUSUN CIPINANG BESAR UTARA,-6.21797852,106.88517677,,,,,,True,,,Jatinegara,Cipinang Besar Utara
rth-14c1fa70d493,RUSUN CIPINANG BESAR UTARA -3,taman,Jakarta Timur,RUSUN CIPINANG BESAR UTARA,-6.21810003,106.88549511,,,,,,True,,,Jatinegara,Cipinang Besar Utara
rth-6a17f198549b,RTH Rusun Pinus Elok Blok C1-C2,taman,Jakarta Timur,"Jl. Komaruddin Raya, Pulo Gebang, Cakung",-6.20296967,106.93959782,,,,,,True,,,Cakung,Penggilingan
rth-c9d529e0bd42,RTH Rumah Susun Pinus Elok Blok C3-C4,taman,Jakarta Timur,"Jl. Komaruddin Raya, Pulo Gebang, Cakung",-6.20297537,106.93998105,,,,,,True,,,Cakung,Penggilingan
rth-4fb608584025,Taman lapangan,taman,Jakarta Pusat,Rusunawa Jati Rawasari,-6.18353021,106.86386771,,,,,,True,,,Cempaka Putih,Cempaka Putih Barat
rth-b319b6b7e0ae,Taman tengah 1,taman,Jakarta Pusat,Rusunawa Jati rawasari,-6.18334135,106.86411386,,,,,,True,,,Cempaka Putih,Cempaka Putih Barat
rth-ad1516404606,RUSUN JATINEGARA KAUM - 1,taman,Jakarta Timur,RUSUN JATINEGARA KAUM,-6.20998964,106.90030151,,,,,,True,,,Pulogadung,Jatinegara Kaum
rth-2a326462a0aa,Taman tengah 2,taman,Jakarta Pusat,Rusunawa Jati Rawasari,-6.18324511,106.86409402,,,,,,True,,,Cempaka Putih,Cempaka Putih Barat
rth-8210d9f3933a,Taman R. Pompa 1,taman,Jakarta Pusat,Rusunawa Jati rawasari,-6.18307336,106.86379719,,,,,,True,,,Cempaka Putih,Cempaka Putih Barat
rth-1488782b2e50,Taman R. Pompa 2,taman,Jakarta Pusat,Rusunawa Jati rawasari,-6.18299427,106.86378573,,,,,,True,,,Cempaka Putih,Cempaka Putih Barat
rth-ec890342b51f,RUSUN JATINEGARA KAUM - 2,taman,Jakarta Timur,,-6.21007005,106.90040809,,,,,,True,,,Pulogadung,Jatinegara Kaum
rth-60c8e573b159,Taman Musholla,taman,Jakarta Pusat,Rusunawa Jati rawasari,-6.18291909,106.86382625,,,,,,True,,,Cempaka Putih,Cempaka Putih Barat
rth-8279b9937bc2,Taman Belakang,taman,Jakarta Pusat,Rusunawa Jati rawasari,-6.18286087,106.86403632,,,,,,True,,,Cempaka Putih,Cempaka Putih Barat
rth-6ec7bef05155,RUSUN JATINEGARA KAUM - 3,taman,Jakarta Timur,RUSUN JATINEGARA KAUM,-6.21049398,106.90048514,,,,,,True,,,Pulogadung,Jatinegara Kaum
rth-35c537a855a8,Rumah Susun Jatinegara Barat,taman,Jakarta Timur,Jl. Jatinegara Barat No.142,-6.22250895,106.86564981,,,,,,True,,,Jatinegara,Kampung Melayu
rth-e0fd8eebbb64,RTH Rumah Susun Jatinegara 1,taman,Jakarta Timur,Jl. Jatinegara Barat No.142,-6.22280859,106.86562445,,,,,,True,,,Jatinegara,Kampung Melayu
rth-1cebe8ad58d5,RTH Rumah Susun Jatinegara Barat 1,taman,Jakarta Timur,Jl. Jatinegara Barat No.142,-6.22251293,106.8656473,,,,,,True,,,Jatinegara,Kampung Melayu
rth-f19075631425,RTH Rumah Susun Jatinegara Barat 3,taman,Jakarta Timur,Jl. Jatinegara Barat No. 142,-6.22286583,106.86564091,,,,,,True,,,Jatinegara,Kampung Melayu
rth-f501cdc2ed25,RTH Rumah Susun Jatinegara Barat 4,taman,Jakarta Timur,Jl. Jatinegara Barat No. 142,-6.22287526,106.8652093,,,,,,True,,,Jatinegara,Kampung Melayu
rth-e3cc95079ab8,RTH Rumah Susun Jatinegara Barat 5,taman,Jakarta Timur,Jl. Jatinegara Barat No. 142,-6.22263301,106.86513099,,,,,,True,,,Jatinegara,Kampung Melayu
rth-12489bf98807,RTH Rumah Susun Jatinegara Barat 6,taman,Jakarta Timur,Jl.Jatinegara Barat No.142,-6.22224408,106.86542308,,,,,,True,,,Jatinegara,Kampung Melayu
rth-be659032dbd3,RTH Rumah Susun Pengadegan 1,taman,Jakarta Selatan,Jl. Pengadegan Timur,-6.25047496,106.86177718,,,,,,True,,,Pancoran,Pengadegan
rth-c42f4c3c1495,rumah susun griya tipar,taman,Jakarta Timur,jl Jakarta garden city rt 005 rw 10,-6.16988092,106.93899852,,,,,,True,,,Cakung,Cakung
rth-46c3404f25a1,unit pengelola rumah susun,taman,Jakarta Timur,rumah susun griya tipar cakung,-6.17054684,106.93802569,,,,,,True,,,Cakung,Cakung
rth-5ca24960789a,rumah susun jl raya bekasi km 22,taman,Jakarta Timur,jl raya bekasi km 22 rt 09 rw 01,-6.18480005,106.93500656,,,,,,True,,,Cakung,Cakung
rth-eaee05557bc9,Rumah susun cakung barat,taman,Jakarta Timur,belakang blok F dan H,-6.16797734,106.93256418,,,,,,True,,,Cakung,Cakung
rth-b471fef96a05,RUSUN JATINEGARA KAUM - 6,taman,Jakarta Timur,RUSUN JATINEGARA KAUM,-6.21026424,106.89927004,,,,,,True,,,Pulogadung,Jatinegara Kaum
rth-b77ed38eda06,RUSUN JATINEGARA KAUM -7,taman,Jakarta Timur,RUSUN JATINEGARA KAUM,-6.21061705,106.89939163,,,,,,True,,,Pulogadung,Jatinegara Kaum
rth-46148ff24819,RUSUN JATINEGARA KAUM - 8,taman,Jakarta Timur,RUSUN JATINEGARA KAUM,-6.21049035,106.90000938,,,,,,True,,,Pulogadung,Jatinegara Kaum
rth-71252fec3281,RUSUN JATINEGARA KAUM - 9,taman,Jakarta Timur,RUSUN JATINEGARA KAUM,-6.21096712,106.90018065,,,,,,True,,,Pulogadung,Jatinegara Kaum
rth-89f3ecb6ec43,RUSUN JATINEGARA KAUM - 10,taman,Jakarta Timur,RUSUN JATINEGARA KAUM,-6.21096376,106.8994803,,,,,,True,,,Pulogadung,Jatinegara Kaum
rth-08c09bd200f3,RUSUN JATINEGARA KAUM - 11,taman,Jakarta Timur,RUSUN JATINEGARA KAUM,-6.21105611,106.89978992,,,,,,True,,,Pulogadung,Jatinegara Kaum
rth-7714f25b6a15,RUSUN JATINEGARA KAUM - 12,taman,Jakarta Timur,RUSUN JATINEGARA KAUM,-6.21177755,106.89982636,,,,,,True,,,Pulogadung,Jatinegara Kaum
rth-89a056b3c985,RUSUN JATINEGARA KAUM - 13,taman,Jakarta Timur,RUSUN JATINEGARA KAUM,-6.21154962,106.89914205,,,,,,True,,,Pulogadung,Jatinegara Kaum
rth-78a384892cb1,RUSUN JATINEGARA KAUM - 14,taman,Jakarta Timur,RUSUN JATINEGARA KAUM,-6.21228762,106.89939606,,,,,,True,,,Pulogadung,Jatinegara Kaum
rth-67a2508af652,RUSUN JATINEGARA KAUM - 4,taman,Jakarta Timur,RUSUN JATINEGARA KAUM,-6.21022275,106.90000281,,,,,,True,,,Pulogadung,Jatinegara Kaum
rth-c979c71c2130,RUSUN JATINEGARA KAUM - 5,taman,Jakarta Timur,RUSUN JATINEGARA KAUM,-6.21009642,106.89947749,,,,,,True,,,Pulogadung,Jatinegara Kaum
rth-7d99c5823de5,Taman,taman,Jakarta Utara,,-6.13073912,106.79536453,,,,,,True,,,Penjaringan,Penjaringan
rth-a71665f46e87,Taman Sudut Belakang,taman,Jakarta Barat,Rusunawa KS Tubun,-6.18626689,106.80928049,,,,,,True,,,Pal Merah,Kota Bambu Selatan
rth-d7fa5912ac57,rumah susun cakung barats,taman,Jakarta Timur,rusun cakung barat,-6.16743429,106.93291486,,,,,,True,,,Cakung,Cakung
rth-a21c41c28110,RTH GKJ Samping Kiri Pohon Palem (Pagar antara Kantor Pos dan Giro Indonesia),taman,Jakarta Pusat,Gedung Kesenian Jakarta Pasar Baru,-6.16679174,106.83460331,,,,,,True,,,Sawah Besar,Pasar Baru
rth-e8809553cc7b,RTH Samping Kanan Gedung Kesenian Jakarta,taman,Jakarta Pusat,Gedung Kesenian Jakarta,-6.16640447,106.83433003,,,,,,True,,,Sawah Besar,Pasar Baru
rth-43be0a83fbc6,RTH di Sisi Kiri Masuk Gerbang TIM,taman,Jakarta Pusat,Taman Ismail Marzuki Jl. Cikini Raya No. 73,-6.19000978,106.83824686,,,,,,True,,,Menteng,Cikini
rth-f3d8fe5175a6,Taman dan Patung Ismail Marzuki,taman,Jakarta Pusat,Taman Ismail Marzuki Jl. Cikini Raya No. 73,-6.19006524,106.83853259,,,,,,True,,,Menteng,Cikini
rth-54164a8cd43b,Anjungan DKI - TMII RTH 01,taman,Jakarta Timur,TMII,-6.30258899,106.89299168,,,,,,True,,,Cipayung,Ceger
rth-d77d5e70a7e4,Lahan terbuka Rumah si Pitung,taman,Jakarta Utara,"Jl. Marunda Pulo No.1, Marunda, Cilincing, Jakarta Utara",-6.09678025,106.95873849,,,,,,True,,,Cilincing,Marunda
rth-803abdeb8ea9,Luar Pagar,taman,Jakarta Selatan,"Jl. Asem Baris Raya No. 100 Kel. Kebon Baru, Kec. Tebet Jakarta Selatan",-6.23265386,106.85972436,,,,,,True,,,Tebet,Kebon Baru
rth-2313b122dd52,Taman Depan MSRK,taman,Jakarta Barat,"Museum Seni Rupa dan Keramik, Jl. Pos Kota No 2, Jakarta Barat 11110",-6.13444572,106.81385652,,,,,,True,,,Taman Sari,Pinangsia
rth-88f9f6fd5668,Taman depan sayap kiri MSRK,taman,Jakarta Barat,"Museum Seni Rupa dan Keramik, Jl. Pos Kota No 2, Jakarta Barat 11110",-6.13414294,106.8139397,,,,,,True,,,Taman Sari,Pinangsia
rth-d2c11832df3e,Taman depan sayap kanan MSRK,taman,Jakarta Barat,"Museum Seni Rupa dan Keramik, Jl. Pos Kota No 2, Jakarta Barat 11110",-6.1346637,106.81429981,,,,,,True,,,Taman Sari,Pinangsia
rth-c4c97b577ca5,Taman samping kiri MSRK,taman,Jakarta Barat,"Museum Seni Rupa dan Keramik, Jl. Pos Kota No 2, Jakarta Barat 11110",-6.13394184,106.81434915,,,,,,True,,,Taman Sari,Pinangsia
rth-c3f75e5ecccb,Taman dalam sayap kanan MSRK,taman,Jakarta Barat,"Museum Seni Rupa dan Keramik, Jl. Pos Kota No 2, Jakarta Barat 11110",-6.13440304,106.81449656,,,,,,True,,,Taman Sari,Pinangsia
rth-536fcddc1fc2,Taman dalam sayap kiri MSRK,taman,Jakarta Barat,"Museum Seni Rupa dan Keramik, Jl. Pos Kota No 2, Jakarta Barat 11110",-6.13411604,106.81441473,,,,,,True,,,Taman Sari,Pinangsia
rth-b235af9318b3,Akademi Pariwisata Jakarta,taman,Jakarta Timur,Jl. Cempaka Putih Tengah 32 No.8,-6.17004879,106.87265831,,,,,,True,,,Cempaka Putih,Cempaka Putih Timur
rth-98bc40a5e84f,Pusat Kebudayaan Betawi,taman,Jakarta Timur,Jl.Bekasi Timur No.76 Rawa Bunga,-6.21593636,106.87195264,,,,,,True,,,Jatinegara,Rawa Bunga
rth-6b3463c1c2ff,UPK PBB Zona A,taman,Jakarta Selatan,Jl. RM Kahfi 2,-6.3375435,106.82479263,,,,,,True,,,Jagakarsa,Srengseng Sawah
rth-717887cb0c5f,UPK PBB Halaman Rumah Adat,taman,Jakarta Selatan,Jl. RM Kahfi 2,-6.33803057,106.8257462,,,,,,True,,,Jagakarsa,Srengseng Sawah
rth-f9a0242effdc,Taman di belakang GBB depan Gardu PLN,taman,Jakarta Pusat,TIM Jl. Cikini raya No. 73,-6.1889334,106.84040969,,,,,,True,,,Menteng,Cikini
rth-8b4a6f522cc3,Taman di belakang GBB samping Toilet Umum,taman,Jakarta Pusat,TIM Jl. Cikini Raya No. 73,-6.18881154,106.84013255,,,,,,True,,,Menteng,Cikini
rth-532221cc99d2,Taman di samping kiri pohon beringin Ikj,taman,Jakarta Pusat,TIM,-6.18858525,106.84023473,,,,,,True,,,Menteng,Cikini
rth-c344717b2ad0,UPK PBB Halaman Depan Museum Betawi,taman,Jakarta Selatan,,-6.33824689,106.8248986,,,,,,True,,,Jagakarsa,Srengseng Sawah
rth-f066ffe10eec,Zona Kuliner Betawi,taman,Jakarta Selatan,Jl. Setu Babakan,-6.34144282,106.82150346,,,,,,True,,,Jagakarsa,Srengseng Sawah
rth-c44852e7c666,UPK PBB Zona Kuliner Betawi,taman,Jakarta Selatan,Jl. Setu Babakan,-6.34144282,106.82150346,,,,,,True,,,Jagakarsa,Srengseng Sawah
rth-b9fc38e89e48,Graha TMII RTH 01,taman,Jakarta Timur,TMII,-6.2992762,106.89036159,,,,,,True,,,Makasar,Pinangranti
rth-c806f5ae2194,Graha TMII RTH 02,taman,Jakarta Timur,TMII,-6.2995401,106.89047922,,,,,,True,,,Makasar,Pinangranti
rth-916e3e49e280,Graha TMII RTH 03,taman,Jakarta Timur,TMII,-6.29946739,106.89103066,,,,,,True,,,Makasar,Pinangranti
rth-94f1ba8e4f77,Graha TMII RTH 05,taman,Jakarta Timur,TMII,-6.29927291,106.89113248,,,,,,True,,,Makasar,Pinangranti
rth-2b4f79b2c629,Graha TMII RTH 06,taman,Jakarta Timur,TMII,-6.29910283,106.89091292,,,,,,True,,,Makasar,Pinangranti
rth-0038e5e730b2,Graha TMII RTH 07,taman,Jakarta Timur,TMII,-6.29923824,106.89066789,,,,,,True,,,Makasar,Pinangranti
rth-df5ea201f6c4,Anjungan DKI - TMII RTH 06,taman,Jakarta Timur,TMII,-6.3026886,106.89361985,,,,,,True,,,Cipayung,Ceger
rth-ba8c28b591f0,Sangkrini RTH 03,taman,Jakarta Timur,TMII,-6.29950637,106.8923813,,,,,,True,,,Cipayung,Ceger
rth-9a0431f98456,Graha Wisata Ragunan 01,taman,Jakarta Selatan,GOR Ragunan,-6.30824972,106.82714576,,,,,,True,,,Pasar Minggu,Ragunan
rth-63dd555f60f6,Graha Wisata Ragunan 02,taman,Jakarta Selatan,GOR Ragunan,-6.30809587,106.82698227,,,,,,True,,,Pasar Minggu,Ragunan
rth-7d06fe677e8f,Graha Wisata Ragunan 03,taman,Jakarta Selatan,GOR Ragunan,-6.30826715,106.82655869,,,,,,True,,,Pasar Minggu,Ragunan
rth-a87a343adfec,Graha Wisata Ragunan 05,taman,Jakarta Selatan,GOR Ragunan,-6.30855424,106.82658798,,,,,,True,,,Pasar Minggu,Ragunan
rth-5296de1530d3,Graha Wisata Ragunan 06,taman,Jakarta Selatan,GOR Ragunan,-6.30826041,106.82638819,,,,,,True,,,Pasar Minggu,Ragunan
rth-883e6e3b0443,Graha Wisata Ragunan 07,taman,Jakarta Selatan,GOR Ragunan,-6.30797877,106.82660909,,,,,,True,,,Pasar Minggu,Ragunan
rth-115a83df7c38,Sangkrini RTH 02,taman,Jakarta Timur,TMII,-6.29975764,106.89240281,,,,,,True,,,Cipayung,Ceger
rth-c5aceec3931a,Sangkrini RTH 04,taman,Jakarta Timur,TMII,-6.29933589,106.89233718,,,,,,True,,,Cipayung,Ceger
rth-0f3ee2b21c81,Sangkrini RTH 05,taman,Jakarta Timur,TMII,-6.29942212,106.89272291,,,,,,True,,,Cipayung,Ceger
rth-e23173517d86,Sangkrini RTH 07,taman,Jakarta Timur,TMII,-6.29910011,106.89223465,,,,,,True,,,Cipayung,Ceger
rth-03a55f6254af,Sangkrini RTH 08,taman,Jakarta Timur,TMII,-6.29924301,106.89272509,,,,,,True,,,Cipayung,Ceger
rth-87f41ff9147c,Anjungan DKI TMII - RTH 02,taman,Jakarta Timur,TMII,-6.30294742,106.89316099,,,,,,True,,,Cipayung,Ceger
rth-8fbda3dbdf5c,Sangkrini RTH 09,taman,Jakarta Timur,TMII,-6.29932934,106.89247089,,,,,,True,,,Cipayung,Ceger
rth-b0a249a47a1c,Graha TMII RTH 10,taman,Jakarta Timur,TMII,-6.29940141,106.89059179,,,,,,True,,,Makasar,Pinangranti
rth-44341f72c14b,Graha TMII RTH 11,taman,Jakarta Timur,TMII,-6.2990811,106.89038377,,,,,,True,,,Makasar,Pinangranti
rth-3e2d64cccfe9,Taman Samping Mushollah GKJ,taman,Jakarta Pusat,Gedung Kesenian Jakarta,-6.16662182,106.83397002,,,,,,True,,,Sawah Besar,Pasar Baru
rth-f9c4481fe727,Anjungan DKI - TMII RTH 04,taman,Jakarta Timur,TMII,-6.30249913,106.89348555,,,,,,True,,,Cipayung,Ceger
rth-1b770fc6214e,Anjungan DKI - TMII RTH 03,taman,Jakarta Timur,TMII,-6.30292091,106.89344059,,,,,,True,,,Cipayung,Ceger
rth-12630ebb2d45,RTH Samping Kiri Tembok Gedung Pertunjukan GKJ,taman,Jakarta Pusat,Gedung Kesenian Jakarta,-6.16653415,106.83469649,,,,,,True,,,Sawah Besar,Pasar Baru
rth-a66a253ee32b,RTH di samping Kiri Gedung Pertunjukan posisi di  samping Loading Door,taman,Jakarta Pusat,Gedung Kesenian Jakarta,-6.16675385,106.83433239,,,,,,True,,,Sawah Besar,Pasar Baru
rth-eeba5bcc87c2,UPK PBB Zona Pengembangan,taman,Jakarta Selatan,Jl. KRm Kahfi 2,-6.33653565,106.82700699,,,,,,True,,,Jagakarsa,Srengseng Sawah
rth-a5893dc65ab6,UPK PBB Halaman museum Betawi,taman,Jakarta Selatan,Jl. RM Kahfi 2,-6.33857369,106.82501796,,,,,,True,,,Jagakarsa,Srengseng Sawah
rth-12c0643f77f8,Zona C Perkampungan Budaya Betawi,taman,Jakarta Selatan,Jl. Setu Babakan,-6.34749706,106.81912953,,,,,,True,,,Jagakarsa,Srengseng Sawah
rth-db6443396874,UPK PBB Zona Embrio Perkampungan Budaya Betawi,taman,Jakarta Selatan,Jl. Setu Babakan,-6.34043879,106.82242258,,,,,,True,,,Jagakarsa,Srengseng Sawah
rth-c58597442f01,Taman di Area Parkir Motor TIM ( B ),taman,Jakarta Pusat,Taman Ismail Marzuki Jl. Cikini Raya No. 73,-6.18963395,106.8390087,,,,,,True,,,Menteng,Cikini
rth-954c7e7bc218,Taman di Area Parkir motor TIM (C ),taman,Jakarta Pusat,Taman Ismail Marzuki Jl. Cikini Raya No. 73,-6.18946273,106.83893756,,,,,,True,,,Menteng,Cikini
rth-181dc24bd07b,Taman di area Parkir Motor TIM ( A ),taman,Jakarta Pusat,Taman Ismail Marzuki Jl. Cikini Raya No. 73,-6.18969198,106.83881234,,,,,,True,,,Menteng,Cikini
rth-c3e64aa4caa5,Taman di samping Tembok Pagar sebelah Galeri Cipta III,taman,Jakarta Pusat,Taman Ismail Marzuki Jl. Cikini Raya No. 73,-6.18867635,106.83933059,,,,,,True,,,Menteng,Cikini
rth-6cffc73306d6,Taman di depan Pintu masuk Antrian Pengunjung Gd. Planetarium Jakarta TIM,taman,Jakarta Pusat,Taman Ismail Marzuki Jl. Cikini Raya No. 73,-6.19007355,106.83874661,,,,,,True,,,Menteng,Cikini
rth-6cc834e84b6f,Taman di samping kiri Gd. Planetarium Jkt,taman,Jakarta Pusat,Taman Ismail Marzuki Jl. Cikini Raya No. 73,-6.18986562,106.83879398,,,,,,True,,,Menteng,Cikini
rth-675b9b07bb3d,Taman Di sampin Kantor UP Gd. Planetarium,taman,Jakarta Pusat,Taman Ismail Marzuki Jl. Cikini Raya No. 73,-6.19027735,106.83880506,,,,,,True,,,Menteng,Cikini
rth-5e39f3147e63,Taman id area parkiran Bus,taman,Jakarta Pusat,Taman Ismail Marzuki Jl. Cikini Raya No. 73,-6.19019697,106.83864116,,,,,,True,,,Menteng,Cikini
rth-bbbe9805c07e,Taman di area parkir Bus TIM,taman,Jakarta Pusat,Taman Ismail Marzuki Jl. Cikini Raya No. 73,-6.19027176,106.83845402,,,,,,True,,,Menteng,Cikini
rth-49712c2367b6,Taman di area parkir Bus,taman,Jakarta Pusat,Taman Ismail Marzuki Jl. Cikini Raya No. 73,-6.19046607,106.83873523,,,,,,True,,,Menteng,Cikini
rth-e90d76f6e1cd,Taman di area parkir Bus / pintu keluar TIM,taman,Jakarta Pusat,Taman Ismail Marzuki Jl. Cikini Raya No. 73,-6.1905041,106.8386152,,,,,,True,,,Menteng,Cikini
rth-b90bf201bf34,Taman di depang Gedung Galeri Cipta II dan Perpustakaan,taman,Jakarta Pusat,Taman Ismail Marzuki Jl Cikini Raya No. 73,-6.19051182,106.83883541,,,,,,True,,,Menteng,Cikini
rth-3525f039566c,Taman di Halaman Gedung Teater Jakarta,taman,Jakarta Pusat,Taman Ismail Marzuki Jl. Cikini Raya N0. 73,-6.1905466,106.83983894,,,,,,True,,,Menteng,Cikini
rth-ec75e2a72157,Taman di samping Rumah Genset TB,taman,Jakarta Pusat,Taman Ismail Marzuki Jl. Cikini Raya No. 73,-6.19070519,106.83980867,,,,,,True,,,Menteng,Cikini
rth-3c577bc77aeb,Taman di samping parkiran Loding door Gd TB,taman,Jakarta Pusat,Taman Ismail Marzuki Jl. Cikini Raya No. 73,-6.19040393,106.8399862,,,,,,True,,,Menteng,Cikini
rth-ce1e24658b0d,Taman di area sudut Timur Plaza Teater besar,taman,Jakarta Pusat,TIM Jl. Cikini Raya No. 73,-6.18961976,106.84075828,,,,,,True,,,Menteng,Cikini
rth-016a105c3d83,Museum Taman Prasasti,taman,Jakarta Pusat,Jalan Tanah Abang 1,-6.17208574,106.81887788,,,,,,True,,,Gambir,Petojo Selatan
rth-56e4f9657acf,Taman Area Menara Syahbandar,taman,Jakarta Utara,"Jl. Pasar Ikan No. 1, Penjaringan, Jakarta Utara",-6.12737888,106.8088259,,,,,,True,,,Penjaringan,Penjaringan
rth-25f1985ddf8f,Batas Kelurahan Kebon Baru,taman,Jakarta Selatan,Jl. Asem Baris Raya No. 100 Kebon Baru Tebet Jakarta Selatan,-6.23243401,106.85947037,,,,,,True,,,Tebet,Kebon Baru
rth-22fc8f9c06bd,Taman di samping gedung Teater Jakarta,taman,Jakarta Pusat,Taman Ismail Marzuki Jl. Cikini Raya No. 73,-6.19010642,106.84035301,,,,,,True,,,Menteng,Cikini
rth-fc1bd27fdb59,Taman di Depan/belakang Toilet Difabel,taman,Jakarta Pusat,Taman Ismail Marzuki Jl. Cikini Raya No. 73,-6.18967379,106.83931181,,,,,,True,,,Menteng,Cikini
rth-7305885f0763,Taman di atas Gerbang masuk bassemet TB,taman,Jakarta Pusat,Taman Ismail Marzuki Jl. Cikini Raya No. 73,-6.18961118,106.83946378,,,,,,True,,,Menteng,Cikini
rth-e89cc7a5f80a,Taman di Gerbang Masuk Lobby Tetaer Jakarta,taman,Jakarta Pusat,TIM Jl. Cikini Raya No 73,-6.18950607,106.83957025,,,,,,True,,,Menteng,Cikini
rth-05b9a6f9a59e,Taman sayap Kiri Masuk Loby Teater Kecil,taman,Jakarta Pusat,"TIM Jl. Cikini Raya No, 73",-6.18944639,106.83975112,,,,,,True,,,Menteng,Cikini
rth-0b5a2fece8a9,Taman di samping Gedung Teater Kecil,taman,Jakarta Pusat,TIM Jl. Cikini Raya No. 73,-6.18971013,106.83966979,,,,,,True,,,Menteng,Cikini
rth-3e5a0b38ead8,Taman di samping Rumah genset Planetarium,taman,Jakarta Pusat,TIM Jl. Cikini Raya No. 73,-6.18978487,106.83941977,,,,,,True,,,Menteng,Cikini
rth-6bb39ae9e686,Taman JP Coen,taman,Jakarta Barat,"Museum Wayang, Jl. Pintu Besar Utara No 27 Jakarta Barat 11110",-6.13497417,106.81224404,,,,,,True,,,Taman Sari,Pinangsia
rth-94c6d5f829a8,Taman dui Area Parkir IKJ TIM,taman,Jakarta Pusat,TIM/IKJ Jl. Cikini Raya No. 73,-6.18886533,106.84059874,,,,,,True,,,Menteng,Cikini
rth-7ec27b10257c,Taman di belakang Looding door GBB,taman,Jakarta Pusat,TIM Jl. Cikini Raya No. 73,-6.18859238,106.84003404,,,,,,True,,,Menteng,Cikini
rth-f04eeae0ca69,Taman depan Gedung Pameran Utama,taman,Jakarta Barat,"Museum Tekstil, Jl. KS Tubun No 4 Jakarta Barat",-6.18843204,106.80968959,,,,,,True,,,Pal Merah,Kota Bambu Selatan
rth-944c79795dd3,Taman di Area Parkir IKJ,taman,Jakarta Pusat,TIM Jl. Cikini Raya No. 73,-6.18868535,106.84019396,,,,,,True,,,Menteng,Cikini
rth-b354df8cb50b,Taman Pewarna Alam,taman,Jakarta Barat,"Museum Tekstil, Jl. KS Tubun No 4, Jakarta Barat",-6.1874998,106.80951303,,,,,,True,,,Pal Merah,Kota Bambu Selatan
rth-93ef4d9126e0,Taman di Lokasi Gedung Seni Rupa C dan Galeri IKJ,taman,Jakarta Pusat,TIM/IKJ Jl. Cikini Raya No. 73,-6.18797987,106.84112606,,,,,,True,,,Menteng,Cikini
rth-47730de5b50e,Taman di samping Gedung Pasca Sarjana IKJ dan Gedung Rektorat IKJ,taman,Jakarta Pusat,TIM/IKJ Jl. Cikini Raya No. 73,-6.18861138,106.84093589,,,,,,True,,,Menteng,Cikini
rth-a7261841a585,Taman di samping Gedung FFTV dan Cinematografi IKJ,taman,Jakarta Pusat,TIM/IKJ Jl. Cikini Raya No. 73,-6.18842726,106.8402891,,,,,,True,,,Menteng,Cikini
rth-2fa31e9305a8,Taman depan Gedung Galery Batik,taman,Jakarta Barat,"Museum Tekstil, JL. KS Tubun No 2 Jakarta Barat",-6.18761929,106.8099476,,,,,,True,,,Pal Merah,Kota Bambu Selatan
rth-85569109d9dc,Taman Depan Pendopo Batik,taman,Jakarta Barat,"Museum Tekstil, Jl. KS Tubun No 2",-6.18734509,106.80986243,,,,,,True,,,Pal Merah,Kota Bambu Selatan
rth-fda205dd1071,Anjungan DKI - TMII RTH 05,taman,Jakarta Timur,TMII,-6.30227844,106.89327559,,,,,,True,,,Cipayung,Ceger
rth-d1d8503c5c49,Anjungan DKI - TMII RTH 07,taman,Jakarta Timur,TMII,-6.30221697,106.89315041,,,,,,True,,,Cipayung,Ceger
rth-239c769496d2,Taman Patung Tumbuh Kembang TIM,taman,Jakarta Pusat,Taman Ismail Marzuki Jl. Cikini Raya No. 73,-6.188704,106.83943574,,,,,,True,,,Menteng,Cikini
rth-42f0c2959cad,Taman Area Parkir Mobil DKJ (M),taman,Jakarta Pusat,Taman Ismail Marzuki Jl. Cikini Raya No. 73,-6.18884269,106.83944065,,,,,,True,,,Menteng,Cikini
rth-c07f36ebe82c,Taman Area Parkir DKJ (L),taman,Jakarta Pusat,Taman Ismail Marzuki Jl. Cikini Raya No. 73,-6.18900894,106.83944535,,,,,,True,,,Menteng,Cikini
rth-cdeb455fcd92,Graha TMII RTH 12,taman,Jakarta Timur,TMII,-6.29897755,106.89070082,,,,,,True,,,Makasar,Pinangranti
rth-e47e817b6ad8,Taman Area Parkir XXI (K),taman,Jakarta Pusat,Taman Ismail Marzuki Jl. Cikini Raya No. 73,-6.18911704,106.8394865,,,,,,True,,,Menteng,Cikini
rth-c6a900f27598,Graha TMII RTH 08,taman,Jakarta Timur,TMII,-6.29917806,106.89088551,,,,,,True,,,Makasar,Pinangranti
rth-61b118939b1a,Taman Area Parkir GBB ( J ),taman,Jakarta Pusat,Taman Ismail Marzuki Jl. Cikini Raya No. 73,-6.18923608,106.83953661,,,,,,True,,,Menteng,Cikini
rth-3098dd94b0f0,Graha TMII RTH 04,taman,Jakarta Timur,TMII,-6.29939135,106.89114971,,,,,,True,,,Makasar,Pinangranti
rth-5e4fd1591e41,Taman Area Parkir VIP GBB (I ),taman,Jakarta Pusat,Taman Ismail Marzuki Jl. Cikini Raya No. 73,-6.18937854,106.83961279,,,,,,True,,,Menteng,Cikini
rth-06b3b6b6e9ee,Sangkrini RTH 01,taman,Jakarta Timur,TMII,-6.29977041,106.89261137,,,,,,True,,,Cipayung,Ceger
rth-7ef026aaa96f,Sangkrini RTH 06,taman,Jakarta Timur,TMII,-6.29911669,106.8925309,,,,,,True,,,Cipayung,Ceger
rth-95e68590de9c,Graha Wisata Ragunan 04,taman,Jakarta Selatan,GOR Ragunan,-6.30853427,106.8263916,,,,,,True,,,Pasar Minggu,Ragunan
rth-8a98101c42e8,Taman Are Parkir Mobil TIM ( G ),taman,Jakarta Pusat,Taman Ismail Marzuki Jl. Cikini Raya No. 73,-6.18941021,106.83935859,,,,,,True,,,Menteng,Cikini
rth-57974d48a852,Taman Area Parkir TIM ( H ),taman,Jakarta Pusat,Taman Ismail Marzuki Jl. Cikini Raya Nomor 73,-6.18912782,106.83924676,,,,,,True,,,Menteng,Cikini
rth-0bbef953d514,Graha TMII RTH 09,taman,Jakarta Timur,TMII,-6.29897534,106.89056598,,,,,,True,,,Makasar,Pinangranti
rth-46b01c486460,Taman di area parkir motor TIM (F ),taman,Jakarta Pusat,Taman Ismail Marzuki Jl. Cikini Raya No. 73,-6.18930248,106.8391854,,,,,,True,,,Menteng,Cikini
rth-b16581cf55c2,Taman di Area Parkir Motor TIM ( E ),taman,Jakarta Pusat,Taman Ismail Marzuki Jl. Cikini Raya No. 73,-6.18934289,106.83904684,,,,,,True,,,Menteng,Cikini
rth-3bcf1f6c289c,Taman  Area Parkir Motor TIM (D),taman,Jakarta Pusat,Taman Ismail Marzuki Jl. Cikini Raya No. 73,-6.18959072,106.83912446,,,,,,True,,,Menteng,Cikini
rth-c3a8b3b73983,RTH di Sisi Kanan Kantor GKJ,taman,Jakarta Pusat,Gedung Kesenian Jakarta,-6.16686208,106.83421221,,,,,,True,,,Sawah Besar,Pasar Baru
rth-3f055aae3f91,Taman depan Gedung Wastraprima,taman,Jakarta Barat,"Museum Tekstil, Jl. KS Tubun No 2 Jakarta Barat",-6.18842596,106.81013149,,,,,,True,,,Pal Merah,Kota Bambu Selatan
rth-c93c372de602,Taman samping kiri Gedung Pameran Utama,taman,Jakarta Barat,"Museum Tekstil, Jl. KS Tubun No 4 Jakarta Barat",-6.18807404,106.80986628,,,,,,True,,,Pal Merah,Kota Bambu Selatan
rth-8afa1406623d,Rth Plaza Utama Gerbang Masuk TIM,taman,Jakarta Pusat,Unit Pengelola PKJ TIM Jl. Cikini Raya No. 73,-6.19044809,106.83821218,,,,,,True,,,Menteng,Cikini
rth-def99788c3de,Taman samping kiri Gedung Wastraprima,taman,Jakarta Barat,"Museum Tekstil, KS Tubun No 2 Jakarta Barat",-6.1879863,106.81016541,,,,,,True,,,Pal Merah,Kota Bambu Selatan
rth-98d2f78f723f,Taman di sayap kiri pintu keluar TIM depan Toko Souvenir,taman,Jakarta Pusat,TIM Jl. Cikini Raya No. 73,-6.19068089,106.83868755,,,,,,True,,,Menteng,Cikini
rth-11375c50f222,TAMAN SAWO,taman,Jakarta Selatan,"Jl. H. Baung, RT 005  RW 02",-6.26233655,106.79924641,,,,,,True,,,Kebayoran Baru,Cipete Utara
rth-5dad729e9e52,Stadion sepak Bola Kamal Muara,taman,Jakarta Utara,Jl. Kamal Muara Rt. 001/07,-6.09601045,106.72213616,,,,,,True,,,Penjaringan,Kamal Muara
rth-6d7f879f83e5,Lapangan Sepakbola Srengseng,taman,Jakarta Barat,Jalan Sepakbola Srengseng,-6.20355823,106.75849548,,,,,,True,,,Kembangan,Srengseng
rth-b4fa03247082,Lapangan Sepakbola Muara Angke,taman,Jakarta Utara,Jl. Dermaga Muara Rw. 11,-6.10851559,106.77285894,,,,,,True,,,Penjaringan,Pluit
rth-aeef923542ea,Lapangan Sepakbola Pegadungan,taman,Jakarta Barat,Jalan Peta Utara Kelurahan Pegadungan,-6.13980496,106.7031202,,,,,,True,,,Kalideres,Pegadungan
rth-7e1dde49d5c1,Lapangan Sepakbola Terbuka Rorotan,taman,Jakarta Utara,Jl. Malaka I Rt. 07 Rw. 12,-6.1388901,106.95518431,,,,,,True,,,Cilincing,Rorotan
rth-65712397f42a,Stadion Kamal Muara,taman,Jakarta Utara,Jl. Kamal Muara Rt. 001/07,-6.09596863,106.72297464,,,,,,True,,,Penjaringan,Kamal Muara
rth-0c97ae0f4a17,Lapangan Sepakbola I,taman,Jakarta Selatan,Jl. Harsono RM Ragunan Pasar Minggu,-6.30518311,106.82619352,,,,,,True,,,Pasar Minggu,Ragunan
rth-58d242da4351,Lapangan Sepakbola III,taman,Jakarta Selatan,Jl. Harsono RM Ragunan Pasar Minggu,-6.30744116,106.82677494,,,,,,True,,,Pasar Minggu,Ragunan
rth-53de6bac0fb7,GOR Kamal Muara,taman,Jakarta Utara,Jl. Kamal Muara Rt. 001 Rw. 07,-6.09709298,106.72297394,,,,,,True,,,Penjaringan,Kamal Muara
rth-d4ea517f46c9,Lapangan Volly Kampung Kamal,taman,Jakarta Barat,Jalan Kampung Belakang Kamal,-6.09834613,106.69271373,,,,,,True,,,Kalideres,Kamal
rth-0f86de736de0,Gelanggang Remaja Jakarta Utara,taman,Jakarta Utara,Jakarta Utara,-6.11830903,106.89278608,,,,,,True,,,Tanjung Priok,Kebon Bawang
rth-f397467f4b7e,Gelanggaan Remaja Kecamatan Tanjung Priok,taman,Jakarta Utara,Jakarta Utara,-6.13838883,106.87118989,,,,,,True,,,Tanjung Priok,Sunter Agung
rth-701ba7e3059a,Gelanggang Remaja Kecamatan Tanjung Priok,taman,Jakarta Utara,Jakarta Utara,-6.13873185,106.87162083,,,,,,True,,,Tanjung Priok,Sunter Jaya
rth-2fe96fd8f90c,Gelanggang Remaja Kecamatan Pasar Minggu,taman,Jakarta Selatan,Jl. Raya Ragunan No.1 Rt.001/01 Kel. Jati Padang Kec.Pasar Minggu Jakarta Selatan,-6.28492556,106.83762839,,,,,,True,,,Pasar Minggu,Jati Padang
rth-3821aa531358,RTH Gelanggang Remaja Kecamatan Pasar Minggu,taman,Jakarta Selatan,Jl. Raya Ragunan No.1 Rt.001/01 Kel. Jati Padang Kec.Pasar Minggu Jakarta Selatan,-6.28452638,106.83716105,,,,,,True,,,Pasar Minggu,Jati Padang
rth-a92679f80f1d,RTH Gelanggang Remaja Jakarta Selatan,taman,Jakarta Selatan,Jl. Bulungan Blok C No.1 Rt.011/07 Kel. Kramat Pela Kec. Kebayoran Baru Jakarta Selatan,-6.24217651,106.79619863,,,,,,True,,,Kebayoran Baru,Kramat Pela
rth-29ff6acb4489,Gelanggang Remaja Kecamatan Cipayung,taman,Jakarta Timur,Bantarjati,-6.30774759,106.91904799,,,,,,True,,,Cipayung,Setu
rth-71488cfcd927,Lapangan Sepakbola II,taman,Jakarta Selatan,Jl. Harsono RM Ragunan Pasar Minggu,-6.30757617,106.82492206,,,,,,True,,,Pasar Minggu,Ragunan
rth-c49228580b92,Gelanggang Olahraga Cendrawasih Jakarta Barat,taman,Jakarta Barat,Jalan Cendrawasih Raya No 10,-6.14262112,106.72079129,,,,,,True,,,Cengkareng,Cengkareng Barat
rth-9e12de55f4a3,Lapangan Tenis Cengkareg,taman,Jakarta Barat,Jalan Utama Cengkareng No. 2,-6.1503664,106.72241304,,,,,,True,,,Cengkareng,Cengkareng Barat
rth-953162df5896,Stadion Sepakbola Taman Sari,taman,Jakarta Barat,Jl Mangga Besar 6,-6.1514226,106.82524017,,,,,,True,,,Taman Sari,Taman Sari
rth-6a8c486236e8,Lapangan Sepakbola Semanan,taman,Jakarta Barat,Jalan Raya Semanan,-6.15986792,106.70593571,,,,,,True,,,Kalideres,Semanan
rth-c97393ded56d,UP.GELANGGANG REMAJA JAKARTA BARAT-1,taman,Jakarta Barat,JL.SEMERU NO.2,-6.1610759,106.79732391,,,,,,True,,,Grogol Petamburan,Grogol
rth-a7344336c5d6,UP GELANGGANG REMAJA JAKARTA BARAT-2,taman,Jakarta Barat,JL.NURDIN IV NO.1,-6.16112524,106.79679712,,,,,,True,,,Grogol Petamburan,Grogol
rth-67c88762d2b9,GELANGGANG REMAJA KEC.KALIDERES,taman,Jakarta Barat,JL.PETA UTARA NO.2,-6.14171156,106.70230348,,,,,,True,,,Kalideres,Pegadungan
rth-514fedc0c2d4,GELANGGANG REMAJA KEC.PALMERAH,taman,Jakarta Barat,Jl. Kemanggisan Pulo No.2,-6.19918579,106.79073047,,,,,,True,,,Pal Merah,Palmerah
rth-c592a4afc439,GELANGGANG REMAJA KEC.KEMBANGAN,taman,Jakarta Barat,Jl. BTN Brusnai No.2,-6.1669315,106.74607619,,,,,,True,,,Kembangan,Kembangan Utara
rth-b9d691707328,Lapangan Sepakbola Kebon Jeruk,taman,Jakarta Barat,Jalan Raya Kebon Jeruk,-6.19777737,106.76651717,,,,,,True,,,Kebon Jeruk,Kebon Jeruk
rth-7c9df225de48,Tanah Lapangan Sepakbola Wijaya Kusuma,taman,Jakarta Barat,Jalan Anggrek Garuda Blok E23,-6.19205213,106.79506747,,,,,,True,,,Grogol Petamburan,Wijaya Kusuma
rth-39cb7d653bd4,Unit  Pengelola Gelanggang Remaja Jakarta Timur,taman,Jakarta Timur,Jalan otista raya no.121,-6.23503595,106.86793481,,,,,,True,,,Jatinegara,Bidara Cina
rth-943643161bd4,Lapangan Sepakbola Persima,taman,Jakarta Barat,Jalan Raya Kalianyar IX,-6.15575762,106.79934784,,,,,,True,,,Tambora,Kali Anyar
rth-583478ea52ad,Stadion Sepak Bola VIJ,taman,Jakarta Pusat,Jl. Biak B No. 7,-6.16989943,106.80775913,,,,,,True,,,Gambir,Cideng
rth-8ca9e61f28de,Lapangan Sepakbola Kedoya,taman,Jakarta Barat,Jalan Pilar Baru Kel. Kedoya Selatan,-6.18393269,106.76104941,,,,,,True,,,Kebon Jeruk,Kedoya Selatan
rth-31438b5c7e49,GELANGGANG REMAJA KEC.GROGOL PETAMBURAN,taman,Jakarta Barat,JL.TANJUNG DUREN IV NO.10,-6.17778554,106.78129858,,,,,,True,,,Grogol Petamburan,Tanjung Duren Utara
rth-2bc22a442969,Lapangan Sepakbola Pors Serdang,taman,Jakarta Pusat,"Jl. Lapangan Pors, RT.16/RW.4",-6.1614894,106.86412418,,,,,,True,,,Kemayoran,Serdang
rth-1f2328b973cd,Lapangan Sepakbola Pejompongan,taman,Jakarta Pusat,Jalan Danau Tondano No. 11 RT. 21 / RW. 04,-6.20730184,106.80771953,,,,,,True,,,Tanah Abang,Bendungan Hilir
rth-62823d3aa741,Lapangan Sepakbola Karet Tengsin,taman,Jakarta Pusat,"Jalan Karet Pasar Baru Barat II RT. 14, 6,11,12,13 RW. 05",-6.20775765,106.81329022,,,,,,True,,,Tanah Abang,Karet Tengsin
rth-94e19ebd96bf,GELANGGANG REMAJA KEC.TAMBORA,taman,Jakarta Barat,JL.BANDENGAN UTARA III NO.1,-6.13436887,106.80119464,,,,,,True,,,Tambora,Pekojan
rth-745effe0d825,GELANGGANG REMAJA KEC.KEBON JERUK,taman,Jakarta Barat,JL.HH NO.1,-6.1993275,106.76467938,,,,,,True,,,Kebon Jeruk,Kebon Jeruk
rth-ddef43508629,Taman Jalan Protokol,taman,Jakarta Selatan,Jl. Harsono RM Ragunan Pasar Minggu,-6.30623727,106.82491521,,,,,,True,,,Pasar Minggu,Ragunan
rth-cd52fc7a14fe,Gedung Serbaguna Semper Barat,taman,Jakarta Utara,Jl. Raya Gereja Tugu,-6.1261708,106.92483415,,,,,,True,,,Cilincing,Semper Barat
rth-c3b85d51d928,Taman Tengah Area Gedung,taman,Jakarta Selatan,Jl. Harsono RM Ragunan Pasar Minggu,-6.30531819,106.82517636,,,,,,True,,,Pasar Minggu,Ragunan
rth-1af9d3318b75,Lahan Terbuka di Samping Kanan Gedung Bulutangkis,taman,Jakarta Selatan,Jl. Harsono RM Ragunan Pasar Minggu,-6.305869,106.82481133,,,,,,True,,,Pasar Minggu,Ragunan
rth-d8b80de52bae,Lahan Terbuka Samping Kanan Depan Gedung Bulutangkis,taman,Jakarta Selatan,Jl. Harsono RM Ragunan Pasar Minggu,-6.3058223,106.82496099,,,,,,True,,,Pasar Minggu,Ragunan
rth-1612945d1ce2,Taman Depan Gedung Auditorium,taman,Jakarta Selatan,Jl. Harsono RM Ragunan Pasar Minggu,-6.3061629,106.82460492,,,,,,True,,,Pasar Minggu,Ragunan
rth-099dd1cddbf8,GOR Bahtera Jaya,taman,Jakarta Utara,Jl. Ketel Uap No 1,-6.11229102,106.86395595,,,,,,True,,,Pademangan,Ancol
rth-de557bd5419b,Taman Depan Gedung Auditorium sebelah kanan,taman,Jakarta Selatan,Jl. Harsono RM Ragunan Pasar Minggu,-6.30616584,106.8245686,,,,,,True,,,Pasar Minggu,Ragunan
rth-2f0e947252d9,Kantor Unit Pengelola Gelanggang Remaja Jakarta Pusat,taman,Jakarta Pusat,Jl. Stasiun Senen No. 1,-6.17554252,106.84369418,,,,,,True,,,Senen,Senen
rth-5faa57bbe6a3,Stadion Sepakbola Tugu,taman,Jakarta Utara,Jl. Pegangsaan Dua,-6.13688425,106.91343815,,,,,,True,,,Koja,Tugu Selatan
rth-e117b6625f3c,Gelanggang Remaja Kecamatan Kemayoran,taman,Jakarta Pusat,Jl. Serdang III,-6.15688234,106.8651137,,,,,,True,,,Kemayoran,Serdang
rth-062c914f23e9,Gedung Judo,taman,Jakarta Utara,Jl. Kelapa Puan,-6.16252988,106.90684969,,,,,,True,,,Kelapa Gading,Kelapa Gading Timur
rth-dbd874a3ce97,Gelanggang Remaja Kecamatan Pasar Rebo,taman,Jakarta Timur,Kalisari,-6.33057747,106.85511553,,,,,,True,,,Pasar Rebo,Kalisari
rth-4838168169ec,Gelanggang Remaja Kecamatan Kramatjati,taman,Jakarta Timur,condet,-6.2934454,106.85433707,,,,,,True,,,Kramatjati,Balekambang
rth-1856fa1c32d1,Gelanggang Remaja Kecamatan Makasar,taman,Jakarta Timur,kp Maksar,-6.27985711,106.87677077,,,,,,True,,,Makasar,Makasar
rth-c9a40eb4043c,Lapangan Basket/Voli /BuluTangkis Joglo,taman,Jakarta Barat,Jalan Komp. DPR RI Joglo,-6.21777924,106.73329684,,,,,,True,,,Kembangan,Joglo
rth-6c77b03eeb0a,Gelanggang Remaja Kecamatan Tanah Abang,taman,Jakarta Pusat,Jl. Mutiara No. 4A,-6.20775435,106.81328572,,,,,,True,,,Tanah Abang,Karet Tengsin
rth-eaa55d92d85d,RTH Kolam Renang Bulungan Gelanggang Remaja Jakarta Selatan,taman,Jakarta Selatan,Jl. Kyai Maja Rt.002/08 Kel. Gunung Kec. Kebayoran Baru Jakarta,-6.23962733,106.79720344,,,,,,True,,,Kebayoran Baru,Gunung
rth-6a85008e289f,RTH Kolam Renang Bulungan Jakarta Selatan,taman,Jakarta Selatan,Jl. Kyai Maja Rt.002/08 Kel. Gunung Kec. Kebayoran Baru Jakarta,-6.23967074,106.79738776,,,,,,True,,,Kebayoran Baru,Gunung
rth-959ee424b121,GOR Ciracas,taman,Jakarta Timur,Jl. Raya Bogor km 25-26,-6.32466114,106.86436275,,,,,,True,,,Ciracas,Ciracas
rth-b912b59be504,Lapangan Sepakbola Terbuka Kelapa Dua Wetan,taman,Jakarta Timur,,-6.3483998,106.88395068,,,,,,True,,,Ciracas,Kelapa Dua Wetan
rth-e62614481de9,RTH Gelanggang Remaja Kecamatan Kebayoran Lama,taman,Jakarta Selatan,Jl. Peninggaran Barat III/71 Rt.012/11 Kel. Kebayoran Lama Utara Kec. Kebayoran Lama Jakarta Selatan,-6.24539645,106.76947914,,,,,,True,,,Kebayoran Lama,Kebayoran Lama Utara
rth-d604548deea5,RTH Gelanggang Remaja Kecamatan Tebet,taman,Jakarta Selatan,Jl. Tebet Timur Dalam III No. 15 Rt.001/03 Kel. Tebet Timur Kec. Tebet,-6.22918099,106.85822945,,,,,,True,,,Tebet,Tebet Timur
rth-b9811a8c93b1,RTH Gelanggang Remaja Kecamatan Tebet Jakarta Selatan,taman,Jakarta Selatan,Jl. Tebet Timur Dalam III No. 15 Rt.001/03 Kel. Tebet Timur Kec. Tebet Jakarta Selatan,-6.22875109,106.85794298,,,,,,True,,,Tebet,Tebet Timur
rth-6c1589cadec7,RHT Gelanggang Remaja Kecamatan Tebet Jakarta Selatan,taman,Jakarta Selatan,Jl. Tebet Timur Dalam III No. 15 Rt.001/03 Kel. Tebet Timur Kec. Tebet Jakarta Selatan,-6.2290546,106.85779915,,,,,,True,,,Tebet,Tebet Timur
rth-ccc18906cc83,RTH Stadion Sepak Bola Pasar Tebet ( PSPT ) Jakarta Selatan,taman,Jakarta Selatan,Jl. Tebet Timur Dalam Raya Rt.007/07 Kel. Tebet Timur Kec. Tebet Jakarta Selatan,-6.23593579,106.85633012,,,,,,True,,,Tebet,Tebet Timur
rth-65803ee1ff3b,RTH Gelanggang Remaja Kecamatan Mampang Jakarta Selatan,taman,Jakarta Pusat,Jl. Pondok Jaya Rt.006/06 Kel. Pela Mampang Kec. Mampang Prapatan Jakarta Selatan,-6.24880733,106.82188551,,,,,,True,,,Mampang Prapatan,Pela Mampang
rth-7efae8f38f63,GOR Rawamangun,taman,Jakarta Timur,Jalan Pemuda,-6.19227478,106.889675,,,,,,True,,,Pulogadung,Rawamangun
rth-2c382142294d,GOR Senam Radin Inten,taman,Jakarta Timur,jl. Radin Inten II,-6.22313546,106.92376761,,,,,,True,,,Duren Sawit,Klender
rth-ad298859fea8,GOR Radin Inten,taman,Jakarta Timur,radin inten,-6.22328025,106.92388774,,,,,,True,,,Duren Sawit,Klender
rth-996f9c18d200,lapangan sepakbola kelapa dua wetan,taman,Jakarta Timur,jl kelapa dua wetan wetan raya,-6.34792784,106.88418805,,,,,,True,,,Ciracas,Kelapa Dua Wetan
rth-a25c68d2da27,Lapangan sepakbola terbuka ceger,taman,Jakarta Timur,jl. h. siun,-6.31631883,106.88864683,,,,,,True,,,Cipayung,Ceger
rth-787880ddf00b,Lapangan Sepakbola Cakung,taman,Jakarta Timur,Jalan raya kayu tinggi,-6.17993239,106.94883537,,,,,,True,,,Cakung,Cakung
rth-cbd763b43b00,RTH Fasilitas Lapangan Tenis dan Wisma Atlet Jakarta Selatan,taman,Jakarta Selatan,Jl. Hang Tuah X Rt.002/08 Kel. Gunung Kec. Kebayoran Baru Jakarta Selatan,-6.23975307,106.7964414,,,,,,True,,,Kebayoran Baru,Gunung
rth-232e134cd67a,RTH Fasilitas Lapangan Tenis dan Wisma Atlet Bulungan Jakarta Selatan,taman,Jakarta Selatan,Jl. Hang Tuah X Rt.002/08 Kel. Gunung Kec. Kebayoran Baru Jakarta Selatan,-6.23959884,106.79669828,,,,,,True,,,Kebayoran Baru,Gunung
rth-da4fdce7d508,RTH Fasilitas Lapangan Tenis dan Wisma Atlet,taman,Jakarta Selatan,Jl. Hang Tuah X Rt.002/08 Kel. Gunung Kec. Kebayoran Baru Jakarta Selatan,-6.23953716,106.79619158,,,,,,True,,,Kebayoran Baru,Gunung
rth-9539f171869a,RTH Gelanggang Remaja Kecamatan Jagakarsa,taman,Jakarta Selatan,"Jl. Balai Rakyat Jagakarsa Rt.01/02, Kel. Cipedak Kec. Jagakarsa Jakarta Selatan",-6.33375561,106.8172668,,,,,,True,,,Jagakarsa,Cipedak
rth-33f50bda1d2a,Gelanggang Remaja Jakarta Selatan,taman,Jakarta Selatan,"Jl. Balai Rakyat Jagakarsa Rt.01/02, Kel. Cipedak Kec. Jagakarsa Jakarta Selatan",-6.33373238,106.81720521,,,,,,True,,,Jagakarsa,Cipedak
rth-7208ca866d6f,Gelanggang Remaja Kecamatan Johar Baru,taman,Jakarta Pusat,Jl. Rawa Selatan IV,-6.1814287,106.85631451,,,,,,True,,,Johar Baru,Johar Baru
rth-a081c5ca91ee,Gelanggang Remaja Kecamatan Cempaka Putih,taman,Jakarta Pusat,Jl. Cempaka Putih XXXI No. 3,-6.17084481,106.87283042,,,,,,True,,,Cempaka Putih,Cempaka Putih Timur
rth-23b9d4f32229,Lahan Terbuka di Samping Kanan Gedung Auditorium,taman,Jakarta Selatan,Jl. Harsono RM Ragunan Pasar Minggu,-6.30622661,106.82420414,,,,,,True,,,Pasar Minggu,Ragunan
rth-46e257ccae4a,Kolam Renang Kebon Jahe,taman,Jakarta Pusat,Jl. Tanah Abang I,-6.17103781,106.81853501,,,,,,True,,,Gambir,Petojo Selatan
rth-e7bfe5e5d88e,Taman Depan Kantor Lapter Sisi Jalan Protokol,taman,Jakarta Selatan,Jl. Harsono RM Ragunan Pasar Minggu,-6.30640078,106.82464404,,,,,,True,,,Pasar Minggu,Ragunan
rth-17b4e8ef3ed3,Gedung Auditorium,taman,Jakarta Pusat,Jl. Tanah Abang I,-6.17134785,106.819515,,,,,,True,,,Gambir,Petojo Selatan
rth-32eb6ff84635,Stadion Sepakbola Lapangan Banteng,taman,Jakarta Pusat,Jl. Lapangan Banteng Utara,-6.16964115,106.8346082,,,,,,True,,,Sawah Besar,Pasar Baru
rth-b659a1e649ec,Area Lapangan Panahan I,taman,Jakarta Selatan,Jl. Harsono RM Ragunan Pasar Minggu,-6.30432884,106.82677139,,,,,,True,,,Pasar Minggu,Ragunan
rth-505f67d09c27,Taman Depan Gedung Teknik,taman,Jakarta Selatan,Jl. Harsono RM Ragunan Pasar Minggu,-6.30638826,106.82497685,,,,,,True,,,Pasar Minggu,Ragunan
rth-2e85747b0d5b,RTH Kolam Renang Gelanggang Remaja Jakarta selatan,taman,Jakarta Selatan,Jl. Kyai Maja Rt.002/08 Kel. Gunung Kec. Kebayoran Baru Jakarta Selatan,-6.238928,106.79687016,,,,,,True,,,Kebayoran Baru,Gunung
rth-9487923fe29f,Taman Depan Perumahan Pelatih,taman,Jakarta Selatan,Jl. Harsono RM Ragunan Pasar Minggu,-6.3063899,106.82613986,,,,,,True,,,Pasar Minggu,Ragunan
rth-f9ef6c21d898,RTH Gelanggang Remaja Kecamatan Mampang ( Jakarta Selatan ),taman,Jakarta Selatan,Jl. Pondok Jaya Rt.006/06 Kel. Pela Mampang Kec. Mampang Prapatan Jakarta Selatan,-6.24888782,106.82188929,,,,,,True,,,Mampang Prapatan,Pela Mampang
rth-5f2af6002de7,RTH Gelanggang Kecamatan Mampang Jakarta Selatan,taman,Jakarta Selatan,Jl. Pondok Jaya Rt.006/06 Kel. Pela Mampang Kec. Mampang Prapatan Jakarta Selatan,-6.24909652,106.82192229,,,,,,True,,,Mampang Prapatan,Pela Mampang
rth-cc18af7ec5be,RTH Gelanggang Remaja Kecamatan Kebayoran Baru Jakarta Selatan,taman,Jakarta Selatan,Jalan Pasar Inpres Radio Dalam Rt004 rw 14,-6.25945461,106.79122938,,,,,,True,,,Kebayoran Baru,Gandaria Utara
rth-67ae0604a9ac,RTH Gelanggang Remaja Kecamatan Pesanggrahan Jakarta Selatan,taman,Jakarta Selatan,Jl. Bintaro Permai III Rt.010/09  Kel.Bintaro Kec.Pesanggrahan Jakarta Selatan,-6.25839046,106.76351482,,,,,,True,,,Pesanggrahan,Bintaro
rth-02aa8e93c45f,GOR Pondok Bambu,taman,Jakarta Timur,jl. balai rakyat,-6.22472873,106.90357416,,,,,,True,,,Duren Sawit,Pondok Bambu
rth-86587c883d7d,RTH sisi lapangan sepakbola II,taman,Jakarta Selatan,Jl. Harsono RM Ragunan Pasar Minggu,-6.30687605,106.82465974,,,,,,True,,,Pasar Minggu,Ragunan
rth-3bb72423158f,RTH Belakang Kantor Lapter,taman,Jakarta Selatan,Jl. Harsono RM Ragunan Pasar Minggu,-6.30672354,106.82468769,,,,,,True,,,Pasar Minggu,Ragunan
rth-7e0003b5f87c,RTH Sisi Kantor PPOP,taman,Jakarta Selatan,Jl. Harsono RM Ragunan Pasar Minggu,-6.30672274,106.8249655,,,,,,True,,,Pasar Minggu,Ragunan
rth-7d16863e4dc0,RTH Sisi Belakang Kantor PPOP,taman,Jakarta Selatan,Jl. Harsono RM Ragunan Pasar Minggu,-6.30660384,106.8250161,,,,,,True,,,Pasar Minggu,Ragunan
rth-461b2704d1f6,RTH Sisi Kiri Kolam Renang,taman,Jakarta Selatan,Jl. Harsono RM Ragunan Pasar Minggu,-6.30652563,106.82519726,,,,,,True,,,Pasar Minggu,Ragunan
rth-763b9509328f,LAPANGAN SEPAKBOLA TERBUKA DEPPEN (PESANGGRAHAN),taman,Jakarta Selatan,Jalan Garuda Pesanggrahan RT 07 RW 07,-6.25060498,106.75573416,,,,,,True,,,Pesanggrahan,Pesanggrahan
rth-4cafbd955b01,RTH Depan Kolam Renang Sisi Kiri,taman,Jakarta Selatan,Jl. Harsono RM Ragunan Pasar Minggu,-6.30634814,106.82549186,,,,,,True,,,Pasar Minggu,Ragunan
rth-b7ce82b12c98,UP GELANGGANG REMAJA JAKARTA BARAT-3,taman,Jakarta Barat,JL.SEMERU NO.2,-6.16058715,106.7968953,,,,,,True,,,Grogol Petamburan,Grogol
rth-5b8618a623ba,RTH Depan Kolam Renang Sisi Kanan,taman,Jakarta Selatan,Jl. Harsono RM Ragunan Pasar Minggu,-6.30634794,106.82565614,,,,,,True,,,Pasar Minggu,Ragunan
rth-89ac41034593,UP GELANGGANG REMAJA JAKARTA BARAT-4,taman,Jakarta Barat,JL.NURDIN IV NO.1,-6.16083531,106.79650431,,,,,,True,,,Grogol Petamburan,Grogol
rth-8a387473ec84,RTH Sisi Perumahan Pelatih,taman,Jakarta Selatan,Jl. Harsono RM Ragunan Pasar Minggu,-6.30657681,106.82579226,,,,,,True,,,Pasar Minggu,Ragunan
rth-5a674dd65f31,RTH Sisi Jalan Perumahan Guru,taman,Jakarta Selatan,Jl. Harsono RM Ragunan Pasar Minggu,-6.30767904,106.82571848,,,,,,True,,,Pasar Minggu,Ragunan
rth-f2858e4870b7,RTH Belakang Kolam Renang,taman,Jakarta Selatan,Jl. Harsono RM Ragunan Pasar Minggu,-6.30735641,106.8256237,,,,,,True,,,Pasar Minggu,Ragunan
rth-89dfd9f85113,RTH Sisi Belakang Wisma Atlet,taman,Jakarta Selatan,Jl. Harsono RM Ragunan Pasar Minggu,-6.30742585,106.82585498,,,,,,True,,,Pasar Minggu,Ragunan
rth-754087899cce,LAPANGAN SEPAKBOLA TERBUKA BLOK.S,taman,Jakarta Selatan,Jalan Suryo No.1 RT 05 RW 05,-6.23669679,106.81465103,,,,,,True,,,Kebayoran Baru,Rawa Barat
rth-9d4af1e52f49,RTH Sisi Kiri Asrama Putra,taman,Jakarta Selatan,Jl. Harsono RM Ragunan Pasar Minggu,-6.30827849,106.82578023,,,,,,True,,,Pasar Minggu,Ragunan
rth-2a49ab85ca3f,LAPANGAN SEPAKBOLA TERBUKA SUKATANI,taman,Jakarta Selatan,Jalan Nangka RT 05 RW 05,-6.30233453,106.85137644,,,,,,True,,,Jagakarsa,Tanjung Barat
rth-7e9e0ee54391,RTH Sisi Belakang Asrama Putra,taman,Jakarta Selatan,Jl. Harsono RM Ragunan Pasar Minggu,-6.30848539,106.82600551,,,,,,True,,,Pasar Minggu,Ragunan
rth-3a987d05e314,Lapangan Sepakbola Cibubur,taman,Jakarta Timur,Jalan bulak sereh,-6.35524667,106.87858744,,,,,,True,,,Ciracas,Cibubur
rth-63782cfc62bd,RTH Sisi Kanan Asrama Putra,taman,Jakarta Selatan,Jl. Harsono RM Ragunan Pasar Minggu,-6.30824647,106.82625428,,,,,,True,,,Pasar Minggu,Ragunan
rth-a8edca96d60a,RTH Sisi Kanan Wisma Atlet,taman,Jakarta Selatan,Jl. Harsono RM Ragunan Pasar Minggu,-6.30778163,106.82614592,,,,,,True,,,Pasar Minggu,Ragunan
rth-2dac2f059462,RTH Sisi Depan Wisma Atlet,taman,Jakarta Selatan,Jl. Harsono RM Ragunan Pasar Minggu,-6.3076157,106.82632195,,,,,,True,,,Pasar Minggu,Ragunan
rth-041a4683ba3f,RTH Depan Wisma Atlet Sisi Kiri,taman,Jakarta Selatan,Jl. Harsono RM Ragunan Pasar Minggu,-6.30714692,106.82634714,,,,,,True,,,Pasar Minggu,Ragunan
rth-eb28eca5945f,Stadion Tugu,taman,Jakarta Utara,Jl. Pegangsaan Dua,-6.13771341,106.91356222,,,,,,True,,,Koja,Tugu Selatan
rth-828775a04609,RTH Sisi Kiri Wisma Atlet,taman,Jakarta Selatan,Jl. Harsono RM Ragunan Pasar Minggu,-6.30695977,106.82621778,,,,,,True,,,Pasar Minggu,Ragunan
rth-f5691f59b84b,LAPANGAN SEPAKBOLA TERBUKA KEBAGUSAN,taman,Jakarta Selatan,Jalan Kelurahan Kebagusan Wates RT 11 RW 04,-6.31418724,106.83037919,,,,,,True,,,Pasar Minggu,Kebagusan
rth-d9bb078e25fd,RTH Depan Gedung Menza,taman,Jakarta Selatan,Jl. Harsono RM Ragunan Pasar Minggu,-6.30632763,106.82678093,,,,,,True,,,Pasar Minggu,Ragunan
rth-89ff35322ba8,RTH Depan Gedung Menza (Taman Kiri),taman,Jakarta Selatan,Jl. Harsono RM Ragunan Pasar Minggu,-6.30656334,106.82657096,,,,,,True,,,Pasar Minggu,Ragunan
rth-69c062f1a761,RTH Depan Gedung Menza (Taman Kanan),taman,Jakarta Selatan,Jl. Harsono RM Ragunan Pasar Minggu,-6.30655205,106.82683614,,,,,,True,,,Pasar Minggu,Ragunan
rth-24545f6da40c,Lapangan Panahan I,taman,Jakarta Selatan,Jl. Harsono RM Ragunan Pasar Minggu,-6.30842689,106.82481548,,,,,,True,,,Pasar Minggu,Ragunan
rth-69dbaab26ee0,LAPANGAN SEPAKBOLA TERBUKA AHMAD YANI,taman,Jakarta Selatan,Jalan Praja No.3 A RT 14 RW 01,-6.24868378,106.77915611,,,,,,True,,,Kebayoran Lama,Kebayoran Lama Selatan
rth-9b0544ca2e89,RTH Depan Gedung Menza (Belakang),taman,Jakarta Selatan,Jl. Harsono RM Ragunan Pasar Minggu,-6.30682773,106.82688542,,,,,,True,,,Pasar Minggu,Ragunan
rth-ae7c6960245a,RTH Sisi Tengah Perumahan Pelatih,taman,Jakarta Selatan,Jl. Harsono RM Ragunan Pasar Minggu,-6.30661952,106.8260911,,,,,,True,,,Pasar Minggu,Ragunan
rth-173c14ae837e,LAPANGAN SEPAKBOLA JAGAKARSA,taman,Jakarta Selatan,Jalan Sirsak RT 06 RW 07,-6.33643127,106.81923935,,,,,,True,,,Jagakarsa,Jagakarsa
rth-c240cbcd0dd2,RTH Taman Wisma Atlet Sisi Kiri,taman,Jakarta Selatan,Jl. Harsono RM Ragunan Pasar Minggu,-6.3071645,106.82617274,,,,,,True,,,Pasar Minggu,Ragunan
rth-912c792ac55d,RTH Taman Wisma Atlet Sisi Kanan,taman,Jakarta Selatan,Jl. Harsono RM Ragunan Pasar Minggu,-6.30757581,106.82615008,,,,,,True,,,Pasar Minggu,Ragunan
rth-8df6d98b2be4,RTH Asrama Wanita (Depan),taman,Jakarta Selatan,Jl. Harsono RM Ragunan Pasar Minggu,-6.30719477,106.82720873,,,,,,True,,,Pasar Minggu,Ragunan
rth-2dc9793934f7,RTH Sisi Asrama Wanita 1,taman,Jakarta Selatan,Jl. Harsono RM Ragunan Pasar Minggu,-6.30775923,106.82725759,,,,,,True,,,Pasar Minggu,Ragunan
rth-a7a997b74052,RTH Sisi Asrama Wanita 2,taman,Jakarta Selatan,Jl. Harsono RM Ragunan Pasar Minggu,-6.30756282,106.8272663,,,,,,True,,,Pasar Minggu,Ragunan
rth-4df8acb0f8e5,RTH Sisi Asrama Wanita 3,taman,Jakarta Selatan,Jl. Harsono RM Ragunan Pasar Minggu,-6.30736694,106.82737369,,,,,,True,,,Pasar Minggu,Ragunan
rth-7a6c70acf79b,Lapangan Sepakbola Gongseng,taman,Jakarta Timur,Jalan Bima I,-6.32559177,106.85894803,,,,,,True,,,Ciracas,Cijantung
rth-27af2ac89fbb,RTH Sisi Asrama Wanita 4,taman,Jakarta Selatan,Jl. Harsono RM Ragunan Pasar Minggu,-6.30717532,106.82738873,,,,,,True,,,Pasar Minggu,Ragunan
rth-e5823a5caffb,RTH Sisi Lapangan Tenis,taman,Jakarta Selatan,Jl. Harsono RM Ragunan Pasar Minggu,-6.30541037,106.82712351,,,,,,True,,,Pasar Minggu,Ragunan
rth-22f7d8961153,RTH Sisi Masjid,taman,Jakarta Selatan,Jl. Harsono RM Ragunan Pasar Minggu,-6.30585595,106.82735144,,,,,,True,,,Pasar Minggu,Ragunan
rth-04b609764541,RTH Sisi Masjid (kanan),taman,Jakarta Selatan,Jl. Harsono RM Ragunan Pasar Minggu,-6.30615771,106.82726615,,,,,,True,,,Pasar Minggu,Ragunan
rth-19ab0d1156af,RTH Sisi Masjid (kanan) 2,taman,Jakarta Selatan,Jl. Harsono RM Ragunan Pasar Minggu,-6.3061521,106.8271207,,,,,,True,,,Pasar Minggu,Ragunan
rth-49f27d41fa12,RTH Sisi Masjid (kanan) 3,taman,Jakarta Selatan,Jl. Harsono RM Ragunan Pasar Minggu,-6.30613404,106.8274003,,,,,,True,,,Pasar Minggu,Ragunan
rth-f09f1ff0dd5d,RTH Sisi Gedung Sekolah Lama,taman,Jakarta Selatan,Jl. Harsono RM Ragunan Pasar Minggu,-6.30611301,106.82677765,,,,,,True,,,Pasar Minggu,Ragunan
rth-792705bafb17,RTH Area Gedung Basket,taman,Jakarta Selatan,Jl. Harsono RM Ragunan Pasar Minggu,-6.30353616,106.82568681,,,,,,True,,,Pasar Minggu,Ragunan
rth-e35eaf605452,RTH Area Gedung Senam,taman,Jakarta Selatan,Jl. Harsono RM Ragunan Pasar Minggu,-6.30399383,106.825929,,,,,,True,,,Pasar Minggu,Ragunan
rth-540ad0481769,RTH Sisi Lapangan Basket Outdoor,taman,Jakarta Selatan,Jl. Harsono RM Ragunan Pasar Mingg,-6.30400427,106.82544059,,,,,,True,,,Pasar Minggu,Ragunan
rth-6f681881593e,RTH Sisi Lapangan Basket Outdoor 2,taman,Jakarta Selatan,Jl. Harsono RM Ragunan Pasar Minggu,-6.30399344,106.82556633,,,,,,True,,,Pasar Minggu,Ragunan
rth-09df08fc6ba2,RTH Sisi Stadion Olahraga,taman,Jakarta Selatan,Jl. Harsono RM Ragunan Pasar Minggu,-6.30578881,106.82574598,,,,,,True,,,Pasar Minggu,Ragunan
rth-ad41e9b35a2a,RTH sisi gedung voli,taman,Jakarta Selatan,Jl. Harsono RM Ragunan Pasar Minggu,-6.30476848,106.82552515,,,,,,True,,,Pasar Minggu,Ragunan
rth-734f1b7c0ad4,RTH sisi Gedung Gulat,taman,Jakarta Selatan,Jl. Harsono RM Ragunan Pasar Minggu,-6.30425709,106.82570998,,,,,,True,,,Pasar Minggu,Ragunan
rth-76203725f643,RTH area belakang gedung olahraga,taman,Jakarta Selatan,Jl. Harsono RM Ragunan Pasar Minggu,-6.30513315,106.824593,,,,,,True,,,Pasar Minggu,Ragunan
rth-5cd9ea1d117c,RTH Sisi Lapangan Sepakbola 1,taman,Jakarta Selatan,Jl. Harsono RM Ragunan Pasar Minggu,-6.30591521,106.82631043,,,,,,True,,,Pasar Minggu,Ragunan
rth-3c8d10d5c24e,RTH Sisi Lapangan Sepakbola 1 (2),taman,Jakarta Selatan,Jl. Harsono RM Ragunan Pasar Minggu,-6.30512812,106.82570441,,,,,,True,,,Pasar Minggu,Ragunan
rth-753b86b02d45,RTH Sisi Lapangan Sepakbola 1 (3),taman,Jakarta Selatan,Jl. Harsono RM Ragunan Pasar Minggu,-6.30463849,106.82644597,,,,,,True,,,Pasar Minggu,Ragunan
rth-c9309b60a9ac,Lapangan Sepakbola Setu,taman,Jakarta Timur,jl. bantar jati,-6.31305289,106.91772726,,,,,,True,,,Cipayung,Setu
rth-db68ac89a062,Lapangan Sepakbola Lubang buaya,taman,Jakarta Timur,Jalan spg 7,-6.28752942,106.90522634,,,,,,True,,,Cipayung,Lubang Buaya
rth-96a8a00ccf5d,RTH Sisi Pos Satpam Barat,taman,Jakarta Selatan,Jl. Harsono RM Ragunan Pasar Minggu,-6.30643295,106.823992,,,,,,True,,,Pasar Minggu,Ragunan
rth-002d72cae4fa,Lapangan Sepakbola Gedong,taman,Jakarta Timur,jalan TB Simatupang,-6.30191139,106.85580162,,,,,,True,,,Pasar Rebo,Gedong
rth-336028ded6ff,Lapangan Sepakbola Klender,taman,Jakarta Timur,Jl malaka I Perumnas Klender,-6.22206099,106.93001736,,,,,,True,,,Cakung,Klender
rth-8856058c856e,Jakarta International BMX Track,taman,Jakarta Timur,jl. pulomas barat,-6.17381601,106.8805975,,,,,,True,,,Pulogadung,Kayu Putih
rth-5dd00d6174ce,Lapangan Sepakbola Terbuka Cijantung,taman,Jakarta Timur,jalan kamboja dalam,-6.32163207,106.85363694,,,,,,True,,,Pasar Rebo,Cijantung
rth-24ea5991fda8,Gelanggang Remaja Kecamatan Duren Sawit,taman,Jakarta Timur,klender,-6.22431594,106.90193388,,,,,,True,,,Duren Sawit,Klender
rth-e329d3764c7d,Gelanggang Remaja Kecamatan Jatinegara,taman,Jakarta Timur,Cipinanang muara,-6.21980685,106.89489932,,,,,,True,,,Jatinegara,Cipinang Muara
rth-6e3ecafab8fe,Gelanggang Remaja Kecamatan Pulogadung,taman,Jakarta Timur,rawamangun,-6.19257533,106.8865908,,,,,,True,,,Pulogadung,Rawamangun
rth-8836d0ae697a,Gelanggang Remaja Kecamatan Cakung,taman,Jakarta Timur,kayu tinggi,-6.18334928,106.95791992,,,,,,True,,,Cakung,Cakung
rth-b31665793bfa,SMPN 30 JAKARTA,taman,Jakarta Utara,Jl. Anggrek No. 4 Koja,-6.11542873,106.89356445,,,,,,True,,,Koja,
rth-2d16385d1d53,P2KPTK2 Jakarta Timur,taman,Jakarta Timur,Jl. Duren Sawit Baru No 5A RT.16 RW.06,-6.23309811,106.90996662,,,,,,True,,,Duren Sawit,Duren Sawit
rth-6663562cb7dc,"PUSAT PENGEMBANGAN KOMPETENSI PENDIDIK, TENAGA KEPENDIDIKAN DAN KEJURUAN JAKARTA SELATAN",taman,Jakarta Selatan,JAKARTA SELATAN,-6.33640297,106.83955444,,,,,,True,,,Jagakarsa,Lenteng Agung
rth-0ba8904dcea2,"PUSAT PENGEMBANGAN KOMPETENSI PENDIDIK, TENAGA KEPENDIDIKAN DAN KEJURUAN",taman,Jakarta Selatan,JAKARTA SELATAN,-6.33639871,106.83932987,,,,,,True,,,Jagakarsa,Lenteng Agung
rth-ab6eb18fc33b,SDN Lebak Bulus 07,taman,Jakarta Selatan,Jl. Gunung Balong Rt. 007/04 Lebak Bulus,-6.3044922,106.7834041,,,,,,True,,,Cilandak,Lebak Bulus
rth-3ca65c8d65e6,SDN Pondok Labu 07,taman,Jakarta Selatan,JL. AMBALUN KOMP. TNI AL,-6.31466116,106.78329619,,,,,,True,,,Cilandak,Pondok Labu
rth-8f52b56d8544,SMPN 151,taman,Jakarta Utara,Jl. Kepil  No. 1,-6.12545356,106.90304935,,,,,,True,,,Koja,Rawa Badak Utara
rth-455439c8baf0,SMK Negeri 41 Jakarta,taman,Jakarta Selatan,JL. MARGASATWA KOMPLEK TIMAH PONDOK LABU,-6.31468144,106.80232413,,,,,,True,,,Cilandak,Pondok Labu
rth-662cb0e8ae96,SDN Pondok Labu 12,taman,Jakarta Selatan,JL. ANDARA 1 RT 002/03,-6.3134722,106.8032308,,,,,,True,,,Cilandak,Pondok Labu
rth-da1978e33190,SDN Pondok Labu 13,taman,Jakarta Selatan,Jl. Bango II,-6.30694595,106.8056066,,,,,,True,,,Cilandak,Pondok Labu
rth-7e8efbae519a,SMP Negeri 264 Jakarta,taman,Jakarta Barat,"Jl. Al-Barkah I, Rawa Buaya, Cengkareng",-6.16448058,106.72835842,,,,,,True,,,Cengkareng,Rawa Buaya
rth-9e5126560c44,SMK NEGERI 36 JAKARTA,taman,Jakarta Utara,JL. BARU KOSAMBI III,-6.09977999,106.93102838,,,,,,True,,,Cilincing,Cilincing
rth-ca1879da4f39,SMP Negeri 85 Jakarta,taman,Jakarta Selatan,JL. MARGASATWA NO.8,-6.31239036,106.79502793,,,,,,True,,,Cilandak,Pondok Labu
rth-c963d85a905c,SMAN 95 Jakarta,taman,Jakarta Barat,Jl. Satu Maret No 49,-6.12609102,106.70363706,,,,,,True,,,Kalideres,Pegadungan
rth-6c1198ac216c,SMA Negeri 34 Jakarta,taman,Jakarta Selatan,JL. MARGASATWA RAYA NO.1,-6.31372877,106.79471948,,,,,,True,,,Cilandak,Pondok Labu
rth-60c63468bad0,SMA Negeri 66 Jakarta,taman,Jakarta Selatan,Jl. Bango III Pondok Labu,-6.30672395,106.80494028,,,,,,True,,,Cilandak,Pondok Labu
rth-f938d84b253b,SMK Negeri 28 Jakarta,taman,Jakarta Selatan,Jl. Maritim No. 26 Cilandak Barat,-6.28456863,106.79445161,,,,,,True,,,Cilandak,Pondok Labu
rth-a7db43bd815e,SMK Negeri 9 JAKARTA,taman,Jakarta Barat,"JL.Gedong Panjang II No.17 Tambora, Jakarta Barat",-6.13538881,106.80476166,,,,,,True,,,Tambora,Pekojan
rth-1ddecb5ee626,SMKN 33 JAKARTA,taman,Jakarta Utara,JL. GADING MAS TIMUR 2,-6.1673472,106.91254901,,,,,,True,,,Kelapa Gading,Kelapa Gading Barat
rth-09669598af3e,SMP Negeri 37 Jakarta,taman,Jakarta Selatan,JL. TAMAN WIJAYA KUSUMA RAYA CILANDAK,-6.30198859,106.79989795,,,,,,True,,,Cilandak,Pondok Labu
rth-9eccaac6ac83,SMAN 92 JAKARTA,taman,Jakarta Utara,KOMP. PEMADAM KEBAKARAN,-6.13025229,106.92787886,,,,,,True,,,Cilincing,Rawa Badak Selatan
rth-9fa19bcfb61e,sma 7 negri,taman,Jakarta Pusat,jl. tanah abang no. 1 Rt. 001/010,-6.18533103,106.81490706,,,,,,True,,,Tanah Abang,Kebon Melati
rth-f6e5238a47ec,P2KPTK2 JAKARTA PUSAT,taman,Jakarta Pusat,JL. BUDI UTOMO NO. 3,-6.1669087,106.83620089,,,,,,True,,,Sawah Besar,Pasar Baru
rth-eadfe0398320,sma 101,taman,Jakarta Pusat,tanah abang,-6.20246829,106.81396551,,,,,,True,,,Kemayoran,Cakung Timur
rth-51ef45488516,SDN Cilandak Barat 01,taman,Jakarta Selatan,"Jln. BDN I No. 72 Cilandak Barat, Cilandak",-6.28648902,106.7985804,,,,,,True,,,Cilandak,Cilandak Barat
rth-a5e8069df1b6,SDN PONDOK BAMBU 10 PG,taman,Jakarta Timur,JL. BULUH PERINDU RAYA NO. 25,-6.23206141,106.90799073,,,,,,True,,,Duren Sawit,Pondok Bambu
rth-d7aa649d425d,SDN Cilandak Barat 04,taman,Jakarta Selatan,Jl. Komplek BNI 46 No. 35 Cilandak Barat,-6.28675136,106.79314432,,,,,,True,,,Cilandak,Cilandak Barat
rth-b85b99162a4e,UPT P3PAUD dan Dikmas,taman,Jakarta Barat,Jalan Kebon Jeruk Raya No 1,-6.19852282,106.76529676,,,,,,True,,,Kebon Jeruk,Kebon Jeruk
rth-fb9d4f0e8605,RTH P3PAUD dan Dikmas,taman,Jakarta Barat,Jl Kebon jeruk raya,-6.19807508,106.7653038,,,,,,True,,,Kebon Jeruk,Kebon Jeruk
rth-e8ec072885d7,SDN Cilandak Barat 06,taman,Jakarta Selatan,JL. BDN I NO. 72 Cilandak Barat,-6.28453333,106.7987705,,,,,,True,,,Cilandak,Cilandak Barat
rth-7c327013beea,SDN TUGU UTARA 01 PG,taman,Jakarta Utara,Jl. Mangga Ujung No.1- 3,-6.12403108,106.91045434,,,,,,True,,,Koja,Tugu Utara
rth-540e9c266bea,SDN Cilandak Barat 07,taman,Jakarta Selatan,Jl. Caringin Timur No. 40 Cilandak Barat,-6.28616185,106.79301701,,,,,,True,,,Cilandak,Cilandak Barat
rth-e30f87872555,Sdn Tugu Utara 17 Pagi,taman,Jakarta Utara,Jalan Kramat Jaya Raya,-6.11633502,106.91772883,,,,,,True,,,Koja,Tugu Utara
rth-4727e65c9eb3,"SDN Cilandak Barat 08, 11",taman,Jakarta Selatan,JL. TAMAN WIJAYA KUSUMA V,-6.30231111,106.80037127,,,,,,True,,,Cilandak,Cilandak Barat
rth-d54dccbe57a7,SDN Cilandak Barat 12,taman,Jakarta Selatan,JL. TAMAN WIJAYA KUSUMA III,-6.29870856,106.80308664,,,,,,True,,,Cilandak,Cilandak Barat
rth-487cee4cbc1e,SDN Cilandak Barat 13,taman,Jakarta Selatan,JL. TAMAN WIJAYA KUSUMA III,-6.29919649,106.80282272,,,,,,True,,,Cilandak,Cilandak Barat
rth-654075590a79,SDN Cilandak Barat 15,taman,Jakarta Selatan,JL. PANGERAN ANTASARI NO. 56 RT. 04/01,-6.28833188,106.80658998,,,,,,True,,,Cilandak,Cilandak Barat
rth-ff50a2c43672,SDN Cilandak Barat 17,taman,Jakarta Selatan,JL. R.A. KARTINI GG AMPERA RT 011/04,-6.28744967,106.80557992,,,,,,True,,,Cilandak,Cilandak Barat
rth-94bc474a997d,SD Negeri TUGU SELATAN 01,taman,Jakarta Utara,Jl. Balai Rakyat No. 17,-6.13276172,106.91362401,,,,,,True,,,Koja,Tugu Selatan
rth-7f85d15d7206,SDN Cipete Selatan 01,taman,Jakarta Selatan,"JL. ASEM II, NO. 37A, RT.003/003",-6.27232955,106.80152244,,,,,,True,,,Cilandak,Cilandak Barat
rth-5ca405bb6326,SDN Cipete Selatan 05,taman,Jakarta Selatan,JL. BUNGA MAWAR NO. 19B,-6.27017158,106.80524971,,,,,,True,,,Cilandak,Cilandak Barat
rth-60df8c1aeca5,SDN Gandaria Selatan 03,taman,Jakarta Selatan,JL. MADRASAH NO.45,-6.26609335,106.79116403,,,,,,True,,,Cilandak,Cilandak Barat
rth-f9e0e5a0beea,SDN Lebak Bulus 02,taman,Jakarta Selatan,Jl. Pertanian Raya No. 59 Lebak Bulus,-6.30386693,106.77794305,,,,,,True,,,Cilandak,Cilandak Barat
rth-5fcc921d3795,SDN Lebak Bulus 03,taman,Jakarta Selatan,Jl. Pertanian III No. 58 Lebak Bulus,-6.30384236,106.77878187,,,,,,True,,,Cilandak,Lebak Bulus
rth-0e888d7d8439,SDN LAGOA 11 PG,taman,Jakarta Utara,Jalan Lagoa Terusan Gg. IV D,-6.11140799,106.91533884,,,,,,True,,,Koja,Lagoa
rth-c150b76def2c,SDN SUKAPURA 05 PG,taman,Jakarta Utara,Jl. Tipar Cakung,-6.15775029,106.92818123,,,,,,True,,,Koja,Sukapura
rth-2084bf8c2c86,SDN ROROTAN 02 PG,taman,Jakarta Utara,"Jl. Rorotan 02, Jalan Rorotan 9",-6.15743482,106.95647092,,,,,,True,,,Cilincing,Rorotan
rth-0ab86359307f,SDN ROROTAN 07,taman,Jakarta Utara,Jalan Malaka 4,-6.1447386,106.95680414,,,,,,True,,,Cilincing,Rorotan
rth-beacedec3c7d,SDN Cengkareng Timur 05,taman,Jakarta Barat,Jl. Kamal Raya No.12 Rt 008/002,-6.1493729,106.72835298,,,,,,True,,,Cengkareng,Cengkareng Timur
rth-aabe18b8b97f,SMPN 249 Jakarta,taman,Jakarta Barat,Jl. Jaya 25 No.41 RT.001/010,-6.12942303,106.72464013,,,,,,True,,,Cengkareng,Cengkareng Barat
rth-477f9cf759be,SDN Semanan 09 Pagi,taman,Jakarta Barat,Jl. Semanan Raya No. 71 RT. 004/008,-6.17052342,106.70737175,,,,,,True,,,Kalideres,Semanan
rth-9e399860cccd,SMA Negeri 84 Jakarta,taman,Jakarta Barat,Jl. Peta Barat No.42,-6.14571613,106.70436052,,,,,,True,,,Kalideres,Kalideres
rth-38d59ae4fa4c,SMP Negeri 225 Jakarta,taman,Jakarta Barat,"Jl.Warung Gantung,Kp Kojan,Rt 007/06",-6.15218017,106.69136243,,,,,,True,,,Kalideres,Kalideres
rth-c905315fee57,SMP NEGERI 278 JAKARTA,taman,Jakarta Barat,Jl. Kamal Benda Raya No. 16,-6.10981211,106.69787969,,,,,,True,,,Kalideres,Kamal
rth-146b6de82654,SDN CILINCING 01 PG,taman,Jakarta Utara,jalan cilincing,-6.10602704,106.94003393,,,,,,True,,,Cilincing,Cilincing
rth-1195ec000c6b,SDN SEMPER TIMUR 07 PG,taman,Jakarta Utara,Jl. Kebantenan IV No.35,-6.11972262,106.92831031,,,,,,True,,,Cilincing,Semper Timur
rth-494876049c4d,SDN SEMPER BARAT 05,taman,Jakarta Utara,Jl. F Kebon Baru Rt. 008/10,-6.12954345,106.9231288,,,,,,True,,,Cilincing,Semper Barat
rth-b854afa2f116,SDN SEMPER BARAT 13 PG,taman,Jakarta Utara,Jl. Pemadam Kebakaran NO 1,-6.13017985,106.92771284,,,,,,True,,,Cilincing,Semper Barat
rth-50bea6776ce7,SDN SEMPER BARAT 15 PG,taman,Jakarta Utara,Jl. S.Citandui Raya,-6.12770425,106.92313704,,,,,,True,,,Cilincing,Semper Barat
rth-04d32a981fa5,SMPN 114,taman,Jakarta Utara,Jl. H.M Darpi No. 2 Rt. 001 Rw. 13 Plumpang Semper,-6.13030039,106.91435879,,,,,,True,,,Koja,
rth-e6cbe2b03324,SMPN 136,taman,Jakarta Utara,Jl. Bendungan Melayu No. 80,-6.13332059,106.90639887,,,,,,True,,,Koja,
rth-50f2cedca8eb,SMAN 110 JAKARTA,taman,Jakarta Utara,JL. BENDUNGAN MELAYU NO 80,-6.13355884,106.90520978,,,,,,True,,,Koja,
rth-c5cb5a565599,SDN Paseban 07 Pagi,taman,Jakarta Pusat,Jl. Salemba Tengah No.278 C,-6.1932245,106.85516092,,,,,,True,,,Senen,Paseban
rth-1650f1fb14c2,SDN Lenteng Agung 03,taman,Jakarta Selatan,JL. LONTAR NO. 38 RT. 004/03,-6.32480348,106.83709381,,,,,,True,,,Jagakarsa,Lenteng Agung
rth-37f9b4e1bd7e,SDN Srengseng Sawah 01/02/03/10,taman,Jakarta Selatan,"Jl. M. Kahfi II, Rt. 01/05 No. 16 Lenteng Agung",-6.33313056,106.83413789,,,,,,True,,,Jagakarsa,Srengseng Sawah
rth-677549bf3bb6,SDN Srengseng Sawah 04/05/06,taman,Jakarta Selatan,"Jl. Srengseng Sawah, Rt. 05/07 Jagakarsa",-6.35234076,106.81908242,,,,,,True,,,Jagakarsa,Srengseng Sawah
rth-c3080ebbf168,SDN CENGKARENG TIMUR 03 PAGI,taman,Jakarta Barat,Jl. Bangun Nusa III Rt. 006/02 No. 21,-6.15070832,106.7314113,,,,,,True,,,Cengkareng,Cengkareng Timur
rth-98037bf82e0f,SMP Negeri 28,taman,Jakarta Pusat,Jl. Mardani No.17,-6.18212632,106.86034245,,,,,,True,,,Johar Baru,Johar Baru
rth-61c095fb17d3,SDN Srengseng Sawah 07,taman,Jakarta Selatan,JL. SRENGSENG SAWAH 001/05,-6.34498786,106.83048778,,,,,,True,,,Jagakarsa,Srengseng Sawah
rth-f72bad9c0499,SMP Negeri 276,taman,Jakarta Selatan,Jl. Seroja Rt. 11/03 No. 7 Srengseng Sawah,-6.34454202,106.83060869,,,,,,True,,,Jagakarsa,Srengseng Sawah
rth-d5b578376a24,SDN Srengseng Sawah 11,taman,Jakarta Selatan,JL. BINA WARGA RT 08/07 NO. 73,-6.35399646,106.81907447,,,,,,True,,,Jagakarsa,Srengseng Sawah
rth-2c7a49193c3d,SMP Negeri 211,taman,Jakarta Selatan,"Jl. Smpn 211 No.211, RT.8/RW.7 Srengseng Sawah",-6.35449412,106.81892277,,,,,,True,,,Jagakarsa,Srengseng Sawah
rth-06ba06411b85,SDN Cempaka Baru 09 Pagi,taman,Jakarta Pusat,Jl. F3 Komplek Listrik,-6.16539561,106.85806248,,,,,,True,,,Kemayoran,Cempaka Baru
rth-fe3852e4cce9,SDN Srengseng Sawah 12/14,taman,Jakarta Selatan,Jl. Raya Depok Gg H. Shibi Rt. 02/02 Jagakarsa,-6.35002391,106.83427696,,,,,,True,,,Jagakarsa,Srengseng Sawah
rth-425a34338685,SDN Srengseng Sawah 15,taman,Jakarta Selatan,"Jl. Gardu, Rt. 11/02 No. 17 Srengseng Sawah",-6.34596911,106.83749829,,,,,,True,,,Jagakarsa,Srengseng Sawah
rth-009c2033cc53,SDN KEDAUNG KALIANGKE 08 PAGI,taman,Jakarta Barat,Jl. Komp. Departemen Agama Kalimati Rt 007/03,-6.15438589,106.7622954,,,,,,True,,,Cengkareng,Kedaung Kali Angke
rth-f910849293cf,SDN Cempaka Baru 09,taman,Jakarta Pusat,Jl. F3 Komplek Listrik,-6.16506113,106.85812303,,,,,,True,,,Kemayoran,Cempaka Baru
rth-f9b1d8a6920a,SMP Negeri 118,taman,Jakarta Pusat,JL. Pramukasari I No. 19,-6.1900926,106.86976874,,,,,,True,,,Cempaka Putih,Rawasari
rth-575cfaa70672,SDN Tamansari 08,taman,Jakarta Barat,Jl. Mangga Besar VI S No.11,-6.15412357,106.82555222,,,,,,True,,,Taman Sari,Taman Sari
rth-60cf3d087dbd,SDN SEMANAN 08 PAGI,taman,Jakarta Barat,Jl. Semanan Raya No 55 RT.05/03,-6.16777482,106.70407142,,,,,,True,,,Kalideres,Semanan
rth-7847dd5037ac,SDN Sumur Batu 03 Pagi,taman,Jakarta Pusat,Jl. Sumur Batu Utara No.2,-6.15838657,106.86644204,,,,,,True,,,Kemayoran,Sumur Batu
rth-fbc05c13db83,SMPN 186 Jakarta,taman,Jakarta Barat,Jl. Peta Barat No.14 Kalideres Jakarta Barat,-6.13434848,106.69087493,,,,,,True,,,Kalideres,Kalideres
rth-3495c082efa5,P2KPTK2 Jakbar A,taman,Jakarta Barat,Jl. Kampung Jawa Kebon Sayur,-6.15412757,106.81283171,,,,,,True,,,Taman Sari,Krukut
rth-ca893b68be0d,SDN Sumur Batu 06,taman,Jakarta Pusat,Jl. Sumur Batu Utara No 2,-6.15830102,106.86666174,,,,,,True,,,Kemayoran,Sumur Batu
rth-04b673c290b4,SDN Srengseng 05 Pagi,taman,Jakarta Barat,"Jl. Srengseng Raya No. 56, Rt 006/Rw 01",-6.20390726,106.75758105,,,,,,True,,,Kembangan,Srengseng
rth-834a28285aaa,SDN Cempaka Baru 12,taman,Jakarta Pusat,Jl. Remaja II,-6.16630703,106.86260307,,,,,,True,,,Kemayoran,Cempaka Baru
rth-0ccce791a035,SDN Srengseng Sawah 17,taman,Jakarta Selatan,"Jl. Cipedak Raya, Rt. 07/09 No. 17 Jagakarsa",-6.36163153,106.81083305,,,,,,True,,,Jagakarsa,Srengseng Sawah
rth-b67d51df42aa,SDN Tanjung Barat 01,taman,Jakarta Selatan,Jl. Nangka Rt. 007/05 no. 57 Tanjung Barat Jagakarsa,-6.30341014,106.8461173,,,,,,True,,,Jagakarsa,Tanjung Barat
rth-dc63c4312b38,SDN Kebon Kosong 02,taman,Jakarta Pusat,Jl. Dakota V,-6.15434275,106.85933679,,,,,,True,,,Kemayoran,Kebon Kosong
rth-41bd1d8ee101,SDN Tanjung Barat 05,taman,Jakarta Selatan,JL. RANCHO INDAH NO.42 RT.001/002,-6.30470702,106.84435318,,,,,,True,,,Jagakarsa,Tanjung Barat
rth-b8a6c36e8007,SDN Tanjung Barat 07/08,taman,Jakarta Selatan,"Jl. Masjid, Rt. 01/01 Tanjung Barat Jagakarsa",-6.30640516,106.8435442,,,,,,True,,,Jagakarsa,Tanjung Barat
rth-e8cea27d1778,SMAN 75 JAKARTA,taman,Jakarta Utara,JL. TIPAR CAKUNG,-6.13481597,106.92418233,,,,,,True,,,Cilincing,Semper Timur
rth-f78685477fda,SMP Negeri 68 Jakarta,taman,Jakarta Selatan,Jl. Cipete III No. 4 Cilandak,-6.27855709,106.79978783,,,,,,True,,,Cilandak,Pondok Labu
rth-76583e292c8f,SMP Negeri 86 Jakarta,taman,Jakarta Selatan,JL. RS. FATMAWATI KOMPLEK BNI 1946 CILANDAK,-6.2867711,106.79274482,,,,,,True,,,Cilandak,Pondok Labu
rth-7afd9048fd2b,SMP Negeri 226 Jakarta,taman,Jakarta Selatan,"JL. KAYU KAPUR NO.2 KOMPLEK TNI AL, PANGKALAN JATI",-6.3146406,106.7827821,,,,,,True,,,Cilandak,Pondok Labu
rth-968d6bc3076a,SDN DURI KOSAMBI 07 PAGI,taman,Jakarta Barat,Jl. Raya Kresek RT.007/08 No. 51,-6.17929647,106.71419,,,,,,True,,,Cengkareng,Duri Kosambi
rth-4b6e8e408e95,SMPN 277 JAKARTA,taman,Jakarta Utara,Jl. Sindang Terusan No. 34 A,-6.12096556,106.89569891,,,,,,True,,,Koja,Rawa Badak Utara
rth-b449ba7c8ca6,SMAN 73 JAKARTA,taman,Jakarta Utara,JL. RAYA CAKUNG,-6.11151807,106.92425967,,,,,,True,,,Cilincing,Semper Timur
rth-8047549f8cae,RTH P2KPTK2 JP,taman,Jakarta Pusat,BUDI UTOMO NO.3,-6.16733929,106.83667876,,,,,,True,,,Sawah Besar,Pasar Baru
rth-c0d4b344d0b7,RTH 2 P2KPTK2JP,taman,Jakarta Pusat,JLN. BUDI UTOMO NO.3,-6.16741976,106.8367085,,,,,,True,,,Sawah Besar,Pasar Baru
rth-6ab98f025849,SMAN 114 JAKARTA,taman,Jakarta Utara,Jl. Pedongkelan No. 25,-6.10993702,106.93566749,,,,,,True,,,Cilincing,Semper Timur
rth-1b1c92ef24e2,SMAN 115 JAKARTA,taman,Jakarta Utara,JL. ROROTAN X,-6.1514599,106.95692894,,,,,,True,,,Cilincing,Rorotan
rth-49d7ee8b82d5,SMAN 83 JAKARTA,taman,Jakarta Utara,JL. TIPAR CAKUNG,-6.15652759,106.92714164,,,,,,True,,,Kelapa Gading,Sukapura
rth-ff37516903b4,RTH 3 P2KPTK2 JP,taman,Jakarta Pusat,JLN BUDI UTOMO NO.3,-6.16756918,106.83639125,,,,,,True,,,Sawah Besar,Pasar Baru
rth-2922c0f39ac6,RTH 4 P2KPTK2 JP,taman,Jakarta Pusat,JLN BUDI UTOMO NO. 3,-6.16758046,106.83618582,,,,,,True,,,Sawah Besar,Pasar Baru
rth-aa7426ea867a,RTH 5 P2KPTK2 JP,taman,Jakarta Pusat,JLN BUDI UTOMO NO. 3,-6.16733626,106.83659925,,,,,,True,,,Sawah Besar,Pasar Baru
rth-6d5171ed0af9,RTH 6 P2KPTK2 JP,taman,Jakarta Pusat,JLN BUDI UTOMO NO. 3,-6.16728508,106.83654401,,,,,,True,,,Sawah Besar,Pasar Baru
rth-35f4ec5e4726,RTH 7 P2KPTK2 JP,taman,Jakarta Pusat,JLN. BUDI UTOMO NO. 3,-6.1672785,106.83649388,,,,,,True,,,Sawah Besar,Pasar Baru
rth-ba04846124e5,RTH 8 P2KPTK2 JP,taman,Jakarta Pusat,JLN BUDI UTOMO NO. 3,-6.16728424,106.83634208,,,,,,True,,,Sawah Besar,Pasar Baru
rth-4f287169dddf,SDN Ciganjur 02,taman,Jakarta Selatan,Jl. Warung Silah Rt. 005/004 Ciganjur,-6.34334972,106.81547368,,,,,,True,,,Jagakarsa,Ciganjur
rth-755041f1f543,RTH 9 P2KPTK2 JP,taman,Jakarta Pusat,JLN BUDI UTOMO NO. 3,-6.1672277,106.83620031,,,,,,True,,,Sawah Besar,Pasar Baru
rth-3c7ac15c5eda,"SDN Ciganjur 04, 05",taman,Jakarta Selatan,JL. H. MONTONG,-6.3366372,106.81158461,,,,,,True,,,Jagakarsa,Ciganjur
rth-17559a1ce390,RTH 10 P2KPTK2 JP,taman,Jakarta Pusat,JLN. BUDI UTOMO NO. 3,-6.16730026,106.83617509,,,,,,True,,,Sawah Besar,Pasar Baru
rth-d19a346ce901,RTH 11 P2KPTK2 JP,taman,Jakarta Pusat,JLN. BUDI UTOMO NO. 3,-6.16711725,106.836401,,,,,,True,,,Sawah Besar,Pasar Baru
rth-c9fccb0f6478,RTH 12 P2KPTK2 JP,taman,Jakarta Pusat,JLN. BUDI UTOMO NO. 3,-6.16715951,106.83602836,,,,,,True,,,Sawah Besar,Pasar Baru
rth-7a5453ace2b6,RTH 13 P2KPTK2 JP,taman,Jakarta Pusat,JLN. BUDI UTOMO,-6.16709367,106.835959,,,,,,True,,,Sawah Besar,Pasar Baru
rth-3f0b03726e21,RTH 14 P2KPTK2 JP,taman,Jakarta Pusat,JLN. BUDI UTOMO NO. 3,-6.1670335,106.836203,,,,,,True,,,Sawah Besar,Pasar Baru
rth-c428087ff10f,RTH 15 P2KPTK2 JP,taman,Jakarta Pusat,JLN. BUDI UTOMO NO. 3,-6.16698608,106.83591333,,,,,,True,,,Sawah Besar,Pasar Baru
rth-9c24cd3408fd,P2KPTK2 Jakbar B,taman,Jakarta Barat,Jl. Kampung Jawa Kebon Sayur,-6.15415595,106.8127811,,,,,,True,,,Taman Sari,Krukut
rth-0eed434de31a,P2KPTK2 Jakbar C,taman,Jakarta Barat,Jl. Kampung Jawa Kebon Sayur,-6.15422326,106.81263323,,,,,,True,,,Taman Sari,Krukut
rth-970a4ae30dba,P2KPTK2 Jakbar F,taman,Jakarta Barat,Jl. Kampung Jawa Kebon Sayur,-6.15440239,106.81279826,,,,,,True,,,Taman Sari,Krukut
rth-0cbe64a35212,P2KPTK2 Jakbar G,taman,Jakarta Barat,Jl. Kampung Jawa Kebon Sayur,-6.15444112,106.81278545,,,,,,True,,,Taman Sari,Krukut
rth-336016844b51,P2KPTK2 Jakbar H,taman,Jakarta Barat,Jl. Kampung Jawa Kebon Sayur,-6.15444894,106.81273275,,,,,,True,,,Taman Sari,Krukut
rth-cf460cc6ee93,P2KPTK2 Jakbar I,taman,Jakarta Barat,Jl. Kampung Jawa Kebon Sayur,-6.15445823,106.81266147,,,,,,True,,,Taman Sari,Krukut
rth-fb83bfdcdf69,P2KPTK2 Jakbar T,taman,Jakarta Barat,Jl. Kampung Jawa Kebon Sayur,-6.15418948,106.8123761,,,,,,True,,,Taman Sari,Krukut
rth-7fe521d9302c,P2KPTK2 Jakbar R,taman,Jakarta Barat,Jl. Kampung Jawa Kebon Sayur,-6.15430084,106.81258116,,,,,,True,,,Taman Sari,Krukut
rth-8fdfc2b63f5b,P2KPTK2 Jakbar S,taman,Jakarta Barat,Jl. Kampung Jawa Kebon Sayur,-6.15417915,106.81243272,,,,,,True,,,Taman Sari,Krukut
rth-7768baeb6629,"SDN Cipedak 01, 02",taman,Jakarta Selatan,JL. RM. KAHFI I RT. 004/02,-6.36207068,106.80153941,,,,,,True,,,Jagakarsa,Cipedak
rth-cfb4d23a5a57,P2KPTK2 Jakbar O,taman,Jakarta Barat,Jl. Kampung Jawa Kebon Sayur,-6.15444752,106.81218773,,,,,,True,,,Taman Sari,Krukut
rth-6ab80cc98aec,P2KPTK2 Jakbar N,taman,Jakarta Barat,Jl. Kampung Jawa Kebon Sayur,-6.15448663,106.81192536,,,,,,True,,,Taman Sari,Krukut
rth-2432cd46b29c,P2KPTK2 Jakbar J,taman,Jakarta Barat,Jl. Kampung Jawa Kebon Sayur,-6.15471648,106.81226035,,,,,,True,,,Taman Sari,Krukut
rth-464b8de1b793,SDN CILANDAK TIMUR 01 PAGI,taman,Jakarta Selatan,Jl. Cilandak KKO Rt.014/Rw.05 Komplek Marinir,-6.30628327,106.81366898,,,,,,True,,,Pasar Minggu,Cilandak Timur
rth-628272946910,SDN Cipedak 05,taman,Jakarta Selatan,JL. MOH.KAHFI I GG.SWADAYA I RT.001/02,-6.35445311,106.80025364,,,,,,True,,,Jagakarsa,Cipedak
rth-b12a64f4bafb,SMAN 72 JAKARTA,taman,Jakarta Utara,JL. PRIHATIN KOMP TNI AL,-6.16370822,106.88499242,,,,,,True,,,Kelapa Gading,Kelapa Gading Barat
rth-23c37574fd84,P2KPTK2 Jakbar L,taman,Jakarta Barat,Jl. Kampung Jawa Kebon Sayur,-6.1545191,106.81217614,,,,,,True,,,Taman Sari,Krukut
rth-9c6c0bfd1642,P2KPTK2 Jakbar M,taman,Jakarta Barat,Jl. Kampung Jawa Kebon Sayur,-6.1545478,106.81194084,,,,,,True,,,Taman Sari,Krukut
rth-52362b4b1b2f,P2KPTK2 Jakbar P,taman,Jakarta Barat,Jl. Kampung Jawa Kebon Sayur,-6.15441318,106.81242822,,,,,,True,,,Taman Sari,Krukut
rth-701bcae0255a,P2KPTK2 Jakbar K,taman,Jakarta Barat,Jl. Kampung Jawa Kebon Sayur,-6.15448476,106.81243353,,,,,,True,,,Taman Sari,Krukut
rth-650403de697a,P2KPTK2 Jakbar Q,taman,Jakarta Barat,Jl. Kampung Jawa Kebon Sayur,-6.15439337,106.81255709,,,,,,True,,,Taman Sari,Krukut
rth-c6a0167c5398,P2KPTK2 Jakbar E,taman,Jakarta Barat,Jl. Kampung Jawa Kebon Sayur,-6.15431007,106.81270918,,,,,,True,,,Taman Sari,Krukut
rth-76e8c2062d73,P2KPTK2 Jakbar D,taman,Jakarta Barat,Jl. Kampung Jawa Kebon Sayur,-6.15430472,106.81264225,,,,,,True,,,Taman Sari,Krukut
rth-e851a517df3e,SDN Jagakarsa 01,taman,Jakarta Selatan,Jl. Jagakarsa I Rt. 002/007 Jagakarsa,-6.32801585,106.82029415,,,,,,True,,,Jagakarsa,Jagakarsa
rth-daa0032ef534,SDN BENDUNGAN HILIR 01,taman,Jakarta Pusat,SDN BENDUNGAN HILIR 01,-6.20767366,106.80868316,,,,,,True,,,Tanah Abang,Bendungan Hilir
rth-9aa787328ee6,SDN Cilandak Timur 05 Pg.,taman,Jakarta Selatan,Jl. Jeruk Purut Rt. 07/Rw.03,-6.28439613,106.8142187,,,,,,True,,,Pasar Minggu,Cilandak Timur
rth-8217c79c3f8d,SDN BENDUNGAN HILIR 05,taman,Jakarta Pusat,SDN BENDUNGAN HILIR 05,-6.20822038,106.80692193,,,,,,True,,,Tanah Abang,Bendungan Hilir
rth-4b37e5bdca05,SDN Cempaka Putih Barat 19,taman,Jakarta Pusat,JL. Pangkalan Asem Gang II Cempaka V,-6.1769294,106.85976979,,,,,,True,,,Cempaka Putih,Cempaka Putih Barat
rth-d667243c26b2,SDN Jagakarsa 04,taman,Jakarta Selatan,JL. KELAPA TIGA RT 002 /03,-6.32491183,106.82912195,,,,,,True,,,Jagakarsa,Jagakarsa
rth-e6c2419c4f92,SDN Jagakarsa 05,taman,Jakarta Selatan,"Jl. Sirsak, Rt. 01/02 No. 67 Jagakarsa",-6.33676121,106.81832969,,,,,,True,,,Jagakarsa,Jagakarsa
rth-d2c307d0c7ef,SDN Jagakarsa 06,taman,Jakarta Selatan,JL. KEDONDONG RT. 002/05,-6.32369481,106.81797563,,,,,,True,,,Jagakarsa,Jagakarsa
rth-61207d672a70,SDN BENDUNGAN HILIR 12,taman,Jakarta Pusat,SDN BENDUNGAN HILIR 12,-6.21466173,106.81106621,,,,,,True,,,Tanah Abang,Bendungan Hilir
rth-e1e31f694e34,SDN Jagajkarsa 07,taman,Jakarta Selatan,"Jl. Anggrek, Rt. 01/02 Jagakarsa",-6.33492853,106.81760233,,,,,,True,,,Jagakarsa,Jagakarsa
rth-37c97e65ff00,"SDN Jagakarsa 07, 08",taman,Jakarta Selatan,JL. SIRSAK GG. ANGGREK  RT. 001/002,-6.33510233,106.81755466,,,,,,True,,,Jagakarsa,Jagakarsa
rth-621c95df129d,SDN Kebagusan 01 Pg.,taman,Jakarta Selatan,Jl. Kebagusan Raya Rt.07/Rw.04,-6.30610315,106.82718036,,,,,,True,,,Pasar Minggu,Kebagusan
rth-fe3cb19e51e1,SDN Jagakarsa 13,taman,Jakarta Selatan,Jl. Kebagusan Wates Rt. 011/05 No. 38 Jagakarsa,-6.32592853,106.82393161,,,,,,True,,,Jagakarsa,Jagakarsa
rth-ad4a9ca0e755,SMPN 40 JAKARTA,taman,Jakarta Pusat,SMPN 40 JAKARTA,-6.20833462,106.80773296,,,,,,True,,,Tanah Abang,Bendungan Hilir
rth-89da576a075e,SDN Kebagusan 03 Pg.,taman,Jakarta Selatan,Jl. Baung No. 31,-6.30732502,106.83635542,,,,,,True,,,Pasar Minggu,Kebagusan
rth-8ac15422ff06,SMPN 70 JAKARTA,taman,Jakarta Pusat,SMPN 70 JAKARTA,-6.19997527,106.81375568,,,,,,True,,,Tanah Abang,Kebon Melati
rth-d86e45dd4458,SDN Lenteng Agung 01,taman,Jakarta Selatan,JL. LONTAR RT. 004/003,-6.32507076,106.8374811,,,,,,True,,,Jagakarsa,Lenteng Agung
rth-9b40d0a415e7,SMPN 8 JAKARTA,taman,Jakarta Pusat,SMPN 8 JAKARTA,-6.20144472,106.84293345,,,,,,True,,,Menteng,Pegangsaan
rth-7e54716a808d,SDN PETOJO SELATAN 01,taman,Jakarta Pusat,SDN PETOJO SELATAN 01,-6.17957613,106.81511401,,,,,,True,,,Gambir,Petojo Selatan
rth-d0dce03dd124,SDN Pasar Minggu 01 Pg.,taman,Jakarta Selatan,Jl. Mujair I Rt.06/Rw.09 Rawa Bambu,-6.29773804,106.83441095,,,,,,True,,,Pasar Minggu,Pasar Minggu
rth-7754421d1e78,SMP Negeri 242 Jakarta,taman,Jakarta Selatan,JL. RAYA DEPOK GG. SUBUR RT. 009/008,-6.33831664,106.83689709,,,,,,True,,,Jagakarsa,Lenteng Agung
rth-8bab9c40db8d,SMPN 248,taman,Jakarta Barat,JL. Kamal Raya,-6.14960485,106.72922711,,,,,,True,,,Cengkareng,Cengkareng Timur
rth-3772f0d99e7f,SDN Lenteng Agung 09,taman,Jakarta Selatan,JL. JOE RT.01/06,-6.31946946,106.83333445,,,,,,True,,,Jagakarsa,Lenteng Agung
rth-26507b16c946,Gedung Sarana Prasarana Dinas Pendidikan,taman,Jakarta Timur,Perunas Klender,-6.22457266,106.93595951,,,,,,True,,,Duren Sawit,Klender
rth-6d921247aefd,RTH 4 Gedung Sarana Prasarana Dinas Pendidikan,taman,Jakarta Timur,Jl. Bunga Rampai No. III,-6.22438779,106.93581823,,,,,,True,,,Duren Sawit,Klender
rth-c618c24df6a5,RTH 5 Gedung Sarana Prasarana DInas Pendidikan,taman,Jakarta Timur,Jl. Bunga Rampai No. III,-6.22416039,106.93583594,,,,,,True,,,Duren Sawit,Klender
rth-1208a8b891e4,RTH 6 Gedung Sarana Prasarana Dinas Pendidikan,taman,Jakarta Timur,Jl. Bunga Rampai No. 3,-6.22402663,106.93589145,,,,,,True,,,Duren Sawit,Klender
rth-813bc4538428,RTH 7 Gedung Sarana Prasarana Dinas Pendidikan,taman,Jakarta Timur,Jl. Bunga Rampai No. III,-6.22403939,106.93599239,,,,,,True,,,Duren Sawit,Klender
rth-274a0ce6e2f9,RTH 8 Gedung Sarana Prasarana Dinas Pendidikan,taman,Jakarta Timur,Jl. Bunga Rampai No. 3,-6.22452185,106.9359941,,,,,,True,,,Duren Sawit,Klender
rth-a85530b8fa77,RTH 9 Gedung Sarana Prasarana Dinas Pendidikan,taman,Jakarta Timur,JL. Bunga Rampai NO. III,-6.22448247,106.93588459,,,,,,True,,,Duren Sawit,Klender
rth-21ade0f300ee,RTH 10 Gedung Sarana Prasarana Dinas Pendidikan,taman,Jakarta Timur,JL. Bunga Rampai NO. III,-6.22438495,106.93586979,,,,,,True,,,Duren Sawit,Klender
rth-af9b2ae4152d,RTH 11 Gedung Sarana Prasarana Dinas Pendidikan,taman,Jakarta Timur,JL.  Bunga Rampai NO. III,-6.22424049,106.93591543,,,,,,True,,,Duren Sawit,Klender
rth-360c8532c6b5,SMP Negeri 253,taman,Jakarta Selatan,"Jl. Antariksa, Gg. Musholla Aridho Rt. 09/02 No. 123 Cipedak",-6.36351511,106.79445719,,,,,,True,,,Jagakarsa,Cipedak
rth-bc0c1241c0a5,SMP Negeri 254,taman,Jakarta Selatan,"Jl. Gandaria V, Rt. 09/02 No. 35A Jagakarsa",-6.33231816,106.81746807,,,,,,True,,,Jagakarsa,Jagakarsa
rth-a9d9de31febc,SMP Negeri 113,taman,Jakarta Utara,"Jl. Kampung Bandan, Pademangan",-6.13537396,106.81923978,,,,,,True,,,Pademangan,Ancol
rth-812d37b1bbc1,RTH I Gudang Dinas Pendidikan,taman,Jakarta Selatan,JL. Melinjo Pejaten Pasar MInggu Jak-Sel,-6.27933842,106.8360383,,,,,,True,,,Pasar Minggu,Pejaten Barat
rth-effeb0dea1fb,SMKN 49 JAKARTA,taman,Jakarta Utara,JALAN SARANG BANGO NO. 1,-6.12925098,106.95435388,,,,,,True,,,Cilincing,Cilincing
rth-259885478fe2,RTH II Gudang Dinas Pendidikan,taman,Jakarta Selatan,JL. Melinjo Pejaten Pasar Minggu Jak-Sel,-6.27950305,106.83613346,,,,,,True,,,Pasar Minggu,Pejaten Barat
rth-7a21f13b7fcd,RTH III Gudang Dinas Pendidikan,taman,Jakarta Selatan,JL. Melinjo Pejaten Pasar Minggu Jak-Sel,-6.27947473,106.83625485,,,,,,True,,,Pasar Minggu,Pejaten Barat
rth-3f5bcaa3070d,RTH IV Gudang Dinas Pendidikan,taman,Jakarta Selatan,JL. Melinjo Pejaten Pasar Minggu Jak-Sel,-6.27924264,106.83635997,,,,,,True,,,Pasar Minggu,Pejaten Barat
rth-7d02c95452ab,SD Negeri Papanggo 01 Pg,taman,Jakarta Utara,Jalan Papanggo III No. 53,-6.12755241,106.87655572,,,,,,True,,,Tanjung Priok,Papanggo
rth-079caf2d3f6b,SD Negeri Papanggo 03 Pg,taman,Jakarta Utara,"Jalan Warakas I Gang 25 Tanjung Priok,",-6.12363814,106.87245271,,,,,,True,,,Tanjung Priok,Warakas
rth-802a2a3eefce,SMP Negeri 65 Jakarta,taman,Jakarta Utara,"Jl. Metro Kencana Raya Sunter, Tanjung Priok",-6.13454135,106.8736649,,,,,,True,,,Tanjung Priok,Sunter Agung
rth-147ff0b556cf,SMPN 26,taman,Jakarta Timur,"Jl. Kebon Pala I, Jatinegara, Kp. Melayu, Jakarta Timur",-6.215005,106.85965914,,,,,,True,,,Jatinegara,Kampung Melayu
rth-29fad7d7020c,SD Negeri Kebon Bawang 05,taman,Jakarta Utara,"Jalan Swasembada Barat 2, Tanjung Priok,",-6.12613175,106.88967065,,,,,,True,,,Tanjung Priok,Kebon Bawang
rth-2f986f148f30,SD Negeri Sungai Bambu 01 Pg,taman,Jakarta Utara,"Jalan Gadang No. 52 , Tanjung Priok,",-6.11706285,106.88318686,,,,,,True,,,Tanjung Priok,Sungai Bambu
rth-a8b5c31d4f9d,SDN JATINEGARA 10 PAGI,taman,Jakarta Timur,Jl. Raya bekasi Km. 17 Komp. PLN Klender Rt.012/002 Kel. Jatinegara Kec Cakung Jakarta Timur,-6.20720811,106.90412326,,,,,,True,,,Cakung,Jatinegara
rth-0d8fa0239079,SMP NEGERI 55 JAKARTA,taman,Jakarta Utara,"Jl. Bahari IV A.11, Tanjung Priok",-6.12072616,106.87064972,,,,,,True,,,Tanjung Priok,Tanjung Priok
rth-7ae01f4abb21,SD Negeri Agung 03 Pg,taman,Jakarta Utara,"Jl. Agung Jaya 15 Blok D, Tanjug Priok",-6.1438899,106.86134822,,,,,,True,,,Tanjung Priok,Sunter Agung
rth-3d31047547b7,SD Negeri Pademangan Barat 07 Pg,taman,Jakarta Utara,"Jl. Ampera VII, Pademangan",-6.13386534,106.83796604,,,,,,True,,,Pademangan,Pademangan Barat
rth-8ead0db8fe33,SDN PEJATEN BARAT 10 PG.,taman,Jakarta Selatan,Jl. Amil Rt.02/Rw.04,-6.27343515,106.83641385,,,,,,True,,,Pasar Minggu,Pejaten Barat
rth-cc575a850e5f,SMKN 46 JAKARTA,taman,Jakarta Timur,"JL. B7 CIPINANG PULO, JATINEGARA, JAKARTA TIMUR",-6.21699718,106.88405706,,,,,,True,,,Jatinegara,Cipinang Muara
rth-c7af32a8c82c,SD Negeri Pademangan Barat 03 Pg,taman,Jakarta Utara,"Jl. Hidup Baru I No. 101, Pademangan",-6.13898094,106.83547364,,,,,,True,,,Pademangan,Pademangan Barat
rth-95afed53a8ed,SDN PEJATEN BARAT 11 PG.,taman,Jakarta Selatan,Jl. Ayub Gg. F Rt.12/Rw.01,-6.26879511,106.84037826,,,,,,True,,,Pasar Minggu,Pejaten Barat
rth-8a23a744307e,"SDN Grogol Selatan 09, 10, 15. 16",taman,Jakarta Selatan,Jln. Panjang Cidodol No. 66 Rt. 01/13 Keby Lama,-6.23121421,106.77142837,,,,,,True,,,Kebayoran Lama,Grogol Selatan
rth-1ebb2df14eab,SMPN 153,taman,Jakarta Selatan,Jln. Panjang I Rt.01/13 Cipulir Keby. Lama,-6.23283348,106.771805,,,,,,True,,,Kebayoran Lama,Grogol Selatan
rth-9d0ee99d1d20,SD Negeri Pejagalan 05 Pg,taman,Jakarta Utara,"Jl. Teluk Gong Rt. 015/08, Penjaringan",-6.13564371,106.77913012,,,,,,True,,,Penjaringan,Pejagalan
rth-e4f3df77d63c,"SDN Grogol Selatan 17, 18",taman,Jakarta Selatan,Jl. Masjid Cidodol Rt. 03/11 Kebayoran Lama,-6.23029678,106.76649921,,,,,,True,,,Kebayoran Lama,Grogol Selatan
rth-b233a924d6aa,SD Negeri Kapuk Muara 01 Pg,taman,Jakarta Utara,"Jl. Raya Kpk Muara No. 9, Penjaringan",-6.13675421,106.77530976,,,,,,True,,,Penjaringan,Kapuk Muara
rth-7e2f921c0547,SMP Negeri 48 Jakarta,taman,Jakarta Selatan,"Jln. Raya Kebayoran Lama 192, Rt 01/03 Keby. Lama",-6.23447609,106.78024439,,,,,,True,,,Kebayoran Lama,Grogol Selatan
rth-74427a9e195f,SMP Negeri 185 Jakarta,taman,Jakarta Selatan,Jln. Kemandoran I Grogol Utara Keby. Lama,-6.21265162,106.78809546,,,,,,True,,,Kebayoran Lama,Grogol Utara
rth-298c9a8776a1,TAMAN BENGKEL LISTRIK,taman,Jakarta Timur,KANTOR P2KPTK2 JAKARTA UTARA,-6.19337801,106.91249469,,,,,,True,,,Cakung,Rawa Terate
rth-f2883055e264,TAMAN AULA,taman,Jakarta Timur,,-6.19371063,106.9128791,,,,,,True,,,Cakung,Rawa Terate
rth-abf991e17e14,SDN KLENDER 12 PAGI,taman,Jakarta Timur,Jl. Pertanian Utara No. 38 Klender,-6.21435848,106.89794913,,,,,,True,,,Duren Sawit,Klender
rth-10fc053770d0,SMP NEGERI 116 JAKARTA,taman,Jakarta Utara,"Jl.Sunter Permai Raya Sunter Agung, Tg Priok",-6.12879123,106.85869449,,,,,,True,,,Tanjung Priok,Sunter Agung
rth-b2f9d9e6692d,P4OP,taman,Jakarta Timur,Jl. Jatinegara Timur  IV,-6.2217451,106.8708346,,,,,,True,,,Jatinegara,Rawa Bunga
rth-94ed6da2065e,SDN PISANGAN TIMUR 11,taman,Jakarta Timur,Jl. H.  Mugeni II RT 010/004 Kel. Pisangan,-6.208791,106.87636977,,,,,,True,,,Pulogadung,Pisangan Timur
rth-04722a876c21,SDN Negeri Cipulir 11,taman,Jakarta Selatan,Jl. Samodra I Cipulir Keby. Lama,-6.2395496,106.77662708,,,,,,True,,,Kebayoran Lama,Cipulir
rth-996752837e17,SDN Cipulir 07,taman,Jakarta Selatan,"Jln. Kebon Mangga I No. 66,  Rt.12/03 Cipulir Keby Lama",-6.23550773,106.77647364,,,,,,True,,,Kebayoran Lama,Cipulir
rth-c1beb0e3cb51,SDN Utan Kayu Selatan 21,taman,Jakarta Timur,"Jl. Galur Sari 8 rt.009/rw.001, Matraman, JakTim",-6.20065054,106.86572342,,,,,,True,,,Matraman,Utan Kayu Selatan
rth-7a29d9a70214,SDN Cipulir 01,taman,Jakarta Selatan,Jl. Cipulir VI Rt. 09/08 No. 1 Cipulir,-6.23444309,106.77522818,,,,,,True,,,Kebayoran Lama,Cipulir
rth-a987c9e48b53,SMA Negeri 32 Jakarta,taman,Jakarta Selatan,Jln. Panjang Komp Sekneg Rt. 01/06 Keby. Lama,-6.2322016,106.77461664,,,,,,True,,,Kebayoran Lama,Grogol Selatan
rth-dc4c93173107,SDN Rawamangun 05 Jakarta,taman,Jakarta Timur,L. Haji Ten IV No. 4,-6.18897812,106.88066517,,,,,,True,,,Pulogadung,Rawamangun
rth-bdbb132cf217,SD Negeri Sunter Jaya 01,taman,Jakarta Utara,"Jalan Sunter Jaya 4A, Tanjung Priok",-6.15612187,106.86710339,,,,,,True,,,Tanjung Priok,Sunter Jaya
rth-93dc02d7de95,"SDN Grogol Selatan 01, 02, 03, 04",taman,Jakarta Selatan,Jln. Raya Kebayoran Lama No. 86 Grogol Selatan Keb. Lama,-6.22916987,106.77831028,,,,,,True,,,Kebayoran Lama,Grogol Selatan
rth-ea452ddef469,"SDNn Grogol Selatan 05, 06, 07, 11",taman,Jakarta Selatan,"Jl. Kubur Islam, Rt. 11/01 Grogol Selatan Kebayoran Lama",-6.23151232,106.78184553,,,,,,True,,,Kebayoran Lama,Grogol Selatan
rth-82fbda9fb625,SD Negeri Sunter Jaya 07Pg,taman,Jakarta Utara,"Jl. Sunter Jaya VI No. 31, Tanjung Priok",-6.16011834,106.87361735,,,,,,True,,,Tanjung Priok,Sunter Jaya
rth-836d3c1abc1a,SMP Negeri 66 Jakarta,taman,Jakarta Selatan,"Jl. Masjid An Nur, Rt. 13/01 No. 45 Grogol Selatan Keby Lama",-6.2328953,106.78338961,,,,,,True,,,Kebayoran Lama,Grogol Selatan
rth-6cf3f2778410,SDN Grogol Selatan 08,taman,Jakarta Selatan,Jln. Masjid An-Nur III Kebayoran Lama,-6.23286239,106.78391234,,,,,,True,,,Kebayoran Lama,Grogol Selatan
rth-567ea26d015b,SDN Duren Sawit 13 Pagi,taman,Jakarta Timur,Jl. Lapangan Statistik Duren Sawit,-6.24269461,106.91661339,,,,,,True,,,Duren Sawit,Duren Sawit
rth-55862dc05587,SD Negeri Ancol 01,taman,Jakarta Utara,"Jalan Parang Tritis 6, Pademangan",-6.12545898,106.82422797,,,,,,True,,,Pademangan,Ancol
rth-cb7a9996a4cc,SDN PEJATEN BARAT 06 PAGI,taman,Jakarta Selatan,Jl. Rambutan No. 20 Rt.03/Rw.06,-6.27702536,106.83878607,,,,,,True,,,Pasar Minggu,Pejaten Barat
rth-402857af9ad4,SDN Jatinegara Kaum 01,taman,Jakarta Timur,Jl. Raya Bekasi Km. 18,-6.19779476,106.90450112,,,,,,True,,,Pulogadung,Jatinegara Kaum
rth-e87b1f3409ca,SD Negeri Ancol 03 Pg,taman,Jakarta Utara,"Jl. Kampung Muka No. 419, Pademang",-6.13527711,106.81896021,,,,,,True,,,Pademangan,Ancol
rth-596b6e9b6e22,SMA N 100,taman,Jakarta Timur,Jl. Persatuan 2 cipinang besar selatan jatinegara jak Tim,-6.22937272,106.88232521,,,,,,True,,,Jatinegara,Cipinang Besar Selatan
rth-99beda8b390d,SD Negeri Pademangan Barat 01 Pg,taman,Jakarta Utara,"Jl. Ampera III Gunung Sahari, Pademanga",-6.13596939,106.833463,,,,,,True,,,Pademangan,Pademangan Barat
rth-0ec151f2e9d4,SDN PEJATEN BARAT 09 PAGI,taman,Jakarta Selatan,Jl. Amil Rt.02/Rw.04,-6.27362685,106.83640714,,,,,,True,,,Pasar Minggu,Pejaten Barat
rth-22f99f84cb8b,SMP Negeri 194 Jakarta,taman,Jakarta Timur,jl. Pendidikan raya IX komp. IKIP Duren sawit Jakarta Timur,-6.23515012,106.92074865,,,,,,True,,,Duren Sawit,Duren Sawit
rth-069514d75923,"SDN Cipulir 03, 04, 09, 10",taman,Jakarta Selatan,"Jln SDN Cipulir, Rt. 09/11 No. 55 Cipulir Kebayoran Lama",-6.2386713,106.77594363,,,,,,True,,,Kebayoran Lama,Cipulir
rth-dd36de226e62,RTH I Rumah Dinas Pendidikan Fatmawati,taman,Jakarta Selatan,Jl. Taman Pendidikan ( Fatmawati ),-6.28239799,106.79575286,,,,,,True,,,Cilandak,Cilandak Barat
rth-b5f175407d2c,Taman Halaman Depan,taman,Jakarta Timur,Jalan Jatinegara Timur IV,-6.22162548,106.87071524,,,,,,True,,,Jatinegara,Rawa Bunga
rth-7368ea4533ef,RTH II Rumah Dinas Fatmawati,taman,Jakarta Selatan,JL. Taman Pendidikan ( Fatmawati ),-6.28249902,106.79589982,,,,,,True,,,Cilandak,Cilandak Barat
rth-e38a2b554db9,RTH III Rumah Dinas Pendidikan,taman,Jakarta Selatan,JL. Taman Pendidikan ( Fatmawati ),-6.28256174,106.79567137,,,,,,True,,,Cilandak,Cilandak Barat
rth-882fe3af36bb,SMPN 84 JAKARTA,taman,Jakarta Utara,Jl. Kramat Jaya Blok R Gang VIII No.60,-6.11963308,106.91954043,,,,,,True,,,Koja,Tugu Selatan
rth-88b92e30b323,Taman Depan Kiri,taman,Jakarta Timur,Jalan Jatinegara Timur IV,-6.2218572,106.87074864,,,,,,True,,,Jatinegara,Rawa Bunga
rth-615a79043f42,SMPN 123 JAKARTA,taman,Jakarta Utara,Jl. Kelapa Gading I Komp. PT. HII,-6.17522813,106.90581313,,,,,,True,,,Kelapa Gading,Kelapa Gading Barat
rth-231285333017,SMPN 270 JAKARTA,taman,Jakarta Utara,Jl. Kompi Udin,-6.17680058,106.91131931,,,,,,True,,,Kelapa Gading,Kelapa Gading Timur
rth-7e7d90189063,SDN JATI PADANG 01 PAGI,taman,Jakarta Selatan,Jl. Bacang Rt.06/Rw.01,-6.28425147,106.8371107,,,,,,True,,,Pasar Minggu,Jati Padang
rth-ff30a8041d6e,SDN JATIPADANG 05 PAGI,taman,Jakarta Selatan,Jl. Raya Ragunan No. 40,-6.28532304,106.83476942,,,,,,True,,,Pasar Minggu,Jati Padang
rth-97f195f74879,SDN KEBAGUSAN 02 PAGI,taman,Jakarta Selatan,Jl. Kebagusan II Rt.03/Rw.06,-6.32426623,106.82446555,,,,,,True,,,Pasar Minggu,Kebagusan
rth-d0f56d03c9f0,SMPN 289 JAKARTA,taman,Jakarta Utara,JALAN TIPAR CAKUNG,-6.137073,106.920665,,,,,,True,,,Kelapa Gading,Sukapura
rth-4a8302063fea,SDN PASAR MINGGU 02 PAGI,taman,Jakarta Selatan,Jl. Palapa Raya No. 4,-6.28955662,106.84198782,,,,,,True,,,Pasar Minggu,Pasar Minggu
rth-efeb0c2dc354,SMPN 162 JAKARTA,taman,Jakarta Utara,Jl. Marunda Baru IV No. 1,-6.12432873,106.95987147,,,,,,True,,,Cilincing,Marunda
rth-cc4eb9fee740,SDN PASAR MINGGU 04 PAGI,taman,Jakarta Selatan,Jl. Rawa Bambu I Rt.08/Rw.06,-6.29211873,106.838963,,,,,,True,,,Pasar Minggu,Pasar Minggu
rth-cc075e2e132b,SDN Tanjung Barat 09/10,taman,Jakarta Selatan,JL. SWADAYA II RT. 001/05,-6.29939009,106.84589901,,,,,,True,,,Jagakarsa,Tanjung Barat
rth-16749436cf4c,SDN Duri Kosambi 06 Pagi,taman,Jakarta Barat,Jl. Pondok Randu Raya,-6.17656887,106.72325618,,,,,,True,,,Cengkareng,Duri Kosambi
rth-a1875c0de091,SMA Negeri 49 Jakarta,taman,Jakarta Selatan,"Jl. Pepaya Raya, Rt. 02/05 No. 9 Jagakarsa",-6.32463049,106.8196601,,,,,,True,,,Jagakarsa,Jagakarsa
rth-3c4e58db4ef5,SMA Negeri 97 Jakarta,taman,Jakarta Selatan,Jl. Brigif 2 Ciganjur Jagakarsa,-6.34205432,106.80068562,,,,,,True,,,Jagakarsa,Ciganjur
rth-c5a31c96dad3,SMA Negeri 109 Jakarta,taman,Jakarta Selatan,Jl. Gardu No. 31 Srengseng Sawah,-6.34578334,106.83543511,,,,,,True,,,Jagakarsa,Srengseng Sawah
rth-d6cd1a622a20,SDN DURI KOSAMBI 05 PETANG,taman,Jakarta Barat,Jl. Raya Duri Kosambi Rt. 005/001,-6.16997729,106.72332164,,,,,,True,,,Cengkareng,Duri Kosambi
rth-e7b95b42437c,SMKN 62 Jakarta,taman,Jakarta Selatan,"Jl. Camat Gabun No.2, RT.4/RW.8, Lenteng Agung,",-6.33728226,106.83916756,,,,,,True,,,Jagakarsa,Lenteng Agung
rth-e9cbce3d1798,SDN Sumur Batu 08,taman,Jakarta Pusat,Jl. Sumur Batu Utara No. 2,-6.1580348,106.86726375,,,,,,True,,,Kemayoran,Sumur Batu
rth-5fe459756c36,SMP Negeri 98 Jakarta,taman,Jakarta Selatan,"Jl. Raya Depok Lenteng Agung, RT.1/RW.8,",-6.33649303,106.835928,,,,,,True,,,Jagakarsa,Lenteng Agung
rth-a6f2f9c6d703,SMP Negeri 239,taman,Jakarta Selatan,Jl. Nangka Rt. 05/05 No. 58 Tj. Barat Jagakarsa,-6.3025057,106.84984928,,,,,,True,,,Jagakarsa,Tanjung Barat
rth-0efb210a028a,SMPN 244 JAKARTA,taman,Jakarta Utara,Jl. Cilincing Bhakti VI No. 28,-6.10984092,106.93819708,,,,,,True,,,Cilincing,Cilincing
rth-4086e74f77ca,SMPN 266 JAKARTA,taman,Jakarta Utara,Jl. Cilincing Bakti Vi No. 29,-6.10987508,106.93731246,,,,,,True,,,Cilincing,Cilincing
rth-fd55fa197f79,SMPN 231 JAKARTA,taman,Jakarta Utara,Jl. Raya Tugu Semper,-6.12334552,106.9204402,,,,,,True,,,Koja,Tugu Utara
rth-034a4dc3558a,SMPN 53 JAKARTA,taman,Jakarta Utara,Jl. Tanah Merdeka 33,-6.10570463,106.92155679,,,,,,True,,,Cilincing,Kalibaru
rth-0bfd77732dd8,SMAN 13 JAKARTA,taman,Jakarta Utara,JL. SEROJA NO.1,-6.11921365,106.89441875,,,,,,True,,,Koja,Tugu Utara
rth-c9490bc2b62e,SDN PEJATEN TIMUR 15 PAGI,taman,Jakarta Selatan,Jl. Siaga Dharma  PIII Rt.13/Rw.05,-6.2696318,106.84807742,,,,,,True,,,Pasar Minggu,Pejaten Timur
rth-c70ba86c4738,LAPANGAN FUTSAL,taman,Jakarta Timur,DEPAN KANTOR P2KPTK2 JAKARTA UTARA,-6.19426593,106.91279386,,,,,,True,,,Cakung,Rawa Terate
rth-39c99e8de756,SDN PEJATEN TIMUR 17 PAGI,taman,Jakarta Selatan,Jl. Masjid Baru Rt.07/Rw.01,-6.26591693,106.84651365,,,,,,True,,,Pasar Minggu,Pejaten Timur
rth-67a5244102b6,TAMAN OTOMOTIF,taman,Jakarta Timur,SAMPING BENGKEL OTOMOTIF,-6.1945437,106.9134887,,,,,,True,,,Cakung,Rawa Terate
rth-51d1a8a4c33e,BENGKEL OTOMOTIF 2,taman,Jakarta Timur,DEPAN BENGKEL OTOMOTIF 2,-6.19286343,106.91361169,,,,,,True,,,Cakung,Rawa Terate
rth-df2f6b140244,SDN PEJATEN TIMUR 20 PAGI,taman,Jakarta Selatan,Jl. Kemuning Dalam I Rt.05/Rw.06 Pejaten Timur,-6.27383267,106.85070184,,,,,,True,,,Pasar Minggu,Pejaten Timur
rth-124535c2fec9,TAMAN MUSHOLAH,taman,Jakarta Timur,SAMPING MUSHOLAH,-6.19388092,106.9133316,,,,,,True,,,Cakung,Rawa Terate
rth-139882ceae97,TAMAN BENGKEL MESIN,taman,Jakarta Timur,SAMPING BENGKEL MESIN,-6.19341165,106.91288934,,,,,,True,,,Cakung,Rawa Terate
rth-dbb55c7cb1bc,TAMAN BENGKEL BANGUNAN,taman,Jakarta Timur,DEPAN BENGKEL BANGUNAN,-6.19334082,106.91327044,,,,,,True,,,Cakung,Rawa Terate
rth-39f2413d050e,TAMAN BELAKANG BENGKEL BANGUNAN,taman,Jakarta Timur,BELAKANG BENGKEL BANGUNAN,-6.19346498,106.91373577,,,,,,True,,,Cakung,Rawa Terate
rth-9cf9889baa90,SDN RAGUNAN 01,taman,Jakarta Selatan,Jl. Warung Jati Barat Rt.01/Rw.01 Ragunan,-6.29280525,106.82264547,,,,,,True,,,Pasar Minggu,Ragunan
rth-88a9a5da550b,SDN RAGUNAN 05 PG.,taman,Jakarta Selatan,Jl. Warung Jati Barat Rt.02/Rw.01 Ragunan,-6.29256444,106.82185908,,,,,,True,,,Pasar Minggu,Ragunan
rth-5b8d651cee71,SDN RAGUNAN 08-09-11,taman,Jakarta Selatan,"Jl. Harsono RM, Ragunan",-6.30045678,106.82000385,,,,,,True,,,Pasar Minggu,Ragunan
rth-71f1ef64b9c4,SDN RAGUNAN 10 PAGI,taman,Jakarta Selatan,Jl. Warung Jati Barat Rt.02/Rw.11 Ragunan,-6.28270837,106.82633092,,,,,,True,,,Pasar Minggu,Ragunan
rth-65c613e64c48,SDN RAGUNAN 12,taman,Jakarta Selatan,Jl. Jabir Rt.05/Rw.07 Ragunan,-6.29893041,106.82404085,,,,,,True,,,Pasar Minggu,Ragunan
rth-c8e8093097b2,SDN Ragunan 14 Pg.,taman,Jakarta Selatan,Jl. Kebagusan Raya Rt.01/Rw.07,-6.29787556,106.82603135,,,,,,True,,,Pasar Minggu,Ragunan
rth-342d29682497,SMPN 41,taman,Jakarta Selatan,Jl. RM. Harsono,-6.30103433,106.8195393,,,,,,True,,,Pasar Minggu,Pasar Minggu
rth-917b44ca513b,SMPN 46,taman,Jakarta Selatan,Jl. Rukun,-6.27142435,106.85496729,,,,,,True,,,Pasar Minggu,Pejaten Timur
rth-0599feb95008,SDN Grogol Utara 01,taman,Jakarta Selatan,JL. PATAL SENAYAN NO. 49,-6.21806919,106.79375804,,,,,,True,,,Kebayoran Lama,Grogol Utara
rth-fdb0146d6f1b,SDN Grogol Utara 03,taman,Jakarta Selatan,JL. RAYA KEB. LAMA POS PENGUMBEN,-6.21525416,106.77866985,,,,,,True,,,Kebayoran Lama,Grogol Utara
rth-9b32da837077,SD Negeri Kapuk Muara 03 Pg,taman,Jakarta Utara,"Jl. SMP 122 Rt. 001/03, Penjaringan",-6.1384914,106.76330077,,,,,,True,,,Penjaringan,Kamal Muara
rth-81b18a7c896e,SD Negeri Kamal Muara 01 Pg,taman,Jakarta Utara,"Jl. Raya Kamal Pantai No. 5, Penjaringan",-6.09483542,106.7203939,,,,,,True,,,Penjaringan,Kamal Muara
rth-265231c5a410,PKBM Negeri 17 Tanjung Priok,taman,Jakarta Utara,Jl. Swasembada Barat VIII No. 8,-6.12371064,106.88890338,,,,,,True,,,Tanjung Priok,Kebon Bawang
rth-b9af2404dfba,SMP 221,taman,Jakarta Utara,Jl Sunter Karya Selatan,-6.14156941,106.87070191,,,,,,True,,,Tanjung Priok,Sunter Agung
rth-bbb97352627e,"TK Negeri Sunter Agung,",taman,Jakarta Utara,Jl. Agung Utara Blok. A No. 21,-6.13544469,106.86015006,,,,,,True,,,Tanjung Priok,Sunter Agung
rth-016c144a3124,SMK Negeri 12 Jakarta,taman,Jakarta Utara,"Jalan Kebon Bawang 15, Tanjung Priok,",-6.11475581,106.88571283,,,,,,True,,,Tanjung Priok,Kebon Bawang
rth-badd546b914f,SMA Negeri 15 Jakarta,taman,Jakarta Utara,"Jalan Sunter Agung Utara D3, Tanjung Priok",-6.13755914,106.8619472,,,,,,True,,,Tanjung Priok,Sunter Agung
rth-89f9b2cfdb17,SMA Negeri 18 Jakarta,taman,Jakarta Utara,"Jalan Warakas Gang B, Tanjung Priok",-6.12107429,106.87211998,,,,,,True,,,Tanjung Priok,Warakas
rth-83b38e04695d,SDN Grogol Utara 13,taman,Jakarta Selatan,"Jln. Kemandoran VIII, Rt. 005/011 Kebayoran Lama",-6.21311714,106.78744335,,,,,,True,,,Kebayoran Lama,Grogol Utara
rth-cd80b3064242,SMA Negeri 41,taman,Jakarta Utara,"Jl. Laksamana RE Martadinata, Pademangan",-6.13402807,106.83524539,,,,,,True,,,Pademangan,Pademangan Timur
rth-2e41f6900696,SMK Negeri 55,taman,Jakarta Utara,Jalan Pademangan Timur 7,-6.13168773,106.8443579,,,,,,True,,,Pademangan,Pademangan Timur
rth-4dd61bfc72b5,SMK Negeri 56,taman,Jakarta Utara,"Jalan Pluit Timur Raya, Penjaringan",-6.11911945,106.79450146,,,,,,True,,,Penjaringan,Pluit
rth-8c481e0d748b,SMP Negeri 282,taman,Jakarta Utara,"Jalan Taman Nyiur 11, Tanjung Priok",-6.1361793,106.87109936,,,,,,True,,,Tanjung Priok,Sunter Agung
rth-b8432925faba,SMP Negeri 34,taman,Jakarta Utara,Jalan Pademangan Timur 7,-6.1309749,106.84523281,,,,,,True,,,Pademangan,Pademangan Timur
rth-520765ba60ec,SDN GUNTUR 01 PAGI,taman,Jakarta Selatan,Jl. Sumbing No. 30 Guntur Setiabudi,-6.20641859,106.83693084,,,,,,True,,,Setiabudi,Guntur
rth-6cec0fecdfbd,SDN GUNTUR 03,taman,Jakarta Selatan,Jl. Halimun No. 2B,-6.20641479,106.83365635,,,,,,True,,,Setiabudi,Guntur
rth-691ec087cf08,"SDN Kebayoran Lama Selatan 01, 03",taman,Jakarta Selatan,"Jln. Ciputat Raya No. 1, Rt. 001/001 Keby Lama",-6.25771938,106.77633145,,,,,,True,,,Kebayoran Lama,Kebayoran Lama Selatan
rth-740095dd5a5f,SMA Negeri 74 Jakarta,taman,Jakarta Selatan,"Jln. Darma Putra XI, Rt. 10/07 Kebayoran Lama",-6.25005989,106.78609657,,,,,,True,,,Kebayoran Lama,Kebayoran Lama Selatan
rth-fa673bdc7241,SDN GUNTUR 08 PAGI,taman,Jakarta Selatan,Jl. Sumbing No. 30 Guntur Setiabudi,-6.22117561,106.83786134,,,,,,True,,,Setiabudi,Guntur
rth-1a6c4b87aca2,SMP Negeri 164,taman,Jakarta Selatan,"Jl. Dharma Putra No. 10, Rt. 02/07 Komp Kostrad Keb Lama",-6.25617321,106.78321866,,,,,,True,,,Kebayoran Lama,Kebayoran Lama Selatan
rth-5f9db3c07a55,SMPN 145,taman,Jakarta Selatan,"Jalan Menteng Pulo Ujung, RT.17/RW.1, Menteng Atas, Kecamatan Setiabudi, Kota Jakarta Selatan, Daerah Khusus Ibukota Jakarta 12960",-6.22113977,106.83760273,,,,,,True,,,Setiabudi,Guntur
rth-fb0f28d527b0,SMP Negeri 21,taman,Jakarta Utara,"Jl. Bandengan Utara 80, Penjaringan",-6.13669545,106.7958249,,,,,,True,,,Penjaringan,Penjaringan
rth-c9b8c3b8faa5,SMP Negeri 261,taman,Jakarta Utara,"Jl. Muara Angke Pluit, Penjaringan",-6.10939995,106.77072962,,,,,,True,,,Penjaringan,Pluit
rth-08701c151d41,SMP Negeri 112,taman,Jakarta Utara,Jl. Teluk Gong Pejagalan,-6.13563475,106.7791916,,,,,,True,,,Penjaringan,Pejagalan
rth-3f974b66303a,SMP Negeri 16 Jakarta,taman,Jakarta Selatan,Jln. Palmerah Barat No. 31 Rt. 05 Rw. 14 Grogol Utara Keb.Lama,-6.2077719,106.79138234,,,,,,True,,,Kebayoran Lama,Grogol Utara
rth-fc53806045d9,SMP Negeri 122,taman,Jakarta Utara,"alan Smp122, Penjaringan",-6.13774536,106.76370827,,,,,,True,,,Penjaringan,Kapuk Muara
rth-7127d024bc25,SMP Negeri 120,taman,Jakarta Utara,Jl. Kamal Muara Raya No. 9 Penjaringan,-6.09474619,106.71991607,,,,,,True,,,Penjaringan,Kamal Muara
rth-8608f541cef5,SDN Kebayoran Lama Utara 13,taman,Jakarta Selatan,Jl. Peninggaran Barat III Kebayoran Lama,-6.24396601,106.76891782,,,,,,True,,,Kebayoran Lama,Kebayoran Lama Utara
rth-9c49cfc1d3c7,SD Negeri 05 Sunter Agung,taman,Jakarta Utara,Jalan Agung Utara 7,-6.1347975,106.8584836,,,,,,True,,,Tanjung Priok,Sunter Agung
rth-8d59b07423f7,SD Negeri Warakas 01 Pg,taman,Jakarta Utara,"Jl. Warakas Gg.VII No. 104, Tanjung Priok",-6.12470396,106.87931139,,,,,,True,,,Tanjung Priok,Warakas
rth-1b73663ea858,SDN Cempaka Baru 01,taman,Jakarta Pusat,JL. Cempaka Baru VII/ 45,-6.16719468,106.86026234,,,,,,True,,,Kemayoran,Cempaka Baru
rth-52d89da72691,SD Negeri Warakas 03 Pg,taman,Jakarta Utara,"Jalan Warakas 1, Gg. 20,",-6.12171367,106.8724849,,,,,,True,,,Tanjung Priok,Warakas
rth-ecd172c97c20,SDN Cempaka Baru 11,taman,Jakarta Pusat,Jl. Remaja Raya No. 52,-6.16571427,106.86297607,,,,,,True,,,Kemayoran,Cempaka Baru
rth-2005cd292796,SD Negeri Pademangan Barat 09 Pg,taman,Jakarta Utara,"Jl. Budi Mulia, Pademangan",-6.13487496,106.83903688,,,,,,True,,,Pademangan,Pademangan Barat
rth-934812901f31,SD Negeri Pademangan Barat 11 Pg,taman,Jakarta Utara,"Jl. Budi Mulia, Pademangan",-6.13480892,106.83976917,,,,,,True,,,Pademangan,Pademangan Barat
rth-732ad8ee35a8,SMP Negeri 23,taman,Jakarta Utara,Jl. Pademangan Timur VI,-6.13209225,106.84384627,,,,,,True,,,Pademangan,Pademangan Timur
rth-02d2fb3e9d6a,"SDN Pondok Pinang 05, 06, 07",taman,Jakarta Selatan,"Jln. SD III, Rt. 02/08 Pondok Pinang Keb. Lama",-6.27927352,106.76950301,,,,,,True,,,Kebayoran Lama,Pondok Pinang
rth-7a2da5631d4e,SMK Negeri 53 Jakarta,taman,Jakarta Barat,Jl. Flamboyan No. 53,-6.13181493,106.72531906,,,,,,True,,,Cengkareng,Cengkareng Barat
rth-8b3bdc2d314b,"SDN Bintaro 08, 14",taman,Jakarta Selatan,Jln. Mawar III No. 50A RT 006 RW 05 Bintaro Pesanggrahan,-6.28043858,106.76696159,,,,,,True,,,Pesanggrahan,Bintaro
rth-c1c175c0c81c,SDN Pondok Pinang 10,taman,Jakarta Selatan,"Jl. Sapta Taruna Baru, Rt. 10/07 Pondok Pinang Keb. Lama",-6.28783585,106.77502498,,,,,,True,,,Kebayoran Lama,Pondok Pinang
rth-e082e9918c4c,SDN KARET 01 PAGI,taman,Jakarta Selatan,Jl. Karet Belakang No. 2,-6.21585774,106.82237498,,,,,,True,,,Setiabudi,Karet
rth-eb7b107c7d56,SDN Pondok Pinang 08,taman,Jakarta Selatan,Jln. Subur Rt. 012/05 Pondok Pinang,-6.27545472,106.77176293,,,,,,True,,,Kebayoran Lama,Pondok Pinang
rth-dcc477685961,"SDN Pondok Pinang 01, 02, 03, 04",taman,Jakarta Selatan,Jl. Pondok Pinang Raya No. 19 Rt. 04/Rw 11 Pd. Pinang,-6.26976497,106.77495318,,,,,,True,,,Kebayoran Lama,Pondok Pinang
rth-29ebd266d089,SMPN 56,taman,Jakarta Selatan,Jl. Jeruk Purut,-6.29044431,106.81201392,,,,,,True,,,Pasar Minggu,Cilandak Timur
rth-67cd722b39a6,SMPN 163,taman,Jakarta Selatan,Jl. Empang Tiga,-6.26295198,106.85098005,,,,,,True,,,Pasar Minggu,Pejaten Barat
rth-b5b88c927aa9,SDN Malaka Sari 13,taman,Jakarta Timur,Jl. Delima IA,-6.21788616,106.92961043,,,,,,True,,,Duren Sawit,Malaka Sari
rth-684a6b7916e3,SDN Cipinang Besar Selatan 17,taman,Jakarta Timur,Jl. Pancawarga IV/8  RT. 011 RW. 004,-6.23737005,106.88313042,,,,,,True,,,Jatinegara,Cipinang Besar Selatan
rth-8d088b18023f,SMPN 212,taman,Jakarta Selatan,Jl. Benda Atas,-6.2829017,106.81314351,,,,,,True,,,Pasar Minggu,Cilandak Timur
rth-00ecc369c87e,SDN PONDOK BAMBU 06,taman,Jakarta Timur,Jl. Pahlawan Revolusi RT.007/004,-6.23502131,106.89467418,,,,,,True,,,Duren Sawit,Pondok Bambu
rth-c779d6a86202,SDN PONDOK BAMBU 01,taman,Jakarta Timur,Jl. Gading II Kel. Pondok Bambu Kec. Duren Sawit,-6.23421959,106.90541915,,,,,,True,,,Duren Sawit,Pondok Bambu
rth-963c3c2f71d6,SMPN 227,taman,Jakarta Selatan,Jl. Masjid Alfajri,-6.26885747,106.84067661,,,,,,True,,,Pasar Minggu,Pejaten Barat
rth-d5508fbab889,SDN UTAN KAYU SELATAN 14/16,taman,Jakarta Timur,Jl. Galur Sari Timur Kel. Utan Kayu Selatan,-6.20055163,106.86892419,,,,,,True,,,Matraman,Utan Kayu Selatan
rth-414c472275b7,SDN CIPINANG CEMPEDAK 04,taman,Jakarta Timur,JL. PEDATI DALAM RT 014/07,-6.24084706,106.88135441,,,,,,True,,,Jatinegara,Cipinang Cempedak
rth-e8383245b462,SMAN 28,taman,Jakarta Selatan,"Jl. Ragunan, Pasar Minggu",-6.28596855,106.83327591,,,,,,True,,,Pasar Minggu,Pasar Minggu
rth-ee9a3b70a5b9,SDN Malaka Jaya 11,taman,Jakarta Timur,Jl. Nusa Indah VI No.  20,-6.22164859,106.93275097,,,,,,True,,,Duren Sawit,Malaka Jaya
rth-7f3294295ca3,SMKN 25,taman,Jakarta Selatan,Jl. Ragunan Pasar Minggu,-6.28471016,106.83647185,,,,,,True,,,Pasar Minggu,Pasar Minggu
rth-ac195c7d21fe,SMK Negeri 47,taman,Jakarta Selatan,Jl. Raya Condet Pejaten,-6.27676592,106.83120616,,,,,,True,,,Pasar Minggu,Pejaten Timur
rth-4fc14305927c,SDN Cakung Timur 06,taman,Jakarta Timur,Jl. Kayu Tinggi RT.003/009,-6.17937288,106.94820829,,,,,,True,,,Cakung,Cakung Timur
rth-63d5ab0880aa,SMKN 57,taman,Jakarta Selatan,Jl. Raya Margasatwa No. 38 B,-6.29214993,106.82422149,,,,,,True,,,Pasar Minggu,Pasar Manggis
rth-3c09798df102,SDN Utan Kayu Selatan 27,taman,Jakarta Timur,Jl. skip ujung rt 09 rw 08 utan kayu selatan Kec. Matraman,-6.20799022,106.87139464,,,,,,True,,,Matraman,Utan Kayu Selatan
rth-962541c8626a,SDN Malaka Jaya 06,taman,Jakarta Timur,Jl. Bunga Rampai VII,-6.22342347,106.93580306,,,,,,True,,,Duren Sawit,Malaka Jaya
rth-26472e259bf6,SDN Rawa Bunga 11 dan 12,taman,Jakarta Timur,"Jl. Jatinegara Timur IV, Kel. Rawa Bunga",-6.22199556,106.8713,,,,,,True,,,Jatinegara,Rawa Bunga
rth-70f53cb831f6,SDN Rawaterate 03 Pagi,taman,Jakarta Timur,Jl. Dr. KRT Radjiman Widyodiningrat Rt.006/006,-6.192737,106.92319251,,,,,,True,,,Duren Sawit,Rawa Terate
rth-97c7bfa2e577,SDN Cipinang Besar Utara 09,taman,Jakarta Timur,Jl. Cipinang Latihan No. 6 Rt. 015 Rw. 011. Kel. Cipinang Besar Utara-Jatinegara,-6.21749258,106.88860426,,,,,,True,,,Jatinegara,Cipinang Besar Utara
rth-be0cd787e629,SDN Bidaracina 05,taman,Jakarta Timur,jl Tanjung  lengkong  no 51,-6.23549814,106.8717963,,,,,,True,,,Jatinegara,Bidara Cina
rth-da285a92b205,SDN KEMANGGISAN 08 PAGI,taman,Jakarta Barat,Jl. Anggrek Garuda Nlo. 27,-6.19614827,106.79442565,,,,,,True,,,Pal Merah,Kemanggisan
rth-c72ee15f50fa,SDN PALMERAH 07 PAGI,taman,Jakarta Barat,JL. PALMERAH UTARA IV NO.88,-6.20560699,106.79643807,,,,,,True,,,Pal Merah,Palmerah
rth-e9e92cea3f85,SDN TOMANG 01,taman,Jakarta Barat,Jl. Mandala Utara Raya No. 1,-6.17068575,106.80005117,,,,,,True,,,Grogol Petamburan,Tomang
rth-3e699d8343c2,SDN SRENGSENG 05,taman,Jakarta Barat,"Jl. Srengseng Raya No. 56, Rt 006/Rw 01",-6.20258682,106.75663979,,,,,,True,,,Kembangan,Srengseng
rth-ad92559c4d24,SDN KARET 04 PAGI,taman,Jakarta Selatan,Jl. Karet Belakang Raya No. 1,-6.21590301,106.82507755,,,,,,True,,,Setiabudi,Karet
rth-1df0c234059a,SDN KARET KUNINGAN 01 PAGI,taman,Jakarta Selatan,Jl. Bek Murad No. 14A,-6.21614969,106.82156824,,,,,,True,,,Setiabudi,Karet Kuningan
rth-2647f10519a7,SDN Cengkareng Barat 14 Pagi,taman,Jakarta Barat,JL. Flamboyan  Jaya 8 RT.001/010 Cengkareng Barat,-6.12891129,106.72412607,,,,,,True,,,Cengkareng,Cengkareng Barat
rth-dab3fed3a9d2,SDN Kebaroran Lama Utara 11,taman,Jakarta Selatan,Jl. Delman Asri XI Rt. 14/11,-6.24734191,106.77041464,,,,,,True,,,Kebayoran Lama,Kebayoran Lama Utara
rth-0165439a5ad0,"SDN Kebayoran Lama Utara 09, 10",taman,Jakarta Selatan,"Jln. Delman Asri IX, Rt.06 Rw. 11 No. 15 Keby. Lama",-6.24707995,106.7700423,,,,,,True,,,Kebayoran Lama,Kebayoran Lama Utara
rth-e38c9931ddf7,SMP Negeri 47,taman,Jakarta Pusat,Jl. Rawasari Timur,-6.18300919,106.87219139,,,,,,True,,,Cempaka Putih,Cempaka Putih Timur
rth-7bfe4c586885,"SDN Kebayoran Lama Utara 07, 08",taman,Jakarta Selatan,"Jln. Bendi VIII No. 10, Rt. 05/10 Keby lama",-6.25101144,106.77521489,,,,,,True,,,Kebayoran Lama,Kebayoran Lama Utara
rth-098d734d77d3,SDN KAPUK 02 PAGI,taman,Jakarta Barat,Jl. Komp. Cengkareng Indah RT.011/014,-6.1440907,106.74746622,,,,,,True,,,Cengkareng,Kapuk
rth-0234e7c464d9,SDN Kebayoran Lama Utara 03,taman,Jakarta Selatan,Jl. Ciputat Raya Rt. 04/01 Kebayoran Lama,-6.25050996,106.77753512,,,,,,True,,,Kebayoran Lama,Kebayoran Lama Utara
rth-0dec687c636e,SDN KAPUK 06 PAGI,taman,Jakarta Barat,Jl. Kapuk AMD RT. 010/011,-6.14407594,106.74792852,,,,,,True,,,Cengkareng,Kapuk
rth-91f645633a3a,SDN KARET KUNINGAN 03 PAGI,taman,Jakarta Selatan,Jl. Genteng Ijo No. 1 Setiabudi,-6.21902677,106.82868956,,,,,,True,,,Setiabudi,Karet Kuningan
rth-ac2d791019a6,SMA Negeri 111,taman,Jakarta Utara,"Bandengan Utara No. 80, Penjaringan",-6.13370469,106.79637592,,,,,,True,,,Penjaringan,Kamal Muara
rth-d8a2b3f326a6,SDN Bungur 01,taman,Jakarta Pusat,Jl. Angsana No. 4,-6.17080177,106.85070239,,,,,,True,,,Senen,Bungur
rth-688691502049,SDN Kebayoran Lama Selatan 05,taman,Jakarta Selatan,Jln. Dharma Putra Raya No. 23 Komp Kostrad,-6.25362692,106.78472474,,,,,,True,,,Kebayoran Lama,Kebayoran Lama Selatan
rth-f1d0ec67f828,SMP Negeri 31 Jakarta,taman,Jakarta Selatan,"Jln. Peninggaran Barat III, Rt.11/12 Kebayoran Lama",-6.24491062,106.76873336,,,,,,True,,,Kebayoran Lama,Kebayoran Lama Utara
rth-2b91b1e07f80,SMP Negeri 87 Jakarta,taman,Jakarta Selatan,Jln. Ciputat Raya Rt. 04/11 Keby. Lama,-6.27028602,106.77410141,,,,,,True,,,Kebayoran Lama,Pondok Pinang
rth-ef20fd4f589a,SMP Negeri 161 Jakarta,taman,Jakarta Selatan,"Jl. Delman Utama I, Rt. 01/11 Tanah Kusir Kebayoran Lama",-6.24637966,106.7731673,,,,,,True,,,Kebayoran Lama,Kebayoran Lama Utara
rth-ae05dde93e11,SMA Negeri 47 Jakarta,taman,Jakarta Selatan,Jl. Delman Umata I Kebayoran Lama,-6.24743105,106.77306163,,,,,,True,,,Kebayoran Lama,Grogol Utara
rth-c3f501a43346,SMK Negeri 18 Jakarta,taman,Jakarta Selatan,"Jln. Ciputat Raya Komp. Mandiri, No. 6 Rt.08/01 Pd. Pinang",-6.26448375,106.77285204,,,,,,True,,,Kebayoran Lama,Pondok Pinang
rth-1daca207897e,SDN Sungai Bambu 05,taman,Jakarta Utara,"Jl. Sungai Bambu III/34, Tanjung Priok",-6.128857,106.88953829,,,,,,True,,,Tanjung Priok,Sungai Bambu
rth-c9562e05a907,SMA Negeri 29 Jakarta,taman,Jakarta Selatan,"Jln. Kramat No. 6, Rt. 07 Rw. 01 Kebayoran Lama",-6.23753271,106.78436665,,,,,,True,,,Kebayoran Lama,Kebayoran Lama Utara
rth-594ceb721910,SD Negeri Sunter Agung 11 Pagi,taman,Jakarta Utara,Jalan Nusantara Selatan,-6.13443514,106.87060047,,,,,,True,,,Tanjung Priok,Sunter Agung
rth-812eac7855c6,SMK Negeri 43 Jakarta,taman,Jakarta Selatan,Jl. Cipulir I  Rt. 01/04 Cipulir,-6.23603234,106.77541915,,,,,,True,,,Kebayoran Lama,Cipulir
rth-007b4a27f108,SD Negeri Sunter Agung 12 Pg,taman,Jakarta Utara,"Jl. Paradise 10 Blok. F. 19-20, Tanjung Priok",-6.13945055,106.86720651,,,,,,True,,,Tanjung Priok,Sunter Agung
rth-07bd6c5a1b44,SD Negeri Sunter Agung 13,taman,Jakarta Utara,"Jalan Selat Sumba, Tanjung Priok",-6.134592,106.8526492,,,,,,True,,,Tanjung Priok,Sunter Agung
rth-d5625eeb46bd,SMK Negeri 59 Jakarta,taman,Jakarta Selatan,"Jalan Peninggaran Barat III No.27-97, RT.12/RW.11",-6.24560691,106.76957565,,,,,,True,,,Kebayoran Lama,Kebayoran Lama Utara
rth-a5e3eec2dd9e,SDN Malaka Jaya 09,taman,Jakarta Timur,"Jl. Raya Bunga Rampai, RT. 007 RW. 012",-6.22383667,106.9360945,,,,,,True,,,Duren Sawit,Malaka Jaya
rth-df51f52fea76,SDN JATINEGARA 15,taman,Jakarta Timur,Kp. Rawa Badung  RT 07 RW 07,-6.20669965,106.92493354,,,,,,True,,,Cakung,Jatinegara
rth-ae0b999ef65a,SDN Kebayoran Lama Selatan 09,taman,Jakarta Selatan,Jl. Moh Ismail Rt. 05/10 No 3 Kebayoran Lama Selatan,-6.2586666,106.77618239,,,,,,True,,,Kebayoran Lama,Kebayoran Lama Selatan
rth-d406fa77fb83,SDN SEMANAN 06 PAGI,taman,Jakarta Barat,Jl. Semanan Raya Rt. 004/008,-6.16986545,106.70729371,,,,,,True,,,Kalideres,Semanan
rth-c90fae90a6b5,"SDN Kebayoran Lama Selatan 14, 16",taman,Jakarta Selatan,Jln. Bungur Ujung Kampung Dukuh Keby. Lama,-6.24868616,106.78516015,,,,,,True,,,Kebayoran Lama,Kebayoran Lama Selatan
rth-c06b35884382,SMP Negeri 205 Jakarta,taman,Jakarta Barat,Jl. Semanan Raya No. 2,-6.17037652,106.70702954,,,,,,True,,,Kalideres,Semanan
rth-9040719ea05e,SDN Kebayoran Lama Selatan 17,taman,Jakarta Selatan,Jln. Praja Dalam G Kebayoran Lama,-6.25360692,106.78346478,,,,,,True,,,Kebayoran Lama,Kebayoran Lama Selatan
rth-93d54288672a,SDN MENTENG ATAS 01 PAGI,taman,Jakarta Selatan,Jl. Dr. Saharjo No. 121,-6.2192857,106.8452384,,,,,,True,,,Setiabudi,Menteng Atas
rth-8eebf7bdab74,"SDN Bintaro 01, 02",taman,Jakarta Selatan,"Jln. Bintaro Permai III, Rt. 02/09 No. 1 Bintaro Pesanggrahan",-6.25735703,106.76352067,,,,,,True,,,Pesanggrahan,Bintaro
rth-7935a9d30188,SDN MENTENG ATAS 02,taman,Jakarta Selatan,Jl. Dr. Saharjo No. 121,-6.21938099,106.84488793,,,,,,True,,,Setiabudi,Menteng Atas
rth-21b06b4b4986,SDN KAPUK 15 PAGI,taman,Jakarta Barat,Jl. Kapuk AMD RT. 010/011,-6.13047171,106.74195781,,,,,,True,,,Cengkareng,Kapuk
rth-475d16a57524,SDN MENTENG ATAS 05 PAGI,taman,Jakarta Selatan,Jl. Muria No. 43,-6.21058224,106.83723233,,,,,,True,,,Setiabudi,Menteng Atas
rth-4457e9afd135,SDN MENTENG ATAS 11 PAGI,taman,Jakarta Selatan,Jl. Minangkabau Dalam,-6.21616798,106.84120067,,,,,,True,,,Setiabudi,Menteng Atas
rth-d332b3f8e985,SDN KAPUK 01 PAGI,taman,Jakarta Barat,Jl. Kapuk Raya No.48 Rt.03 Rw.11,-6.1291116,106.74282785,,,,,,True,,,Cengkareng,Kapuk
rth-cfcfb6535144,SDN MENTENG ATAS 14 PAGI,taman,Jakarta Selatan,Jl. Minangkabau Dalam,-6.21689263,106.84139078,,,,,,True,,,Setiabudi,Menteng Atas
rth-7e6f662ab44b,SDN KAPUK 03 PAGI,taman,Jakarta Barat,Jl. Kapuk Raya RT. 003/011,-6.12938135,106.74261292,,,,,,True,,,Cengkareng,Kapuk
rth-d3ac00a847d4,SDN MENTENG ATAS 21 PAGI,taman,Jakarta Selatan,"Jl. Menteng Pulo Ujung, Setiabudi",-6.22162352,106.83798667,,,,,,True,,,Setiabudi,Menteng Atas
rth-6d4474300c8a,SDN PASAR MANGGIS 01 PAGI,taman,Jakarta Selatan,Jl. Menteng Granit VII/5,-6.21195378,106.84027577,,,,,,True,,,Setiabudi,Pasar Manggis
rth-414bcf685699,SDN DURI UTARA 01 PAGI,taman,Jakarta Barat,Jalan Duri Utara 01 Pagi,-6.15400732,106.80412381,,,,,,True,,,Tambora,Duri Utara
rth-496c45677ecf,SDN PASAR MANGGIS 03 PAGI,taman,Jakarta Selatan,Jl. Sawah Lunto No. 56,-6.21080123,106.84308067,,,,,,True,,,Setiabudi,Pasar Manggis
rth-95b74f53f76a,SMA NEGERI 3,taman,Jakarta Selatan,Jl. Halimun Raya No. 2B,-6.20966544,106.82583696,,,,,,True,,,Setiabudi,Kuningan Timur
rth-e3c05c2e0763,SMPN 57,taman,Jakarta Selatan,Jl. Setiabudi Barat No. 8,-6.2064328,106.83309848,,,,,,True,,,Setiabudi,Setia Budi
rth-71d7d5aab327,SMP Negeri 63 Jakarta,taman,Jakarta Barat,Jl. Perniagaan No.31,-6.14201337,106.80896787,,,,,,True,,,Tambora,Tambora
rth-c0d87e7c45e4,SMPN 58,taman,Jakarta Selatan,Jl. Minangkabau Dalam 3 Menteng Atas,-6.20897008,106.82412335,,,,,,True,,,Setiabudi,Menteng Atas
rth-4184d5fd0c0c,SMPN 54,taman,Jakarta Barat,JL. BLANDONGAN NO 57,-6.14341518,106.81087976,,,,,,True,,,Taman Sari,Glodok
rth-986a85e2b57c,SMPN 67,taman,Jakarta Selatan,Jl. Minangkabau Dalam 3 Menteng Atas,-6.21686483,106.84119297,,,,,,True,,,Setiabudi,Menteng Atas
rth-b4db5a0acd8e,SMAN 43,taman,Jakarta Selatan,Jl. Menteng Pulo Ujung,-6.21644986,106.84165055,,,,,,True,,,Setiabudi,Menteng Atas
rth-216302c20281,SMP NEGERI 204,taman,Jakarta Barat,Jl. Peta Utara No. 48,-6.13981748,106.70123421,,,,,,True,,,Kalideres,Pegadungan
rth-7edff5862723,SMAN 79,taman,Jakarta Selatan,Jl. Setiabudi I,-6.2224457,106.8380867,,,,,,True,,,Setiabudi,Menteng Atas
rth-f0f86a54c351,SDN KAPUK 16 PAGI,taman,Jakarta Barat,Jl. Kapuk AMD RT 10/11,-6.13091365,106.74210773,,,,,,True,,,Cengkareng,Kapuk
rth-361121f83630,SDN BANGKA 01,taman,Jakarta Selatan,Jl. Kemang Timur XVIII,-6.27226826,106.82039743,,,,,,True,,,Mampang Prapatan,Bangka
rth-250ed93a7e7a,SDN PELA MAMPANG 05 PAGI,taman,Jakarta Selatan,Jl. Pondok Jaya V/1,-6.24899264,106.82124007,,,,,,True,,,Mampang Prapatan,Pela Mampang
rth-47cf60a5d6fa,SDN PELA MAMPANG 07,taman,Jakarta Selatan,Jl. Bangka IX C/1,-6.25268514,106.82255536,,,,,,True,,,Mampang Prapatan,Bangka
rth-712db567351b,SDN PELA MAMPANG 08 PAGI,taman,Jakarta Selatan,Jl. Bangka VIII,-6.25023577,106.82006256,,,,,,True,,,Mampang Prapatan,Pela Mampang
rth-40d1af015c4d,SDN PELA MAMPANG 12 PAGI,taman,Jakarta Selatan,Jl. Bangka VII Bawah,-6.24850023,106.81176596,,,,,,True,,,Mampang Prapatan,Pela Mampang
rth-cbc096b84cc1,SDN PELA MAMPANG 14 PAGI,taman,Jakarta Selatan,Jl. Bangka X No. 47 Rt.004/Rw.007,-6.25251442,106.8114574,,,,,,True,,,Mampang Prapatan,Pela Mampang
rth-28c9173a9d64,SDN TEGAL PARANG 01 PAGI,taman,Jakarta Selatan,Jl. Mampang Prapatan VIII,-6.24896695,106.82980162,,,,,,True,,,Mampang Prapatan,Mampang Prapatan
rth-f08868bbca47,SDN TEGAL PARANG 05 PAGI,taman,Jakarta Selatan,Jl. Mampang Prapatan VI No. 36,-6.2463855,106.83327764,,,,,,True,,,Mampang Prapatan,Tegal Parang
rth-f49e6196c614,SDN TEGAL PARANG 06 PAGI,taman,Jakarta Selatan,Jl. Mampang Prapatan XIII,-6.25116958,106.82520004,,,,,,True,,,Mampang Prapatan,Tegal Parang
rth-676557f922fa,SMPN 43,taman,Jakarta Selatan,Jl. Kapten Tendean No. 1,-6.24029712,106.8262665,,,,,,True,,,Mampang Prapatan,Mampang Prapatan
rth-ddca5eb347f3,SMPN  104,taman,Jakarta Selatan,Jl. Mampang Prapatan VIII,-6.25109765,106.82464266,,,,,,True,,,Mampang Prapatan,Tegal Parang
rth-e99ef74b776b,SMPN 124,taman,Jakarta Selatan,Jl. Kemang Timur I/5,-6.2589813,106.82598536,,,,,,True,,,Mampang Prapatan,Bangka
rth-e58fed641a2b,SMPN 141,taman,Jakarta Selatan,Jl. Pondok Jaya VIII,-6.24891551,106.82211844,,,,,,True,,,Mampang Prapatan,Tegal Parang
rth-d45bdbc299e1,SMPN 247,taman,Jakarta Selatan,Jl. Mampang Prapatan XIII,-6.25056926,106.82490634,,,,,,True,,,Mampang Prapatan,Tegal Parang
rth-1f183ca6b91b,SMAN 60,taman,Jakarta Selatan,Jl. Kemang Timur I No.5,-6.25887041,106.82518742,,,,,,True,,,Mampang Prapatan,Bangka
rth-d7195b507138,SMP Negeri 71,taman,Jakarta Pusat,Jl. Rawasari Timur No.12,-6.18499912,106.87402977,,,,,,True,,,Cempaka Putih,Cempaka Putih Timur
rth-11ca4a891dd4,SDN Cempaka Putih Barat 05,taman,Jakarta Pusat,Jl. Cempaka III No. 44,-6.17880923,106.86022586,,,,,,True,,,Cempaka Putih,Cempaka Putih Barat
rth-e081551c14a1,SDN CIPINANG MELAYU 01,taman,Jakarta Timur,JL. TRIKORA III HALIM PK,-6.2415951,106.88494756,,,,,,True,,,Makasar,Cipinang Melayu
rth-3fa8feffc5f0,SDN Paseban 05,taman,Jakarta Pusat,Jl. Kramat Sawah VI,-6.18930588,106.85292386,,,,,,True,,,Senen,Paseban
rth-9368d0935bfa,SDN CIPINANG MELAYU 09/10,taman,Jakarta Timur,Jl. Elang Thainesia III Komp. AURI Curug Indah Cipinang Melayu,-6.25375796,106.91497072,,,,,,True,,,Makasar,Cipinang Melayu
rth-67b0cde74df8,SMP NEGERI 190 JAKARTA,taman,Jakarta Barat,Jl. Prepedan Kamal Kec. Kalideres,-6.10862544,106.70244813,,,,,,True,,,Kalideres,Kamal
rth-c896dadc4f16,SDN KAMAL 07 PAGI`,taman,Jakarta Barat,Jl Prepedan RT 004/007,-6.10872694,106.70278352,,,,,,True,,,Cengkareng,Kamal
rth-739f4c0c358d,SDN MAKASAR 06,taman,Jakarta Timur,"JL. PUSDIKLAT DEPNAKER NO.1 RT 006 RW 005, JAKARTA TIMUR",-6.27920803,106.87894245,,,,,,True,,,Makasar,Makasar
rth-3575b103f057,SDN Kebon Kosong 17,taman,Jakarta Pusat,Jl. Ketapang Baru III,-6.16330584,106.85054179,,,,,,True,,,Kemayoran,Kebon Kosong
rth-50457a3c9e46,SMPN 176,taman,Jakarta Barat,Jl Raya Duri Kosambi,-6.18237957,106.72038866,,,,,,True,,,Cengkareng,Duri Kosambi
rth-614fb74b07fc,SDN DURI KOSAMBI 02 PAGI,taman,Jakarta Barat,JL. Raya Duri Kosambi Rt.005 Rw.01 Kel. Duri Kosambi Kec. Cengkareng,-6.17031797,106.72319021,,,,,,True,,,Cengkareng,Duri Kosambi
rth-867c4783a1e7,SDN KEBON PALA 14,taman,Jakarta Timur,JL. SD INPRES RT.003/004 KEBON PALA,-6.25646924,106.88215264,,,,,,True,,,Makasar,Kebon Pala
rth-de03d4daa8fa,SDN CIPINANG MELAYU 03,taman,Jakarta Timur,Jl. Kartika Eka Paksi KPAD KODAM Kelurahan Cipinang Melayu,-6.25142924,106.91775291,,,,,,True,,,Makasar,Cipinang Melayu
rth-a3e5cf0009ec,SMP Negeri 132 Jakarta,taman,Jakarta Barat,Jl.Tawang Mangu No.2 Rt.002 Rw.006,-6.15356981,106.75936191,,,,,,True,,,Cengkareng,Kedaung Kali Angke
rth-f5d6f3c92f19,SMP NEGERI 22 JAKARTA BARAT,taman,Jakarta Barat,"Jl. Jembatan Batu No.74, Tamansari Jakarta Barat",-6.13853237,106.81601947,,,,,,True,,,Taman Sari,Pinangsia
rth-fa84d5995138,SDN CIPINANG MELAYU 04,taman,Jakarta Timur,JL. KARTIKA EKA PAKSI KPAD JATIWARINGIN KEL. CIPINANG MELAYU,-6.25188321,106.91713538,,,,,,True,,,Makasar,Cipinang Melayu
rth-301d57c31124,SMPN 275,taman,Jakarta Timur,"Jl. Jengki Cipinang Asem Kebon Pala, Makasar, Jakarta Timur 13650",-6.25948077,106.87753748,,,,,,True,,,Makasar,Kebon Pala
rth-14a41383bddc,SMKN 11,taman,Jakarta Barat,Jln. Pinagsia Raya,-6.14056663,106.81658062,,,,,,True,,,Taman Sari,Pinangsia
rth-82891f188c05,RTH IV Gedung Dinas Pendidikan,taman,Jakarta Selatan,Jl. Gatot Subroto Kav 40 - 41,-6.23569954,106.82673242,,,,,,True,,,Setiabudi,Kuningan Timur
rth-31b12f2c96be,"SDN Pesanggrahan 02 , 03",taman,Jakarta Selatan,"Jln. Raya Kodam Bintaro, Rt.06/03 Pesanggrahan",-6.26142508,106.75840761,,,,,,True,,,Pesanggrahan,Pesanggrahan
rth-50d837660bc1,RTH V Gedung Dinas Pendidikan,taman,Jakarta Selatan,JL. Gatot Subroto Kav 40 - 41,-6.23523375,106.82637788,,,,,,True,,,Setiabudi,Kuningan Timur
rth-4d31b978ca4a,SMP Negeri 177 Jakarta,taman,Jakarta Selatan,"Jln. Raya Kodam Bintaro, Rt.06/03 Pesanggrahan",-6.26195062,106.75742934,,,,,,True,,,Pesanggrahan,Pesanggrahan
rth-d0d4818cd702,"SDN Pesanggrahan 04, 07",taman,Jakarta Selatan,JL. PONDOK INDAH NO.35 RT.12 RW.02,-6.25422504,106.75734478,,,,,,True,,,Pesanggrahan,Pesanggrahan
rth-e6fade87b478,SDN BANGKA 07 PAGI,taman,Jakarta Selatan,Jl. Kemang Timur XI No. 1B,-6.26596997,106.82720255,,,,,,True,,,Mampang Prapatan,Bangka
rth-f775fea57c2b,SDN Johar Baru 17,taman,Jakarta Pusat,Jl. Kramat Jaya Baru Gg. VIII,-6.18227069,106.85200227,,,,,,True,,,Johar Baru,Johar Baru
rth-774b2da2faf4,PKBM Negeri 01,taman,Jakarta Pusat,Jl. Kebon Kosong Raya No. 25,-6.16479037,106.84829166,,,,,,True,,,Kemayoran,Kebon Kosong
rth-09cb6ed7284b,RTH I Gedung Dinas Pendidikan,taman,Jakarta Selatan,JL. Gatot Subroto Kav 40 - 41 Kuningan Timur Jakarta Selatan,-6.2358019,106.82632675,,,,,,True,,,Setiabudi,Kuningan Timur
rth-ec7960a6c64c,RTH II Gedung Dinas Pendidikan,taman,Jakarta Selatan,Jl. Gatot Subroto Kav 40 - 41 Kuningan Timur Jakarta Selatan,-6.23545396,106.8259326,,,,,,True,,,Setiabudi,Kuningan Timur
rth-28c745f097e1,SDN Binatro 03,taman,Jakarta Selatan,"Jln. Rawa Papan, Rt. 14/06 No. 39 Bintaro Pesanggrahan",-6.26462233,106.75954432,,,,,,True,,,Pesanggrahan,Bintaro
rth-e4c9abf584a4,RTH III Gedung Dinas Pendidikan,taman,Jakarta Selatan,JL. Gatot Subroto Kav 40 - 41,-6.23510348,106.82643118,,,,,,True,,,Setiabudi,Kuningan Timur
rth-da861e1429b0,SMA Negeri 86 Jakarta,taman,Jakarta Selatan,"Jln. Bintaro Permai, Rt. 08/02 No. 36 Bintaro Pesanggrahan",-6.2618733,106.76131183,,,,,,True,,,Pesanggrahan,Bintaro
rth-0371c59c7a44,SDN KAMAL 01 PAGI,taman,Jakarta Barat,Jl Kebun Dua Ratus Rt 003/06,-6.09977382,106.70420051,,,,,,True,,,Kalideres,Kamal
rth-00d645a55c01,SDN Kenari 07,taman,Jakarta Pusat,Jl. Salemba Raya No. 18,-6.19883167,106.85008303,,,,,,True,,,Senen,Kenari
rth-1ccda38095b7,SMPN 224,taman,Jakarta Barat,Jln. SMPN.224 Kebon Dua Ratus,-6.09718858,106.70137472,,,,,,True,,,Kalideres,Kamal
rth-daf712b392dd,SMP Negeri 156,taman,Jakarta Pusat,Jl. Kramat Pulo Gundul III No. 4,-6.18246809,106.85056564,,,,,,True,,,Johar Baru,Johar Baru
rth-00298f14d37d,SDN KUNINGAN BARAT 01 PAGI,taman,Jakarta Selatan,"Jl. PLN Kuningan Barat I, Mampang Prapatan",-6.23661426,106.82102443,,,,,,True,,,Mampang Prapatan,Kuningan Barat
rth-c9fadd78ba65,SDN MAMPANG PRAPATAN 01 PAGI,taman,Jakarta Selatan,Jl. Tegal Parang Utara III,-6.24489306,106.83509144,,,,,,True,,,Mampang Prapatan,Tegal Parang
rth-8b0a6d5788a5,SDN MAMPANG PRAPATAN 02 PAGI,taman,Jakarta Selatan,Jl. Mampang Prapatan IV/5,-6.24477575,106.82854576,,,,,,True,,,Mampang Prapatan,Mampang Prapatan
rth-3535e7b62eda,SDN MAMPANG PRAPATAN 03 PAGI,taman,Jakarta Selatan,Jl. Kapten Tendean Gg. Kamboja No. 44,-6.24195447,106.82946955,,,,,,True,,,Mampang Prapatan,Mampang Prapatan
rth-9eccd01d4bd9,SDN PELA MAMPANG 03 PAGI,taman,Jakarta Selatan,Jl. Pondok Karya IX No. 9A,-6.24439009,106.82165083,,,,,,True,,,Mampang Prapatan,Pela Mampang
rth-562c118cd153,SMK Negeri 54,taman,Jakarta Pusat,Jl. Bendungan Jago No. 53,-6.15592,106.86033354,,,,,,True,,,Kemayoran,Serdang
rth-957bc21f5c6e,SMP NEGERI 152 JAKARTA,taman,Jakarta Utara,"JL Haji Hamsir Sunter Jaya Tanjung Priok, Jakarta, DKI Jakarta",-6.15610253,106.86777133,,,,,,True,,,Tanjung Priok,Sunter Jaya
rth-9a29cdd59137,RTH I Gedung Mebza,taman,Jakarta Pusat,Jl. Salemba Raya No. 18,-6.19728245,106.85127919,,,,,,True,,,Senen,Kenari
rth-c6a17f81b83d,RTH II Gedung Menza,taman,Jakarta Pusat,Jl. Salemba Raya No. 18 Senen Jakarta Pusat,-6.19752948,106.85136817,,,,,,True,,,Senen,Kenari
rth-276648fc2b5e,SMPN 268,taman,Jakarta Timur,JL SD INPRES,-6.2580327,106.88142248,,,,,,True,,,Makasar,Kebon Pala
rth-9ae23914aa9b,RTH III Gedung Menza,taman,Jakarta Pusat,JL. Salemba Raya NO. 18,-6.19774449,106.85106707,,,,,,True,,,Senen,Kenari
rth-5c10742ffdd2,RTH IV Gedung Menza,taman,Jakarta Pusat,JL. Salemba Raya No. 18,-6.19761129,106.85104593,,,,,,True,,,Senen,Kenari
rth-8a3e21f21d2e,SMA Negeri 56 Jakarta,taman,Jakarta Barat,Jl. Kamal Raya,-6.11969316,106.72047063,,,,,,True,,,Cengkareng,Kamal
rth-5c8fab2df904,SDN CIPETE UTARA 15 PAGI,taman,Jakarta Selatan,Jl. Sawo III No. 8,-6.26251015,106.80275055,,,,,,True,,,Kebayoran Baru,Cipete Utara
rth-f1cf285ef5f2,RTH V Gedung Menza,taman,Jakarta Pusat,JL. Salemba Raya NO. 18,-6.19748819,106.85111809,,,,,,True,,,Senen,Kenari
rth-2b25382f0109,SDN GANDARIA UTARA 01,taman,Jakarta Selatan,Jl. Gotong Royong II Rt.003/06,-6.2591752,106.79445176,,,,,,True,,,Kebayoran Baru,Cipete Utara
rth-4d8d8bce53ac,RTH VI Gedung Menza,taman,Jakarta Pusat,JL. Salemba Raya No. 18,-6.19741306,106.85104646,,,,,,True,,,Senen,Kenari
rth-994ba7a24557,SDN KEDAUNG KALIANGKE 14,taman,Jakarta Barat,Jl. Zamrud RT. 012/007,-6.14362315,106.75102553,,,,,,True,,,Cengkareng,Kedaung Kali Angke
rth-43b96c3795b1,SDN GANDARIA UTARA 03,taman,Jakarta Selatan,SDN GANDARIA UTARA 03,-6.26198032,106.79264848,,,,,,True,,,Kebayoran Baru,Gandaria Utara
rth-3b50751ecf0b,SDN GANDARIA UTARA 08,taman,Jakarta Selatan,Jl. Kamboja No.4 Gandaria Utara,-6.25776994,106.78812407,,,,,,True,,,Kebayoran Baru,Gandaria Utara
rth-182759d03b44,SDN GANDARIA UTARA 11,taman,Jakarta Selatan,Jl. BRI Radio Dalam,-6.25821143,106.79105577,,,,,,True,,,Kebayoran Baru,Gandaria Utara
rth-38f5ae5b421f,SDN GUNUNG 01,taman,Jakarta Selatan,Jl. Bumi No. 19 Blok E,-6.23881121,106.78967313,,,,,,True,,,Kebayoran Baru,Gandaria Utara
rth-f0137849f81b,SDN GUNUNG  05,taman,Jakarta Selatan,Jl. Hang Lekir V/53,-6.23065381,106.79658876,,,,,,True,,,Kebayoran Baru,Gunung
rth-4b55405f0333,SDN Jelambar 03,taman,Jakarta Barat,Jl. Empang Bahagia X,-6.15847815,106.7893493,,,,,,True,,,Grogol Petamburan,Jelambar
rth-eb2458076fe9,SDSN CENGKARENG BARAT 19 PAGI,taman,Jakarta Barat,JL. Rawa Bengkel Rt.004/07,-6.14125404,106.72570451,,,,,,True,,,Cengkareng,Cengkareng Barat
rth-3d5ea7a16f11,SDN KRAMAT PELA 01 PAGI,taman,Jakarta Selatan,"Jl. Sungai Sambas II, Blok B",-6.248413,106.79673559,,,,,,True,,,Kebayoran Baru,Kramat Pela
rth-c1f03f0ea975,RTH VII Gedung Menza,taman,Jakarta Pusat,JL. Salemba Raya NO. 18,-6.19744332,106.85095611,,,,,,True,,,Senen,Kenari
rth-768f43e5de85,SDN Jelambar 01,taman,Jakarta Barat,Jl.Empang Bahagia Raya NO. 25 C,-6.1595858,106.78833663,,,,,,True,,,Grogol Petamburan,Jelambar
rth-528153fd5494,RTH VIII Gedung Menza,taman,Jakarta Pusat,JL. Salemba Raya NO. 18,-6.19751556,106.85088885,,,,,,True,,,Senen,Kenari
rth-e7c4619d015b,SDN KRAMAT PELA 07,taman,Jakarta Selatan,Jl. Gandaria Tengah II No. 1,-6.24441578,106.79049972,,,,,,True,,,Kebayoran Baru,Gandaria Utara
rth-0ea56a329e4a,SDN PENGGILINGAN 05,taman,Jakarta Timur,"Jl. Raya penggilingan - komplek PIK, Kel. Penggilingan kec. Cakung jakarta timur",-6.20535921,106.93038921,,,,,,True,,,Cakung,Penggilingan
rth-d2435622d76f,RTH IX Gedung Menza,taman,Jakarta Pusat,JL.  Salemba Raya NO. 18,-6.19759468,106.85088426,,,,,,True,,,Senen,Kenari
rth-8c29a60e3931,RTH X Gedung Menza,taman,Jakarta Pusat,JL. Salemba Raya NO. 18,-6.19763929,106.85092926,,,,,,True,,,Senen,Kenari
rth-2ea87e7d0a56,SDN CAKUNG BARAT 15,taman,Jakarta Timur,"Jl. Tipar Cakung, kp. Baru RT 12 Rw 08",-6.16569169,106.93344341,,,,,,True,,,Cakung,Cakung
rth-ac90d99748a8,RTH XI Gedung Menza,taman,Jakarta Pusat,JL. Salemba Raya NO. 18,-6.19751907,106.8512303,,,,,,True,,,Senen,Kenari
rth-3abd0f84b0a4,RTH XII Gedung Menza,taman,Jakarta Pusat,JL. Salemba Raya NO. 18,-6.19746278,106.85119863,,,,,,True,,,Senen,Kenari
rth-1163ae6198aa,SDN Cempaka Putih Barat 01,taman,Jakarta Pusat,Jl. Cempaka Putih Barat II/G,-6.17534439,106.86344463,,,,,,True,,,Cempaka Putih,Cempaka Putih Barat
rth-ba0ad3035258,RTH XIII Gedung Menza,taman,Jakarta Pusat,JL. Salemba Raya NO. 18,-6.19733707,106.85107401,,,,,,True,,,Senen,Kenari
rth-5e33bcad8a3f,SDN PULO 01 PAGI,taman,Jakarta Selatan,Jl. Jembatan Selatan Blok A,-6.25246916,106.79518781,,,,,,True,,,Kebayoran Baru,Pulo
rth-791084245a67,RTH XIV Gedung Menza,taman,Jakarta Pusat,JL. Salemba Raya NO. 18,-6.19730018,106.85100071,,,,,,True,,,Senen,Kenari
rth-c392281f125c,SDN PULO 07 PAGI,taman,Jakarta Selatan,"Jl. Brawijaya XII, Blok A",-6.25054891,106.80854114,,,,,,True,,,Kebayoran Baru,Pulo
rth-d485774e3815,RTH XV Gedung Menza,taman,Jakarta Pusat,JL. Salemba Raya NO. 18,-6.19722226,106.85112133,,,,,,True,,,Senen,Kenari
rth-6765f9d87085,SDN RAWA BARAT 05,taman,Jakarta Selatan,Jl. Birah III/3 Blok S,-6.23605017,106.81557856,,,,,,True,,,Kebayoran Baru,Rawa Barat
rth-0210cc1cdb43,RTH XVI Gedung Menza,taman,Jakarta Pusat,JL.  Salemba Raya NO. 18,-6.19707364,106.85105404,,,,,,True,,,Senen,Kenari
rth-411d0ec1967f,SDN RAWA BARAT 09 PAGI,taman,Jakarta Selatan,Jl. Citayam II Blok Q/I,-6.23613206,106.80981571,,,,,,True,,,Kebayoran Baru,Rawa Barat
rth-4bb3052acfb3,RTH XVII Gedung Menza,taman,Jakarta Pusat,JL. Salemba Raya NO. 18,-6.19730977,106.85079336,,,,,,True,,,Senen,Kenari
rth-77580c595d5d,RTH XVIII Gedung Menza,taman,Jakarta Pusat,JL. Salemba Raya NO. 18,-6.19733366,106.85091347,,,,,,True,,,Senen,Kenari
rth-14252207bc72,RTH VI Gedung Dinas Pendidikan,taman,Jakarta Selatan,Jl. Gatot Subroto Kav 40 - 41,-6.23558663,106.82652682,,,,,,True,,,Setiabudi,Kuningan Timur
rth-95a361a2e76a,SMP Negeri 235 Jakarta,taman,Jakarta Selatan,Jl. Pondok Indah Rt. 012/006 No. 101 Pesanggrahan,-6.25410433,106.75750258,,,,,,True,,,Pesanggrahan,Pesanggrahan
rth-c9aa28d7a756,"SDN Pesanggrahan 05, 09",taman,Jakarta Selatan,"Jln. H. Gari No.24, RT.1/RW.3 Pesanggrahan",-6.25292615,106.75973857,,,,,,True,,,Pesanggrahan,Pesanggrahan
rth-bedd683a9210,SMA Negeri 108 Jakarta,taman,Jakarta Selatan,Jl. Kesadaran Ulujami Rt. 06/02 Pesanggrahan,-6.25234282,106.76205359,,,,,,True,,,Pesanggrahan,Ulujami
rth-af0ab77668f6,SDN Cengkareng Timur 17 Pagi,taman,Jakarta Barat,Jl. Angsana Raya No. 46 Rt. 007/Rw. 12,-6.14724589,106.74043087,,,,,,True,,,Cengkareng,Cengkareng Timur
rth-60f151beb8e1,SMP Negeri 178 Jakarta,taman,Jakarta Selatan,"Jln. Mawar II No.3n, RT.3/RW.13 Rempoa Pesanggrahan",-6.28496002,106.76284322,,,,,,True,,,Pesanggrahan,Bintaro
rth-7157ec2d3b49,SMP Negeri 245 Jakarta,taman,Jakarta Selatan,"Jln. H. Muchtar Raya, Rt. 11/11 Pesanggrahan",-6.225722,106.73989122,,,,,,True,,,Pesanggrahan,Petukangan Utara
rth-64c3c10111ce,SMA Negeri 90 Jakarta,taman,Jakarta Selatan,"Jln. Sabar, Rt. 14/02 Pesanggrahan",-6.24323777,106.74827181,,,,,,True,,,Pesanggrahan,Petukangan Selatan
rth-1ac0597eb4af,SDN. Cengkareng Timur 10,taman,Jakarta Barat,Jln. Fajar Baru Selatan Rt.0012/05,-6.147005,106.7331225,,,,,,True,,,Cengkareng,Cengkareng Timur
rth-a6e9a4e37415,"SDN Petukangan Selatan 03, 05",taman,Jakarta Selatan,Jln. Kemajuan Rt. 14/03 Petukangan Selatan Pesanggrahan,-6.24317997,106.74876095,,,,,,True,,,Pesanggrahan,Petukangan Selatan
rth-ca4ab838e1c3,SMP Negeri 110 Jakarta,taman,Jakarta Selatan,"Jln. Kemajuan Blok D, Rt.06/04 No. 48 Pesanggrahan",-6.24166135,106.75384718,,,,,,True,,,Pesanggrahan,Petukangan Selatan
rth-039e4519458e,SMP Negeri 267 Jakarta,taman,Jakarta Selatan,"Jln. Mairin Swadarma Raya, Rt. 19/03 Pesanggrahan",-6.23189726,106.76434221,,,,,,True,,,Pesanggrahan,Ulujami
rth-b45966da0ea0,"SDN Ulujami 04,07",taman,Jakarta Selatan,Jln. Mairin Swadarma Raya No. 69 Rt. 10/03 Ulujami,-6.23151907,106.76460433,,,,,,True,,,Pesanggrahan,Ulujami
rth-6c82aab5ece9,SDN Ulujami 02,taman,Jakarta Selatan,"Jln. Swadarma Raya, RT.3/RW.8, Ulujami, Pesanggrahan",-6.2313462,106.76058065,,,,,,True,,,Pesanggrahan,Ulujami
rth-6921c985dd7f,SDN Bintaro 04,taman,Jakarta Selatan,"Jln. Rawa Papan, Rt. 12/06 No, 1 Bintaro Pesanggrahan",-6.27019188,106.75776056,,,,,,True,,,Pesanggrahan,Bintaro
rth-474ea88c2265,SDN Bintaro 09,taman,Jakarta Selatan,JL. MKJ III Bintaro,-6.28428566,106.76333332,,,,,,True,,,Pesanggrahan,Bintaro
rth-d48469635d0d,"SDN Bintaro 12, 13",taman,Jakarta Selatan,Jln. Kesehatan VI Rt.09/11 Kelurahan Bintaro Pesanggrahan,-6.27235426,106.76098394,,,,,,True,,,Pesanggrahan,Bintaro
rth-ad7d4ccc942b,SDN Semanan 01 Pagi,taman,Jakarta Barat,Jl. Raya Semanan Rt. 006/007,-6.15959278,106.7050998,,,,,,True,,,Cengkareng,Semanan
rth-c98d876c2850,"SDN Petukangan Utara 01, 02, 03, 04",taman,Jakarta Selatan,"Jln. Masjid Darul Falah, Rt. 01/11 Petk. Utara Pesanggrahan",-6.22667556,106.7529684,,,,,,True,,,Pesanggrahan,Petukangan Utara
rth-20054607a58e,SDN Semanan 05 Pagi,taman,Jakarta Barat,Kp. Gaga Rt. 001/003,-6.17094715,106.69856474,,,,,,True,,,Kalideres,Semanan
rth-fed64a916949,SMA Negeri 63,taman,Jakarta Selatan,"Jln. AMD Manunggal V, Rt. 01/11 No. 57 Pesanggrahan",-6.22876838,106.74872744,,,,,,True,,,Pesanggrahan,Petukangan Utara
rth-782f063dabff,SDN Petukangan Utara 05,taman,Jakarta Selatan,Jln. H. Muchtar Raya Petukangan Utara Pesanggrahan,-6.22814061,106.74925825,,,,,,True,,,Pesanggrahan,Petukangan Utara
rth-c67a281754b2,SDN Semanan 04 Pagi,taman,Jakarta Barat,Jl. Gaga RT. 004/009,-6.17184823,106.69694745,,,,,,True,,,Kalideres,Semanan
rth-bc04b094c8a2,"SDN Petukangan Utara 06, 07",taman,Jakarta Selatan,"Jln. Palem Raya, Rt. 02/08 Petukangan Utara Pesanggrahan",-6.22474672,106.75833292,,,,,,True,,,Pesanggrahan,Petukangan Utara
rth-475aaa456d18,SD Negeri Kebon Bawang 01 Pg,taman,Jakarta Utara,"Jalan Kebon Bawang 13, Tanjung Priok",-6.11484729,106.88637014,,,,,,True,,,Tanjung Priok,Tanjung Priok
rth-d90d8a83d662,SDN Petukangan Utara 08,taman,Jakarta Selatan,Jln. H. Gaim Petukangan Utara Pesanggrahan,-6.23222534,106.74857751,,,,,,True,,,Pesanggrahan,Petukangan Utara
rth-87fc7bd3c516,"SDN Petukangan Utara 09, 10",taman,Jakarta Selatan,"Jln. H. Muhtar Raya, Rt. 11/01 Petukangan Utara Pesanggrahan",-6.23276766,106.74704107,,,,,,True,,,Pesanggrahan,Petukangan Utara
rth-f9cbab49bef6,SMA Negeri 87 Jakarta,taman,Jakarta Selatan,"Jln. Mawar II, Rt. 01/13 No. 3 Pesanggrahan",-6.28666437,106.76122786,,,,,,True,,,Pesanggrahan,Bintaro
rth-1c561fd94c4a,SDN Ulujami 06,taman,Jakarta Selatan,Jln. Kampung Baru V Ulujami Pesanggrahan,-6.22495666,106.76345022,,,,,,True,,,Pesanggrahan,Ulujami
rth-8bf8d761d6e3,"SDN Petukangan Selatan 01, 02, 06, 08",taman,Jakarta Selatan,"Jl. Sangrila Indah II, Petukangan Selatan Pesanggrahan",-6.24379647,106.76009027,,,,,,True,,,Pesanggrahan,Petukangan Selatan
rth-587a6b7b621d,SDN Pesanggrahan 10,taman,Jakarta Selatan,JL. CENEK NO. 15 KODAM BINTARO,-6.25933881,106.75709805,,,,,,True,,,Pesanggrahan,Pesanggrahan
rth-b8b2f2ed8b2f,"SDN Ulujami 01, 05",taman,Jakarta Selatan,"Jl. H. Buang, RT.7/RW.7, Ulujami",-6.24640139,106.76812366,,,,,,True,,,Pesanggrahan,Ulujami
rth-e51eb61fa0b5,SDN Cempaka Putih Barat 17,taman,Jakarta Pusat,Jl. Cempaka Putih Barat XIV F 15,-6.17995511,106.86664653,,,,,,True,,,Cempaka Putih,Cempaka Putih Barat
rth-47a12a3c59cc,SDN Pesanggrahan 01,taman,Jakarta Selatan,"Jln. Penerangan IV, Rt. 01/02 Petukangan Selatan Pesanggrahan",-6.25011765,106.75396415,,,,,,True,,,Pesanggrahan,Petukangan Selatan
rth-34e2d8172a96,SDN Bintaro 05,taman,Jakarta Selatan,"Jln. Komp. IKPN, RT.3/RW.4 Bintaro Pesanggrahan",-6.26141478,106.77208167,,,,,,True,,,Pesanggrahan,Pesanggrahan
rth-a9a2db708a02,SDN Sumur Batu 12,taman,Jakarta Pusat,JL. Nilam Raya No. 6,-6.16133742,106.86895934,,,,,,True,,,Kemayoran,Sumur Batu
rth-454b90e491e0,SMP Negeri 95,taman,Jakarta Utara,"Jl. Gang Geng 3, Tanjung Priok",-6.11554413,106.88143565,,,,,,True,,,Tanjung Priok,Sungai Bambu
rth-95a6310f8828,"SDN Cipedak 03, 05",taman,Jakarta Selatan,"Jl. Timbul, Rt. 06/05 Cipedak Jagakarsa",-6.34945186,106.80980148,,,,,,True,,,Jagakarsa,Cipedak
rth-edfe96dfd390,SDN Tanah Tinggi 03,taman,Jakarta Pusat,Jl. Tanah Tinggi II/8,-6.17614136,106.84694926,,,,,,True,,,Johar Baru,Tanah Tinggi
rth-d3aae3f68561,SDN Cakung Timur 02 Pagi,taman,Jakarta Timur,Jl. Tambun Rengas Rt.002/007,-6.16489522,106.96341742,,,,,,True,,,Cakung,Cakung Timur
rth-bbdf4f55ee59,SDN Lenteng Agung 07,taman,Jakarta Selatan,JL. RAYA DEPOK GG. SUBUR RT. 009/008,-6.34040011,106.83739206,,,,,,True,,,Jagakarsa,Lenteng Agung
rth-05bba988b2c3,SDN CIPINANG BESAR SELATAN 19,taman,Jakarta Timur,Jl. PANCAWARGA 1 GANG 16 RT 07/03,-6.22712118,106.88728059,,,,,,True,,,Jatinegara,Cipinang Besar Selatan
rth-4d588333ca2c,SDN CIPETE UTARA 01 PAGI,taman,Jakarta Selatan,Jl. RS. Fatmawati Rt.002/Rw.05 No. 1,-6.26549527,106.79793813,,,,,,True,,,Kebayoran Baru,Cipete Utara
rth-8e36d1d40fb1,SDN PULOGEBANG 11,taman,Jakarta Timur,JL. H. Hasan Rt. 13 Rw. 08,-6.20935304,106.94371223,,,,,,True,,,Cakung,Pulo Gebang
rth-e79689a87d82,SDN PENGGILINGAN 09,taman,Jakarta Timur,Jl. Mentibu Perum Aneka Elok Blok G Kel. Penggilingan kec. Cakung jakarta timur,-6.20057357,106.94040038,,,,,,True,,,Cakung,Penggilingan
rth-ae4bb82a9cf7,SDN CIPETE UTARA 05 PAGI,taman,Jakarta Selatan,Jl. Sawo III No. 8,-6.26184746,106.81042546,,,,,,True,,,Kebayoran Baru,Cipete Utara
rth-0c70390c8079,SDN CIPETE UTARA 09 PAGI,taman,Jakarta Selatan,Jl. Kirai Ujung No. 1 Cipete Utara,-6.25868318,106.80356999,,,,,,True,,,Kebayoran Baru,Cipete Utara
rth-c5c694d9a231,SMP Negeri 76,taman,Jakarta Pusat,Jl. Percetakan Negara II,-6.18821535,106.85688321,,,,,,True,,,Johar Baru,Johar Baru
rth-e1bca35940c6,SDN CIPINANG MELAYU 07/08,taman,Jakarta Timur,JL. INSPEKSI TARUM BARAT NO. 113,-6.24535566,106.89826138,,,,,,True,,,Makasar,Cipinang Melayu
rth-5e9fc2194276,SDN CIPINANG MELAYU 05,taman,Jakarta Timur,JL. INSPEKSI TARUM BARAT,-6.24478818,106.89843712,,,,,,True,,,Makasar,Cipinang Melayu
rth-3597c5568db0,SDN KEBON PALA 11,taman,Jakarta Timur,JL. SD INPRES NO. 28 RT. 014/004,-6.25740116,106.88181024,,,,,,True,,,Makasar,Kebon Pala
rth-6ddf8cf74d1e,SDN KEBON PALA 12,taman,Jakarta Timur,JL. SD Inpres Rt.014 Rw.004,-6.25733547,106.8814494,,,,,,True,,,Makasar,Kebon Pala
rth-71489e855895,SDN KEBON PALA 13,taman,Jakarta Timur,"Jl. SD INPRES Rt.14 / Rw.04, KEBON PALA",-6.25773477,106.8812995,,,,,,True,,,Makasar,Kebon Pala
rth-c75310dd3c21,SDN KEBON PALA  03/04/05,taman,Jakarta Timur,"JL. JENGKI CIP. ASEM RT. 007 RW. 09 NO. 1, KEL. KEBON PALA",-6.26044749,106.87809958,,,,,,True,,,Makasar,Kebon Pala
rth-d9bc1ed3704e,SDN HALIM 01,taman,Jakarta Timur,JL. SQUADRON RAYA RT 07/05 HALIM PERDANAKUSUMA,-6.26703776,106.87798146,,,,,,True,,,Makasar,Halim Perdana Kusuma
rth-42c4ee5f2d6b,SMPN 214,taman,Jakarta Timur,JLN. RAWALI RAYA RT. 003/011,-6.25337197,106.89104556,,,,,,True,,,Makasar,Halim Perdana Kusuma
rth-ae41602c2969,SMPN 80 JAKARTA,taman,Jakarta Timur,JL. KAYATUN TRIKORA HALIM PERDANA KUSUMA,-6.24935805,106.88448476,,,,,,True,,,Makasar,Halim Perdana Kusuma
rth-8db155881dad,SD Negeri  Sunter Jaya 09,taman,Jakarta Utara,"Jl. Danau Indah  II, Tanjung Priok",-6.15207525,106.87972692,,,,,,True,,,Tanjung Priok,Sunter Jaya
rth-2d1f9830471e,SMP Negeri 130 Jakarta,taman,Jakarta Barat,Jl.KS Tubun I Kota Bambu,-6.18307406,106.80890195,,,,,,True,,,Pal Merah,Kota Bambu Utara
rth-83e09ad88c82,SDN TEBET BARAT 05,taman,Jakarta Selatan,Jl. Tebet Dalam III Tebet Barat,-6.22471815,106.84993202,,,,,,True,,,Tebet,Tebet Barat
rth-4322c3ce8e88,SDN TEBET BARAT 08 PAGI,taman,Jakarta Selatan,Jl. Tebet Barat X/4,-6.24146314,106.85011921,,,,,,True,,,Tebet,Tebet Barat
rth-475a41cb8266,SDN TEBET TIMUR 01 PAGI,taman,Jakarta Selatan,Jl. Tebet Timur I F No. 40,-6.23327716,106.8547114,,,,,,True,,,Tebet,Tebet Timur
rth-246ddf9ad0e4,SDN TEBET TIMUR 07,taman,Jakarta Selatan,Jl. Tebet Utara III Tebet Timur,-6.2250915,106.85345891,,,,,,True,,,Tebet,Tebet Timur
rth-a890cdabf51a,SDN TEBET TIMUR 11 PAGI,taman,Jakarta Selatan,Jl. Tebet Timur Dalam X,-6.23909881,106.85497987,,,,,,True,,,Tebet,Tebet Timur
rth-1ca96b704e61,SDN TEBET TIMUR 15 PAGI,taman,Jakarta Selatan,Jl. Tebet Timur Dalam III M,-6.22831317,106.85804627,,,,,,True,,,Tebet,Tebet Timur
rth-0d6c660a0dec,SDN TEBET TIMUR 17 PAGI,taman,Jakarta Selatan,Jl. Tebet Timur Dalam II G,-6.23044946,106.85563884,,,,,,True,,,Tebet,Tebet Timur
rth-2b66a08b7d97,SMP NEGERI 3,taman,Jakarta Selatan,Jl. Manggarai Utara III/6,-6.21247121,106.85525133,,,,,,True,,,Tebet,Manggarai
rth-c1ec9a886791,SMP NEGERI 15,taman,Jakarta Selatan,Jl. Prof. Soepomo,-6.23965453,106.84440062,,,,,,True,,,Tebet,Menteng Dalam
rth-abf761bba739,SMP NEGERI 33,taman,Jakarta Selatan,Jl. Menara Air I,-6.21814533,106.8516627,,,,,,True,,,Tebet,Manggarai
rth-4e786a6a0d00,SMP NEGERI 73,taman,Jakarta Selatan,Jl. Tebet Timur I F,-6.23580151,106.85541057,,,,,,True,,,Tebet,Tebet Timur
rth-94ea7d5b5893,SMP NEGERI 115,taman,Jakarta Selatan,Jl. Tebet Utara III,-6.22524738,106.85436654,,,,,,True,,,Tebet,Tebet Timur
rth-179f03a17299,SMP NEGERI 265,taman,Jakarta Selatan,Jl. Asem Baris II,-6.23260257,106.85883021,,,,,,True,,,Tebet,Kebon Baru
rth-7dd070df4387,SMA Negeri 8,taman,Jakarta Selatan,Jl. Taman Bukit Duri,-6.21786364,106.85916127,,,,,,True,,,Tebet,Bukit Duri
rth-96f16fb2c576,SDN.Tegal Alur 10,taman,Jakarta Barat,Jln. Kapuk Kamal Rt.004/08,-6.11544296,106.72454699,,,,,,True,,,Kalideres,Tegal Alur
rth-c95c966d6a93,SDN PANCORAN 01 PAGI,taman,Jakarta Selatan,Jl. Triloka XII Komplek TNI AU Pancoran,-6.24734087,106.83790895,,,,,,True,,,Pancoran,Pancoran
rth-bc51e1c05cb8,SDN. Pegadungan 01,taman,Jakarta Barat,Jln. Peta Barat No.47,-6.14231953,106.69588366,,,,,,True,,,Kalideres,Pegadungan
rth-03ea44cb8d3c,SDN PANCORAN 03 PAGI,taman,Jakarta Selatan,Jl. Pancoran Timur II B/21,-6.24779371,106.84820635,,,,,,True,,,Pancoran,Pancoran
rth-ab879619b3c1,SDN PANCORAN 05 PAGI,taman,Jakarta Selatan,Jl. Pancoran Timur II B/21,-6.2479018,106.84781175,,,,,,True,,,Pancoran,Pancoran
rth-6f4f494271f3,SDN PANCORAN 07 PAGI,taman,Jakarta Selatan,Jl. Pancoran Barat VIII A Rt. 009/Rw.003,-6.24726433,106.83604807,,,,,,True,,,Pancoran,Pancoran
rth-cb75db6e2906,SDN KEBON PALA 01/02,taman,Jakarta Timur,Jl. Cakrawala No. 1 Rt. 012/001 Kel. Kebon Pala,-6.26416925,106.88383495,,,,,,True,,,Makasar,Kebon Pala
rth-2ffe36a6acfd,SDN. Pegadungan 06,taman,Jakarta Barat,Jln. Irigasi Rt.008/01,-6.13633301,106.69290545,,,,,,True,,,Cengkareng,Pegadungan
rth-a266cc4937f2,SDN PANCORAN 08,taman,Jakarta Selatan,Jl.Pancoran Barat VIII,-6.24751968,106.83590049,,,,,,True,,,Pancoran,Pancoran
rth-43c507379407,SDN PANCORAN 10,taman,Jakarta Selatan,Jl. Pancoran Barat VIII A Rt. 009/Rw.003,-6.2474785,106.83617983,,,,,,True,,,Pancoran,Pancoran
rth-d69d7595e88d,SDN. Pegadungan 11,taman,Jakarta Barat,Jln. Peta Utara No.10 Rt.001/07,-6.14364898,106.70204444,,,,,,True,,,Kalideres,Pegadungan
rth-3aaa7e3162dd,SDN KEBON PALA 07/09,taman,Jakarta Timur,JL. PERMATA RT 07/05 KEBON PALA,-6.25399423,106.87517,,,,,,True,,,Makasar,Kebon Pala
rth-c2703dc53714,SDN PENGADEGAN 03 PAGI,taman,Jakarta Selatan,Jl. Pengadegan Timur I No. 2 Rt.001/Rw.001,-6.25062515,106.85892682,,,,,,True,,,Pancoran,Pancoran
rth-87d0d486c062,SDN PENGADEGAN 07 PAGI,taman,Jakarta Selatan,Jl. Pengadegan Barat XIII/47,-6.25067669,106.8529737,,,,,,True,,,Pancoran,Pengadegan
rth-7672367bdef8,SDN RAWAJATI 01 PAGI,taman,Jakarta Selatan,Jl. Rawajati Barat II/26,-6.26008684,106.85158331,,,,,,True,,,Pancoran,Rawajati
rth-93b092e485be,SDN. Kali Anyar 01,taman,Jakarta Barat,Jln. Kali Anyar IV Gg.1 Rt.005/03,-6.15584396,106.79885891,,,,,,True,,,Tambora,Kali Anyar
rth-d3fd7522fb83,SMA NEGERI 26,taman,Jakarta Selatan,Jl. Tebet Barat IV,-6.23368254,106.84861453,,,,,,True,,,Tebet,Tebet Barat
rth-8bcbc99aa94e,SMA NEGERI 37,taman,Jakarta Selatan,Jl. H. Kebon Baru,-6.23475352,106.85881468,,,,,,True,,,Tebet,Kebon Baru
rth-5f3e697e052a,SMK NEGERI 32,taman,Jakarta Selatan,Jl. Tebet Dalam IV/I,-6.2292444,106.84960857,,,,,,True,,,Tebet,Tebet Barat
rth-6d35da13350f,SDN.Tegal Alur 03,taman,Jakarta Barat,Jln. Menceng Raya Rt.003/011,-6.12274229,106.71978799,,,,,,True,,,Kalideres,Tegal Alur
rth-a435623cc8c7,SDN CIKOKO 01 PAGI,taman,Jakarta Selatan,Jl. Cikoko Barat IV No. 19,-6.2453594,106.85423622,,,,,,True,,,Pancoran,Cikoko
rth-1a0d889f9006,SDN CIKOKO 03 PAGI,taman,Jakarta Selatan,Jl. Cikoko Barat III No. 44,-6.24645835,106.85323113,,,,,,True,,,Pancoran,Cikoko
rth-58c56570cae8,SDN Duren Tiga 01 Pg.,taman,Jakarta Selatan,Jl. Pasar Minggu No. 100,-6.25369087,106.84226735,,,,,,True,,,Pancoran,Duren Tiga
rth-adb289e33676,SDN DUREN TIGA 05,taman,Jakarta Selatan,"Jl. Guru Alif, Duren Tiga",-6.25452713,106.83684463,,,,,,True,,,Pancoran,Duren Tiga
rth-1e0c109474cb,SDN DUREN TIGA 09,taman,Jakarta Selatan,Jl. Depan TMPN Kalibata,-6.25545078,106.8326681,,,,,,True,,,Pancoran,Duren Tiga
rth-d913fb45c670,SDN DUREN TIGA 13,taman,Jakarta Selatan,Jl. Kalibata Utara VI No. 28 Duren Tiga,-6.25927156,106.83465989,,,,,,True,,,Pancoran,Duren Tiga
rth-51ffdde11dbc,SDN KALIBATA 01 PAGI,taman,Jakarta Selatan,Jl. Darma Komplek POMAD Kalibata,-6.26311208,106.83640179,,,,,,True,,,Pancoran,Kalibata
rth-32739c8fed53,SDN KALIBATA 07,taman,Jakarta Selatan,Jl. Raya Pasar Minggu Komplek Garuda,-6.26031835,106.84740159,,,,,,True,,,Pancoran,Kalibata
rth-c97f8ff7b054,SDN KALIBATA 03,taman,Jakarta Selatan,"Jl. Kalibata Timur IV E, Kel. Kalibata",-6.26517967,106.83817026,,,,,,True,,,Pancoran,Kalibata
rth-fe0f5fc72526,SMAN. 94,taman,Jakarta Barat,Jln. Semanan Raya,-6.1677866,106.70224157,,,,,,True,,,Kalideres,Semanan
rth-5b7a02230acb,SDN KALIBATA 11 PG,taman,Jakarta Selatan,Jl. Kalibata Tengah No. 5,-6.2621107,106.84173381,,,,,,True,,,Pancoran,Kalibata
rth-ed45648fbcc4,SDN SELONG 04 PAGI,taman,Jakarta Selatan,Jl. Daksa IV No. 4 Selong,-6.2324621,106.80579132,,,,,,True,,,Kebayoran Baru,Selong
rth-ba896c9d9d5c,RTH XIX Gedung Menza,taman,Jakarta Pusat,JL.  Salemba Raya NO. 18,-6.19745048,106.85080205,,,,,,True,,,Senen,Kenari
rth-7de7a514dab7,SMPN 11,taman,Jakarta Selatan,Jl. Kerinci VII,-6.24024097,106.78944709,,,,,,True,,,Kebayoran Baru,Gunung
rth-5605a3334e95,SDN Serdang 11,taman,Jakarta Pusat,Jl. Kp. Irian II No. 24,-6.15656919,106.86183844,,,,,,True,,,Kemayoran,Serdang
rth-e1066fdd8d3d,RTH XX Gedung Menza,taman,Jakarta Pusat,JL. Salemba Raya NO. 18,-6.19752943,106.85079261,,,,,,True,,,Senen,Kenari
rth-25e726d0f55a,SDN Utan Kayu Selatan 05,taman,Jakarta Timur,Jl.Kramat Asem Raya No.64 Kel.Utan Kayu Selatan Matraman,-6.20321206,106.86949127,,,,,,True,,,Matraman,Utan Kayu Selatan
rth-793bff2c868d,SMPN 12,taman,Jakarta Selatan,Jl. Wijaya IX/50,-6.24919425,106.80307531,,,,,,True,,,Kebayoran Baru,Melawai
rth-908ba83ca602,PKBM Negeri 16,taman,Jakarta Pusat,Jl. Rawasari Timur I No. 43,-6.18359998,106.87222709,,,,,,True,,,Cempaka Putih,Cempaka Putih Timur
rth-733efeea7745,SDN CIPINANG BESAR SELATAN 18,taman,Jakarta Timur,Jl. Raya Griya Wartawan Kel. Cipinang besar Selatan kec. Jatinegara Jakarta timur,-6.22363658,106.88196826,,,,,,True,,,Jatinegara,Cipinang Besar Selatan
rth-730d7cac2a4d,SDN Rawaterate 01,taman,Jakarta Timur,Jl. Dr.Krt.Radjiman WD rt.10/04,-6.18788196,106.92362001,,,,,,True,,,Cakung,Rawa Terate
rth-5968840beebf,SDN Kebon Manggis 11,taman,Jakarta Timur,Jl. Kesatrian VIII No. 28 Rt. 008/003 Kel. Kebon Manggis Kec. Matraman,-6.21148726,106.85821041,,,,,,True,,,Matraman,Kebon Manggis
rth-85be54de31e7,SDN PULOGEBANG 20,taman,Jakarta Timur,"Jl. Palad Rawakuning Rt. 011,rw.007kec. Cakung jakarta timur",-6.20821121,106.95874529,,,,,,True,,,Cakung,Pulo Gebang
rth-b45d972d0246,SDN MAP HAR 01,taman,Jakarta Barat,JL. KEBON JERUK VII NO.5 KEL.MAPHAR KEC.TAMANSARI JAKARTA BARAT,-6.15673122,106.81940155,,,,,,True,,,Taman Sari,Maphar
rth-bd316b81e004,SDN Klender 22,taman,Jakarta Timur,"Jl. Buaran II No 49, kel. klender, Kec. Duren Sawit",-6.21839784,106.92017032,,,,,,True,,,Duren Sawit,Klender
rth-d441bc04c90c,SMPN 13,taman,Jakarta Selatan,Jl. Tirtayasa Raya No. 1,-6.24285528,106.80692319,,,,,,True,,,Kebayoran Baru,Melawai
rth-31a14205bdd6,SDN Duren Sawit 18,taman,Jakarta Pusat,Jl. Lingkar Duren Sawit Timur Jakarta Timur,-6.23206533,106.91844335,,,,,,True,,,Duren Sawit,Duren Sawit
rth-f25294215d55,SMPN 19,taman,Jakarta Selatan,Jl. Kerinci VII,-6.23962952,106.78972638,,,,,,True,,,Kebayoran Baru,Gunung
rth-e2dcb798b1c1,SDN Penggilingan 03,taman,Jakarta Timur,Jl. Raya Penggilingan Kav. 23-24 Penggilingan Kec. Cakung Jakarta Timur,-6.19642787,106.93561197,,,,,,True,,,Cakung,Penggilingan
rth-5ddccd15f897,SMPN 29,taman,Jakarta Selatan,Jl. Bumi Blok E,-6.24073652,106.78943487,,,,,,True,,,Kebayoran Baru,Gunung
rth-b22ee89ff95b,SDN PALMERIAM 01,taman,Jakarta Timur,"Jl. Kayumanis I Lama, Kel.Palmeriam, Kec.Matraman",-6.20671168,106.86014817,,,,,,True,,,Matraman,Palmeriam
rth-592e08e4675b,SDN Jatinegara 06,taman,Jakarta Timur,Jl. KRT Radjiman Widyodiningrat RT.12 RW.14 Kec. Cakung Jakarta Timur,-6.19870975,106.92617924,,,,,,True,,,Cakung,Jatinegara
rth-5353e287055a,SDN Malaka Jaya 10,taman,Jakarta Timur,"Jln. Nusa Indah 3 Rt 003 Rw 05 Kel. Malaka Jaya-Kec. Duren Sawit, Jakarta Timur",-6.22140097,106.93422123,,,,,,True,,,Duren Sawit,Malaka Jaya
rth-dc21ea93fe0e,SDN Utan Kayu Selatan 13,taman,Jakarta Timur,Jl. Galur Sari TImur rt 14 rw 01 Penggilingan Kec. Matraman Jakarta Timur,-6.20028205,106.8686272,,,,,,True,,,Matraman,Utan Kayu Selatan
rth-aa7bcff8635b,SMPN 240,taman,Jakarta Selatan,Jl. H. Raya No. 16 B,-6.26209719,106.79132805,,,,,,True,,,Kebayoran Baru,Gandaria Utara
rth-310e6e9ac600,SMP Negeri 250,taman,Jakarta Selatan,Jl. KH. Moch. Naim III,-6.26362311,106.80989728,,,,,,True,,,Kebayoran Baru,Cipete Utara
rth-7e5f2c9e118b,SDN CIPETE UTARA 13 PAGI,taman,Jakarta Selatan,Jl. K.H. Moch. Naim III/29,-6.26332793,106.81004793,,,,,,True,,,Kebayoran Baru,Cipete Utara
rth-a76d44afd4ef,SMAN 6,taman,Jakarta Selatan,Jl. Mahakam I No. 2 Blok C,-6.24277136,106.79728491,,,,,,True,,,Kebayoran Baru,Kramat Pela
rth-b5060923e407,SMA Negeri 46,taman,Jakarta Selatan,Jl. Masjid Darusalam,-6.25794287,106.795184,,,,,,True,,,Kebayoran Baru,Gandaria Utara
rth-76549f4fa6db,SMAN 70,taman,Jakarta Selatan,Jl. Bulungan Blok C,-6.2416509,106.79671308,,,,,,True,,,Kebayoran Baru,Melawai
rth-609bff0b0f5a,SMAN 82,taman,Jakarta Selatan,Jl. Daha II No. 15 A,-6.23137214,106.79958663,,,,,,True,,,Kebayoran Baru,Selong
rth-87da3df62433,SMKN 6,taman,Jakarta Selatan,Jl. Prof. Jokosutono,-6.24267821,106.80747442,,,,,,True,,,Kebayoran Baru,Melawai
rth-8ddf128ee0e0,SMKN 15,taman,Jakarta Selatan,Jl. Mataram I,-6.23318397,106.80184712,,,,,,True,,,Kebayoran Baru,Selong
rth-ea465f06e43c,SMKN 29,taman,Jakarta Selatan,Jl. Prof. Jokosutono,-6.23996735,106.80775628,,,,,,True,,,Kebayoran Baru,Selong
rth-3244783b806e,SMKN 30,taman,Jakarta Selatan,Jl. Pakubuono,-6.235083,106.79116071,,,,,,True,,,Kebayoran Baru,Gunung
rth-96468fe3b2aa,SDN BUKIT DURI 01,taman,Jakarta Selatan,Gg. SD Jl. Bukit Duri Tanjakan,-6.21926736,106.8592391,,,,,,True,,,Tebet,Bukit Duri
rth-4b41a91211c1,SDN BUKIT DURI 03,taman,Jakarta Selatan,Jl. Peruk No. 32 Bukit Duri Puteran Tebet,-6.2199413,106.85375636,,,,,,True,,,Tebet,Bukit Duri
rth-639ab65fc79d,SDN BUKIT DURI 05,taman,Jakarta Selatan,Jl. Peruk No. 32 Bukit Duri Puteran Tebet,-6.22035263,106.85404999,,,,,,True,,,Tebet,Bukit Duri
rth-d478c7430f16,SDN KEBON BARU 03,taman,Jakarta Selatan,Jl. Kp. Dalam Barat VI/3 Kebon Baru,-6.23064363,106.86084704,,,,,,True,,,Tebet,Kebon Baru
rth-6f8909a84357,SDN KEBON BARU 05,taman,Jakarta Selatan,Gudang Peluru Blok F Kebon Baru,-6.22795504,106.86024595,,,,,,True,,,Tebet,Kebon Baru
rth-c5925e1c1fdf,SDN KEBON BARU 07 PAGI,taman,Jakarta Selatan,Jl. Asem Baris II Kebon Baru,-6.23200105,106.8587197,,,,,,True,,,Tebet,Kebon Baru
rth-88077ec54ced,SDN KEBON BARU 11,taman,Jakarta Selatan,Jl. H. No.40 Kebon Baru,-6.23464843,106.86335174,,,,,,True,,,Tebet,Kebon Baru
rth-301580b87f7c,SDN MANGGARAI 01,taman,Jakarta Selatan,Jl. Manggarai Utara I/6,-6.21300837,106.85591518,,,,,,True,,,Tebet,Manggarai
rth-7049eb6faa01,SDN MANGGARAI 05 PAGI,taman,Jakarta Selatan,Jl. Swadaya I Rt. 013/Rw. 09,-6.2156075,106.8485307,,,,,,True,,,Tebet,Manggarai
rth-8be39f26b278,SDN MANGGARAI 09 PAGI,taman,Jakarta Selatan,Jl. Manggarai Selatan II,-6.21613422,106.85503821,,,,,,True,,,Tebet,Manggarai
rth-3998903a7d9a,SDN MANGGARAI SELATAN 01,taman,Jakarta Selatan,Gg. Rambutan Jl. Dr. Saharjo Manggarai Selatan,-6.2181057,106.84616773,,,,,,True,,,Tebet,Manggarai
rth-b5d3b9707b5a,SDN MANGGARAI SELATAN 03,taman,Jakarta Selatan,"Jl. Sederhana Casablanca, Manggarai Selatan",-6.22316569,106.85196222,,,,,,True,,,Tebet,Manggarai
rth-2b8e5de540c5,SDN MENTENG DALAM 01,taman,Jakarta Selatan,Jl. Menteng Pulo II Casablanca,-6.22459607,106.84102827,,,,,,True,,,Tebet,Menteng Dalam
rth-25828aa5e6ad,SDN MENTENG DALAM 05 PAGI,taman,Jakarta Selatan,"Jl. Prof. Supomo, Komplek Bir",-6.23916096,106.84372277,,,,,,True,,,Tebet,Menteng Dalam
rth-34e621e2a4e9,SDN MENTENG DALAM 07 PAGI,taman,Jakarta Selatan,Jl. Flamboyan I Rt.010/Rw.09 BBD Ujung,-6.23681553,106.84241088,,,,,,True,,,Tebet,Menteng Dalam
rth-90d4245ca0af,SDN MENTENG DALAM 11 PAGI,taman,Jakarta Selatan,"Jl. Prof. Supomo, Komplek Bir",-6.23549851,106.84350501,,,,,,True,,,Tebet,Menteng Dalam
rth-0815d8a799fb,SDN TEBET BARAT 01,taman,Jakarta Selatan,Jl. Tebet Barat Dalam VI,-6.23726382,106.84780767,,,,,,True,,,Tebet,Tebet Barat
rth-685f414d1814,SDN. Duri Kosambi 10,taman,Jakarta Barat,Jln. Duri Kosambi Rt.001/07 No.1,-6.16620178,106.72508303,,,,,,True,,,Cengkareng,Duri Kosambi
rth-5bc607cdd418,SDN. Cengkareng Timur 09,taman,Jakarta Barat,Jln. Fajar Baru Utara Rt.006/08,-6.14447524,106.73142689,,,,,,True,,,Cengkareng,Cengkareng Timur
rth-f64aa7139518,SDN. Cengkareng Timur 07,taman,Jakarta Barat,Jln. Fajar Baru Utara Rt.006/08,-6.14464797,106.73172201,,,,,,True,,,Cengkareng,Cengkareng Timur
rth-041f8d53b405,SDN PINANG RANTI 04,taman,Jakarta Timur,JL. SMA NEGERI 48. RT. 014/01. KEL. PINANG RANTI,-6.28778959,106.881623,,,,,,True,,,Makasar,Pinangranti
rth-86ae417fc9dc,SDN PINANG RANTI 05,taman,Jakarta Timur,JL. SMA NEGERI 48. RT. 014/01. KEL. PINANG RANTI,-6.28758515,106.8817845,,,,,,True,,,Makasar,Pinangranti
rth-e6b4bcaaaef2,SDN PINANG RANTI 07/08,taman,Jakarta Timur,"JL. PINANG RANTI II, RT. 014/01",-6.28790882,106.88090704,,,,,,True,,,Makasar,Pinangranti
rth-08ef6d92255d,SDN PINANG RANTI 09,taman,Jakarta Timur,Jl.Kampung Pulo RT 003/05 No.20 Kel.Pinang Ranti,-6.2785786,106.88446381,,,,,,True,,,Makasar,Pinangranti
rth-36284d688614,SMAN 9 JAKARTA,taman,Jakarta Timur,JL. SMU 9 HALIM PERDANA KUSUMA,-6.25875248,106.88143539,,,,,,True,,,Makasar,Kebon Pala
rth-f1c8fd7b9345,SMAN 67 JAKARTA,taman,Jakarta Timur,JL.SQUADRON HALIM PERDANAKUSUMAH,-6.27562575,106.88677884,,,,,,True,,,Makasar,Halim Perdana Kusuma
rth-d881190ade83,SMPN 128 JAKARTA,taman,Jakarta Timur,"Jl. Hercules Komp.Skadron Halim Perdanakusuma, Makasar, Jakarta Timur",-6.27871718,106.89023672,,,,,,True,,,Makasar,Halim Perdana Kusuma
rth-359be9432e96,SMPN 287 JAKARTA,taman,Jakarta Timur,SARBINI I,-6.28275593,106.88065933,,,,,,True,,,Makasar,Pinangranti
rth-df94633dd905,SMPN 109 JAKARTA,taman,Jakarta Timur,Jl. Kesehatan No. 105 KPAD Kel. Cipinang Melayu,-6.25277595,106.91463878,,,,,,True,,,Makasar,Cipinang Melayu
rth-68c7e3788146,SDN CIBUBUR 01,taman,Jakarta Timur,JL.MASJID RT.003/004,-6.35452393,106.87851216,,,,,,True,,,Ciracas,Cibubur
rth-19a3415070e5,SDN BALEKAMBANG 01,taman,Jakarta Timur,Jl. Munggang Rawa Elok Rt. 003 Rw. 001 Kelurahan Balekambang,-6.274907,106.85231178,,,,,,True,,,Kramatjati,Balekambang
rth-c8a37ac186fa,SDN BALEKAMBANG 03,taman,Jakarta Timur,JL. GARDU NO. 14 Rt. 01/02 Kel. Bale Kambang,-6.28325212,106.85171487,,,,,,True,,,Kramatjati,Balekambang
rth-a6e84707ee08,SDN BATU AMPAR 01,taman,Jakarta Timur,Jl. Raya Bogor RT 006/02,-6.27601723,106.86613619,,,,,,True,,,Kramatjati,Batu Ampar
rth-7412c7fac55f,SD Negeri Pejagalan 01 Pg,taman,Jakarta Utara,Jl. D Telok Gong,-6.13769388,106.77959136,,,,,,True,,,Penjaringan,Pejagalan
rth-f2082bd0f1b8,SDN KALISARI 02 PAGI,taman,Jakarta Timur,Jl. RAYA CIJANTUNG 4 KALISARI PASAR REBO JAKTIM,-6.33624534,106.85619637,,,,,,True,,,Pasar Rebo,Kalisari
rth-68db1069d2df,SDN DUKUH 01,taman,Jakarta Timur,Jl. Raya Pondok Gede RT 001/001 No. 10 Kel. Dukuh,-6.28737212,106.87399876,,,,,,True,,,Kramatjati,Dukuh
rth-b4e9258abc2f,SDN KEBAGUSAN 05 PT.,taman,Jakarta Selatan,Jl. Kebagusan Raya Rt.07/Rw.04,-6.30538009,106.82790911,,,,,,True,,,Pasar Minggu,Kebagusan
rth-17d28b0ef81d,SDN KALISARI 03,taman,Jakarta Timur,Jalan Asrama Yonkav I Cijantung IV,-6.33705102,106.84441799,,,,,,True,,,Pasar Rebo,Kalisari
rth-6af9bb57abd3,SDN DUKUH 04,taman,Jakarta Timur,JL. DUKUH V RT.02/04,-6.29720319,106.87913229,,,,,,True,,,Kramatjati,Dukuh
rth-9bc60937ca42,SDN CIJANTUNG 05 PAGI,taman,Jakarta Timur,JALAN PERTENGAHAN RT 09/07 CIJANTUNG,-6.32527503,106.85633661,,,,,,True,,,Pasar Rebo,Cijantung
rth-d815a16232f2,SDN GEDONG 01 PAGI,taman,Jakarta Timur,Jl. Trikora No.67 Rt.002 Rw.009 Kel. Gedong,-6.30212843,106.86726784,,,,,,True,,,Pasar Rebo,Gedong
rth-6291ea55fd4a,SDN DUKUH 05,taman,Jakarta Timur,JL. DUKUH V RT 008 RW 004 NO. 29 KELURAHAN DUKUH,-6.29900966,106.87909829,,,,,,True,,,Kramatjati,Dukuh
rth-8e3bd388a965,SDN CENGKAREN BARAT 05 PAGI,taman,Jakarta Barat,Jl Utama Raya no 41,-6.15026838,106.72302075,,,,,,True,,,Cengkareng,Cengkareng Barat
rth-2ef4d8e08628,SDN KALISARI 05 PAGI,taman,Jakarta Timur,Jl. Raya Kalisari RT 006 RW 02,-6.33172639,106.85335029,,,,,,True,,,Pasar Rebo,Kalisari
rth-e457dcb27e7e,SD Negeri Pademangan Barat 05 Pagi,taman,Jakarta Utara,"Jalan Satria 12, Pademangan",-6.14064909,106.83531886,,,,,,True,,,Pademangan,Pademangan Barat
rth-d1de695b58a5,SDN DUKUH 08,taman,Jakarta Timur,Jln penggilingan baru I rt 9 rw 3,-6.30126226,106.87667064,,,,,,True,,,Kramatjati,Dukuh
rth-4898935a06f7,SDN PEKAYON 01/02/07,taman,Jakarta Timur,"Jl. Raya bogor Km.27, Rt.01/04, Pekayon,Ps.Rebo, Jakarta Timur",-6.3400689,106.87018991,,,,,,True,,,Pasar Rebo,Pekayon
rth-83af903f7d2e,SDN Cengkareng Barat 11,taman,Jakarta Barat,Jl. Cendrawasih X No. 7 Rt. 006 / Rw. 007,-6.14432291,106.72015049,,,,,,True,,,Cengkareng,Cengkareng Barat
rth-94363d059c51,SDN PEKAYON 03 PAGI,taman,Jakarta Timur,Jalan Gandaria I RT. 008/09 Pekayon Pasar Rebo Jakarta Timur,-6.34515931,106.86257582,,,,,,True,,,Pasar Rebo,Pekayon
rth-8af3d879f2e1,SDN KELAPA DUA WETAN 01,taman,Jakarta Timur,Jl. Raya Kelapa Dua Wetan,-6.3435306,106.88615619,,,,,,True,,,Ciracas,Kelapa Dua Wetan
rth-45a5b9759ae4,SDN DUKUH 09,taman,Jakarta Timur,"JALAN BUMI PRATAMA RAYA RT 005/06 KOMP. BHP, KEL DUKUH",-6.29555393,106.87532386,,,,,,True,,,Kramatjati,Dukuh
rth-9a4daa40f2b2,SDN PEKAYON 05 PAGI,taman,Jakarta Timur,ASRAMA YONIF 201 JAYA YUDA JL. RAYA BOGOR KM.28 PEKAYON,-6.35191853,106.86612928,,,,,,True,,,Pasar Rebo,Pekayon
rth-adce27da676d,SDN KELAPA DUA WETAN 02,taman,Jakarta Timur,Jl. Kelapa Dua Wetan Rt 006/006,-6.34732118,106.88277336,,,,,,True,,,Ciracas,Kelapa Dua Wetan
rth-85d14dbcd488,SDN KRAMATJATI 01,taman,Jakarta Timur,JL. AL-AMIN RT09/06  KRAMAT JATI,-6.27040557,106.86993499,,,,,,True,,,Kramatjati,Kramatjati
rth-fbdb68419e6a,SDN PEKAYON 09/10,taman,Jakarta Timur,"JL. LAPAN RT 004 RW 09, PEKAYON",-6.34134692,106.86091313,,,,,,True,,,Pasar Rebo,Pekayon
rth-6c861bc16e5d,SDN PEKAYON 11 PAGI,taman,Jakarta Timur,"Jl. Gandaria I, RT 08/03, Kel. Pekayon, Kec. Pasar Rebo, Jakarta Timur",-6.34685566,106.86187071,,,,,,True,,,Pasar Rebo,Pekayon
rth-54cc0a28563d,SDN PEKAYON 15 PAGI,taman,Jakarta Timur,Jl. TELAGA RT. 009/013,-6.34604412,106.85584926,,,,,,True,,,Pasar Rebo,Pekayon
rth-0ba6b3551b1f,SDN KELAPA DUA WETAN 03,taman,Jakarta Timur,Jalan Nurul Hidayah RT 007 RW 012,-6.33586641,106.87932269,,,,,,True,,,Ciracas,Kelapa Dua Wetan
rth-990b8af1deb5,SDN KRAMATJATI 02,taman,Jakarta Timur,JL. BATU TUMBUH RT. 007 RW. 009,-6.27279793,106.86981797,,,,,,True,,,Kramatjati,Kramatjati
rth-a9404c1c665c,SDN PEKAYON 16 PAGI,taman,Jakarta Timur,JALAN SWADAYA RT 08 RW 10 JAKARTA TIMUR,-6.33522181,106.86314829,,,,,,True,,,Pasar Rebo,Pekayon
rth-54101056fb6c,SDN PEKAYON 18 PAGI,taman,Jakarta Timur,Jl tipar,-6.34558429,106.86951357,,,,,,True,,,Pasar Rebo,Pekayon
rth-3ff6a6719ad8,SDN MAKASAR 08/09,taman,Jakarta Timur,JL. MASJID AL-MUNIR RT.013 RW.002,-6.27152397,106.87534112,,,,,,True,,,Makasar,Makasar
rth-1f9461113da9,SDN RAWAJATI 03 PAGI,taman,Jakarta Selatan,Komplek Zeni AD VII Rawajati,-6.26099376,106.85638797,,,,,,True,,,Pancoran,Rawajati
rth-45e48f0569f0,SDN RAWAJATI 05 PAGI,taman,Jakarta Selatan,Jl. Komplek Zeni AD,-6.26129736,106.85655016,,,,,,True,,,Pancoran,Rawajati
rth-5e8e26fa71a2,SDN MAKASAR 01/02/03,taman,Jakarta Timur,JL. KERJA BAKTI RT.001/02 KEL. MAKASAR JAKARTA TIMUR,-6.27532104,106.87604781,,,,,,True,,,Makasar,Makasar
rth-1ef3ed3ebd3f,SDN.Tegal Alur 02,taman,Jakarta Barat,Jln. Mirinda Rt.005/07,-6.11800851,106.71321347,,,,,,True,,,Kalideres,Tegal Alur
rth-ae5f36d82ce6,SDN RAWAJATI 07 PAGI,taman,Jakarta Selatan,"Komp. Zeni AD, Jl. SD Rawajati 07 Rt.01/Rw.03",-6.26194251,106.85851568,,,,,,True,,,Pancoran,Rawajati
rth-a8db7532a0bc,SDN RAWAJATI 08 PAGI,taman,Jakarta Selatan,"Jl. Semangka, Komplek Kalibata Indah",-6.26600431,106.85318848,,,,,,True,,,Pancoran,Rawajati
rth-617c52220275,SMP Negeri 154,taman,Jakarta Selatan,Jl. Pengadegan Barat XIII,-6.25100179,106.85280132,,,,,,True,,,Pancoran,Pengadegan
rth-ba49ea3def8a,SDN MAKASAR 07,taman,Jakarta Timur,Jl. PUSDIKLAT DEPNAKER RT. 06/05,-6.27935829,106.87973615,,,,,,True,,,Makasar,Makasar
rth-b1ca248d495f,SMPN 155,taman,Jakarta Selatan,Jl. Cikoko Barat IV,-6.24577999,106.85420019,,,,,,True,,,Pancoran,Cikoko
rth-d5019fe82377,SDN. Kalideres 10,taman,Jakarta Barat,"Jln. Daan Mogot Km.15,6",-6.15465663,106.71242847,,,,,,True,,,Kalideres,Kalideres
rth-038634cecfa8,SMPN 182,taman,Jakarta Selatan,Jl. Kalibata Timur IV,-6.25979076,106.84678935,,,,,,True,,,Pancoran,Kalibata
rth-dbd2f114d4fc,SMPN 238,taman,Jakarta Selatan,Jl. Kalibata Utara VI No. 28 Duren Tiga,-6.25988288,106.83489908,,,,,,True,,,Pancoran,Kalibata
rth-18c3edcea378,SDN MAKASAR 05,taman,Jakarta Timur,"JL. DEPNAKER RT 010 RW 05, KEL/KEC. MAKASAR, JAKARTA TIMUR 13570",-6.28063488,106.87936003,,,,,,True,,,Makasar,Makasar
rth-a66479fc4f4c,SMAN 55,taman,Jakarta Selatan,Jl. Minyak Raya Duren Tiga,-6.25539295,106.83923897,,,,,,True,,,Pancoran,Duren Tiga
rth-e7a785ae5c5a,SDN PINANG RANTI 01,taman,Jakarta Timur,Jl. Raya pondok gede TMII pintu II,-6.2931247,106.88812753,,,,,,True,,,Makasar,Pinangranti
rth-068ba7ba8959,SDN. Kedaung Kaliangke 05,taman,Jakarta Barat,Jln. Tawang Mangu Rt.0010/03 No.41,-6.15271332,106.7601105,,,,,,True,,,Cengkareng,Kedaung Kali Angke
rth-82c2cc09331c,SDN. Kedaung Kaliangke 06,taman,Jakarta Barat,Jln. Tawang Mangu Rt.0010/03 No.41,-6.15280937,106.76065373,,,,,,True,,,Cengkareng,Kedaung Kali Angke
rth-0528d57819f6,SDN PINANG RANTI 02,taman,Jakarta Timur,Jl. Raya pondok gede TMII pintu II,-6.29394976,106.88578195,,,,,,True,,,Makasar,Pinangranti
rth-6233eb585642,SDN. Kedaung Kaliangke 10,taman,Jakarta Barat,Jln. Tawang Mangu Rt.009/06,-6.15270687,106.7596797,,,,,,True,,,Cengkareng,Kedaung Kali Angke
rth-e6a960bf5e8d,SDN. Kedaung Kaliangke 07,taman,Jakarta Barat,Jln. Pesing Poglar Rt.004/01,-6.15102225,106.77098049,,,,,,True,,,Cengkareng,Kedaung Kali Angke
rth-2c9151e14747,SDN CIBUBUR 03,taman,Jakarta Timur,JL. CIBUBUR I RT.03/01,-6.34506382,106.8740558,,,,,,True,,,Ciracas,Cibubur
rth-14467475a3ad,SDN CIBUBUR 04,taman,Jakarta Timur,"Jl. Cibubur I, Rt.03/01, Ciracas Jakarta Timur",-6.34463044,106.87394334,,,,,,True,,,Ciracas,Cibubur
rth-10354b83cc75,SDN CIBUBUR 09/10,taman,Jakarta Timur,"JL. BULAK RINGIN RT 006/03, KELURAHAN CIBUBUR",-6.35329758,106.8727402,,,,,,True,,,Ciracas,Cibubur
rth-863f07c98e12,SDN BATU AMPAR 02/03,taman,Jakarta Timur,JL. BATU AMPAR III RT.009/03,-6.27899997,106.86088258,,,,,,True,,,Kramatjati,Batu Ampar
rth-46ac3da74678,SDN CIBUBUR 11,taman,Jakarta Timur,JL. CIBUBUR I RT. 002 RW. 012,-6.34218925,106.87292476,,,,,,True,,,Ciracas,Cibubur
rth-262d72a4ab0b,SDN CIRACAS 01,taman,Jakarta Timur,JL. RAYA BOGOR KM.25 RT.005 RW.01 CIRACAS JAKARTA TIMUR,-6.32726914,106.86440332,,,,,,True,,,Ciracas,Ciracas
rth-983024efa28c,SDN BATU AMPAR 05,taman,Jakarta Timur,JALAN SMP 126 BATU AMPAR,-6.2652337,106.86060836,,,,,,True,,,Kramatjati,Batu Ampar
rth-50c4b3d99326,SDN CIRACAS 03,taman,Jakarta Timur,JL. RAYA CENTEX RT 003/03 CIRACAS,-6.32329552,106.8771087,,,,,,True,,,Ciracas,Ciracas
rth-06cdf15d68dc,SDN CIRACAS 05/06,taman,Jakarta Timur,JL.H.HANAFI RT.012/03 NO.36,-6.31751654,106.87953761,,,,,,True,,,Ciracas,Ciracas
rth-5ca1171cf9ca,Suku Dinas Pendidikan Menengah Kota Administrasi Jakarta Pusat,taman,Jakarta Pusat,Jl. Salemba Raya No. 15,-6.19342371,106.84947349,,,,,,True,,,Senen,Paseban
rth-d7e44b0d4a50,SDN BATU AMPAR 07,taman,Jakarta Timur,"Jl. SMP 126, Rt.06/03, Kel. Batu Ampar,Kec.Kramatjati, Jakarta Timur",-6.28437354,106.86225228,,,,,,True,,,Kramatjati,Batu Ampar
rth-9ee55704a211,SDN CIRACAS 07,taman,Jakarta Timur,Jalan Raya Centex Gang Kramat Rt 12/10 Kelurahan Ciracas Kecamatan Ciracas Jakarta Timur,-6.31801436,106.8771988,,,,,,True,,,Ciracas,Ciracas
rth-4256a33c7777,SDN CIRACAS 09,taman,Jakarta Timur,"Jl.  Raya Centex No. 19 RT. 010/03, Kel. Ciracas",-6.31977434,106.87986979,,,,,,True,,,Ciracas,Ciracas
rth-335f0f082834,Suku Dinas Pendidikan Wilayah II Kota Administrasi Jakarta Pusat,taman,Jakarta Pusat,Jl. Salemba Raya No. 15,-6.19363791,106.84944784,,,,,,True,,,Senen,Paseban
rth-de596ca2745b,SDN BATU AMPAR 08,taman,Jakarta Timur,JL. DAMAI RT 007/003,-6.29033238,106.8574988,,,,,,True,,,Kramatjati,Batu Ampar
rth-662e45b64ebe,SDN CIRACAS 11/15,taman,Jakarta Timur,Jl.Penganten Ali No.40 Rt.011 Rw.06 Kel.Ciracas Jakarta Timur,-6.32354881,106.88351585,,,,,,True,,,Ciracas,Ciracas
rth-a4699239da8b,SDN BATU AMPAR 09,taman,Jakarta Timur,JL. DAMAI RT.007/03 BATU AMPAR,-6.28967995,106.85722544,,,,,,True,,,Kramatjati,Batu Ampar
rth-e2bdd90154d1,SDN BARU 01/02 PAGI,taman,Jakarta Timur,JL. R.A. FADILLAH,-6.32037322,106.85034697,,,,,,True,,,Pasar Rebo,Baru
rth-d469ea43d362,SDN BATU AMPAR 10,taman,Jakarta Timur,JL. SMP 126 RT. 010/03 NO. 60,-6.28260419,106.86290428,,,,,,True,,,Kramatjati,Batu Ampar
rth-c1909ccb1811,SMAN 48,taman,Jakarta Timur,Jalan Pinang Ranti II,-6.28744134,106.882956,,,,,,True,,,Makasar,Pinangranti
rth-5a60419d3109,SDN BARU 03 PAGI,taman,Jakarta Timur,"Jl. Gotong Royong, RT. 07/01 Kel. Baru",-6.32463977,106.85406335,,,,,,True,,,Pasar Rebo,Baru
rth-ddfdbb3befe7,SMAN 81,taman,Jakarta Timur,"Jl. Kartika Eka Paksi KPAD Jatiwaringin, Cipinang Melayu, Makasar Jakarta Timur",-6.25095271,106.91813929,,,,,,True,,,Makasar,Cipinang Melayu
rth-2a51e0b4f268,SDN BARU 05 PAGI,taman,Jakarta Timur,JL. Puskesmas No. 34  Rt. 002/001 Kel. Baru,-6.32368688,106.85215848,,,,,,True,,,Pasar Rebo,Baru
rth-8b6396e5ba2f,SDN BATU AMPAR 11,taman,Jakarta Timur,JL. BATU AMPAR II RT.008/03 NO.88 KEL. BATU AMPAR,-6.28432092,106.85890039,,,,,,True,,,Kramatjati,Batu Ampar
rth-bc919f601570,SDN CIRACAS 13,taman,Jakarta Timur,JL. RAYA PONCOL GG. ASEM NO.3 CIRACAS,-6.32180189,106.87133002,,,,,,True,,,Ciracas,Ciracas
rth-a2f3aa79ff62,SDN BARU 06 PAGI,taman,Jakarta Timur,"Jln. Puskesmas Rt 006/007, Kel. Baru, Kec. Pasar Rebo, Jakarta Timur, 13780",-6.32339129,106.85183752,,,,,,True,,,Pasar Rebo,Baru
rth-29a6638c95c1,SDN BARU 08 PAGI,taman,Jakarta Timur,Jl. Sawo Rt 007 / 002 Keluarahan Baru,-6.32824672,106.84729167,,,,,,True,,,Pasar Rebo,Baru
rth-5e1ca1fb7c29,SDN BATU AMPAR 12,taman,Jakarta Timur,JALAN BATU AMPAR III RT 009/003 NO 2,-6.27828875,106.8608881,,,,,,True,,,Kramatjati,Batu Ampar
rth-d3f5293a5f85,SDN CIJANTUNG 01 PAGI,taman,Jakarta Timur,Jl.  Pertengahan rt.  006/007,-6.32594647,106.85582221,,,,,,True,,,Pasar Rebo,Cijantung
rth-895c20f73a39,SDN BATU AMPAR 13,taman,Jakarta Timur,JL. MASJID CONDET NO. 55 RT. 16/03. KEL. BATU AMPAR,-6.27981487,106.85780322,,,,,,True,,,Kramatjati,Batu Ampar
rth-8a204f9db406,SDN CIJANTUNG 02 PAGI,taman,Jakarta Timur,Jl. Pertengahan Gg. Kramat I RT 003/003 Cijantung,-6.32016304,106.857162,,,,,,True,,,Pasar Rebo,Cijantung
rth-1d8e4455f6a6,SDN CIJANTUNG 03 PAGI,taman,Jakarta Timur,JL. RA FADILLAH NO. 1,-6.31936692,106.8514215,,,,,,True,,,Pasar Rebo,Cijantung
rth-12a7fefd3265,SDN CAWANG 01,taman,Jakarta Timur,DEWI SARTIKA,-6.25578008,106.86236718,,,,,,True,,,Kramatjati,Cawang
rth-1d90bc1a54f6,SDN CIJANTUNG 06,taman,Jakarta Timur,Jl. Gongseng Raya RT. 10/01 Kel. Cijantung,-6.32759901,106.86216821,,,,,,True,,,Pasar Rebo,Cijantung
rth-71ad5f9c4b0f,SDN CAWANG 04,taman,Jakarta Timur,"Jl. Jaani Nasir Rt.10/01, Cawang, Jakarta Timur",-6.25046253,106.86802366,,,,,,True,,,Kramatjati,Cawang
rth-479be9859556,SDN GEDONG 03 PAGI,taman,Jakarta Timur,JL. RAYA CONDET RT 003/012,-6.29524193,106.855064,,,,,,True,,,Pasar Rebo,Gedong
rth-fdf7f4959071,SDN CAWANG 09,taman,Jakarta Timur,JLN. MESJID BENDUNGAN NO 64 RT 03 RW 007 NO 64,-6.2530934,106.86785066,,,,,,True,,,Kramatjati,Cawang
rth-d061a5b83dc3,SDN GEDONG 05 PAGI,taman,Jakarta Timur,JL SURILANG NO.8 RT 05/12,-6.29760549,106.85906598,,,,,,True,,,Pasar Rebo,Gedong
rth-02d2b1891424,SDN CILILITAN 01,taman,Jakarta Timur,"Jl. Kumbang Rt.02/05, No.57, Cililitan, Jakarta Timur",-6.26847993,106.8634699,,,,,,True,,,Kramatjati,Cililitan
rth-0b3849689d81,SDN GEDONG 08 PAGI,taman,Jakarta Timur,JL. TRIKORA RT/RW.003/09 NO. 74 KELURAHAN GEDONG,-6.30181274,106.86685267,,,,,,True,,,Pasar Rebo,Gedong
rth-b57bfe85b9a4,SDN GEDONG 10 PAGI,taman,Jakarta Timur,JL. H. TAIMAN BARAT II NO. 8 RT 5 RW 10 KELURAHAN GEDONG,-6.29700023,106.86327378,,,,,,True,,,Pasar Rebo,Gedong
rth-0c639fbbc4d8,SDN CILILITAN 02,taman,Jakarta Timur,Jl. Raya Condet Gg Anggrek No 40A Rt 005/06 Kel. Cililitan,-6.26482495,106.86063976,,,,,,True,,,Kramatjati,Cililitan
rth-331ba1a09a5a,SDN GEDONG 11 PAGI,taman,Jakarta Timur,Jl. H. Thaiman barat II,-6.29649449,106.86344901,,,,,,True,,,Pasar Rebo,Gedong
rth-3706ea558790,SDN CILANDAK TIMUR 03 PAGI,taman,Jakarta Selatan,Jl. Memed Raya Rt.14/Rw.005 Komplek Marinir,-6.30576788,106.81286599,,,,,,True,,,Pasar Minggu,Cilandak Timur
rth-117845bd0ad3,SDN GEDONG 12 PAGI,taman,Jakarta Timur,Jl. Raya Condet RT.007 RW.001 Kel. Gedong,-6.30109847,106.85669827,,,,,,True,,,Pasar Rebo,Gedong
rth-4c391e6064e5,SDN CILILITAN 03,taman,Jakarta Timur,Jl. Ciliwung Ujung Rt. 08/16 Kec. Kramat Jati,-6.26519375,106.85486395,,,,,,True,,,Kramatjati,Cililitan
rth-727566e22352,SDN KALISARI 01 PAGI,taman,Jakarta Timur,JL. RAYA KALISARI RT. 010 RW. 001 KELURAHAN KALISARI,-6.3358697,106.85477297,,,,,,True,,,Pasar Rebo,Kalisari
rth-63cf00fa8f55,SDN KEBAGUSAN 04 PAGI,taman,Jakarta Selatan,Jl. Kebagusan IP Rt.11/Rw.04,-6.31475824,106.83040458,,,,,,True,,,Pasar Minggu,Kebagusan
rth-667d96a5e4d6,SDN SUSUKAN 01/2,taman,Jakarta Timur,JL. MAKMU Rt. 009/02 Kel. Susukan Kec. Ciracas Jakarta Timur,-6.31106519,106.86555817,,,,,,True,,,Ciracas,Susukan
rth-74348d59170a,SMANU MH THAMRIN,taman,Jakarta Timur,Jalan Bambu Wulung Bambu Apus,-6.31631826,106.9027436,,,,,,True,,,Cipayung,Bambu Apus
rth-456e3db194fc,SMA NEGERI 64,taman,Jakarta Timur,Jalan Raya Cipayung Jakarta Timur,-6.3309433,106.89072304,,,,,,True,,,Cipayung,Cipayung
rth-efeba732f036,SMA NEGERI 113,taman,Jakarta Timur,"Jl. Al Baidho I, Monumen Pancasila Sakti, Lubang buaya, Cipayung",-6.29277636,106.90324654,,,,,,True,,,Cipayung,Lubang Buaya
rth-407d0b214ba9,SDN  LUBANG  BUAYA  05,taman,Jakarta Timur,"Jl. Yusufiah No.50, Rt.10/01, Lubang buaya, Cipayung",-6.28850556,106.8999946,,,,,,True,,,Cipayung,Lubang Buaya
rth-36716b0ff167,SMK NEGERI 24,taman,Jakarta Timur,"Jl. Bambu hitam , Bambu apus, Cipayung",-6.32190177,106.90035927,,,,,,True,,,Cipayung,Bambu Apus
rth-ff61c43ab0b0,SMK NEGERI 51/58,taman,Jakarta Timur,"Jl. SMEA N. 33 - SMIK, Bambu Apus, Cipayung, Jakarta Timur",-6.32029614,106.89860061,,,,,,True,,,Cipayung,Bambu Apus
rth-47743bc6c03a,SDN SUSUKAN 03/04/08,taman,Jakarta Timur,"Jl. H. Baping Rt.10/06, Susukan, Ciracas Jakarta Timur",-6.31306821,106.87435391,,,,,,True,,,Ciracas,Susukan
rth-55a07dffcb97,SDN  LUBANG  BUAYA  04,taman,Jakarta Timur,"Jl. Monumen Pancasila sakti No.12 Rt.01/02, Lubang buaya, Cipayung",-6.29131847,106.90649185,,,,,,True,,,Cipayung,Lubang Buaya
rth-31317c78ef15,SDN  LUBANG  BUAYA  03,taman,Jakarta Timur,"Jl. Albaido II No. IB Rt.04/06, Lubang buaya, Cipayung",-6.29703589,106.90167669,,,,,,True,,,Cipayung,Lubang Buaya
rth-685cc224f154,SDN  LUBANG  BUAYA  06,taman,Jakarta Timur,JLN. KRAMAT IV RT. 002/03 KEL. LUBANG BUAYA,-6.29818295,106.91065388,,,,,,True,,,Cipayung,Lubang Buaya
rth-67701b390cf9,SDN Tanah Sereal 03 Pagi,taman,Jakarta Barat,Jl. Tanah Sereal XIII/25,-6.15479176,106.80993267,,,,,,True,,,Tambora,Tanah Sereal
rth-cdbdb01a6703,SDN Kemayoran 01,taman,Jakarta Pusat,Jl. Kepu Dalam X,-6.16525188,106.84288575,,,,,,True,,,Kemayoran,Kemayoran
rth-b8bfa7e969ca,SDN JATIPULO 03,taman,Jakarta Barat,Jl. Semangka II No. 34 RT. 006/007,-6.1798135,106.80835534,,,,,,True,,,Pal Merah,Jatipulo
rth-33107517207c,SDN Kota Bambu 01,taman,Jakarta Barat,Komp. PJKA Pondok Bandung RT. 002/001,-6.18313351,106.80921858,,,,,,True,,,Pal Merah,Kota Bambu Utara
rth-50d1ba17038a,SDN Kemanggisan 03 Pagi,taman,Jakarta Barat,"Jl. Anggrek Garuda Blok E, Slipi",-6.19282456,106.79411242,,,,,,True,,,Pal Merah,Kemanggisan
rth-d2772a884ca4,SDN Kemanggisan 17 Pagi,taman,Jakarta Barat,Jl. PLN I Rt 002 Rw 009,-6.19215138,106.78409548,,,,,,True,,,Pal Merah,Kemanggisan
rth-38f9794d76d6,SDN Sumur Batu 14,taman,Jakarta Pusat,Jl. Nilam Raya No. 5,-6.16162129,106.86876534,,,,,,True,,,Kemayoran,Sumur Batu
rth-d968ea81a306,SDN Pejaten Barat 01 Pg.,taman,Jakarta Selatan,"Jalan Buncit Raya, Pejaten Barat, Pasar Minggu, RT.2/RW.7, Pejaten Bar., Ps. Minggu, Kota Jakarta Selatan, Daerah Khusus Ibukota Jakarta 12510",-6.27644116,106.83086053,,,,,,True,,,Pasar Minggu,Pejaten Barat
rth-01fd8fb6d3ea,SD Negeri Pademangan Timur 03,taman,Jakarta Utara,"Jl. Pademangan VI Gg,34,Pademangan",-6.13154959,106.84539064,,,,,,True,,,Pademangan,Pademangan Timur
rth-6082320b1c9e,SMP N 91,taman,Jakarta Timur,Jl. Raya Bogor Km. 28 Pekayon,-6.35143737,106.86549071,,,,,,True,,,Pasar Rebo,Pekayon
rth-04432301d121,SMP N 102,taman,Jakarta Timur,JL SEDERHANA RAYA CIJANTUNG II,-6.3098855,106.85838575,,,,,,True,,,Pasar Rebo,Gedong
rth-e4d86de79667,SMP N 103,taman,Jakarta Timur,Jl RA Fadhilah cijantung jakarta timur,-6.32039203,106.85088981,,,,,,True,,,Pasar Rebo,Cijantung
rth-7720468efcf1,SMP N 184,taman,Jakarta Timur,JL. LAPAN,-6.34067227,106.86318056,,,,,,True,,,Pasar Rebo,Pekayon
rth-d018043ad434,SDN KRAMATJATI 03,taman,Jakarta Timur,JL.MASJID AL-IHSAN RT.001/04 KRAMAT JATI,-6.26636971,106.86729363,,,,,,True,,,Kramatjati,Kramatjati
rth-bff4ef674e5a,SMP N 203,taman,Jakarta Timur,Jl. Raya Kalisari,-6.33687219,106.85518903,,,,,,True,,,Pasar Rebo,Kalisari
rth-f7245a35dc90,SDN KRAMATJATI 07,taman,Jakarta Timur,JL RS SUKANTO RT 009/04,-6.2691702,106.86875942,,,,,,True,,,Kramatjati,Kramatjati
rth-d7c270f6ac1c,SMPN 251/SDN CIJANTUNG 07 PAGI,taman,Jakarta Timur,Jl. Mawar Kp. Asem,-6.32754332,106.86165982,,,,,,True,,,Pasar Rebo,Cijantung
rth-f35776c36751,SDN Cengkareng Timur 14 Pagi,taman,Jakarta Barat,Jl. Bangun Nusa Raya RT 11/13,-6.15261096,106.73999501,,,,,,True,,,Cengkareng,Cengkareng Timur
rth-89d59b38fc38,SMAN 39,taman,Jakarta Timur,JL. R.A. FADILLAH CIJANTUNG PASAR REBO,-6.32098001,106.84976755,,,,,,True,,,Pasar Rebo,Cijantung
rth-2428cbf863e1,SMA N 88,taman,Jakarta Timur,"JL. SAWO, KELURAHAN BARU",-6.32791387,106.84696539,,,,,,True,,,Pasar Rebo,Baru
rth-f1a1d3ba87cc,SDN KRAMATJATI 11,taman,Jakarta Timur,"Jl. Nusa I, Rt.09/02, Kel.Kramatjati, Jakarta Timur",-6.26733007,106.86910106,,,,,,True,,,Kramatjati,Kramatjati
rth-af6b61ed8833,SMAN 98,taman,Jakarta Timur,JL. JAHA KALISARI,-6.33290523,106.85752591,,,,,,True,,,Pasar Rebo,Kalisari
rth-489b1cc7112e,SDN KRAMATJATI 16,taman,Jakarta Timur,Jl. Langgar RT 008/10 Kel. Kramat Jati,-6.27891376,106.87248964,,,,,,True,,,Kramatjati,Kramatjati
rth-9070742ef4ad,SMA N 106,taman,Jakarta Timur,JL. GANDARIA I PEKAYON,-6.34666874,106.85903761,,,,,,True,,,Pasar Rebo,Pekayon
rth-4ca98f2481b3,SMKN 22,taman,Jakarta Timur,JL. Raya Condet Rt. 012 Rw. 003,-6.29482144,106.85526236,,,,,,True,,,Pasar Rebo,Gedong
rth-34c2bb4cb48c,SMPN 108,taman,Jakarta Barat,Jl. Flamboyan No.53,-6.13268817,106.72620949,,,,,,True,,,Cengkareng,Cengkareng Barat
rth-fb3134f7b3e8,SDN PEGADUNGAN 12 PAGI,taman,Jakarta Barat,Jl. Kumbang No.54 RT.06/07,-6.14127443,106.69640925,,,,,,True,,,Cengkareng,Pegadungan
rth-00a2e2defb27,SDN KRAMATJATI 18,taman,Jakarta Timur,Jl. Langgar RT 008/10 No. 31,-6.27900367,106.87207911,,,,,,True,,,Kramatjati,Kramatjati
rth-cf04b042d55d,SDN RAMBUTAN 01,taman,Jakarta Timur,"JL. HM. SABAR RT.004/001 NO. 49, KEL. RAMBUTAN, KEC. CIRACAS, JAKARTA TIMUR",-6.29577415,106.87441525,,,,,,True,,,Ciracas,Rambutan
rth-8e9a8f07333a,SDN MANGGA BESAR 15 PAGI,taman,Jakarta Barat,Jl. Blustru No. 5,-6.14487188,106.81772774,,,,,,True,,,Taman Sari,Mangga Besar
rth-26aa49bda036,SDN KRAMATJATI 19,taman,Jakarta Timur,Jl. BB Pasar Hek Rt.013/011 Kramat Jati,-6.2857403,106.87284503,,,,,,True,,,Kramatjati,Kramatjati
rth-5052546670ab,SDN RAMBUTAN 02,taman,Jakarta Timur,JL.TANAH MERDEKA RT 010/004 KEL.RAMBUTAN,-6.30990233,106.87668141,,,,,,True,,,Ciracas,Rambutan
rth-a327213cb5ea,SMPN 20,taman,Jakarta Timur,JL. RANTAI MAS KPAD BULAK RANTAI KRAMATJATI,-6.28541657,106.8692981,,,,,,True,,,Kramatjati,Tengah
rth-134de3e39eb8,SMPN 24,taman,Jakarta Timur,Jl.Dukuh V,-6.29242283,106.87654644,,,,,,True,,,Kramatjati,Dukuh
rth-4ffb3412ac71,SDN KRAMATJATI 24,taman,Jakarta Timur,JL KERJA BAKTI RT. 003 RW 009 NO 1,-6.27666412,106.87180341,,,,,,True,,,Kramatjati,Kramatjati
rth-28830aa8ac7c,SDN RAMBUTAN 03,taman,Jakarta Timur,Jalan SD Inpres No. 1-2 RT. 004 RW. 003 Kelurahan Rambutan,-6.3033141,106.87514717,,,,,,True,,,Ciracas,Rambutan
rth-6ce67427bdfe,SMPN 49,taman,Jakarta Timur,JL. RAYA BOGOR KM. 20,-6.28545337,106.87126798,,,,,,True,,,Kramatjati,Kramatjati
rth-b5d00dc97c11,SMPN 50,taman,Jakarta Timur,Komp.Kodam Jaya Cililitan II Kramatjati Jakarta Timur,-6.2670855,106.86890102,,,,,,True,,,Kramatjati,Kramatjati
rth-f5ffad22caec,SDN KRAMATJATI 25,taman,Jakarta Timur,Jl dato tonggara rt 005 rw 011 kramat jati jakarta timur 13510,-6.28261527,106.87281262,,,,,,True,,,Kramatjati,Kramatjati
rth-b7251f307a38,SMPN 126,taman,Jakarta Timur,JL. SMP 126,-6.28418404,106.86312671,,,,,,True,,,Kramatjati,Batu Ampar
rth-ec9b93e297b5,SMPN 150,taman,Jakarta Timur,"Jl. Batu Tumbuh VII, Kramat Jati, Jakarta Timur",-6.27207228,106.8703453,,,,,,True,,,Kramatjati,Kramatjati
rth-46d12f1f3a6b,SMPN 209,taman,Jakarta Timur,JL. INPRES RT003 RW009,-6.28917122,106.86217123,,,,,,True,,,Kramatjati,Tengah
rth-a9aa46f638ac,SDN TENGAH 01,taman,Jakarta Timur,"JL. RAYA INPRES NO. 64 RT.003/02 KEL. TENGAH, KEC. KRAMAT JATI, JAKARTA TIMUR",-6.28779915,106.86761982,,,,,,True,,,Kramatjati,Tengah
rth-140f6928be8b,SMPN 263,taman,Jakarta Timur,JL.DUKUH V,-6.29512957,106.87889527,,,,,,True,,,Kramatjati,Dukuh
rth-877e39ad3992,SMPN 281,taman,Jakarta Timur,Jl. Kerja Bakti Kramatjati Jakart Timur,-6.27518242,106.87074657,,,,,,True,,,Kramatjati,Kramatjati
rth-9636bea12559,SMAN 14,taman,Jakarta Timur,JL. SMA XIV BARAT CILILITAN,-6.25650203,106.86797533,,,,,,True,,,Kramatjati,Cililitan
rth-3ba7f0b12eb3,SMAN 51,taman,Jakarta Timur,"JL. Batu Ampar III Condet,RT 12/02,Batu Ampar, Kramat jati, Jakarta Timur",-6.2760038,106.86150593,,,,,,True,,,Kramatjati,Batu Ampar
rth-a796650dbe71,SDN TENGAH 05,taman,Jakarta Timur,Jalan Pelita Rt 03/009 Kel Tengah,-6.28936647,106.86200234,,,,,,True,,,Kramatjati,Tengah
rth-719456b95b7c,SMAN 62,taman,Jakarta Timur,Jalan Raya Bogor KM 20,-6.28516888,106.8725039,,,,,,True,,,Kramatjati,Kramatjati
rth-bcbf5ac20728,SMAN 93,taman,Jakarta Timur,JL.RAYA BOGOR KOMPLEK PASPAMPRES,-6.29227802,106.86940261,,,,,,True,,,Kramatjati,Tengah
rth-e42a04735c52,SMKN 10,taman,Jakarta Timur,JL. SMEA 6 MAYJEND SUTOYO CAWANG  KRAMATJATI,-6.25596173,106.86984697,,,,,,True,,,Kramatjati,Cawang
rth-e52c75502cea,SDN TENGAH 06,taman,Jakarta Timur,Jl. H Ali Rt.001/009 Kelurahan Tengah,-6.29275135,106.86179182,,,,,,True,,,Kramatjati,Tengah
rth-2a1faf03e5f1,SDN TENGAH 07,taman,Jakarta Timur,JL.  Trikora IV  Rt.005 Rw.007 Kel. Tengah,-6.2990367,106.86842132,,,,,,True,,,Kramatjati,Tengah
rth-e232324dad00,SDN BAMBU APUS  01,taman,Jakarta Timur,"Jl.Bambu apus raya Rt.10/03, Cipayung",-6.31484245,106.90011023,,,,,,True,,,Cipayung,Bambu Apus
rth-a790568e2d2a,SDN BAMBU APUS  02,taman,Jakarta Timur,"Jl. Raya Bambu apus Rt.10/03, Cipayung",-6.31411103,106.90020032,,,,,,True,,,Cipayung,Bambu Apus
rth-3059e1175cc6,SDN BAMBU APUS  03,taman,Jakarta Timur,"Jl. Bambu hijau Rt.01/02, Cipayung",-6.31096867,106.89589371,,,,,,True,,,Cipayung,Bambu Apus
rth-76cf2efece91,SDN BAMBU APUS 04,taman,Jakarta Timur,"Jl.Laksamana VII Rt.15/04 TMII Kec. Cipayung, Jakarta Timur",-6.30384386,106.90789944,,,,,,True,,,Cipayung,Bambu Apus
rth-445d5898252c,SDN CEGER 01,taman,Jakarta Timur,"Jl. SMPN 222 Rt.05/02, Kel.Ceger, Cipayung",-6.30929289,106.89146856,,,,,,True,,,Cipayung,Bambu Apus
rth-1a3a3edfb1c3,SDN CEGER 02,taman,Jakarta Timur,"Jl.Masjid No.10 rt, 01/03, Cipayung",-6.31459185,106.89007784,,,,,,True,,,Cipayung,Ceger
rth-cc037910b3c4,SDN CIPAYUNG  01,taman,Jakarta Timur,"Jl. Komplek Perwira TNI AD, Cipayung",-6.3348947,106.89504572,,,,,,True,,,Cipayung,Cipayung
rth-71a224992ab4,SDN CIPAYUNG  02,taman,Jakarta Timur,Komplek Perwira TNI AD Cipayung,-6.33511885,106.89504662,,,,,,True,,,Cipayung,Cipayung
rth-92154f1730a6,SDN RAMBUTAN 05,taman,Jakarta Timur,Jl. SMPN 188 RT002 RW 04,-6.30826507,106.87704133,,,,,,True,,,Ciracas,Rambutan
rth-04d499f0ed0a,SDN CIPAYUNG  03,taman,Jakarta Timur,JL. PELATNAS PBSI RT. 001/08,-6.33410272,106.89198477,,,,,,True,,,Cipayung,Cipayung
rth-58cbf83257ba,SMP NEGERI  81,taman,Jakarta Timur,JL. Monumen Pancasila Sakti Rt.005/09,-6.2871951,106.90483803,,,,,,True,,,Cipayung,Lubang Buaya
rth-762a970e1f5d,SMP NEGERI  157,taman,Jakarta Timur,"Jl.Albaido I, Lubang buaya, Cipayung",-6.29419394,106.90133371,,,,,,True,,,Cipayung,Lubang Buaya
rth-ac9db137ea3a,SDN RAMBUTAN 06,taman,Jakarta Timur,Jl. Bungur RT.010/06 V Kelurahan Rambutan,-6.31469979,106.88418449,,,,,,True,,,Ciracas,Rambutan
rth-366f610d8662,SMP NEGERI 160,taman,Jakarta Timur,Jl. SMP 160 TMII Ceger   Jakarta timur,-6.31402318,106.88978057,,,,,,True,,,Cipayung,Ceger
rth-cb6ef18ff9c5,SDN CIPAYUNG  04,taman,Jakarta Timur,"Jl. SMAN 64, Rt.05/02, Cipayung Jakarta Timur 13840",-6.33047921,106.89074886,,,,,,True,,,Cipayung,Cipayung
rth-8cc7fb5bc3cb,SMP NEGERI 180,taman,Jakarta Timur,"Jl. Bambu Wulung, Bambu Apus. Rt.006/05 Kel. Bambu Apus Kec. Cipayung, Jakarta Timur",-6.31917082,106.90311361,,,,,,True,,,Cipayung,Bambu Apus
rth-e659bac3f3ee,SMP NEGERI  196,taman,Jakarta Timur,"Jalan Mabes TNI,Pondok rangon, Cipayung",-6.34142785,106.91041058,,,,,,True,,,Cipayung,Cilangkap
rth-3f9732ec35af,SDN CIPAYUNG  05,taman,Jakarta Timur,"Jl. Bambu petung Rt.04/04, Cipayung",-6.32288922,106.90361442,,,,,,True,,,Cipayung,Cipayung
rth-2b792a0c7590,SMP NEGERI  230,taman,Jakarta Timur,"Jl. TPU Pondok Rangon, Rt.01/02, No.1, Cipayung",-6.3597559,106.90833593,,,,,,True,,,Cipayung,Pondok Ranggon
rth-98198ad0bc79,SMP NEGERI  246,taman,Jakarta Timur,JL. SPG 7 LUBANG BUAYA,-6.29008726,106.90374502,,,,,,True,,,Cipayung,Lubang Buaya
rth-f2b14339caf0,SDN CILANGKAP 01,taman,Jakarta Timur,JL. MABES TNI Rt.003 Rw. 06,-6.34198915,106.90974369,,,,,,True,,,Cipayung,Cilangkap
rth-e379969d51ba,SMP NEGERI  259,taman,Jakarta Timur,"Jl. Laksamana VIII,Bambu Apus, Cipayung",-6.30386489,106.90712376,,,,,,True,,,Cipayung,Bambu Apus
rth-bf278adb3d3a,SMP NEGERI 272,taman,Jakarta Timur,"Jl. Al Baidho I, Lubang buaya",-6.29198487,106.90329919,,,,,,True,,,Cipayung,Lubang Buaya
rth-d9890418cd7b,SMP NEGERI 283,taman,Jakarta Timur,JL. BAMBU HITAM KEL. BAMBU APUS,-6.32274738,106.89821457,,,,,,True,,,Cipayung,Bambu Apus
rth-490f317cea01,SDN CILANGKAP 03,taman,Jakarta Timur,Jl. Sepakat I Rt 07/01 Kel. Cilangkap,-6.34229146,106.9095391,,,,,,True,,,Cipayung,Cilangkap
rth-a356db9185f5,SDN  LUBANG  BUAYA  01,taman,Jakarta Timur,"Jl. Yusufiah Rt.10/01, No.50, Lubang buaya, Cipayung",-6.28851086,106.89972537,,,,,,True,,,Cipayung,Lubang Buaya
rth-afe0a7dd6604,SDN Kebon Kosong 01,taman,Jakarta Pusat,Jl. Galindra Kermayoran Gempol,-6.15662015,106.85618369,,,,,,True,,,Kemayoran,Kebon Kosong
rth-e11151f4021e,SMP Negeri 93,taman,Jakarta Pusat,Jl. Gunung Sahari Raya No. 81,-6.16717617,106.83950941,,,,,,True,,,Kemayoran,Gunung Sahari Selatan
rth-8379e98dde96,SMP NEGERI 181,taman,Jakarta Pusat,JL MESJID I 1  KARET TENGSIN,-6.21084047,106.81499327,,,,,,True,,,Tanah Abang,Karet Tengsin
rth-07af3fc4fa7e,SMP NEGERI 273,taman,Jakarta Pusat,JL KAMPUNG BALI 24/I,-6.1858626,106.8181579,,,,,,True,,,Tanah Abang,Kampung Bali
rth-0986c729a185,SMP NEGERI 17,taman,Jakarta Pusat,JL. KARANG ANYAR IX NO. 17,-6.15042946,106.82735614,,,,,,True,,,Sawah Besar,Karang Anyar
rth-7337997c1af1,SMP NEGERI 72,taman,Jakarta Pusat,JL. PETOJO BINATU NO.4,-6.16884631,106.81710458,,,,,,True,,,Gambir,Petojo Utara
rth-b49ae6930363,SDN SLIPI 15,taman,Jakarta Barat,Jalan KS Tubun III Dalam Rt 002/02,-6.19373155,106.80124823,,,,,,True,,,Pal Merah,Slipi
rth-f405ef7019cf,SDN JAtipulo 05,taman,Jakarta Barat,Jl. Rawa Pandan No. 14,-6.17637691,106.80411449,,,,,,True,,,Pal Merah,Jatipulo
rth-2afa4e77b633,SMP NEGERI 94,taman,Jakarta Pusat,JL TN ABANG V 29   RT.10 RW.2,-6.1795678,106.81458139,,,,,,True,,,Gambir,Petojo Selatan
rth-a5756abd2be5,SDN CIDENG 02,taman,Jakarta Pusat,JL. LEMATANG NO. 4,-6.17255765,106.8098928,,,,,,True,,,Gambir,Cideng
rth-5e6e2f915c9d,SDN GONDANGDIA 01,taman,Jakarta Pusat,JL. HOS COKROAMINOTO NO. 66,-6.1944254,106.82873043,,,,,,True,,,Menteng,Gondangdia
rth-6984c91c0ddf,SD NEGERI PEJATEN BARAT 05,taman,Jakarta Selatan,"Jl. Raya Pejaten No.3, RT.7/RW.6, Pejaten Bar., Ps. Minggu, Kota Jakarta Selatan, Daerah Khusus Ibukota Jakarta 12510",-6.27890943,106.83658124,,,,,,True,,,Pasar Minggu,Pejaten Barat
rth-ee88b0b85c28,SDN PEJATEN BARAT 08 PAGI,taman,Jakarta Selatan,"Jalan Rambutan VII No.12, RT.03 RW.06, Pejaten Barat, Pasar Minggu, RT.3/RW.6, Pejaten Bar., Ps. Minggu, Kota Jakarta Selatan, Daerah Khusus Ibukota Jakarta 12510",-6.27459736,106.83612253,,,,,,True,,,Pasar Minggu,Pejaten Barat
rth-7c5ae1dc100a,SDN MANGGA BESAR 11 PAGI,taman,Jakarta Barat,JL. Gedong NO. 16,-6.14337378,106.81915509,,,,,,True,,,Taman Sari,Mangga Besar
rth-bb66589a9417,SDN TEGAL ALUR 01 PAGI,taman,Jakarta Barat,Jl. Kamal Raya No.14,-6.10422596,106.71033701,,,,,,True,,,Kalideres,Tegal Alur
rth-eb113cb04684,SDN PEGADUNGAN 03 PAGI,taman,Jakarta Barat,Jl. Peta Utara No. 29,-6.13907408,106.70252241,,,,,,True,,,Kalideres,Pegadungan
rth-df3db483a900,SDN RAWA BUAYA 10 PETANG,taman,Jakarta Barat,Jl Cempaka raya no 1 kamp klingkit rt 003 rw 012,-6.16139117,106.7447563,,,,,,True,,,Cengkareng,Rawa Buaya
rth-9c18a85da42d,SDN RAWA BUAYA 09 PAGI,taman,Jakarta Barat,Jl. Cempaka Raya No.1 Kp. Klingkit Rt.003 Rw.12,-6.16077408,106.74470469,,,,,,True,,,Cengkareng,Rawa Buaya
rth-4e0e26960659,SDN Tamansari 01 Pg,taman,Jakarta Barat,Jl. Taman Sari X No. 17 A RT 001 RW 001,-6.15357687,106.82519554,,,,,,True,,,Taman Sari,Taman Sari
rth-5f06680f31e1,SDN PINANGSIA 01 PAGI,taman,Jakarta Barat,"Komp. Ruko Glodok Plaza, Jl. Pinangsia Raya, RT.8/RW.5, Kota Tua, Pinangsia, Tamansari, Kota Jakarta Barat, Daerah Khusus Ibukota Jakarta",-6.14091511,106.81670985,,,,,,True,,,Taman Sari,Pinangsia
rth-0199c67b1401,SDN Mangga Besar 01 Pagi,taman,Jakarta Barat,"Jl. Tangki Sekolah No.141, RT.3/RW.6, Kota Tua, Tangki, Tamansari, Kota Jakarta Barat, Daerah Khusus Ibukota Jakarta 11180",-6.14814241,106.81747351,,,,,,True,,,Taman Sari,Mangga Besar
rth-a41491ae39d4,SDN KRUKUT 01,taman,Jakarta Barat,JL. KH. ZAINUL ARIFIN NO.04,-6.16040766,106.81574142,,,,,,True,,,Taman Sari,Krukut
rth-6db708da10fb,SDN TEGAL ALUR 11,taman,Jakarta Barat,"Komp. Kebersihan, Rt. 004 Rw. 04, RT.8/RW.10, Tegal Alur, Kalideres, Kota Jakarta Barat, Daerah Khusus Ibukota Jakarta 11820",-6.12737743,106.7195515,,,,,,True,,,Kalideres,Tegal Alur
rth-c0574780c4e0,SDN Tegal Alur 08 Pagi,taman,Jakarta Barat,Jl. Sekolah Rt.007/011,-6.12315869,106.71537175,,,,,,True,,,Kalideres,Tegal Alur
rth-d20512aa2208,SDN PEGADUNGAN 04 PAGI,taman,Jakarta Barat,Jl. 20 Desember Rt.001/03,-6.1317406,106.70634902,,,,,,True,,,Kalideres,Pegadungan
rth-25aa1085dd5d,SDN Kalieres 07 Pagi,taman,Jakarta Barat,Jl Peta Selatan No. 7B,-6.14876508,106.7030218,,,,,,True,,,Kalideres,Kalideres
rth-c9588939e448,SDN KAPUK 14 PAGI,taman,Jakarta Barat,Jl. Kapuk Raya Gg Mawar Rt.007/001,-6.14337894,106.76852832,,,,,,True,,,Cengkareng,Kapuk
rth-cdde2922d30c,SDN KAPUK 09 PAGI,taman,Jakarta Barat,Jl. Ukir II Pedongkelan Rt.005/006 Kel.  kec. Cengkareng,-6.15195829,106.74700515,,,,,,True,,,Cengkareng,Kapuk
rth-006433423c58,SDN Duri Kosambi 04 Pagi,taman,Jakarta Barat,"Jl. Raya Duri Kosambi, Rt 010/02, Jakarta, RT.3/RW.1, Duri Kosambi, Cengkareng, West Jakarta City, Jakarta 11750",-6.18206705,106.7206582,,,,,,True,,,Cengkareng,Duri Kosambi
rth-0750a13025ac,SDN CENGKARENG BARAT 01 PG,taman,Jakarta Barat,JL. UTAMA RAYA NO.41,-6.15009448,106.7233835,,,,,,True,,,Cengkareng,Cengkareng Barat
rth-2471d16f4a0f,SDN Cengkareng Timur 21 Pagi,taman,Jakarta Barat,Jl. Outer Ring Road Kayu Besar No. 01 Rt. 012/Rw. 011,-6.12385468,106.73102006,,,,,,True,,,Cengkareng,Cengkareng Timur
rth-f4f4e0e2d9de,SDN CENGKARENG BARAT 09 PAGI,taman,Jakarta Barat,JL. BAMBU LARANGAN NO.25 RT 003/005,-6.13929038,106.71929877,,,,,,True,,,Cengkareng,Cengkareng Barat
rth-e9f102da9d76,SDN GONDANGDIA 03,taman,Jakarta Pusat,JL. PROBOLINGGO NO. 20,-6.19550685,106.83865714,,,,,,True,,,Menteng,Gondangdia
rth-64b78c00a221,SDN GONDANGDIA 05,taman,Jakarta Pusat,JL. PROBOLINGGO NO. 20,-6.19519643,106.83843717,,,,,,True,,,Menteng,Gondangdia
rth-0430bed2bbc7,SD NEGERI MENTENG 03,taman,Jakarta Pusat,JL. CILACAP NO. 5,-6.19781636,106.83811837,,,,,,True,,,Menteng,Menteng
rth-8a6440962237,SDN CENGKARENG BARAT 16 PAGI,taman,Jakarta Barat,JL. FLAMBOYAN VI NO.2 RT 001 RW 014,-6.13073526,106.72718623,,,,,,True,,,Cengkareng,Cengkareng Barat
rth-36dfe74d459e,SDN CENGKARENG BARAT 13 PAGI,taman,Jakarta Barat,JL.JAYA 25 RT 002/010,-6.12947791,106.72307864,,,,,,True,,,Cengkareng,Cengkareng Barat
rth-0be1cd40cad8,SMA Negeri 77,taman,Jakarta Pusat,JL. Cempaka Putih Tengah 17,-6.17527794,106.86633308,,,,,,True,,,Cempaka Putih,Cempaka Putih Timur
rth-f451388445e1,SDN Cengkareng Timur 16 Petang,taman,Jakarta Barat,Jl. Bangun Nusa Raya RT 11/13,-6.15428402,106.73301729,,,,,,True,,,Cengkareng,Cengkareng Timur
rth-44db2dd2c7a3,SDN KAPUK 05 PAGI,taman,Jakarta Barat,Jl. Kapuk Raya Gg. Mawar RT. 007/01,-6.13546199,106.77896591,,,,,,True,,,Cengkareng,Kapuk
rth-d3ff828ef164,SDN Kalideres 12 Pagi,taman,Jakarta Barat,Jl. Peta Timur No.7,-6.14589729,106.70466402,,,,,,True,,,Kalideres,Kalideres
rth-a6d557048f15,SDN  LUBANG  BUAYA 08,taman,Jakarta Timur,"Jl.SPG 7 Rt.06/09,Lubang buaya , Cipayung",-6.29044313,106.90324336,,,,,,True,,,Cipayung,Lubang Buaya
rth-377b011cfdd0,SDN  MUNJUL 01,taman,Jakarta Timur,"Jl. Dalang rt.08/05, Munjul,Cipayung Jakarta Timur",-6.34754808,106.89961555,,,,,,True,,,Cipayung,Munjul
rth-41ea0619d508,SDN  SETU 01,taman,Jakarta Timur,JL. RUKUN RT. 006 RW. 02 SETU,-6.30762769,106.91830949,,,,,,True,,,Cipayung,Setu
rth-405863e847e8,SDN PONDOK RANGGON  01,taman,Jakarta Timur,"Jl. Kramat ganceng Rt.05/01, Pondok rangon",-6.3435848,106.91446389,,,,,,True,,,Cipayung,Pondok Ranggon
rth-9dee9506c014,SDN PONDOK RANGGON  02,taman,Jakarta Timur,"Jl. RAYA PONDOK RANGGON, RT. 002/02",-6.35492819,106.91063573,,,,,,True,,,Cipayung,Pondok Ranggon
rth-986a67ee9c05,SDN PONDOK RANGGON  03,taman,Jakarta Timur,JL. RAYA TPU PONDOK RANGGON Rt.001/02,-6.35956981,106.90793055,,,,,,True,,,Cipayung,Pondok Ranggon
rth-6055c7555a59,SDN Angke 03 Pagi,taman,Jakarta Barat,"Jalan Angke Indah, Gang VII",-6.14354628,106.79956613,,,,,,True,,,Cengkareng,Angke
rth-9ee9883e3c41,SDN PONDOK RANGGON  04,taman,Jakarta Timur,"Jl. Masjid Al Akbar Rt.01/05, Pondok Rangon ,Cipayung",-6.3546652,106.89726166,,,,,,True,,,Cipayung,Pondok Ranggon
rth-ec4a14c9e547,SMA NEGERI 1,taman,Jakarta Pusat,JALAN BUDI UTOMO NO. 7,-6.1664688,106.83764152,,,,,,True,,,Sawah Besar,Pasar Baru
rth-60dfa2baa1c7,SMK NEGERI 27,taman,Jakarta Pusat,JALAN DR. SUTOMO NO. 1,-6.16609048,106.83527884,,,,,,True,,,Sawah Besar,Pasar Baru
rth-1634ca2f0f69,SMK NEGERI 1,taman,Jakarta Pusat,JALAN BUDI UTOMO NO. 7,-6.1664969,106.83715742,,,,,,True,,,Sawah Besar,Pasar Baru
rth-45e996dd7184,SMP NEGERI 5,taman,Jakarta Pusat,JALAN DR. SUTOMO NO. 5,-6.16542307,106.83605767,,,,,,True,,,Sawah Besar,Pasar Baru
rth-245cd967ff28,SDN SUSUKAN 07,taman,Jakarta Timur,JL. TANAH MERDEKA RT.008/RW.005 KELURAHAN SUSUKAN,-6.30478474,106.87016226,,,,,,True,,,Ciracas,Susukan
rth-2cdb82441254,SDN SUSUKAN 06,taman,Jakarta Timur,"Jl. Tanah Merdeka Rt.09/05, Susukan Ciracas, Jakarta Timur",-6.30495616,106.87104904,,,,,,True,,,Ciracas,Susukan
rth-fdd8f536bc5b,SMK NEGERI 16,taman,Jakarta Pusat,JL. TAMAN AMIR HAMZAH,-6.20365155,106.85046587,,,,,,True,,,Menteng,Pegangsaan
rth-c2260ae5e487,SMA NEGERI 35,taman,Jakarta Pusat,JL. MUTIARA TANAH ABANG,-6.20913132,106.81404705,,,,,,True,,,Tanah Abang,Karet Tengsin
rth-bc401f41f45d,SDN SUSUKAN 09,taman,Jakarta Timur,"Jl. Tanah Merdeka Rt.09/05 No.20, Susukan, Ciracas, Jakarta Timur",-6.30580272,106.87200286,,,,,,True,,,Ciracas,Susukan
rth-44a35289e219,SDN PEJATEN TIMUR 01 PAGI,taman,Jakarta Selatan,"Jl. Poltangan IV No. 57, Pejaten Timur, Pasar Minggu, RT.5/RW.10, Pejaten Tim., Ps. Minggu, Kota Jakarta Selatan, Daerah Khusus Ibukota Jakarta 12510",-6.29535015,106.84444627,,,,,,True,,,Pasar Minggu,Pejaten Timur
rth-33c8339ee42b,SDN RAGUNAN 07,taman,Jakarta Selatan,"Jl. Syaridin 1 RT. 06 / RW. 09, Pasar Minggu, RT.6/RW.9, Ragunan, Ps. Minggu, Kota Jakarta Selatan, Daerah Khusus Ibukota Jakarta 12540",-6.28630869,106.82345908,,,,,,True,,,Pasar Minggu,Ragunan
rth-e91292ca9384,SMPN 107,taman,Jakarta Selatan,"Jl. Raya Pejaten, RT.7/RW.6, Pejaten Bar., Ps. Minggu, Kota Jakarta Selatan, Daerah Khusus Ibukota Jakarta 12510",-6.27869473,106.83654181,,,,,,True,,,Pasar Minggu,Pejaten Barat
rth-4e1c6da302fb,SMPN 106,taman,Jakarta Timur,JL.H.BAPING NO.28,-6.31471619,106.87440717,,,,,,True,,,Ciracas,Ciracas
rth-5576ca988250,SMPN 218,taman,Jakarta Selatan,"Jl. Menara, RT. 6 / RW. 8, Jati Padang, Pasar Minggu, RT.6/RW.8, Jati Padang, Ps. Minggu, Kota Jakarta Selatan, Daerah Khusus Ibukota Jakarta 11610",-6.29476115,106.83048732,,,,,,True,,,Pasar Minggu,Jati Padang
rth-f620ffade811,SMP NEGERI 187 JAKARTA,taman,Jakarta Barat,Jl. Gaga Utama RT. 004/009,-6.17184125,106.69732874,,,,,,True,,,Kalideres,Semanan
rth-a1244a81b864,SMPN OLAHRAGA,taman,Jakarta Selatan,"⛉ Jalan GOR Ragunan, RT.9/RW.7, Ragunan, Ps. Minggu, Kota Jakarta Selatan, Daerah Khusus Ibukota Jakarta 12550",-6.30586985,106.8263306,,,,,,True,,,Pasar Minggu,Ragunan
rth-51e62b58bee9,SMKN 8,taman,Jakarta Selatan,"Jalan Pejaten Raya/ Kompleks Depdikbud, RT.7/RW.6, Pejaten Barat, Pasar Minggu, RT.7/RW.6, Pejaten Bar., Ps. Minggu, Kota Jakarta Selatan, Daerah Khusus Ibukota Jakarta 12510",-6.27776438,106.83616303,,,,,,True,,,Pasar Minggu,Pejaten Barat
rth-6f91ffd20314,SDN KALIDRES 01 PAGI,taman,Jakarta Barat,Jl. Peta Selatan No. 29,-6.1544249,106.70373196,,,,,,True,,,Kalideres,Kalideres
rth-a95f7d736479,SMKN 37,taman,Jakarta Selatan,"Jl. Pertanian III, RT 14 / RW 05, Pasar Minggu, RT.15/RW.5, Pasar Minggu, RT.15/RW.5, Ps. Minggu, Kota Jakarta Selatan, Daerah Khusus Ibukota Jakarta 12520",-6.28861416,106.84284511,,,,,,True,,,Pasar Minggu,Pasar Minggu
rth-603ee5249194,SDN PEGADUNGAN 05 PAGI,taman,Jakarta Barat,Jl. Peta Utara III No. 47,-6.13974721,106.70099626,,,,,,True,,,Kalideres,Pegadungan
rth-5663bc097bd2,"SDN Pondok Labu 01, 05",taman,Jakarta Selatan,JL. RS FATMAWATI NO. 178,-6.30711757,106.79346312,,,,,,True,,,Cilandak,Pondok Labu
rth-dacaa3475058,SDN KUNINGAN TIMUR 01,taman,Jakarta Selatan,"Jl. Kh. Guru Mughni No.69, RT.3/RW.3, Kuningan, Kuningan Tim., Kecamatan Setiabudi, Kota Jakarta Selatan, Daerah Khusus Ibukota Jakarta 12950",-6.23042822,106.82291445,,,,,,True,,,Setiabudi,Kuningan Timur
rth-7d83c0774929,SDN Pondok Labu 02,taman,Jakarta Selatan,JL. SWAKARYA BAWAH,-6.30667906,106.79805667,,,,,,True,,,Cilandak,Pondok Labu
rth-13fb296a2899,SMPN 147,taman,Jakarta Timur,Jl. Jambore Cibubur Ciracas Jakarta Timur,-6.36220113,106.88632194,,,,,,True,,,Ciracas,Cibubur
rth-2356a979891a,SDN BANGKA 05 PAGI,taman,Jakarta Selatan,"Jl. Kemang Selatan I No.1, RT.8/RW.3, Bangka, Mampang Prpt., Kota Jakarta Selatan, Daerah Khusus Ibukota Jakarta 12730",-6.2651746,106.81971846,,,,,,True,,,Mampang Prapatan,Bangka
rth-0157094b45b6,SMPN 171,taman,Jakarta Timur,"Jl. H. Baping Kel.Rambutan, Ciracas, Jakarta Timur",-6.31298038,106.87665499,,,,,,True,,,Ciracas,Rambutan
rth-07b0b0bdbabe,SDN PEJATEN TIMUR 05 PG.,taman,Jakarta Selatan,"Jalan Gunuk 1 No.50, RT.1/RW.3, Pejaten Timur, Pasar Minggu, RT.11/RW.11, Pejaten Tim., Ps. Minggu, Kota Jakarta Selatan, Daerah Khusus Ibukota Jakarta 12510",-6.29679798,106.84921208,,,,,,True,,,Pasar Minggu,Pejaten Timur
rth-c57076f4d182,SMPN 208,taman,Jakarta Timur,JL.RAYA CENTEX CIRACAS JAKARTA TIMUR 13740,-6.32011246,106.87962426,,,,,,True,,,Ciracas,Ciracas
rth-ad1e81f11c8c,SMPN 210,taman,Jakarta Timur,"Jl. Raya Centex, Kec. Ciracas, Jakarta Timur",-6.31924546,106.88011468,,,,,,True,,,Ciracas,Ciracas
rth-71af70138ea1,SDN PEJATEN TIMUR 07 PAGI,taman,Jakarta Selatan,Jl. Kemuning IP No. 2 Rt.14/Rw.06,-6.27729225,106.84637002,,,,,,True,,,Pasar Minggu,Pejaten Timur
rth-745db36e5c4e,SDN PEJATEN TIMUR 11 PAGI,taman,Jakarta Selatan,Jl. Pagujaten Rt.16/Rw.06 Pejaten Timur,-6.27969457,106.84582549,,,,,,True,,,Pasar Minggu,Pejaten Timur
rth-0af8c2daa4fc,SMPN 258,taman,Jakarta Timur,JL. CIBUBUR II BLOK DUKU,-6.35696205,106.87357543,,,,,,True,,,Ciracas,Cibubur
rth-9442516b8e6f,SDN PEJATEN TIMUR 22 PAGI,taman,Jakarta Selatan,"Jl. Rukun Ujung, Pejaten Timur",-6.27179368,106.85560692,,,,,,True,,,Pasar Minggu,Pejaten Timur
rth-3c373b0b9d03,SMAN 58,taman,Jakarta Timur,JL. CIRACAS NO 2 CIRACAS JAKARTA TIMUR,-6.32781164,106.87750814,,,,,,True,,,Ciracas,Ciracas
rth-17867c21be89,SMAN 105,taman,Jakarta Timur,JL. USMAN KELAPA DUA WETAN NO.5,-6.33169514,106.88438542,,,,,,True,,,Ciracas,Kelapa Dua Wetan
rth-cd4c726697a4,SMKN 52,taman,Jakarta Timur,JL. Taruna Jaya RT.002/RW.014 No.13 Cibubur,-6.36516597,106.88575636,,,,,,True,,,Ciracas,Cibubur
rth-b0d3718a20e6,SMP Negeri 96 Jakarta,taman,Jakarta Selatan,Jln. Margasatwa Rt. 001 Rw. 03 Komp. Timah Cilandak,-6.31412866,106.80239176,,,,,,True,,,Cilandak,Pondok Labu
rth-a14cd2c46b12,SDN Pondok Labu 11,taman,Jakarta Selatan,"JL. MARGASATWA,KOMPLEK PT. TIMAH, PONDOK LABU",-6.31389562,106.80227699,,,,,,True,,,Cilandak,Pondok Labu
rth-3c35209efe1d,SMA Negeri 38 Jakarta,taman,Jakarta Selatan,"Jl. Lenteng Agung Raya, RT.1/RW.8,",-6.33595321,106.83582392,,,,,,True,,,Jagakarsa,Lenteng Agung
rth-f9432bfcf709,SMP Negeri 131,taman,Jakarta Selatan,"Jl. M. Kahfi I No.13, RT.4/RW.2, Cipedak",-6.36245793,106.80175369,,,,,,True,,,Jagakarsa,Cipedak
rth-6c14e64594c3,SMP Negeri 166 Jakarta,taman,Jakarta Selatan,"Jl. Kedondong, Rt. 02/05 No. 5 Jagakarsa",-6.32403403,106.81900758,,,,,,True,,,Jagakarsa,Jagakarsa
rth-26efd4adc8aa,SDN Pondok Labu 14,taman,Jakarta Selatan,Jl. Bango IV Pondok Labu,-6.30508597,106.80466639,,,,,,True,,,Cilandak,Pondok Labu
rth-8f31c393e620,SMK Negeri 20 Jakarta,taman,Jakarta Selatan,"Jln. Melati, Rt. 13 Rw 10 No. 24 Cilandak",-6.28433038,106.79372157,,,,,,True,,,Cilandak,Pondok Labu
rth-d74d59343a5d,SDN Jagakarsa 03,taman,Jakarta Selatan,JL. JAGAKARSA I RT 02 / RW 07,-6.32769346,106.82033324,,,,,,True,,,Jagakarsa,Jagakarsa
rth-796b1e017d68,SDN Cempaka Baru 03,taman,Jakarta Pusat,Jl. Harapan Jaya No. 37,-6.16944272,106.86554897,,,,,,True,,,Kemayoran,Cempaka Baru
rth-06bfdb2715d4,SDN Johar Baru 01,taman,Jakarta Pusat,Jl. Percetakan Negara IV,-6.18750425,106.86164838,,,,,,True,,,Johar Baru,Johar Baru
rth-a0d03db9ebd1,SD NEGERI MANGGA DUA SELATAN 01,taman,Jakarta Pusat,JL. MELAWAN DALAM NO. 1,-6.13807902,106.83040068,,,,,,True,,,Sawah Besar,Mangga Dua Selatan
rth-c6c66dc427cd,SD NEGERI MANGGA DUA SELATAN 05,taman,Jakarta Pusat,JL. MANGGA BESAR XIIIA,-6.14757914,106.82812751,,,,,,True,,,Sawah Besar,Mangga Dua Selatan
rth-57e0ba7d1c4b,SD NEGERI PASAR BARU 01,taman,Jakarta Pusat,JL. PINTU BESI I/42,-6.15799912,106.83411765,,,,,,True,,,Sawah Besar,Pasar Baru
rth-5d0d04934ee9,SD NEGERI PASAR BARU 11,taman,Jakarta Pusat,JL. KELINCI RAYA NO. 28,-6.16259022,106.83457213,,,,,,True,,,Sawah Besar,Pasar Baru
rth-da462ac84e0a,SD NEGERI GUNUNG SAHARI UTARA 01,taman,Jakarta Pusat,JL. RAJAWALI V NO.3,-6.14577962,106.84000223,,,,,,True,,,Sawah Besar,Gunung Sahari Utara
rth-8f534de608c1,SD NEGERI DURI PULO 01,taman,Jakarta Pusat,JL. SETIA KAWAN III/25,-6.16488789,106.8010215,,,,,,True,,,Gambir,Duri Pulo
rth-9c77dac687d5,SD NEGERI CIDENG 07,taman,Jakarta Pusat,JL. SANGIHE NO.26,-6.17050513,106.80997227,,,,,,True,,,Gambir,Duri Pulo
rth-26bc4a586551,SD NEGERI CIDENG 4,taman,Jakarta Pusat,JL. CILAMAYA NO. 1,-6.17723487,106.80966946,,,,,,True,,,Gambir,Cideng
rth-7bca4f410ddc,SD NEGERI PETOJO UTARA 09,taman,Jakarta Pusat,JL. PETOJO BARAT IV NO.45,-6.16445426,106.81148924,,,,,,True,,,Gambir,Petojo Utara
rth-ce83a064567c,SD NEGERI PETOJO UTARA 13,taman,Jakarta Pusat,JL. SURYOPRANOTO NO. 20,-6.1694002,106.817241,,,,,,True,,,Gambir,Petojo Utara
rth-91a9899fb404,SD NEGERI KEBON KELAPA 02,taman,Jakarta Pusat,JL. BATU TULIS 13,-6.16499849,106.82189884,,,,,,True,,,Gambir,Kebon Kelapa
rth-6f0596e56b47,SMA NEGERI 24,taman,Jakarta Pusat,JL. LAPANGAN TEMBAK NO. 1 SENAYAN,-6.21086081,106.79633402,,,,,,True,,,Tanah Abang,Gelora
rth-34b79ea1cfe9,SDN Johar Baru 29 Pagi,taman,Jakarta Pusat,Jl. Percetakan Negara II A,-6.1853333,106.85634459,,,,,,True,,,Johar Baru,Johar Baru
rth-48c3a4cc3ff2,SMP Negeri 10,taman,Jakarta Pusat,Jl. Sumur Batu,-6.16352721,106.86456415,,,,,,True,,,Kemayoran,Sumur Batu
rth-c9588b2b32cc,SMP Negeri 79,taman,Jakarta Pusat,Jl. Dakota Raya,-6.1560822,106.85663563,,,,,,True,,,Kemayoran,Kebon Kosong
rth-7de512fbbfe1,SMA Negeri 27,taman,Jakarta Pusat,Jl Mardani Raya,-6.18247802,106.86106465,,,,,,True,,,Johar Baru,Johar Baru
rth-226a69b9b675,SDN Kwitang 01 Pagi,taman,Jakarta Pusat,Jl. Kramat III Gg. Listrik I No. 2,-6.18490267,106.84304327,,,,,,True,,,Senen,Kwitang
rth-bef25231df4f,SDN Serdang 13 Pagi,taman,Jakarta Pusat,Jl. Serdang Baru XIII No.48,-6.15909706,106.86485987,,,,,,True,,,Kemayoran,Serdang
rth-a24c42f83518,SDN Cempaka Putih Barat 03 Pagi,taman,Jakarta Pusat,Jl. Pangkalan Asem No. 14,-6.17724977,106.85875221,,,,,,True,,,Cempaka Putih,Cempaka Putih Barat
rth-449225f95d7d,SMP NEGERI 280,taman,Jakarta Pusat,JL. CILACAP NO. 5,-6.19796381,106.83782212,,,,,,True,,,Menteng,Menteng
rth-5b1364d9a718,SD NEGERI MENTENG 02,taman,Jakarta Pusat,JL. TEGAL NO. 10,-6.20458219,106.83760965,,,,,,True,,,Menteng,Menteng
rth-ab291acc160b,SD NEGERI KAMPUNG BALI 03,taman,Jakarta Pusat,JL. HATI SUCI NO. 7,-6.18355303,106.81723203,,,,,,True,,,Tanah Abang,Kampung Bali
rth-c6a5e5c80607,SDN PEGADUNGAN 13 PAGI,taman,Jakarta Barat,Jl. Utan Jati Rt.004/011,-6.14351406,106.7020535,,,,,,True,,,Kalideres,Pegadungan
rth-acc59901d954,SMP Negeri 137,taman,Jakarta Pusat,Jl. Cempaka Putih Barat 15/26,-6.18070521,106.8671113,,,,,,True,,,Cempaka Putih,Cempaka Putih Barat
rth-7b3636675b98,SDN Tanah Tinggi 09,taman,Jakarta Pusat,Jl. Kramat Pulo Gundul,-6.18203817,106.85013211,,,,,,True,,,Johar Baru,Tanah Tinggi
rth-74d49fa71a24,SMP Negeri 119,taman,Jakarta Pusat,Jl. Harapan Jaya 9/5,-6.16813309,106.8635419,,,,,,True,,,Kemayoran,Cempaka Baru
rth-54055b6aa9ca,Lahan Hijau Waduk Lebak Bulus,taman,Jakarta Selatan,Jl. Lebak Bulus 3,-6.30002977,106.78727658,,,,,,True,,,Cilandak,Lebak Bulus
rth-b56d32c35563,RTH Waduk Jagakarsa,taman,Jakarta Selatan,Jl. Jagakarsa,-6.32997202,106.83070828,,,,,,True,,,Jagakarsa,Jagakarsa
rth-6faa7df19fc2,Waduk Aselih,taman,Jakarta Selatan,JL. Aselih Cipedak,-6.35313396,106.79327585,,,,,,True,,,Jagakarsa,Cipedak
rth-5c75a328f83c,Rawa Banbon,taman,Jakarta Timur,Situ Kelapa Dua Wetan,-6.33711804,106.88615887,,,,,,True,,,Ciracas,Kelapa Dua Wetan
rth-4c7706604498,Waduk Haji Dogol,taman,Jakarta Timur,Haji Dogol,-6.2433105,106.90861642,,,,,,True,,,Duren Sawit,Pondok Bambu
rth-92cafae21e3e,Waduk Giri Kencana,taman,Jakarta Timur,"Jl. Giri Kencana, Assyafi'iyah",-6.33353619,106.90747314,,,,,,True,,,Cipayung,Cilangkap
rth-08c889c3c533,Waduk Kaja,taman,Jakarta Timur,Jalan Ciracas Raya,-6.32861462,106.88088733,,,,,,True,,,,
rth-a6c0498208a9,Waduk Cimanggis,taman,Jakarta Timur,Cimanggis,-6.36719089,106.88423897,,,,,,True,,,,
rth-a44b54aef4e3,RTH Rumah Pompa Sunter Utara,taman,Jakarta Utara,Jalan R.E Martadinata,-6.12164221,106.86488097,,,,,,True,,,Tanjung Priok,Tanjung Priok
rth-85ccbe0de596,RTH Waduk Sunter Utara,taman,Jakarta Utara,Jalan Danau Bisma,-6.12620563,106.87243967,,,,,,True,,,Tanjung Priok,Tanjung Priok
rth-9716cc5a959f,Situ Babakan 01,taman,Jakarta Selatan,Jl. Setu babakan,-6.34764628,106.819571,,,,,,True,,,Jagakarsa,Srengseng Sawah
rth-c3c1defa8a43,Waduk Kampung rambutan 2,taman,Jakarta Timur,Kampung Rambutan,-6.31610316,106.88309967,,,,,,True,,,,
rth-2a42a9e6daca,Waduk Pekayon,taman,Jakarta Timur,Pekayon,-6.34587231,106.86384839,,,,,,True,,,,
rth-67e25acd0e68,Waduk Pondok Ranggon,taman,Jakarta Timur,Pondok Ranggon,-6.34140029,106.91838466,,,,,,True,,,,
rth-e400503d6a93,Situ Babakan,taman,Jakarta Selatan,Situ Babakan,-6.34308838,106.82224909,,,,,,True,,,Jagakarsa,Srengseng Sawah
rth-756c74a38fd1,RTH Jl. Rawajaya,taman,Jakarta Timur,Jl. Rawajaya RT. 007/04,-6.23365589,106.94329126,,,,,,True,,,Duren Sawit,Pondok Kopi
rth-031a4bab7fc2,RTH Jl. Raya Bekasi,taman,Jakarta Timur,Jl. Raya Bekasi RT 010/03,-6.18687034,106.96269729,,,,,,True,,,Cakung,Ujung Menteng
rth-fb47d9025dcc,RTH Jl. Tipar Cakung,taman,Jakarta Utara,RTH Jl. Tipar Cakung,-6.17958112,106.93724979,,,,,,True,,,Cilincing,Semper Barat
rth-8ff072598e3e,TAMAN KANTOR KECAMATAN KOJA,taman,Jakarta Utara,JL. MANGGA,-6.11794097,106.91052133,,,,,,True,,,Koja,Lagoa
rth-6c9418b6cfcb,Taman Segitiga AMPI,taman,Jakarta Timur,,-6.18273396,106.88460853,,,,,,True,,,Pulogadung,Kayu Putih
rth-9672aef086d9,RTH Kp. Joglo - SPH 2012,taman,Jakarta Barat,,-6.22182144,106.72801137,,,,,,True,,,Kembangan,Joglo
rth-d4e673191065,RTH Jl. Pagelarang - SPH 2012,taman,Jakarta Timur,,-6.30169481,106.91896737,,,,,,True,,,Cipayung,Lubang Buaya
rth-b1a8e985c743,RTH Kel. Sunter Jaya - SPH -2012,taman,Jakarta Utara,,-6.15822469,106.88190068,,,,,,True,,,Tanjung Priok,Sunter Jaya
rth-542b845bd8f4,RTH Jl. H. Ipin,taman,Jakarta Selatan,Jl. H. Ipin RT. 011 RW. 01,-6.30968942,106.7889267,,,,,,True,,,Cilandak,Pondok Labu
rth-13678fcb52b0,RTH. Jl. Abdul Rahman II,taman,Jakarta Timur,Jl. Abdul Rahman II,-6.36065546,106.88005952,,,,,,True,,,Ciracas,Cibubur
rth-f37e596db899,RTH Jl. Kampung Baru,taman,Jakarta Timur,Jl. Kampung Baru RT. 010 RW. 09,-6.33540229,106.87511808,,,,,,True,,,Ciracas,Kelapa Dua Wetan
rth-892188824441,RTH Jl. Jembatan tiga,taman,Jakarta Utara,Jl. Jembatan Tiga,-6.13251257,106.78961027,,,,,,True,,,Penjaringan,Pejagalan
rth-a5c676eaa146,RTH Manunggal II Bawah,taman,Jakarta Timur,"Jl. Manunggal Dua Komp. Kodam Jaya Belakang Gereja HKBP Kel. Cipinang Melayu Kecamatan Makasar, Jakarta Timur",-6.25022668,106.92032149,,,,,,True,,,Makasar,Cipinang Melayu
rth-eaab01556e5f,RTH. Babakan Gg. Rukun,taman,Jakarta Selatan,Jl. Gg Rukun Rt. 004/01,-6.33440477,106.83023728,,,,,,True,,,Jagakarsa,Jagakarsa
rth-bb18932bf23d,RTH Jl. Arteri BKT,taman,Jakarta Timur,Jl. Arteri BKT Rt. 005/007,-6.16427547,106.9682143,,,,,,True,,,Cakung,Cakung Timur
rth-86688e3b9780,RTH Jl Bank Raya,taman,Jakarta Selatan,Jl. Bank Raya RT 007 RW 007,-6.2505942,106.81056809,,,,,,True,,,Mampang Prapatan,Pela Mampang
rth-b3bc1a34b3df,RTH Jl. Tipar,taman,Jakarta Timur,RTH Jl. Tipar RT. 002 RW. 07,-6.34663767,106.86980133,,,,,,True,,,Pasar Rebo,Pekayon
rth-d00502efb1d7,RTH Kalijodo,taman,Jakarta Utara,Jl. Kepanduan II,-6.1404524,106.78877774,,,,,,True,,,Penjaringan,Pejagalan
rth-de2d4f2100c7,RTH Madrasah Bawah,taman,Jakarta Selatan,Jl. Madrasah Bawah,-6.23843912,106.75293272,,,,,,True,,,Pesanggrahan,Bintaro
rth-3deb641420a2,RTH Jl. Gunung Balong II,taman,Jakarta Selatan,Jl. Guning Balong II,-6.30467655,106.7829414,,,,,,True,,,Cilandak,Lebak Bulus
rth-9e81c572f850,RTH Jl. Curug Indah,taman,Jakarta Timur,jl curug indah Rt. 003 Rw. 008,-6.25417211,106.91253295,,,,,,True,,,Makasar,Cipinang Melayu
rth-446cb811553c,RTH Jl. Boulevard Timur Pulo Indah,taman,Jakarta Timur,Jl. Boulevard Timur Pulo Indah Rt. 007/018,-6.20195267,106.93821482,,,,,,True,,,Cakung,Penggilingan
rth-6137d0d5074f,Fly Over (bawah) dan Underpass Lebak Bulus,taman,Jakarta Selatan,"Jl. Lebak Bulus Raya, Kel. Pondok Pinang, Kec. Kebayoran Lama, Kota Jakarta Selatan",-6.28896466,106.77855742,,,,,,True,,,Kebayoran Lama,Pondok Pinang
rth-98c5f16d1252,Fly Over Fatmawati (bawah),taman,Jakarta Selatan,"Jl. TB Simatupang, Kel. Cilandak Barat, Kec. Cilandak",-6.29225228,106.79596623,,,,,,True,,,Cilandak,Cilandak Barat
rth-9d283d986b25,JALUR HIJAU JL. PLUIT PUTRA-PUTRI,taman,Jakarta Utara,JALUR HIJAU JL. PLUIT PUTRA-PUTRI,-6.12162176,106.79191327,,,,,,True,,,Penjaringan,Penjaringan
rth-686397e02c22,Taman Bintaro Jalan Karang Kendal,taman,Jakarta Utara,JL. KARANG KENDAL,-6.13117417,106.96664305,,,,,,True,,,Cilincing,Rorotan
rth-b078d5398df4,RTH Jl. Lingkungan III -  SPH 2016,taman,Jakarta Barat,JALAN LINGKUNGAN III PASAR BINAAN,-6.11512268,106.71314799,,,,,,True,,,Kalideres,Tegal Alur
rth-ea5b3804e943,RTH Jl. Duta Indah,taman,Jakarta Selatan,Jl. Sekolah Duta I RT. 013/04),-6.28483062,106.78743085,,,,,,True,,,Kebayoran Lama,Pondok Pinang
rth-d7a62334f369,Taman Sambas IV,taman,Jakarta Selatan,,-6.24882172,106.79691305,,,,,,True,,,Kebayoran Baru,Kramat Pela
rth-b73d4761f8af,Fly Over Jl. Kapten Tendean,taman,Jakarta Selatan,,-6.24014331,106.82567668,,,,,,True,,,Mampang Prapatan,Mampang Prapatan
rth-38208253f3ed,Taman Depan Telkom Slipi,taman,Jakarta Barat,Jl. KS. Tubun (Depan Telkom Slipi),-6.20040214,106.79977274,,,,,,True,,,Pal Merah,Slipi
rth-01866c653283,TAMAN KAKAP/SEGITIGA PAKIN,taman,Jakarta Utara,JL. KAKAP,-6.12805488,106.80850786,,,,,,True,,,Penjaringan,Pluit
rth-4e72aebbc4c0,Jalur Hijau Jalan Kuningan Persada (Depan Gedung KPK),taman,Jakarta Selatan,"Jl. Kuningan Persada (Depan Gedung KPK), Kel. Guntur, Kec. Setiabudi",-6.20752358,106.82995197,,,,,,True,,,Setiabudi,Guntur
rth-9271d8d1a88e,Taman Kantor Kec. Kembangan,taman,Jakarta Barat,Jl. Komplek BTN,-6.16662198,106.74698156,,,,,,True,,,Kembangan,Kembangan Utara
rth-289b59ff2278,RTH Jl. Raya Cilangkap (2),taman,Jakarta Timur,RTH Jl. Raya Cilangkap RT. 002 RW. 05 (Samping TAMAN FLAMBOYAN),-6.33910317,106.89947498,,,,,,True,,,Cipayung,Cilangkap
rth-109dd4468454,RTH Jl Aselih,taman,Jakarta Selatan,Jl. Aselih RT. 011 RW. 01,-6.34885179,106.79299433,,,,,,True,,,Jagakarsa,Cipedak
rth-4d877c8f16da,RTH Jl. H Saibun (1),taman,Jakarta Selatan,Jl. H. Saibun RT. 002 & 008 RW. 09,-6.29001535,106.8317342,,,,,,True,,,Pasar Minggu,Jati Padang
rth-bc60d26b8358,RTH Jl H Saibun (2),taman,Jakarta Selatan,Jl. H. Saibun RT. 002 & 008 RW. 09,-6.28934743,106.83150146,,,,,,True,,,Pasar Minggu,Jati Padang
rth-2b09450ddc27,RTH Jl. Raya Cilangkap (1),taman,Jakarta Timur,RTH Jl. Raya Cilangkap RT. 002 RW. 05 (Samping TAMAN FLAMBOYAN),-6.33933532,106.89874492,,,,,,True,,,Cipayung,Cilangkap
rth-a014a9bfa04c,RTH Jl. Setapak  (1),taman,Jakarta Timur,RTH Jl. Setapak RT. 003 RW. 004,-6.32950962,106.90596084,,,,,,True,,,Cipayung,Cilangkap
rth-d304fbcee3cf,RTH Jl Muar,taman,Jakarta Selatan,RTH Jl. Muara RT. 008 RW. 02,-6.31073409,106.8525591,,,,,,True,,,Jagakarsa,Tanjung Barat
rth-a0e207f6e460,RTH Jl. Setapak (2),taman,Jakarta Timur,RTH Jl. Setapak RT. 003 RW. 004,-6.32952597,106.90641974,,,,,,True,,,Cipayung,Cilangkap
rth-51180eb50a7b,RTH Jalan Moh. Kahfi I gg. Panjang (1),taman,Jakarta Selatan,RTH Jalan Moh. Kahfi I gg. Panjang 13-H RT. 006 RW. 004,-6.34889971,106.80557836,,,,,,True,,,Jagakarsa,Cipedak
rth-b8e543a34771,RTH Jl. Duren,taman,Jakarta Timur,RTH Jl. Duren RT. 001 RW. 08,-6.34248809,106.89503628,,,,,,True,,,Cipayung,Munjul
rth-12f9767164f1,RTH Jl. Raya Pasar Minggu,taman,Jakarta Selatan,RTH Jl. Raya Pasar Minggu No. 37 RT. 005 RW. 01,-6.28177641,106.84459932,,,,,,True,,,Pasar Minggu,Pasar Minggu
rth-66790bea9c02,RTH Jl. Muara,taman,Jakarta Selatan,RTH Jl. Muara RT. 008 RW. 02,-6.31071812,106.85253277,,,,,,True,,,Jagakarsa,Tanjung Barat
rth-dd880d5f6c76,RTH Jl. Camat Gabun II,taman,Jakarta Selatan,RTH Jl. Camat Gabun II No. 67 RT. 003 RW. 08,-6.33656921,106.84004425,,,,,,True,,,Jagakarsa,Lenteng Agung
rth-3533f2dd55ef,RTH Kp Cipedak  (1),taman,Jakarta Selatan,RTH Kp Cipedak RT 001 RW 02,-6.36012614,106.79980634,,,,,,True,,,Jagakarsa,Cipedak
rth-23ccc405895b,RTH Kp Cipedak (2),taman,Jakarta Selatan,RTH Kp Cipedak RT 001 RW 02,-6.3594943,106.79955467,,,,,,True,,,Jagakarsa,Cipedak
rth-3a829ee723f4,RTH Jl. Timbul III,taman,Jakarta Selatan,RTH Jl. Timbul III RT. 08 RW. 04,-6.35312024,106.80399645,,,,,,True,,,Jagakarsa,Cipedak
rth-0395cbc29ce0,RTH Jl. Jagakarsa Raya,taman,Jakarta Selatan,RTH Jl. Jagakarsa Raya (Kp. Babakan) RT. 001 RW. 01,-6.3317005,106.83376579,,,,,,True,,,Jagakarsa,Jagakarsa
rth-f89dbe99a80b,RTH Jl. Kampung Jagakarsa (1),taman,Jakarta Selatan,Jl. Manggis Gg. H Abd Ghoni Kp. Jagakarsa RT.001 RW.04,-6.32669088,106.80926912,,,,,,True,,,Jagakarsa,Jagakarsa
rth-551b46c80bb4,RTH Jl. Kampung Jagakarsa,taman,Jakarta Selatan,Jl. Manggis Gg. H Abd Ghoni Kp. Jagakarsa RT.001 RW.04,-6.32651995,106.8096396,,,,,,True,,,Jagakarsa,Jagakarsa
rth-773670f5f5a8,Taman Pulau Pulau Pasar Santa,taman,Jakarta Selatan,,-6.23977671,106.81208819,,,,,,True,,,Kebayoran Baru,Selong
rth-59db4a09fa6d,RTH Jl. Lingkungan III - SPH 2014,taman,Jakarta Barat,Jl. Lingkungan III,-6.1155065,106.71339896,,,,,,True,,,Kalideres,Tegal Alur
rth-6e43077ff890,RTH Gg. Rukun,taman,Jakarta Selatan,Jl. Gang Rukun RT 004 RW 001,-6.33539574,106.82943225,,,,,,True,,,Jagakarsa,Jagakarsa
rth-63b5bfce4022,RTH Gembira Ujung,taman,Jakarta Selatan,Jl. Gembira ujung,-6.2057259,106.82998104,,,,,,True,,,Setiabudi,Guntur
rth-f5286d2ab582,RTH Pondok Kelapa,taman,Jakarta Selatan,Jl. Pondok Kelapa Selatan RT 008 RW 005,-6.25280061,106.93530169,,,,,,True,,,Duren Sawit,Pondok Kelapa
rth-b9c6aa61d974,RTH Jl. M. Kahfi II,taman,Jakarta Selatan,Jl. M. Kahfi II RT 006 RW 005 No. 20A,-6.33634983,106.82882687,,,,,,True,,,Jagakarsa,Srengseng Sawah
rth-6931b41b4285,RTH Kp. Dukuh,taman,Jakarta Timur,Jl. Penggilingan Baru RT 011 RW 03,-6.30178681,106.87560183,,,,,,True,,,Kramatjati,Dukuh
rth-3c65bd3ff9aa,RTH Lingkar Luar,taman,Jakarta Timur,"Tol lingkar luar, TB. Simatupang",-6.30781703,106.86899638,,,,,,True,,,Ciracas,Susukan
rth-4bd8435fab4b,RTH Kp. Jati,taman,Jakarta Timur,Jl. SD Inpres,-6.30306578,106.87714469,,,,,,True,,,Ciracas,Rambutan
rth-dff0929d9801,RTH Jati Murni Buntu 1,taman,Jakarta Selatan,Jl. jati murni Buntu,-6.28338607,106.83407767,,,,,,True,,,Pasar Minggu,Jati Padang
rth-86684aa12f5d,RTH Jatimurni Buntu 2,taman,Jakarta Selatan,Jatimurni Buntu,-6.28360859,106.83374573,,,,,,True,,,Pasar Minggu,Jati Padang
rth-82454ba66e0c,RTH Jl. Danau Asri Selatan,taman,Jakarta Utara,Jl. Danau Asri Selatan,-6.15331676,106.88401685,,,,,,True,,,Tanjung Priok,Sunter Jaya
rth-897ea19bab61,RTH Giri Kencana,taman,Jakarta Timur,Jl. Giri Kencana,-6.33430567,106.90449966,,,,,,True,,,Cipayung,Cilangkap
rth-08721e9bb7c9,"RTH RAWA BAMBU, Jl. Rawa Bambu RT.013 RW.05 Kelurahan Pasar Minggu Kecamatan  Pasar Minggu",taman,Jakarta Selatan,Jl. Rawa Bambu RT.013 RW.05 Kelurahan Pasar Minggu Kecamatan  Pasar Minggu,-6.28819201,106.8432017,,,,,,True,,,Pasar Minggu,Pasar Minggu
rth-652fd7f1f74e,RTH Kp. Pedaengan,taman,Jakarta Timur,Jl. Al Wathoniyah,-6.19203278,106.93859472,,,,,,True,,,Cakung,Penggilingan
rth-0f9f2faff3e6,RTH Sunter Jaya - SPH 2013,taman,Jakarta Utara,Jl. Sunter Jaya,-6.15776854,106.88113408,,,,,,True,,,Tanjung Priok,Sunter Jaya
rth-6f3af285aa67,"RTH Manunggal II, SD. Inpres",taman,Jakarta Selatan,Jl. Manunggal II RT 04 RW 02,-6.24412468,106.74721596,,,,,,True,,,Pesanggrahan,Petukangan Selatan
