id,nama,kategori_id,tipe,wilayah,alamat,latitude,longitude,deskripsi,jam_operasional,tiket_masuk,akses_disabilitas,ramah_hewan,verified,status_general,image_url,kecamatan,kelurahan
rth-b0d3134c921a,TAMAN HKSN,,,Jakarta Pusat,"JL. PASAR SENEN, RW.3, SENEN, KEC. SENEN, KOTA JAKARTA PUSAT, DAERAH KHUSUS IBUKOTA JAKARTA 10410",,,,,,,,False,,,SENEN,SENEN
rth-265c0cac683a,TAMAN MAPHAR,,,Jakarta Pusat,"JL. KARANG ANYAR NO.22, RT.2/RW.2, KARANG ANYAR, KECAMATAN SAWAH BESAR, KOTA JAKARTA PUSAT, DAERAH KHUSUS IBUKOTA JAKARTA 10740",,,,,,,,False,,,TAMAN SARI,KARANG ANYAR
rth-56df41b148b2,JH JL. BENDUNGAN HILIR (BAK TANAMAN),,,Jakarta Pusat,JH JL. BENDUNGAN HILIR (BAK TANAMAN),,,,,,,,False,,,TANAH ABANG,BENDUNGAN HILIR
rth-d0c75215006d,TAMAN JEMBATAN TINGGI FARMASI,,,Jakarta Pusat,TAMAN JEMBATAN TINGGI FARMASI,,,,,,,,False,,,TANAH ABANG,BENDUNGAN HILIR
rth-2ec816b1f3dd,TAMAN PENJERNIHAN (SEGITIGA) (DEKAT PERUMAHAN KEUANGAN),,,Jakarta Pusat,TAMAN PENJERNIHAN (SEGITIGA) (DEKAT PERUMAHAN KEUANGAN),,,,,,,,False,,,TANAH ABANG,BENDUNGAN HILIR
rth-61b5efc49a32,TAMAN LADOGI (JALUR),,,Jakarta Pusat,TAMAN LADOGI (JALUR),,,,,,,,False,,,TANAH ABANG,BENDUNGAN HILIR
rth-db97c8f6d585,JH PERENGAN/KUPINGAN FO SLIPI SISI UTARA & SEGITIGA PULO (POS POLISI) DAN SISI SELATAN JL. PEJOMPONGAN RAYA,,,Jakarta Pusat,JH PERENGAN/KUPINGAN FO SLIPI SISI UTARA & SEGITIGA PULO (POS POLISI) DAN SISI SELATAN JL. PEJOMPONGAN RAYA,,,,,,,,False,,,TANAH ABANG,BENDUNGAN HILIR
rth-0494e859e14d,TAMAN PAM BARU,,,Jakarta Pusat,"JL. PAM BARU, TANAH ABANG, JAKARTA PUSAT",,,,,,,,False,,,TANAH ABANG,BENDUNGAN HILIR
rth-24aa6bde3794,TAMAN PEJOMPONGAN (ADMINISTRASI/LAN),,,Jakarta Pusat,"TAMAN LAN PEJOMPONGAN, JL. ADMINISTRASI NEGARA, BENDUNGAN HILIR, TANAH ABANG",,,,,,,,False,,,TANAH ABANG,BENDUNGAN HILIR
rth-e58ab26fb657,TAMAN DANAU BUYAN,,,Jakarta Pusat,"JL. D. BUYAN, RT.9/RW.3, BEND. HILIR, KECAMATAN TANAH ABANG, KOTA JAKARTA PUSAT, DAERAH KHUSUS IBUKOTA JAKARTA 10210",,,,,,,,False,,,TANAH ABANG,BENDUNGAN HILIR
rth-1e3abb3227b1,TAMAN DANAU DAMPELAS,,,Jakarta Pusat,"JL. DANAU TOBA NO.85, RT.19/RW.4, BEND. HILIR, KECAMATAN TANAH ABANG, KOTA JAKARTA PUSAT, DAERAH KHUSUS IBUKOTA JAKARTA 10210",,,,,,,,False,,,TANAH ABANG,BENDUNGAN HILIR
rth-5be3e00b1b55,TAMAN SINGKARAK,,,Jakarta Pusat,"JL. BENDUNGAN HILIR NO.24-25, RT.11/RW.3, BEND. HILIR, KECAMATAN TANAH ABANG, KOTA JAKARTA PUSAT",,,,,,,,False,,,TANAH ABANG,BENDUNGAN HILIR
rth-252010c12363,TAMAN SITU AKSAN,,,Jakarta Pusat,"JL. SITU AKSAN, BENDUNGAN HILIR",,,,,,,,False,,,TANAH ABANG,BENDUNGAN HILIR
rth-fe59c41b851e,TAMAN PEJOMPONGAN (SATE JONO),,,Jakarta Pusat,"JL PEJOMPONGAN RAYA, BENDUNGAN HILIR",,,,,,,,False,,,TANAH ABANG,BENDUNGAN HILIR
rth-a71d2884cee8,TAMAN PAM LAMA,,,Jakarta Pusat,JALAN PAM LAMA KEL. BENDUNGAN HILIR KEC. TANAH ABANG,,,,,,,,False,,,TANAH ABANG,BENDUNGAN HILIR
rth-9b8b66c03948,TAMAN DANAU SEMAYANG,,,Jakarta Pusat,"JL DANAU SEMAYANG, BENDUNGAN HILIR, JAKARTA PUSAT",,,,,,,,False,,,TANAH ABANG,BENDUNGAN HILIR
rth-af1822e1f4a5,TAMAN MAHALONA,,,Jakarta Pusat,"JL. DANAU MAHALONA, KEL. BENDUNGAN HILIR, KEC. TANAH ABANG, JAKARTA PUSAT",,,,,,,,False,,,TANAH ABANG,BENDUNGAN HILIR
rth-5b2305e7ec18,TAMAN MEDARA,,,Jakarta Pusat,"TAMAN DANAU MEDARA, JL. DANAU MEDARA , JAKARTA PUSAT , TANAH ABANG , BENDUNGAN HILIR",,,,,,,,False,,,TANAH ABANG,BENDUNGAN HILIR
rth-ea9f7d2a0a7d,TAMAN SEMANGGI (GKBI),,,Jakarta Pusat,"JL. JEND. SUDIRMAN NO.28, RT.5/RW.2, BEND. HILIR, KECAMATAN TANAH ABANG, KOTA JAKARTA PUSAT, DAERAH KHUSUS IBUKOTA JAKARTA 10210",,,,,,,,False,,,TANAH ABANG,BENDUNGAN HILIR
rth-3c7374213e37,TAMAN DANAU ASAHAN,,,Jakarta Pusat,"JL. BENDUNGAN ASAHAN KEL .BENDUNGAN HILIR KEC. TANAH ABANG, JAKARTA PUSAT.",,,,,,,,False,,,TANAH ABANG,BENDUNGAN HILIR
rth-87a20de2475c,TAMAN BENDUNGAN JATILUHUR,,,Jakarta Pusat,"JL. TAMAN BEND. JATI LUHUR, RT.2/RW.2, BEND. HILIR, KECAMATAN TANAH ABANG, KOTA JAKARTA PUSAT",,,,,,,,False,,,TANAH ABANG,BENDUNGAN HILIR
rth-3190f304e85e,TAMAN SEMANGGI,,,Jakarta Pusat,"JL. JEND. SUDIRMAN, RT.14/RW.1",,,,,,,,False,,,TANAH ABANG,BENDUNGAN HILIR
rth-39245838fc04,JH SEGITIGA JATIBARU STASIUN (2020),,,Jakarta Pusat,JH SEGITIGA JATIBARU STASIUN (2020),,,,,,,,False,,,TANAH ABANG,CIDENG
rth-49cbba7b0bbe,JH JALAN DEPAN MANGGALA WANABHAKTI,,,Jakarta Pusat,JH JALAN DEPAN MANGGALA WANABHAKTI,,,,,,,,False,,,TANAH ABANG,GELORA
rth-312f12d68d43,JH JL. GELORA (LAPANGAN TEMBAK) DR DEPAN SMA 24 DAN PULAU SMA 24,,,Jakarta Pusat,JH JL. GELORA (LAPANGAN TEMBAK) DR DEPAN SMA 24 DAN PULAU SMA 24,,,,,,,,False,,,TANAH ABANG,GELORA
rth-e31fa9a91dc1,"JH JL. TENTARA PELAJAR, SEGITIGA PULAU JALAN DAN SISI PEDESTRIAN DARI STASIUN PALMERAH SAMPAI BAWAH FO SLIPI",,,Jakarta Pusat,"JH JL. TENTARA PELAJAR, SEGITIGA PULAU JALAN DAN SISI PEDESTRIAN DARI STASIUN PALMERAH SAMPAI BAWAH FO SLIPI",,,,,,,,False,,,TANAH ABANG,GELORA
rth-ad32ed3137ae,JH BAWAH FO SLIPI,,,Jakarta Pusat,JH BAWAH FO SLIPI,,,,,,,,False,,,TANAH ABANG,GELORA
rth-91d8e6042798,JH JL. TENTARA PELAJAR (DEPAN KOMPAS GRAMEDIA PALMERAH),,,Jakarta Pusat,JH JL. TENTARA PELAJAR (DEPAN KOMPAS GRAMEDIA PALMERAH),,,,,,,,False,,,TANAH ABANG,GELORA
rth-5c4a799752e7,JALUR JL. GERBANG PEMUDA (MEDIAN DAN SISI GBK),,,Jakarta Pusat,JL. GERBANG PEMUDA,,,,,,,,False,,,TANAH ABANG,GELORA
rth-a55199576c1e,JALUR HIJAU DEPAN GELORA / TVRI DARI KELURAHAN S/D TAMAN RIA,,,Jakarta Pusat,JALUR HIJAU DEPAN GELORA / TVRI DARI KELURAHAN S/D TAMAN RIA,,,,,,,,False,,,TANAH ABANG,GELORA
rth-e52b149d2f08,TAMAN GROGOL UTARA RW.07,,,Jakarta Selatan,"JL. PERMATA HIJAU BOULEVARD BARAT, RW.13, GROGOL UTARA, KEC. KBY. LAMA, KOTA JAKARTA SELATAN, DAERAH KHUSUS IBUKOTA JAKARTA 12210",,,,,,,,False,,,KEBAYORAN LAMA,GROGOL UTARA
rth-1fe1f22246c6,TAMAN FLUIS,,,Jakarta Selatan,JL KEMANDORAN FLUIS,,,,,,,,False,,,KEBAYORAN LAMA,GROGOL UTARA
rth-c13b4c6463b1,TAMAN KENANGA,,,Jakarta Selatan,"JL. PULO KENANGA IV, RT.6/ 15, KEL. GROGOL UTARA, KEC. KEBAYORAN LAMA, JAKARTA SELATAN",,,,,,,,False,,,KEBAYORAN LAMA,GROGOL UTARA
rth-c9084aa99ad8,TAMAN PIRUS PERMATA HIJAU,,,Jakarta Selatan,"JL. PIRUS BLOK C1 NO.2, RT.12/RW.10, NORTH GROGOL, KEBAYORAN LAMA, SOUTH JAKARTA CITY, JAKARTA 12210",,,,,,,,False,,,KEBAYORAN LAMA,GROGOL UTARA
rth-71908b438686,TAMAN SEGITIGA BOULEVARD,,,Jakarta Selatan,"JALAN PERMATA HIJAU BLVD BARAT, RT.8/.13, KEL. GROGOL UTARA, KEC. KEBAYORAN LAMA, KOTA JAKARTA SELATAN",,,,,,,,False,,,KEBAYORAN LAMA,GROGOL UTARA
rth-9f3a433e6a97,TAMAN SEGITIGA DEPAN HERO,,,Jakarta Selatan,"JL. PERMATA HIJAU BOULEVARD TIMUR, RT.4/.12, KEL. GROGOL UTARA, KEC. KEBAYORAN LAMA, KOTA JAKARTA SELATAN",,,,,,,,False,,,KEBAYORAN LAMA,GROGOL UTARA
rth-3fa8801a3046,TMN. BENDI TIMUR BAG. SELATAN,,,Jakarta Selatan,JL. BENDI UTAMA RT 02/ 10 KEL. KEBAYORAN LAMA UTARA KEC. KEBAYORAN LAMA. JAKARTA SELATAN,,,,,,,,False,,,KEBAYORAN LAMA,GROGOL UTARA
rth-d1ee6dbc71fa,RTH JL. KEMANDORAN I RT. 003 RW. 011 NO. 27,,,Jakarta Selatan,JL. KEMANDORAN I RT. 003 RW. 011 NO. 27,,,,,,,,False,,,KEBAYORAN LAMA,GROGOL UTARA
rth-7f1ab25e3705,TAMAN JATAYU,,,Jakarta Selatan,JL. JATAYU RT 09/ 05 KEL. KEBAYORAN LAMA SELATAN KEC. KEBAYORAN LAMA. JAKARTA SELATAN,,,,,,,,False,,,KEBAYORAN LAMA,KEBAYORAN LAMA SELATAN
rth-8b9194052d08,TAMAN PUTRI HIJAU (SISI REL KA),,,Jakarta Selatan,"L. LINGKARAN PUTRI HIJAU, RT.10/RW.5, GROGOL SEL., KEC. KBY. LAMA, KOTA JAKARTA SELATAN",,,,,,,,False,,,KEBAYORAN LAMA,KEBAYORAN LAMA SELATAN
rth-abcc7259edc9,RTH JATAYU,,,Jakarta Selatan,"GG. MASJID I, RT.9/RW.5, KBY. LAMA UTARA, KEC. KBY. LAMA,",,,,,,,,False,,,KEBAYORAN LAMA,KEBAYORAN LAMA SELATAN
rth-b6dee45e19d6,RPTRA TAMAN BINA MARGA TANAH KUSIR RT 010/01,rptra,RPTRA,Jakarta Selatan,"JL. HARUN NO.32, RT.10/RW.1, KBY. LAMA SEL., KEC. KBY. LAMA, KOTA JAKARTA SELATAN, DAERAH KHUSUS IBUKOTA JAKARTA 12240",,,,,,,,False,,,KEBAYORAN LAMA,KEBAYORAN LAMA SELATAN
rth-18677183a556,TAMAN KEBUN BIBIT BENDI,,,Jakarta Selatan,"JL. DELMAN UTAMA RT.2/ 10 KEL. KEBAYORAN LAMA SELATAN KEC. KEBAYORAN LAMA, JAKARTA SELATAN,",,,,,,,,False,,,KEBAYORAN LAMA,KEBAYORAN LAMA SELATAN
rth-2b592ffe4c19,TAMAN KANTOR KECAMATAN KEBAYORAN LAMA,,,Jakarta Selatan,"JL. PRAJA NO.1, RT.5/RW.1, KBY. LAMA SEL., KEC. KBY. LAMA, KOTA JAKARTA SELATAN",,,,,,,,False,,,KEBAYORAN LAMA,KEBAYORAN LAMA SELATAN
rth-c45119c5f99f,RTH TANAH KUSIR III,,,Jakarta Selatan,"JL. TANAH KUSIR III RT 004 RW 009 KEL. KEBAYORAN LAMA SELATAN KEC. KEBAYORAN LAMA, JAKARTA SELATAN",,,,,,,,False,,,KEBAYORAN LAMA,KEBAYORAN LAMA SELATAN
rth-c2b192263e5d,UNDERPASS GANDARIA CITY,,,Jakarta Selatan,UNDERPASS GANDARIA CITY,,,,,,,,False,,,KEBAYORAN LAMA,KEBAYORAN LAMA UTARA
rth-8af7674d8633,TAMAN BENDI RAYA,,,Jakarta Selatan,"JL. BENDI RAYA, RT.5/RW.10, KBY. LAMA UTARA, KEC. KBY. LAMA, KOTA JAKARTA SELATAN, DAERAH KHUSUS IBUKOTA JAKARTA 12240",,,,,,,,False,,,KEBAYORAN LAMA,KEBAYORAN LAMA UTARA
rth-d3a778d6f7e7,TAMAN BENDI ELOK,,,Jakarta Selatan,"JL. DELMAN INDAH 4,5, KEL. KEBAYORAN LAMA UTARA, KEC. KEBAYORAN LAMA. JAKARTA SELATAN",,,,,,,,False,,,KEBAYORAN LAMA,KEBAYORAN LAMA UTARA
rth-6da1aea33133,TAMAN BENDI,,,Jakarta Selatan,"JL. DELMAN UTAMA RT.2/.11, KEL. KEBAYORAN LAMA UTARA KEC. KEBAYORAN LAMA. JAKARTA SELATAN",,,,,,,,False,,,KEBAYORAN LAMA,KEBAYORAN LAMA UTARA
rth-a4af50f869a4,TAMAN KEBAYORAN LAMA UTARA,,,Jakarta Selatan,"JL. DELMAN INDAH IV RT 2/11, KEL. KEBAYORAN LAMA UTARA KEC. KEBAYORAN LAMA. JAKARTA SELATAN",,,,,,,,False,,,KEBAYORAN LAMA,KEBAYORAN LAMA UTARA
rth-07ec4cf74438,TAMAN DELMAN ASRI IV,,,Jakarta Selatan,"JL. DELMAN ASRI VI NO.74, RT.6/RW.11, KBY. LAMA UTARA, KEC. KBY. LAMA, KOTA JAKARTA SELATAN, DAERAH KHUSUS IBUKOTA JAKARTA 12240",,,,,,,,False,,,KEBAYORAN LAMA,KEBAYORAN LAMA UTARA
rth-9be7fbc636a8,TAMAN RTH PANINGGARAN I/ TAMAN PENINGGARAN I,,,Jakarta Selatan,"JL. PENINGGARAN TIMUR I NO.92A, RT.4/RW.9, KBY. LAMA UTARA, KEC. KBY. LAMA,",,,,,,,,False,,,KEBAYORAN LAMA,KEBAYORAN LAMA UTARA
rth-5a347b3c98e5,TAMAN PENINGGARAN II,,,Jakarta Selatan,"JL.PENINGGARAN KEL.KEBAYORAN LAMA UTARA. JAKARTA SELATANRT.2/RW.9, KBY. LAMA UTARA, KEC. KBY. LAMA, KOTA JAKARTA SELATAN, DAERAH KHUSUS IBUKOTA JAKARTA 12240",,,,,,,,False,,,KEBAYORAN LAMA,KEBAYORAN LAMA UTARA
rth-cabad48079e2,TAMAN JL. PENINGGARAN,,,Jakarta Selatan,"JL. PENINGGARAN RT 04/ 09 KEL, KEBAYORAN LAMA UTARA KEC. KEBAYORAN LAMA. JAKARTA SELATAN",,,,,,,,False,,,KEBAYORAN LAMA,KEBAYORAN LAMA UTARA
rth-a98b10e30301,TAMAN GANDARIA TRAFO,,,Jakarta Selatan,"JL. KH. MOH. SYAFI'I HADZAMI 15, RT.15/RW.6, KBY. LAMA UTARA, KEC. KBY. LAMA, KOTA JAKARTA SELATAN, DAERAH KHUSUS IBUKOTA JAKARTA 12240",,,,,,,,False,,,KEBAYORAN LAMA,KEBAYORAN LAMA UTARA
rth-20680e2b1331,TAMAN SEGITIGA GANDARIA,,,Jakarta Selatan,"JL. ISKANDAR MUDA RT 15/06 KEL. KEBAYORAN LAMA UTARA, KEC. KEBAYORAN. LAMA, KOTA JAKARTA SELATAN,",,,,,,,,False,,,KEBAYORAN LAMA,KEBAYORAN LAMA UTARA
rth-7bcba8b4e01f,HUTAN KOTA KANDANG BESAR,,,Jakarta Timur,KAMPUNG KANDANG BESAR RT.003 RW. 04 KEL. UJUNG MENTENG KEC. CAKUNG JAKARTA TIMUR,,,,,,,,False,,,CAKUNG,UJUNG MENTENG
rth-37cc1b46fdc1,HUTAN KOTA UJUNG MENTENG BARU,,,Jakarta Timur,KAMPUNG KANDANG BESAR RT.003 RW. 02 KEL. UJUNG MENTENG KEC. CAKUNG JAKARTA TIMUR,,,,,,,,False,,,CAKUNG,UJUNG MENTENG
rth-21042326a32c,TAMAN UJUNG MENTENG,,,Jakarta Timur,"JL. SATRIA, RT.6/RW.2, UJUNG MENTENG, KEC. CAKUNG, KOTA JAKARTA TIMUR, DAERAH KHUSUS IBUKOTA JAKARTA 13960",,,,,,,,False,,,CAKUNG,UJUNG MENTENG
rth-6754012fd564,RTH JL. SATRIA RT. 006 RW. 02,,,Jakarta Timur,"JL. SATRIA RT 006 RW 002, KEL. UJUNG MENTENG, KEC. CAKUNG, JAKARTA TIMUR",,,,,,,,False,,,CAKUNG,UJUNG MENTENG
rth-bb03e1d1e7ac,RTH PERUM RUKEM,,,Jakarta Timur,"PERUM RUKEM JAYA, KEL. UJUNG MENTENG, KEC. CAKUNG, JAKARTA UTARA",,,,,,,,False,,,CAKUNG,UJUNG MENTENG
rth-3a8b9df56e08,TAMAN KASIA,,,Jakarta Timur,"JL. MANDOR HASAN, KELURAHAN BAMBU APUS, KECAMATAN CIPAYUNG, JAKARTA TIMUR",,,,,,,,False,,,CIPAYUNG,BAMBU APUS
rth-634a457dbc3e,RTH JL. DAMAI RAYA RT. 001 RW. 01 (TAMAN DAMAI RAYA),,,Jakarta Timur,JL. DAMAI RAYA RT. 001 RW. 01,,,,,,,,False,,,CIPAYUNG,BAMBU APUS
rth-f6ca9e18dbca,RTH JL. PALEM KARTIKA NO. 21 RT 001 RW 002 (TAMAN BAKOEN PARK),,,Jakarta Timur,JL. PALEM KARTIKA NO. 21 RT 001 RW 002,,,,,,,,False,,,CIPAYUNG,BAMBU APUS
rth-fc89eab1d2f6,TAMAN CALIANDRA (RPTRA GEBANG SARI),,,Jakarta Timur,"JL. GEBANG SARI, RT.2/RW.5, BAMBU APUS, KEC. CIPAYUNG, KOTA JAKARTA TIMUR, DAERAH KHUSUS IBUKOTA JAKARTA 13890",,,,,,,,False,,,CIPAYUNG,BAMBU APUS
rth-0e37f3c8e151,TAMAN MANDOR HASAN,,,Jakarta Timur,"JL. MANDOR HASAN GG. AL-BARKAH NO.44A, RT.10/RW.1, BAMBU APUS, KEC. CIPAYUNG, KOTA JAKARTA TIMUR, DAERAH KHUSUS IBUKOTA JAKARTA 13840",,,,,,,,False,,,CIPAYUNG,BAMBU APUS
rth-5bf66a16fecc,TAMAN PPA DEPSOS 1 DAN 2,,,Jakarta Timur,"JL. P.P.A BLOK PAITEM NO.31, RT.5/RW.1, BAMBU APUS, KEC. CIPAYUNG, KOTA JAKARTA TIMUR, DAERAH KHUSUS IBUKOTA JAKARTA 13890",,,,,,,,False,,,CIPAYUNG,BAMBU APUS
rth-ee1971cf281e,RTH JL. PPA RT. 007 RW. 01,,,Jakarta Timur,"JL. PPA RT 007 RW 001, KEL. BAMBU APUS, KEC. CIPAYUNG, JAKARTA TIMUR",,,,,,,,False,,,CIPAYUNG,BAMBU APUS
rth-172d83a97aa2,HUTAN KOTA INDRALOKA,,,Jakarta Timur,JL. MANDOR HASAN (TAMAN INDRALOKA) KEL. CEGER KEC. CIPAYUNG JAKARTA TIMUR,,,,,,,,False,,,CIPAYUNG,CEGER
rth-1c918e282436,RTH TAMAN BLUNTAS JL. MANUNGGAL II,,,Jakarta Timur,"JL. MANUNGGAL II NO.1, RT.3/RW.1, CEGER, KEC. CIPAYUNG, KOTA JAKARTA TIMUR, DAERAH KHUSUS IBUKOTA JAKARTA 13820",,,,,,,,False,,,CIPAYUNG,CEGER
rth-a088b0e0527b,TAMAN SETAPAK,,,Jakarta Timur,"JL. SETAPAK RT.003 RW.004, KELURAHAN CILANGKAP, KECAMATAN CIPAYUNG, JAKARTA TIMUR",,,,,,,,False,,,CIPAYUNG,CILANGKAP
rth-33f9e1adb6a0,RTH TAMAN MELATI JL. ASSYAFIIYAH,,,Jakarta Timur,"JL. TAMAN MELATI NO.5, RT.5/RW.3, CILANGKAP, KEC. CIPAYUNG, KOTA JAKARTA TIMUR, DAERAH KHUSUS IBUKOTA JAKARTA 13870",,,,,,,,False,,,CIPAYUNG,CILANGKAP
rth-b5ee985bfe37,RTH JL. RAYA CILANGKAP RT. 002 RW. 05,,,Jakarta Timur,"L. RAYA CILANGKAP RT 002 RW 005, KEL. CILANGKAP, KEC. CIPAYUNG, JAKARTA TIMUR (SAMPING TAMAN FLAMBOYAN)",,,,,,,,False,,,CIPAYUNG,CILANGKAP
rth-3314b8221721,RTH GIRI KENCANA,,,Jakarta Timur,"JL. GIRI KENCANA, KEL. CILANGKAP, KEC. CIPAYUNG, JAKARTA TIMUR",,,,,,,,False,,,CIPAYUNG,CILANGKAP
rth-6231d757741f,RTH RAYA CILANGKAP RT 07 (TAMAN CILANGKAP SEJUK),,,Jakarta Timur,"JL. SEJUK/GEREJA RT 007 RW 004 KEL. CILANGKAP KEC. CIPAYUNG, JAKARTA TIMUR",,,,,,,,False,,,CIPAYUNG,CILANGKAP
rth-7ae2c8fff9b8,TAMAN CEMPAKA,,,Jakarta Timur,"RW 10 MALAKA SARI, JL. CEMPAKA II , JAKARTA TIMUR , DUREN SAWIT",,,,,,,,False,,,CIPAYUNG,CILANGKAP
rth-259b50859cd3,HUTAN KOTA CIPAYUNG,,,Jakarta Timur,JL. KAV DKI RT 007 RW 001 KEL. CIPAYUNG KEC. CIPAYUNG JAKARTA TIMUR,,,,,,,,False,,,CIPAYUNG,CIPAYUNG
rth-739d0221510c,TAMAN PINANG,,,Jakarta Timur,"JL. PINANG, JAKARTA TIMUR",,,,,,,,False,,,CIPAYUNG,CIPAYUNG
rth-ebab33467768,RTH FLAMBOYAN,,,Jakarta Timur,"JL. FLAMBOYAN, RT.9/RW.1, CIPAYUNG, KEC. CIPAYUNG, KOTA JAKARTA TIMUR, DAERAH KHUSUS IBUKOTA JAKARTA 13840",,,,,,,,False,,,CIPAYUNG,CIPAYUNG
rth-765de21fb3a9,TAMAN AKUSTIK,,,Jakarta Timur,"JL. AKUSTIK NO.1, RT.5/RW.8, CIPAYUNG, KEC. CIPAYUNG, KOTA JAKARTA TIMUR, DAERAH KHUSUS IBUKOTA JAKARTA 13840",,,,,,,,False,,,CIPAYUNG,CIPAYUNG
rth-caacfdb239f9,TAMAN ALAMANDA,,,Jakarta Timur,"JL. ALAMANDA 17, RT.9/RW.1, CIPAYUNG, KEC. CIPAYUNG, KOTA JAKARTA TIMUR, DAERAH KHUSUS IBUKOTA JAKARTA 13840",,,,,,,,False,,,CIPAYUNG,CIPAYUNG
rth-2b5e16f5e100,TAMAN RTH CIPAYUNG,,,Jakarta Timur,JL. PENGEMBANGAN RT. 07/01,,,,,,,,False,,,CIPAYUNG,CIPAYUNG
rth-372382349f39,TAMAN BINA MARGA I,,,Jakarta Timur,"JL. BINA MARGA RW.6, CIPAYUNG, KEC. CIPAYUNG, KOTA JAKARTA TIMUR, DAERAH KHUSUS IBUKOTA JAKARTA 13840",,,,,,,,False,,,CIPAYUNG,CIPAYUNG
rth-65bf56a9aa60,TAMAN BINA MARGA II,,,Jakarta Timur,"JL. BINA MARGA 11, RT.1/RW.5, CIPAYUNG, KEC. CIPAYUNG, KOTA JAKARTA TIMUR, DAERAH KHUSUS IBUKOTA JAKARTA 13840",,,,,,,,False,,,CIPAYUNG,CIPAYUNG
rth-cdf1d8051475,TAMAN BLOK N,,,Jakarta Timur,JL. CENDANA RT. 02/08,,,,,,,,False,,,CIPAYUNG,CIPAYUNG
rth-bb6936826c3d,TAMAN KOMP. WALIKOTA JAK-BAR BLOK D,,,Jakarta Barat,"JL. KEMBANGAN RAYA, RW.2, KEMBANGAN UTARA, KEC. KEMBANGAN, KOTA JAKARTA BARAT, DAERAH KHUSUS IBUKOTA JAKARTA 11610",,,,,,,,False,,,KEMBANGAN,KEMBANGAN UTARA
rth-de182f05f7c1,TAMAN KAMPUNG BARU,,,Jakarta Barat,"JL. KAMPUNG BARU RW 010, KEL. KEMBANGAN UTARA, KEC. KEMBANGAN, JAKARTA BARAT",,,,,,,,False,,,KEMBANGAN,KEMBANGAN UTARA
rth-757b851a91ad,RTH JL. KAMPUNG BARU RT 006 RW 010,,,Jakarta Barat,"KAMPUNG BARU RT 006 RW 010, KEL. KEMBANGAN UTARA, KEC. KEMBANGAN, JAKARTA BARAT",,,,,,,,False,,,KEMBANGAN,KEMBANGAN UTARA
rth-3b3f6039b938,TAMAN KOMP. UNILEVER BLOK A,,,Jakarta Barat,"KOMPLEK UNILEVER BLOK A RT.6/RW.5, MERUYA SEL., KEC. KEMBANGAN, KOTA JAKARTA BARAT, DAERAH KHUSUS IBUKOTA JAKARTA 11610",,,,,,,,False,,,KEMBANGAN,MERUYA SELATAN
rth-534ce051f3bb,TAMAN KOMP. UNILEVER BLOK B,,,Jakarta Barat,"KOMPLEK UNILEVER BLOK B, MERUYA SEL., KEC. KEMBANGAN, KOTA JAKARTA BARAT, DAERAH KHUSUS IBUKOTA JAKARTA 11610",,,,,,,,False,,,KEMBANGAN,MERUYA SELATAN
rth-19355e9af21e,TAMAN KOMP. BPPT,,,Jakarta Barat,"JL. TEKNOLOGI X NO.9A, RT.9/RW.3, MERUYA UTARA , KEMBANGAN, WEST JAKARTA CITY, JAKARTA 11620",,,,,,,,False,,,KEMBANGAN,MERUYA UTARA
rth-087f65ddb842,TAMAN KOMP ARIES PASAR,,,Jakarta Barat,"JL. ARIES UTAMA NO.12, RT.12/RW.3, MERUYA UTARA, KEC. KEMBANGAN, KOTA JAKARTA BARAT, DAERAH KHUSUS IBUKOTA JAKARTA 11620",,,,,,,,False,,,KEMBANGAN,MERUYA UTARA
rth-0b64f5bf927c,TAMAN ARIES BLOK A.2,,,Jakarta Barat,"JL. ARIES UTAMA BLOK A.2 RW.3, MERUYA UTARA, KEC. KEMBANGAN, KOTA JAKARTA BARAT, DAERAH KHUSUS IBUKOTA JAKARTA 11620",,,,,,,,False,,,KEMBANGAN,MERUYA UTARA
rth-970256d526dd,TAMAN ARIES BLOK A.7,,,Jakarta Barat,"JL. ARIES UTAMA BLOK A.7RW.3, MERUYA UTARA, KEC. KEMBANGAN, KOTA JAKARTA BARAT, DAERAH KHUSUS IBUKOTA JAKARTA 11620",,,,,,,,False,,,KEMBANGAN,MERUYA UTARA
rth-52758c4164e9,TAMAN ARIES BLOK A.9,,,Jakarta Barat,"JL. ARIES UTAMA BLOK A.9 RW.3, MERUYA UTARA, KEC. KEMBANGAN, KOTA JAKARTA BARAT, DAERAH KHUSUS IBUKOTA JAKARTA 11620",,,,,,,,False,,,KEMBANGAN,MERUYA UTARA
rth-511db0cf3ab6,TAMAN ARIES BLOK D.8,,,Jakarta Barat,"JL. ARIES UTAMA BLOK D.8 RW.3, MERUYA UTARA, KEC. KEMBANGAN, KOTA JAKARTA BARAT, DAERAH KHUSUS IBUKOTA JAKARTA 11620",,,,,,,,False,,,KEMBANGAN,MERUYA UTARA
rth-7610d9f95e6f,TAMAN ANGGREK DAHLIA SMP 215,,,Jakarta Barat,"JL. MAWAR, RT.11/RW.4, TAMAN, MERUYA UTARA, KEC. KEMBANGAN, KOTA JAKARTA BARAT, DAERAH KHUSUS IBUKOTA JAKARTA 11620",,,,,,,,False,,,KEMBANGAN,MERUYA UTARA
rth-8c5e826d8b37,TAMAN KOMPLEKS ARIES BLOK F16,,,Jakarta Barat,"JL. ARIES UTAMA BLOK F16 RW.3, MERUYA UTARA, KEC. KEMBANGAN, KOTA JAKARTA BARAT, DAERAH KHUSUS IBUKOTA JAKARTA 11620",,,,,,,,False,,,KEMBANGAN,MERUYA UTARA
rth-ab18a22c611a,TAMAN KOMPLEK MERUYA ILIR BLOK A.3,,,Jakarta Barat,"JL TAMAN MERUYA ILIR A.3 RW 002, MERUYA UTARA, KEC. KEMBANGAN, KOTA JAKARTA BARAT, DAERAH KHUSUS IBUKOTA JAKARTA 11620",,,,,,,,False,,,KEMBANGAN,MERUYA UTARA
rth-967a2c4e5a96,TAMAN KOMPLEK MERUYA ILIR BLOK A.13,,,Jakarta Barat,"JL TAMAN MERUYA ILIR A.13 RW 002, MERUYA UTARA, KEC. KEMBANGAN, KOTA JAKARTA BARAT, DAERAH KHUSUS IBUKOTA JAKARTA 11621",,,,,,,,False,,,KEMBANGAN,MERUYA UTARA
rth-bd2f091dfb49,TAMAN KOMPLEK MERUYA ILIR BLOK A.17,,,Jakarta Barat,"JL TAMAN MERUYA ILIR A.17 RW 002, MERUYA UTARA, KEC. KEMBANGAN, KOTA JAKARTA BARAT, DAERAH KHUSUS IBUKOTA JAKARTA 11622",,,,,,,,False,,,KEMBANGAN,MERUYA UTARA
rth-fc81f43cc1e0,TAMAN KOMPLEK MERUYA ILIR BLOK G,,,Jakarta Barat,"JL TAMAN MERUYA ILIR BLOK G RW 002, MERUYA UTARA, KEC. KEMBANGAN, KOTA JAKARTA BARAT, DAERAH KHUSUS IBUKOTA JAKARTA 11623",,,,,,,,False,,,KEMBANGAN,MERUYA UTARA
rth-a1799688f91d,TAMAN MERUYA ILIR BLOK E,,,Jakarta Barat,"JL PERMATA MERUYA ILIR BLOK E RW 004, MERUYA UTARA, KEC. KEMBANGAN, KOTA JAKARTA BARAT, DAERAH KHUSUS IBUKOTA JAKARTA 11623",,,,,,,,False,,,KEMBANGAN,MERUYA UTARA
rth-b6f12cc41b64,TAMAN MERUYA ILIR BLOK F1,,,Jakarta Barat,"JL PERMATA MERUYA ILIR BLOK F1 RW 004, MERUYA UTARA, KEC. KEMBANGAN, KOTA JAKARTA BARAT, DAERAH KHUSUS IBUKOTA JAKARTA 11623",,,,,,,,False,,,KEMBANGAN,MERUYA UTARA
rth-378b72c12018,TAMAN MERUYA ILIR BLOK F ( AL-AZHAR ),,,Jakarta Barat,"JL PERMATA MERUYA ILIR BLOK F1 RW 004, MERUYA UTARA, KEC. KEMBANGAN, KOTA JAKARTA BARAT, DAERAH KHUSUS IBUKOTA JAKARTA 11623",,,,,,,,False,,,KEMBANGAN,MERUYA UTARA
rth-c621325f103d,TAMAN MERUYA ILIR BLOK H,,,Jakarta Barat,"JL PERMATA MERUYA ILIR BLOK H RW 004, MERUYA UTARA, KEC. KEMBANGAN, KOTA JAKARTA BARAT, DAERAH KHUSUS IBUKOTA JAKARTA 11623",,,,,,,,False,,,KEMBANGAN,MERUYA UTARA
rth-40c61babbc45,TAMAN MERUYA ILIR BLOK J,,,Jakarta Barat,"JL PERMATA MERUYA ILIR BLOK E RW 004, MERUYA UTARA, KEC. KEMBANGAN, KOTA JAKARTA BARAT, DAERAH KHUSUS IBUKOTA JAKARTA 11623",,,,,,,,False,,,KEMBANGAN,MERUYA UTARA
rth-3072ad502220,TAMAN MERUYA ILIR BLOK C (TAMAN NAGASARI),,,Jakarta Barat,"JL PERMATA MERUYA ILIR BLOK C, RW 004, MERUYA UTARA, KEC. KEMBANGAN, KOTA JAKARTA BARAT, DAERAH KHUSUS IBUKOTA JAKARTA 11623",,,,,,,,False,,,KEMBANGAN,MERUYA UTARA
rth-d0051d5ba62b,TAMAN MERUYA ILIR BLOK D.1,,,Jakarta Barat,"JL PERMATA MERUYA ILIR BLOK D1, RW 004, MERUYA UTARA, KEC. KEMBANGAN, KOTA JAKARTA BARAT, DAERAH KHUSUS IBUKOTA JAKARTA 11623",,,,,,,,False,,,KEMBANGAN,MERUYA UTARA
rth-5b738fe21f5a,JALUR JL. ASIA AFRIKA (MEDIAN DAN SISI GBK),,,Jakarta Pusat,JL. ASIA AFRIKA (MEDIAN DAN SISI GBK),,,,,,,,False,,,TANAH ABANG,GELORA
rth-36316ced9f1a,JALUR HIJAU PEDESTRIAN JL. ASIA AFRIKA SISI BARAT (HOTEL MULIA - DEPAN LAPANGAN GOLF),,,Jakarta Pusat,JALUR HIJAU PEDESTRIAN JL. ASIA AFRIKA SISI BARAT (HOTEL MULIA - DEPAN LAPANGAN GOLF),,,,,,,,False,,,TANAH ABANG,GELORA
rth-6791e4398276,JH JL. WAHID HASYIM SISI KEC. TANAH ABANG,,,Jakarta Pusat,JH JL. WAHID HASYIM SISI KEC. TANAH ABANG,,,,,,,,False,,,TANAH ABANG,GONDANGDIA
rth-649816c616d9,JH JL. ADHIMIX,,,Jakarta Pusat,JH JL. ADHIMIX,,,,,,,,False,,,TANAH ABANG,KAMPUNG BALI
rth-cbb089cfc03b,JH JL. KEBON SIRIH DEPAN BI (PINGGIR KALI),,,Jakarta Pusat,JH JL. KEBON SIRIH DEPAN BI (PINGGIR KALI),,,,,,,,False,,,TANAH ABANG,KAMPUNG BALI
rth-5eba2c4a28f6,TAMAN JL. FAHRUDIN (JALUR),,,Jakarta Pusat,TAMAN JL. FAHRUDIN (JALUR),,,,,,,,False,,,TANAH ABANG,KAMPUNG BALI
rth-5674cd4dd813,TAMAN SEGITIGA KAMPUNG BALI,,,Jakarta Pusat,TAMAN SEGITIGA KAMPUNG BALI,,,,,,,,False,,,TANAH ABANG,KAMPUNG BALI
rth-118953a40663,TAMAN FAHRUDIN (SEGITIGA),,,Jakarta Pusat,TAMAN FAHRUDIN (SEGITIGA),,,,,,,,False,,,TANAH ABANG,KAMPUNG BALI
rth-fd3b9d4a2bb8,TAMAN JAYANTI (SEGITIGA),,,Jakarta Pusat,TAMAN JAYANTI (SEGITIGA),,,,,,,,False,,,TANAH ABANG,KAMPUNG BALI
rth-b50eacf8fa49,TAMAN BLOK F & G (SEGITIGA),,,Jakarta Pusat,TAMAN BLOK F & G (SEGITIGA),,,,,,,,False,,,TANAH ABANG,KAMPUNG BALI
rth-9a5c1bfd8146,FLY OVER JATIBARU (ATAS - BAWAH),,,Jakarta Pusat,"JL. JATI BARU RAYA NO.56/14, RT.11/RW.4, KP. BALI, KECAMATAN TANAH ABANG, KOTA JAKARTA PUSAT,",,,,,,,,False,,,TANAH ABANG,KAMPUNG BALI
rth-d6c638cef2b0,JALUR HIJAU JL. KEBON SIRIH,,,Jakarta Pusat,JL. KEBON SIRIH,,,,,,,,False,,,TANAH ABANG,KAMPUNG BALI
rth-40ae02f8e5e9,TAMAN TANAH RENDAH,,,Jakarta Pusat,"JALAN TANAH RENDAH, KEL. KAMPUNG BALI, KEC. TANAH ABANG,",,,,,,,,False,,,TANAH ABANG,KAMPUNG BALI
rth-e7c41ba5d1bb,JH JL. KH MAS MANSYUR (DPN TPU PSBB DAN JALUR TENGAH DEPAN TPU KARET BIVAK).,,,Jakarta Pusat,JH JL. KH MAS MANSYUR (DPN TPU PSBB DAN JALUR TENGAH DEPAN TPU KARET BIVAK).,,,,,,,,False,,,TANAH ABANG,KARET TENGSIN
rth-a0ea5e540f06,JH JL. MARGONO (SHANGRILLA),,,Jakarta Pusat,JH JL. MARGONO (SHANGRILLA),,,,,,,,False,,,TANAH ABANG,KARET TENGSIN
rth-7bf13994fd61,JH JL. PENJERNIHAN (EX. BEMO DAN MEDIAN PENJERNIHAN).,,,Jakarta Pusat,JH JL. PENJERNIHAN (EX. BEMO DAN MEDIAN PENJERNIHAN).,,,,,,,,False,,,TANAH ABANG,KARET TENGSIN
rth-321d07a68dad,PULAU JALAN DEPAN BNI '46 DUKUH ATAS,,,Jakarta Pusat,PULAU JALAN DEPAN BNI '46 DUKUH ATAS,,,,,,,,False,,,TANAH ABANG,KARET TENGSIN
rth-4a0669b739c4,TAMAN SEGITIGA PULAU JL. PASAR TANAH ABANG BLOK A DAN B (SEGITIGA) (UJUNG JL. KEBON SIRIH SEBERANG KFC),,,Jakarta Pusat,TAMAN SEGITIGA PULAU JL. PASAR TANAH ABANG BLOK A DAN B (SEGITIGA) (UJUNG JL. KEBON SIRIH SEBERANG KFC),,,,,,,,False,,,TANAH ABANG,KEBON KACANG
rth-ae8d677ec5c0,JH JL. KH MAS MANSYUR (DEPAN MASJID AL MAKMUR),,,Jakarta Pusat,JH JL. KH MAS MANSYUR (DEPAN MASJID AL MAKMUR),,,,,,,,False,,,TANAH ABANG,KEBON KACANG
rth-9309ab149cf0,JL. TENAGA LISTRIK,,,Jakarta Pusat,JL. TENAGA LISTRIK,,,,,,,,False,,,TANAH ABANG,KEBON MELATI
rth-55d451b4d975,SEGITIGA KEBON KACANG,,,Jakarta Pusat,SEGITIGA KEBON KACANG,,,,,,,,False,,,TANAH ABANG,KEBON MELATI
rth-f5e3af1a216b,JL. AWALUDIN IV,,,Jakarta Pusat,JL. AWALUDIN IV,,,,,,,,False,,,TANAH ABANG,KEBON MELATI
rth-7926185f29c7,FLY OVER KARET (ATAS - BAWAH),,,Jakarta Pusat,"JL. DUKUH PINGGIR I NO.6, RT.6/RW.5, KB. MELATI, KECAMATAN TANAH ABANG, KOTA JAKARTA PUSAT, DAERAH KHUSUS IBUKOTA JAKARTA 10230",,,,,,,,False,,,TANAH ABANG,KEBON MELATI
rth-9e0e2a52aa54,JH JL. MAS MANSYUR (FO PEJOMPONGAN - FO CASABLANKA) ATAS BAWAH,,,Jakarta Pusat,JH JL. MAS MANSYUR (FO PEJOMPONGAN - FO CASABLANKA) ATAS BAWAH,,,,,,,,False,,,TANAH ABANG,
rth-921709cbdd84,MEDIAN JL. JATIBARU RAYA (BAWAH SKY BRIDGE/TANAMAN RAMBAT),,,Jakarta Pusat,MEDIAN JL. JATIBARU RAYA (BAWAH SKY BRIDGE/TANAMAN RAMBAT),,,,,,,,False,,,TANAH ABANG,
rth-f7bb2b346c6a,FO ( ATAS - BAWAH) DAN 6 JPO JL. JEND. SUDIRMAN,,,Jakarta Pusat,"JALAN JENDRAL SUDIRMAN, KEL. BENDUNGAN HILIR, KEC. TANAH ABANG, JAKARTA PUSAT",,,,,,,,False,,,TANAH ABANG,
rth-9ea8ad19d16f,JALUR JL. JEND. SUDIRMAN,,,Jakarta Pusat,JALUR JL. JEND. SUDIRMAN,,,,,,,,False,,,TANAH ABANG,
rth-50a3e7442222,JALUR HIJAU MEDIAN JL. MH. THAMRIN,,,Jakarta Pusat,JALUR HIJAU MEDIAN JL. MH. THAMRIN,,,,,,,,False,,,TANAH ABANG,
rth-e372a33776be,JALUR HIJAU AMENITIES JL. MH THAMRIN,,,Jakarta Pusat,JALUR HIJAU AMENITIES JL. MH THAMRIN,,,,,,,,False,,,TANAH ABANG,
rth-c744c8d8169a,PULAU JL.TAMAN TANJUNG KARANG,,,Jakarta Pusat,PULAU JL.TAMAN TANJUNG KARANG,,,,,,,,False,,,TANAH ABANG,
rth-15a4e7e3f9cc,TAMAN PRAJA,,,Jakarta Selatan,"JL. PRAJA 1, RT.4/RW.1, KBY. LAMA SEL., KEC. KBY. LAMA, KOTA JAKARTA SELATAN, DAERAH KHUSUS IBUKOTA JAKARTA 12240",,,,,,,,False,,,KEBAYORAN LAMA,KEBAYORAN LAMA UTARA
rth-3ece2fd4b0f8,TAMAN MAKARYA I,,,Jakarta Selatan,"JL. CENDRAWASIH I, KEL. KEBAYORAN.LAMA SELATAN., KEC. KEBAYORAN LAMA, JAKARTA SELATAN",,,,,,,,False,,,KEBAYORAN LAMA,KEBAYORAN LAMA UTARA
rth-86261376b09f,TAMAN MAKARYA II,,,Jakarta Selatan,"JL. CENDRAWASIH I, RT 10/01 KEL. KEBAYORAN LAMA SELATAN KEC. KEBAYORAN LAMA. JAKARTA SELATAN",,,,,,,,False,,,KEBAYORAN LAMA,KEBAYORAN LAMA UTARA
rth-f325399ef1c2,TAMAN SEGITIGA TEUKU NYAK ARIEF,,,Jakarta Selatan,JL. TEUKU NYAK ARIEF,,,,,,,,False,,,KEBAYORAN LAMA,KEBAYORAN LAMA UTARA
rth-e0577b3e2195,TMN. BENDI TIMUR BAG. UTARA,,,Jakarta Selatan,JL. BENDI UTAMA RT 02/ 10 KEL. KEBAYORAN LAMA UTARA KEC. KEBAYORAN LAMA. JAKARTA SELATAN,,,,,,,,False,,,KEBAYORAN LAMA,KEBAYORAN LAMA UTARA
rth-4cb4ac764995,TMN. BENDI BARAT BAGIAN SELATAN,,,Jakarta Selatan,"JL. BENDI UTAMA, RT.8/RW.10, KEBAYORAN. LAMA UTARA, KEC. KEBAYORAN. LAMA, JAKARTA SELATAN",,,,,,,,False,,,KEBAYORAN LAMA,KEBAYORAN LAMA UTARA
rth-3cde7aeebbba,TMN. BENDI BARAT BAGIAN UTARA,,,Jakarta Selatan,"JL. BENDI UTAMA, RT.8/RW.10, KEBAYORAN. LAMA UTARA, KEC. KEBAYORAN. LAMA, JAKARTA SELATAN",,,,,,,,False,,,KEBAYORAN LAMA,KEBAYORAN LAMA UTARA
rth-255c279b6a27,RPTRA KEMANDORAN,rptra,RPTRA,Jakarta Selatan,"GG. SARMILI JL. KEMANDORAN VIII RT 005/11,",,,,,,,,False,,,KEBAYORAN LAMA,KEBAYORAN LAMA UTARA
rth-0b4684ce60e4,TAMAN DELMAN ELOK,,,Jakarta Selatan,"JL. DELMAN ELOK V RT.2/RW.11, KBY. LAMA UTARA, KEC. KBY. LAMA, KOTA JAKARTA SELATAN",,,,,,,,False,,,KEBAYORAN LAMA,KEBAYORAN LAMA UTARA
rth-76e2642a2c81,UNDERPASS PASAR JUMAT,,,Jakarta Selatan,UNDERPASS PASAR JUMAT,,,,,,,,False,,,KEBAYORAN LAMA,LEBAK BULUS
rth-2c87c9b6a93b,TAMAN BHINEKA TUNGGAL IKA,,,Jakarta Selatan,"JL. PANGLIMA POLIM II RT. 003 RW. 07, KELURAHAN MELAWAI, KECAMATAN KEBAYORAN LAMA, JAKARTA SELATAN",,,,,,,,False,,,KEBAYORAN LAMA,MELAWAI
rth-b871b8c3d92f,JALUR HIJAU JL. PINANG CENTRE,,,Jakarta Selatan,JALUR HIJAU JL. PINANG CENTRE,,,,,,,,False,,,KEBAYORAN LAMA,
rth-f2febcb5bd61,JALUR HIJAU JL. PERBATASAN JAKARTA-BANTEN,,,Jakarta Selatan,JALUR HIJAU JL. PERBATASAN JAKARTA-BANTEN,,,,,,,,False,,,KEBAYORAN LAMA,
rth-0a5db7d2d89e,JALUR HIJAU JL. METRO PONDOK INDAH,,,Jakarta Selatan,JALUR HIJAU JL. METRO PONDOK INDAH,,,,,,,,False,,,KEBAYORAN LAMA,
rth-59f88ff09b1a,JALUR HIJAU JL. TANAH KUSIR,,,Jakarta Selatan,JALUR HIJAU JL. TANAH KUSIR,,,,,,,,False,,,KEBAYORAN LAMA,
rth-83c7818a628f,JALUR HIJAU JL. AL-HADZAMI,,,Jakarta Selatan,JALUR HIJAU JL. AL-HADZAMI,,,,,,,,False,,,KEBAYORAN LAMA,
rth-c5c14e0f76da,JALUR HIJAU JL. AL-HUDA,,,Jakarta Selatan,JALUR HIJAU JL. AL-HUDA,,,,,,,,False,,,KEBAYORAN LAMA,
rth-af1f35fbfac0,JALUR HIJAU JL. ISKANDARMUDA,,,Jakarta Selatan,JALUR HIJAU JL. ISKANDARMUDA,,,,,,,,False,,,KEBAYORAN LAMA,
rth-353fbb246d25,JALUR HIJAU JL. NYAK ARIEF,,,Jakarta Selatan,JALUR HIJAU JL. NYAK ARIEF,,,,,,,,False,,,KEBAYORAN LAMA,
rth-54f61a14c2a4,JALUR HIJAU JL. BATA PUTIH,,,Jakarta Selatan,JALUR HIJAU JL. BATA PUTIH,,,,,,,,False,,,KEBAYORAN LAMA,
rth-d68b95626cea,JALUR HIJAU JL. SIMPRUG GARDEN VIII,,,Jakarta Selatan,JALUR HIJAU JL. SIMPRUG GARDEN VIII,,,,,,,,False,,,KEBAYORAN LAMA,
rth-5a4cbc114d20,JALUR HIJAU JL. TENTARA PELAJAR,,,Jakarta Selatan,JALUR HIJAU JL. TENTARA PELAJAR,,,,,,,,False,,,KEBAYORAN LAMA,
rth-e9190ef82c2e,JALUR HIJAU JL. SUPENO,,,Jakarta Selatan,JALUR HIJAU JL. SUPENO,,,,,,,,False,,,KEBAYORAN LAMA,
rth-cb3be89bcb56,JALUR HIJAU JL. RA. KARTINI,,,Jakarta Selatan,JALUR HIJAU JL. RA. KARTINI,,,,,,,,False,,,KEBAYORAN LAMA,
rth-155dd596344f,UNDERPASS KEBAYORAN LAMA (BINUS - SHOWROOM MOBIL MINI COOPER) 3 UNDERPASS,,,Jakarta Selatan,UNDERPASSS KEBAYORAN LAMA,,,,,,,,False,,,KEBAYORAN LAMA,
rth-f3b18cc6ce11,UNDERPASS PONDOK INDAH,,,Jakarta Selatan,UNDERPASS PONDOK INDAH,,,,,,,,False,,,KEBAYORAN LAMA,PONDOK PINANG
rth-db0fc3d51d59,KUPINGAN PONDOK PINANG,,,Jakarta Selatan,KUPINGAN PONDOK PINANG,,,,,,,,False,,,KEBAYORAN LAMA,PONDOK PINANG
rth-8b44edd35747,UNDERPASS KARTINI,,,Jakarta Selatan,UNDERPASS KARTINI,,,,,,,,False,,,KEBAYORAN LAMA,PONDOK PINANG
rth-03a8761c817c,RTH DUTA INDAH,,,Jakarta Selatan,"JL. DUTA INDAH I RT 001 RW 014 (DAHULU JL. SEKOLAH DUTA I RT 013 RW 004), KEL. PONDOK PINANG, KEC. KEBAYORAN LAMA, JAKARTA SELATAN",,,,,,,,False,,,KEBAYORAN LAMA,PONDOK PINANG
rth-fc404c0b0815,TAMAN H. MUHI RAYA,,,Jakarta Selatan,"JL. H. MUHI RAYA, RT.10/RW.4, PD. PINANG, KEC. KBY. LAMA, KOTA JAKARTA SELATAN, DAERAH KHUSUS IBUKOTA JAKARTA 12310",,,,,,,,False,,,KEBAYORAN LAMA,PONDOK PINANG
rth-40f707ba7909,TAMAN BLOK E1 DAN E2,,,Jakarta Timur,"RT.10/RW.1, CIPAYUNG, KEC. CIPAYUNG, KOTA JAKARTA TIMUR, DAERAH KHUSUS IBUKOTA JAKARTA 13840",,,,,,,,False,,,CIPAYUNG,CIPAYUNG
rth-5c48420ddee3,TAMAN FLAMBOYAN 2,,,Jakarta Timur,"JL. FLAMBOYAN P1 NO.15, RT.9/RW.1, CIPAYUNG, EAST JAKARTA CITY, JAKARTA 13840",,,,,,,,False,,,CIPAYUNG,CIPAYUNG
rth-51e8a9636a30,RTH BAMBU PETUNG,,,Jakarta Timur,"JL. BAMBU PETUNG, KEL. BAMBU APUS, KEC. CIPAYUNG, JAKARTA TIMUR",,,,,,,,False,,,CIPAYUNG,CIPAYUNG
rth-62db7ebe94b7,RTH CIPAYUNG (TAMAN CIPAYUNG ASRI) / TAMAN PAYUNG ASRI,,,Jakarta Timur,"RW. 02, KEL. CIPAYUNG, KEC. CIPAYUNG, JAKARTA TIMUR",,,,,,,,False,,,CIPAYUNG,CIPAYUNG
rth-0e912bfeaf7a,RTH MASJID NURUL HIDAYAH,,,Jakarta Timur,"JL. MESJID NURUL HIDAYAH KEL. CIPAYUNG KEC. CIPAYUNG, JAKARTA TIMUR RT 006 RW 006",,,,,,,,False,,,CIPAYUNG,CIPAYUNG
rth-c09cd6b3f5f0,"RTH JL. KRAMAT III RT. 003 RW. 03, RT.004 RW.002 , RT. 007 , RW. 010",,,Jakarta Timur,"JL. KRAMAT III RT. 003 RW. 03, RT.004 RW.002 , RT. 007 , RW. 010, LUBANG BUAYA CIPAYUNG JAKARTA TIMUR",,,,,,,,False,,,CIPAYUNG,LUBANG BUAYA
rth-c9dd24c0b955,TAMAN AL UMAR 1,,,Jakarta Timur,"JL.MESJID AL UMAR RT.4/RW.12, LUBANG BUAYA, KEC. CIPAYUNG, KOTA JAKARTA TIMUR, DAERAH KHUSUS IBUKOTA JAKARTA 13810, INDONESIA",,,,,,,,False,,,CIPAYUNG,LUBANG BUAYA
rth-3450cc7f4cd8,TAMAN AL UMAR 2,,,Jakarta Timur,"RT.2/RW.12, LUBANG BUAYA, KEC. CIPAYUNG, KOTA JAKARTA TIMUR, DAERAH KHUSUS IBUKOTA JAKARTA 13810, INDONESIA",,,,,,,,False,,,CIPAYUNG,LUBANG BUAYA
rth-e428456dc1c8,TAMAN KEMBANG SEPATU,,,Jakarta Timur,"JL. PAGELARANG NO.25, RT.7/RW.1, LUBANG BUAYA, KEC. CIPAYUNG, KOTA JAKARTA TIMUR, DAERAH KHUSUS IBUKOTA JAKARTA 13880",,,,,,,,False,,,CIPAYUNG,LUBANG BUAYA
rth-9f79d051f797,RTH JL. KRAMAT III RT. 004 RW. 02,,,Jakarta Timur,"JL. KRAMAT III RT 004 RW 002, KEL. LUBANG BUAYA, KEC. CIPAYUNG, JAKARTA TIMUR",,,,,,,,False,,,CIPAYUNG,LUBANG BUAYA
rth-91866c7b2c57,RTH LUBANG BUAYA,,,Jakarta Timur,"JL. PAGELARANG RT 005 RW 003, KEL. LUBANG BUAYA, KEC. CIPAYUNG, JAKARTA TIMUR",,,,,,,,False,,,CIPAYUNG,LUBANG BUAYA
rth-881d62533ca8,RTH KRAMAT III,,,Jakarta Timur,"JL. KRAMAT III RT 004 RW 002 KEL. LUBANG BUAYA KEC. CIPAYUNG, JAKARTA TIMUR",,,,,,,,False,,,CIPAYUNG,LUBANG BUAYA
rth-68c8bc83d36d,HUTAN KOTA MUNJUL,,,Jakarta Timur,"RT 005/RW.02 JL.RAYA MUNJUL, KELURAHAN MUNJUL KECAMATAN CIPAYUNG JAKARTA TIMUR",,,,,,,,False,,,CIPAYUNG,MUNJUL
rth-5794d9a7b89a,RTH JL. RAYA MUNJUL RT. 002 RW. 002 NO. 99,,,Jakarta Timur,"JL. MUNJUL NO. 99 RT 002 RW 002, KEL. MUNJUL, KEC. CIPAYUNG, JAKARTA TIMUR",,,,,,,,False,,,CIPAYUNG,MUNJUL
rth-fc8cd8b137dd,RTH JL. DUREN RT. 001 RW. 08,,,Jakarta Timur,"JL. DUREN RT. 001 RW. 08, KEL. MUNJUL, KEC. CIPAYUNG, JAKARTA TIMUR",,,,,,,,False,,,CIPAYUNG,MUNJUL
rth-abc636feb8e0,RTH BUNTU JANKES (TAMAN SALAK KUNING),,,Jakarta Timur,"JL. BUNTU (TERUSAN JANKES AD)/JL. JANKES RT 007 RW 002 KEL. MUNJUL KEC. CIPAYUNG, JAKARTA TIMUR",,,,,,,,False,,,CIPAYUNG,MUNJUL
rth-5b5c65d49a31,JH. JL. BAMBU APUS,,,Jakarta Timur,JH. JL. BAMBU APUS,,,,,,,,False,,,CIPAYUNG,
rth-03dde7ffe17c,JH. JL. CILANGKAP,,,Jakarta Timur,JH. JL. CILANGKAP,,,,,,,,False,,,CIPAYUNG,
rth-9c4051b23208,JH. JL. AS SYAFIIAH (PEMELIHARAAN POHON),,,Jakarta Timur,JH. JL. AS SYAFIIAH (PEMELIHARAAN POHON),,,,,,,,False,,,CIPAYUNG,
rth-7e0f2e154904,JH. JL. CEGER (PEMELIHARAAN POHON),,,Jakarta Timur,JH. JL. CEGER (PEMELIHARAAN POHON),,,,,,,,False,,,CIPAYUNG,
rth-73724a1b4397,JH. JL. GEMPOL (PEMELIHARAAN POHON),,,Jakarta Timur,JH. JL. GEMPOL (PEMELIHARAAN POHON),,,,,,,,False,,,CIPAYUNG,
rth-c3173fc71543,JH. JL. CIPAYUNG (PEMELIHARAAN POHON),,,Jakarta Timur,JH. JL. CIPAYUNG (PEMELIHARAAN POHON),,,,,,,,False,,,CIPAYUNG,
rth-9bef4de72cbf,"JH. JL. BINA MARGA, JH. JL. JAMBORE, JH. JL. RAYA CIPAYUNG",,,Jakarta Timur,JH. JL. BINA MARGA,,,,,,,,False,,,CIPAYUNG,
rth-7fcdf53dd803,JH. JL. HANKAM UTARA,,,Jakarta Timur,JH. JL. HANKAM UTARA,,,,,,,,False,,,CIPAYUNG,
rth-6ab8b65d8487,JH. JL. TMII PINTU 1,,,Jakarta Timur,JH. JL. TMII PINTU 1,,,,,,,,False,,,CIPAYUNG,
rth-3945786e9674,JH. JL. PONDOK RANGGON (PEMELIHARAAN POHON),,,Jakarta Timur,JH. JL. PONDOK RANGGON (PEMELIHARAAN POHON),,,,,,,,False,,,CIPAYUNG,
rth-bfcd67e67448,JH. MALAKA RAYA (PEMELIHARAAN POHON),,,Jakarta Timur,JH. MALAKA RAYA (PEMELIHARAAN POHON),,,,,,,,False,,,CIPAYUNG,
rth-49a456d3b159,JH. JL. MUNJUL (PEMELIHARAAN POHON),,,Jakarta Timur,JH. JL. MUNJUL (PEMELIHARAAN POHON),,,,,,,,False,,,CIPAYUNG,
rth-824c86936e07,TAMAN MERUYA ILIR BLOK D.2,,,Jakarta Barat,"JL PERMATA MERUYA ILIR BLOK D.2, RW 004, MERUYA UTARA, KEC. KEMBANGAN, KOTA JAKARTA BARAT, DAERAH KHUSUS IBUKOTA JAKARTA 11623",,,,,,,,False,,,KEMBANGAN,MERUYA UTARA
rth-3f724374be10,TAMAN MERUYA ILIR BLOK D.3,,,Jakarta Barat,"JL PERMATA MERUYA ILIR BLOK D.3, RW 004, MERUYA UTARA, KEC. KEMBANGAN, KOTA JAKARTA BARAT, DAERAH KHUSUS IBUKOTA JAKARTA 11623",,,,,,,,False,,,KEMBANGAN,MERUYA UTARA
rth-5ea2176f21b8,TAMAN MERUYA ILIR BLOK B,,,Jakarta Barat,"JL PERMATA MERUYA ILIR BLOK B, RW 004, MERUYA UTARA, KEC. KEMBANGAN, KOTA JAKARTA BARAT, DAERAH KHUSUS IBUKOTA JAKARTA 11623",,,,,,,,False,,,KEMBANGAN,MERUYA UTARA
rth-58b3c3fbf4b2,TAMAN BANTARAN KALI ARIES SISI TIMUR,,,Jakarta Barat,"JL. ARIES UTAMA III 7-57, RT.7/RW.9, MERUYA UTARA, KEC. KEMBANGAN, KOTA JAKARTA BARAT, DAERAH KHUSUS IBUKOTA JAKARTA 11620",,,,,,,,False,,,KEMBANGAN,MERUYA UTARA
rth-6890de2fa1c4,TAMAN BANTARAN KALI ARIES SISI BARAT,,,Jakarta Barat,"JL. ARIES UTAMA II, RT.5/RW.8, MERUYA UTARA, KEC. KEMBANGAN, KOTA JAKARTA BARAT, DAERAH KHUSUS IBUKOTA JAKARTA 11620",,,,,,,,False,,,KEMBANGAN,MERUYA UTARA
rth-4899b7dad2d0,TAMAN BLOK A KAVLING DKI,,,Jakarta Barat,"KAVLING DKI, MERUYA BARAT",,,,,,,,False,,,KEMBANGAN,MERUYA UTARA
rth-9fe52e7b0665,JALUR HIJAU MEDIAN JL. PESANGGRAHAN DR LM PURI INDAH S/D FLY OVER,,,Jakarta Barat,JH. MEDIAN JL. PESANGGRAHAN DR LM PURI INDAH S/D FLY OVER,,,,,,,,False,,,KEMBANGAN,KEMBANGAN SELATAN
rth-f67a0d62d524,JALUR HIJAU SEGITIGA JL. PESANGGRAHAN,,,Jakarta Barat,JH. SEGITIGA JL. PESANGGRAHAN,,,,,,,,False,,,KEMBANGAN,KEMBANGAN SELATAN
rth-d6c6e05afdb2,JALUR HIJAU MEDIAN JL. PURI INDAH RAYA,,,Jakarta Barat,JH. MEDIAN JL. PURI INDAH RAYA,,,,,,,,False,,,KEMBANGAN,KEMBANGAN SELATAN
rth-5ceedbe35348,JALUR HIJAU SEGITIGA JL. PURI INDAH (PURI KEDOYA),,,Jakarta Barat,JH. SEGITIGA JL. PURI INDAH (PURI KEDOYA),,,,,,,,False,,,KEMBANGAN,KEMBANGAN SELATAN
rth-413f12661c26,JALUR HIJAU SEGITIGA JL. PURI INDAH (DEPAN PASAR PURI),,,Jakarta Barat,JH. SEGITIGA JL. PURI INDAH (DEPAN PASAR PURI),,,,,,,,False,,,KEMBANGAN,KEMBANGAN SELATAN
rth-af4c7b6ea69f,JALUR HIJAU JL. KEMBANGAN RAYA DAN JL. PURI PERMAI,,,Jakarta Barat,JH. JL. KEMBANGAN RAYA DAN JL. PURI PERMAI,,,,,,,,False,,,KEMBANGAN,KEMBANGAN SELATAN
rth-91e439477e59,JALUR HIJAU SEGITIGA SISI SELATAN JL. KEMBANGAN,,,Jakarta Barat,JH. SEGITIGA SISI SELATAN JL. KEMBANGAN,,,,,,,,False,,,KEMBANGAN,KEMBANGAN SELATAN
rth-4eee5a19ea81,JALUR HIJAU PULAU-PULAU KEMBANGAN SISI SELATAN,,,Jakarta Barat,JH. PULAU-PULAU KEMBANGAN SISI SELATAN,,,,,,,,False,,,KEMBANGAN,
rth-ae35f7fe1424,JALUR HIJAU BELAKANG HYPERMART JL. KEMBANG MURNI TIMUR,,,Jakarta Barat,JH. BELAKANG HYPERMART JL. KEMBANG MURNI TIMUR,,,,,,,,False,,,KEMBANGAN,KEMBANGAN SELATAN
rth-ceeb8ea6e030,JALUR HIJAU JL. KEMBANG BARAT DAN TIMUR,,,Jakarta Barat,JH. JL. KEMBANG BARAT DAN TIMUR,,,,,,,,False,,,KEMBANGAN,KEMBANGAN SELATAN
rth-39e6a1e7c8b4,JALUR HIJAU JL. PURI HARUM,,,Jakarta Barat,JH. JL. PURI HARUM,,,,,,,,False,,,KEMBANGAN,KEMBANGAN SELATAN
rth-9641fd5f6bc3,JALUR HIJAU JL. PURI ELOK,,,Jakarta Barat,JH. JL. PURI ELOK,,,,,,,,False,,,KEMBANGAN,KEMBANGAN SELATAN
rth-4f6a5e4898ff,JALUR HIJAU JL. PURI AYU,,,Jakarta Barat,JH. JL. PURI AYU,,,,,,,,False,,,KEMBANGAN,KEMBANGAN SELATAN
rth-efa7878c00c4,JALUR HIJAU JL. PURI MOLEK,,,Jakarta Barat,JH. JL. PURI MOLEK,,,,,,,,False,,,KEMBANGAN,KEMBANGAN SELATAN
rth-f6f4cc2beb93,JALUR HIJAU JL. PURI AYU 1,,,Jakarta Barat,JH. JL. PURI AYU 1,,,,,,,,False,,,KEMBANGAN,KEMBANGAN SELATAN
rth-714adb0fe271,JALUR HIJAU JL. PURI MOLEK 1,,,Jakarta Barat,JH. JL. PURI MOLEK 1,,,,,,,,False,,,KEMBANGAN,KEMBANGAN SELATAN
rth-9e7ede8ebcdd,JALUR HIJAU JL. KENCANA BARU,,,Jakarta Barat,JALUR HIJAU JL. KENCANA BARU,,,,,,,,False,,,KEMBANGAN,KEMBANGAN SELATAN
rth-36e925e8e4fa,JALUR HIJAU MEDIAN JL. KEMBANG KEREP (JEMBATAN TOL),,,Jakarta Barat,JALUR HIJAU MEDIAN JL. KEMBANG KEREP (JEMBATAN TOL),,,,,,,,False,,,KEMBANGAN,KEMBANGAN SELATAN
rth-f94067494759,JALUR HIJAU SISI TOL JL. PURI LINGKAR LUAR,,,Jakarta Barat,JALUR HIJAU SISI TOL JL. PURI LINGKAR LUAR,,,,,,,,False,,,KEMBANGAN,MERUYA UTARA
rth-cbfa7d5e2036,JALUR HIJAU VIADUCK KEMBANG KEREP,,,Jakarta Barat,JALUR HIJAU VIADUCK KEMBANG KEREP,,,,,,,,False,,,KEMBANGAN,
rth-a49c71fe1a37,SEGITIGA JALUR HIJAU JL. KEMBANG KEREP (DEPAN SPBU),,,Jakarta Barat,SEGITIGA JALUR HIJAU JL. KEMBANG KEREP (DEPAN SPBU),,,,,,,,False,,,KEMBANGAN,
rth-3be8542acceb,SEGITIGA JALUR HIJAU JL. KEMBANG KEREP (KELUAR PINTU TOL),,,Jakarta Barat,SEGITIGA JALUR HIJAU JL. KEMBANG KEREP (KELUAR PINTU TOL),,,,,,,,False,,,KEMBANGAN,KEMBANGAN SELATAN
rth-56f8f30f2859,JALUR HIJAU SEGITIGA PULAU JL. PURI LINGKAR LUAR (CNI),,,Jakarta Barat,JALUR HIJAU SEGITIGA PULAU JL. PURI LINGKAR LUAR (CNI),,,,,,,,False,,,KEMBANGAN,
rth-2534efc3bd63,JALUR HIJAU JLR 15 DAN JLR 20 MERUYA SELATAN,,,Jakarta Barat,JALUR HIJAU JLR 15 DAN JLR 20 MERUYA SELATAN,,,,,,,,False,,,KEMBANGAN,MERUYA UTARA
rth-baf77cdee169,JH JL. JATI PINGGIR (PINGGIR KALI),,,Jakarta Pusat,JH JL. JATI PINGGIR (PINGGIR KALI),,,,,,,,False,,,TANAH ABANG,PETAMBURAN
rth-642c9908d154,TAMAN KOTA SEHAT RW. 05,,,Jakarta Pusat,"JL. PETAMBURAN 5, 1-14",,,,,,,,False,,,TANAH ABANG,PETAMBURAN
rth-0d7dab2bcee6,TAMAN DINAS PERTAMANAN DAN HUTAN KOTA PROV. DKI JAKARTA,,,Jakarta Pusat,JL. AIPDA KS TUBUN NO. 1,,,,,,,,False,,,TANAH ABANG,PETAMBURAN
rth-96f8b560bbe9,RTH LEBAK BULUS V/ TAMAN HAJI NIMAN,,,Jakarta Selatan,JL. LEBAK BULUS V,,,,,,,,False,,,CILANDAK,CILANDAK BARAT
rth-ad6c2c3b1ce0,TAMAN WIJAYA KUSUMA V (PERAWAT),,,Jakarta Selatan,"JL. WIJAYA KUSUMA, RT.8/RW.4, CILANDAK BAR., KEC. CILANDAK, KOTA JAKARTA SELATAN",,,,,,,,False,,,CILANDAK,CILANDAK BARAT
rth-543075c43484,TAMAN MPR,,,Jakarta Selatan,"JL. MPR RAYA RT 05/11 KEL. CILANDAK BARAT, KEC. CILANDAK. JAKARTA SELATAN",,,,,,,,False,,,CILANDAK,CILANDAK BARAT
rth-bd973e3923a1,TAMAN DEPLU,,,Jakarta Selatan,"JL. H. ABDUL MAJID DALAM JL. KOMP. PERHUBUNGAN LAUT NO.21, RT.9/RW.5, CIPETE SEL., KEC. CILANDAK, KOTA JAKARTA SELATAN, DAERAH KHUSUS IBUKOTA JAKARTA 12410",,,,,,,,False,,,CILANDAK,CILANDAK BARAT
rth-7838fcd5bb98,RPTRA INTAN,rptra,RPTRA,Jakarta Selatan,"JL. INTAN UJUNG NO.19, RT.2/RW.2, CILANDAK BAR., KEC. CILANDAK, KOTA JAKARTA SELATAN, DAERAH KHUSUS IBUKOTA JAKARTA 12430",,,,,,,,False,,,CILANDAK,CILANDAK BARAT
rth-b368923d548b,TAMAN SEGITIGA RS. FATMAWATI SISI TIMUR,,,Jakarta Selatan,"JL. TAHI BONAR SIMATUPANG, RT.4/RW.9, CILANDAK BAR., KEC. CILANDAK, KOTA JAKARTA SELATAN,",,,,,,,,False,,,CILANDAK,CILANDAK BARAT
rth-bc836c0638e9,TAMAN SEGITIGA RS. FATMAWATI SISI BARAT,,,Jakarta Selatan,"JL. TB SIMATUPANG RT 01/04 KEL. CILANDAK BARAT, KEC. CILANDAK. JAKARTA SELATAN",,,,,,,,False,,,CILANDAK,CILANDAK BARAT
rth-2fa26fe9c3cf,TAMAN GAJAH CIPETE,,,Jakarta Selatan,"JL. CIPETE RAYA 55-17, RT.6/RW.4, CIPETE SEL., KEC. CILANDAK, KOTA JAKARTA SELATAN, DAERAH KHUSUS IBUKOTA JAKARTA 12410",,,,,,,,False,,,CILANDAK,CIPETE SELATAN
rth-80d4dc8e8c57,TAMAN JL. JUNAIDI NO. 9,,,Jakarta Selatan,"JL. H. JUNAEDI 1, RW.3, CIPETE SEL., KEC. CILANDAK, KOTA JAKARTA SELATAN, DAERAH KHUSUS IBUKOTA JAKARTA 12410",,,,,,,,False,,,CILANDAK,CIPETE SELATAN
rth-84cbd9df19a7,TAMAN JL. BUKIT ARCO,,,Jakarta Selatan,"JL. BUKIT ARCO, RT.3/RW.6, CIPETE SEL., KEC. CILANDAK, KOTA JAKARTA SELATAN, DAERAH KHUSUS IBUKOTA JAKARTA 12410",,,,,,,,False,,,CILANDAK,CIPETE SELATAN
rth-088576f9fe14,TAMAN JL. TAMPAK SIRING,,,Jakarta Selatan,JL. TAMPAK SIRING,,,,,,,,False,,,CILANDAK,CIPETE SELATAN
rth-4c0ae7a504fc,TAMAN JL. PURI KENCANA RT. 010/006,,,Jakarta Selatan,JL. PURI KENCANA RT. 010/006,,,,,,,,False,,,CILANDAK,CIPETE SELATAN
rth-5519d4dc77a6,TAMAN JL. CIPETE IX,,,Jakarta Selatan,JL. CIPETE IX,,,,,,,,False,,,CILANDAK,CIPETE SELATAN
rth-00a2e224fdff,TAMAN JL. KEMANG SELATAN XII,,,Jakarta Selatan,JL. KEMANG SELATAN XII,,,,,,,,False,,,CILANDAK,CIPETE SELATAN
rth-663404159377,RTH CIPETE SELATAN,,,Jakarta Selatan,"RW 001, KEL. CIPETE SELATAN, KEC. CILANDAK, JAKARTA SELATAN",,,,,,,,False,,,CILANDAK,CIPETE SELATAN
rth-beefeea8d0d6,TAMAN KENANGA,,,Jakarta Selatan,"JL. PULO KENANGA IV, RT.6/ 15, KEL. GROGOL UTARA, KEC. KEBAYORAN LAMA, JAKARTA SELATAN",,,,,,,,False,,,CILANDAK,GANDARIA SELATAN
rth-57e237d1deb0,TAMAN GANDARIA SELATAN,,,Jakarta Selatan,RT 010 RW 007 KEL. GANDARIA SELATAN KEC. CILANDAK JAKARTA SELATAN,,,,,,,,False,,,CILANDAK,GANDARIA SELATAN
rth-6aaeea9726f6,RPTRA BAHARI,rptra,RPTRA,Jakarta Selatan,"JL. BAHARI RAYA NO.9, RT.9/RW.7, GANDARIA SEL., KEC. CILANDAK, KOTA JAKARTA SELATAN, DAERAH KHUSUS IBUKOTA JAKARTA 12420",,,,,,,,False,,,CILANDAK,GANDARIA SELATAN
rth-ed4ed5963ef7,TAMAN TELADAN (JL. BAHARI),,,Jakarta Selatan,"JL. BAHARI I NO.10, RT.12/RW.7, GANDARIA SEL., KEC. CILANDAK, KOTA JAKARTA SELATAN, DAERAH KHUSUS IBUKOTA JAKARTA 12420",,,,,,,,False,,,CILANDAK,GANDARIA SELATAN
rth-24ec553c832b,HUTAN KOTA SANGGA BUANA,,,Jakarta Selatan,"JL. TAMAN SARI 1 KEL LEBAK BULUS, KEC. CILANDAK",,,,,,,,False,,,CILANDAK,LEBAK BULUS
rth-a486361f18d3,FLY OVER ( BAWAH ) DAN UNDERPASS LEBAK BULUS PASAR JUMAT,,,Jakarta Selatan,FLY OVER ( BAWAH ) DAN UNDERPASS LEBAK BULUS PASAR JUMAT,,,,,,,,False,,,CILANDAK,LEBAK BULUS
rth-640f6fc42df9,RTH JL. LEBAK BULUS III RT. 010 RW. 07,,,Jakarta Selatan,JL. LEBAK BULUS III RT. 010 RW. 07,,,,,,,,False,,,CILANDAK,LEBAK BULUS
rth-87c0b1470dc0,TAMAN GUNUNG BALONG,,,Jakarta Selatan,"JL. GUNUNG BALONG II, KEL. LEBAK BULUS, KEC. CILANDAK, JAKARTA SELATAN",,,,,,,,False,,,CILANDAK,LEBAK BULUS
rth-0c0f6c7406f3,RTH JL. CIPUTAT RAYA,,,Jakarta Selatan,JALAN CIPUTAT RAYA RT 001 RW 02 LEBAK BULUS CILANDAK JAKARTA SELATAN,,,,,,,,False,,,CILANDAK,LEBAK BULUS
rth-c180e07f1d59,TAMAN RTH KARANG TENGAH,,,Jakarta Selatan,"JL. BONA INDAH IV, RT.3/RW.6, LB. BULUS, KEC. CILANDAK, KOTA JAKARTA SELATAN,",,,,,,,,False,,,CILANDAK,LEBAK BULUS
rth-69b6825bab1d,TAMAN PULO JL. KARANG TENGAH,,,Jakarta Selatan,"JL. LEBAK BULUS RAYA NO.1C, RT.4/RW.4, LB. BULUS, KEC. CILANDAK, KOTA JAKARTA SELATAN, DAERAH KHUSUS IBUKOTA JAKARTA 12440",,,,,,,,False,,,CILANDAK,LEBAK BULUS
rth-ec460d3e3acb,TAMAN H. MUHI VII,,,Jakarta Selatan,"JL. H. MUHI VII NO.23, RT.6/RW.4, PD. PINANG, KEC. KBY. LAMA, KOTA JAKARTA SELATAN, DAERAH KHUSUS IBUKOTA JAKARTA 12310",,,,,,,,False,,,KEBAYORAN LAMA,PONDOK PINANG
rth-9bb549bc9fb3,TAMAN H. MUHI VIII,,,Jakarta Selatan,"JL. H MUHI VIII NO.5, RT.8/RW.4, PD. PINANG, KEC. KBY. LAMA, KOTA JAKARTA SELATAN, DAERAH KHUSUS IBUKOTA JAKARTA 12310",,,,,,,,False,,,KEBAYORAN LAMA,PONDOK PINANG
rth-6a2cce324638,TAMAN H. MUHI X,,,Jakarta Selatan,"JL. H. MUHI X , RT.8/RW.4, PD. PINANG, KEC. KBY. LAMA, KOTA JAKARTA SELATAN, DAERAH KHUSUS IBUKOTA JAKARTA 12330",,,,,,,,False,,,KEBAYORAN LAMA,PONDOK PINANG
rth-c2cbdfad0d38,TAMAN H. MUHI XII,,,Jakarta Selatan,"JL. H. MUHI XII, RT.9/RW.4, PD. PINANG, KEC. KBY. LAMA, KOTA JAKARTA SELATAN, DAERAH KHUSUS IBUKOTA JAKARTA 12330",,,,,,,,False,,,KEBAYORAN LAMA,PONDOK PINANG
rth-466dfee30b31,TAMAN H. MUHI XIV,,,Jakarta Selatan,"JL. H. MUHI XIV RW.3, PD. PINANG, KEC. KBY. LAMA, KOTA JAKARTA SELATAN, DAERAH KHUSUS IBUKOTA JAKARTA 12310",,,,,,,,False,,,KEBAYORAN LAMA,PONDOK PINANG
rth-fb9077d4e807,TAMAN PONDOK PINANG,,,Jakarta Selatan,"JL. H. MUHI VIII B 1, RW.4, PD. PINANG, KEC. KBY. LAMA, KOTA JAKARTA SELATAN,",,,,,,,,False,,,KEBAYORAN LAMA,PONDOK PINANG
rth-595d0dd16e6f,TAMAN PUTARAN PONDOK INDAH,,,Jakarta Selatan,"JL. ARTERI PD. INDAH, RT.1/RW.16, PD. PINANG, KEC. KBY. LAMA, KOTA JAKARTA SELATAN, DAERAH KHUSUS IBUKOTA JAKARTA 12310",,,,,,,,False,,,KEBAYORAN LAMA,PONDOK PINANG
rth-17dca26d56b9,TAMAN PULO-PULO SEGITIGA PONDOK INDAH,,,Jakarta Selatan,"JL. R.A. KARTINI, RT.10/ 7 KEL. PONDOK. PINANG, KEC. KEBAYORAN LAMA, JAKARTA SELATAN",,,,,,,,False,,,KEBAYORAN LAMA,PONDOK PINANG
rth-4f7b237497c4,"RPTRA TAMAN H. MUHI RT 006/04,(RPTRA PINANG INDAH)",rptra,RPTRA,Jakarta Selatan,"JL. H. MUHI RAYA NO.4, RT.6/RW.4, PD. PINANG, KEC. KBY. LAMA, KOTA JAKARTA SELATAN, DAERAH KHUSUS IBUKOTA JAKARTA 12310",,,,,,,,False,,,KEBAYORAN LAMA,PONDOK PINANG
rth-0a9e5ec75607,TAMAN TERMINAL LEBAK BULUS,,,Jakarta Selatan,"JL. IR H. JUANDA, RT.8/RW.9, KEL. PD. PINANG, KEC. KBY. LAMA, . JAKARTA SELATAN",,,,,,,,False,,,KEBAYORAN LAMA,PONDOK PINANG
rth-0c275960a150,JL. KEMANG RAYA AMENITIS TROTOAR),,,Jakarta Selatan,JL. KEMANG RAYA (AMENITIS TROTOAR),,,,,,,,False,,,MAMPANG PRAPATAN,BANGKA
rth-f84d0cc2e9eb,TAMAN KEMANG RAYA,,,Jakarta Selatan,"JL. TAMAN KEMANG NO.14, RW.1, BANGKA, KEC. MAMPANG PRPT., KOTA JAKARTA SELATAN,",,,,,,,,False,,,MAMPANG PRAPATAN,BANGKA
rth-27081aa85484,TAMAN BANGKA VIII,,,Jakarta Selatan,"JL. BANGKA VIII A NO 41 , RT.01 RW 12 KEL;. PELA MAMPANG, KEC MAMPANG PRAPATAN",,,,,,,,False,,,MAMPANG PRAPATAN,BANGKA
rth-262f384c29c8,TAMAN KEC. KEMANG SELATAN,,,Jakarta Selatan,"JL. KEMANG SELATAN VII KEL, BANGKA MAMPANG PRAPATAN. JAKARTA SELATAN",,,,,,,,False,,,MAMPANG PRAPATAN,BANGKA
rth-3c48ee57e6f5,TAMAN KEMANG SELATAN VIII,,,Jakarta Selatan,"JL. PERUMAHAN KEMANG JAYA, RT.7/RW.2, BANGKA, KEC. MAMPANG PRPT., KOTA JAKARTA SELATAN",,,,,,,,False,,,MAMPANG PRAPATAN,BANGKA
rth-848f452717d5,TAMAN SEGITIGA ABDUL ROHIM,,,Jakarta Selatan,"JL. KUNINGAN BARAT RAYA, RT.3/.2, KEL. KUNINGAN BARAT., KEC. MAMPANG PRAPATAN. JAKARTA SELATAN",,,,,,,,False,,,MAMPANG PRAPATAN,KUNINGAN BARAT
rth-b25e9a8b696c,TAMAN TEGAL PARANG,,,Jakarta Selatan,"JL. GATOT SUBROTO, RT.2/RW.2, KUNINGAN BAR., KEC. MAMPANG PRPT., KOTA JAKARTA SELATAN,",,,,,,,,False,,,MAMPANG PRAPATAN,KUNINGAN BARAT
rth-e3d778e77380,TMN KAPT TENDEAN,,,Jakarta Selatan,"JL. KAPTEN TENDEAN, RT.2/RW.2, KUNINGAN BAR., KEC. MAMPANG PRPT., KOTA JAKARTA SELATAN,",,,,,,,,False,,,MAMPANG PRAPATAN,KUNINGAN BARAT
rth-8399c06c7d7a,TAMAN RASUNA SAID,,,Jakarta Selatan,"JL. TERUSAN H. R. RASUNA SAID, RT.3/ .2, KEL. KUNINGAN BARAT., KEC. MAMPANG PRAPATAN. JAKARTA SELATAN",,,,,,,,False,,,MAMPANG PRAPATAN,KUNINGAN BARAT
rth-60f9e1edd096,TAMAN WIJAYAKARTA,,,Jakarta Selatan,"JL. WIJAYA KARTA RAYA 11-1, RT.12/RW.3, KUNINGAN BAR., KEC. MAMPANG PRPT., KOTA JAKARTA SELATAN,",,,,,,,,False,,,MAMPANG PRAPATAN,KUNINGAN BARAT
rth-e31c509b212b,TAMAN INTERAKTIF RW. 01 (RPTRA RAMLI),,,Jakarta Selatan,"JL. KAPTEN TENDEAN GG. JATI NO.11, RT.11/RW.1, MAMPANG PRPT., KEC. MAMPANG PRPT., KOTA JAKARTA SELATAN, DAERAH KHUSUS IBUKOTA JAKARTA 12790",,,,,,,,False,,,MAMPANG PRAPATAN,MAMPANG PRAPATAN
rth-5780fb3d7204,TAMAN PULO-PULO MAMPANG,,,Jakarta Selatan,"JL. MAMPANG PRPT. RAYA 108-139, RT.1/RW.3, MAMPANG PRPT., KEC. MAMPANG PRPT., KOTA JAKARTA SELATAN,",,,,,,,,False,,,MAMPANG PRAPATAN,MAMPANG PRAPATAN
rth-58e64130c01f,TAMAN KANTOR KECAMATAN MAMPANG PRAPATAN,,,Jakarta Selatan,"JL. TEGAL PARANG SELATAN V NO.19C, RT.8/RW.4, TEGAL PARANG, KEC. MAMPANG PRPT., KOTA JAKARTA SELATAN",,,,,,,,False,,,MAMPANG PRAPATAN,MAMPANG PRAPATAN
rth-08487f474cf2,TMN. BWH FO MP. PRAPATAN,,,Jakarta Selatan,"JL. KAPTEN TENDEAN, RT.1/RW.3, KEL. MAMPANG PRPT., KEC. MAMPANG PRPT., KOTA JAKARTA SELATAN, DAERAH KHUSUS IBUKOTA JAKARTA 12790",,,,,,,,False,,,MAMPANG PRAPATAN,MAMPANG PRAPATAN
rth-11d513904e34,TAMAN GARDU PARAMADINA,,,Jakarta Selatan,"JL. TEGAL PARANG UTARA, RT.2/RW.4, MAMPANG PRPT., KEC. MAMPANG PRPT., KOTA JAKARTA SELATA",,,,,,,,False,,,MAMPANG PRAPATAN,MAMPANG PRAPATAN
rth-32db69c9b08a,JALUR HIJAU JL. KEMANG SELATAN,,,Jakarta Selatan,JALUR HIJAU JL. KEMANG SELATAN,,,,,,,,False,,,MAMPANG PRAPATAN,
rth-9b4d3d748fcc,JALUR HIJAU JL. KEMANG DALAM V,,,Jakarta Selatan,JALUR HIJAU JL. KEMANG DALAM V,,,,,,,,False,,,MAMPANG PRAPATAN,
rth-719dd181650a,JH. JL. LUBANG BUAYA (PEMELIHARAAN POHON),,,Jakarta Timur,JH. JL. LUBANG BUAYA (PEMELIHARAAN POHON),,,,,,,,False,,,CIPAYUNG,
rth-83e7870d370c,"JH. JL. HANKAM SELATAN, JL. HANKAM BARAT",,,Jakarta Timur,"JH. JL. HANKAM SELATAN, JL. HANKAM BARAT",,,,,,,,False,,,CIPAYUNG,
rth-b504bcb69356,HUTAN KOTA PONDOK RANGGON,,,Jakarta Timur,"JL. ASRI I RT. 002 RW. 03, KEL. PONDOK RANGON, KEC. CIPAYUNG, JAKARTA TIMUR",,,,,,,,False,,,CIPAYUNG,PONDOK RANGGON
rth-e5c692125a58,RTH JL. BERINGIN,,,Jakarta Timur,"JL. BERINGIN RT 004 RW 002 KEL. PONDOK RANGGON KEC. CIPAYUNG, JAKARTA TIMUR",,,,,,,,False,,,CIPAYUNG,PONDOK RANGGON
rth-6d5ad9c3a5c5,TAMAN SALIX,,,Jakarta Timur,"JL. MUFAKAT NO.74, RT.3/RW.2, PD. RANGGON, KEC. CIPAYUNG, KOTA JAKARTA TIMUR, DAERAH KHUSUS IBUKOTA JAKARTA 13860",,,,,,,,False,,,CIPAYUNG,PONDOK RANGGON
rth-f22791e56c8a,TAMAN RANGGON WIJAYA KUSUMA,,,Jakarta Timur,"JL. CILANGKAP BARU RT 004 RW 003, KEL. PONDOK RANGGON, KEC. CIPAYUNG, JAKARTA TIMUR",,,,,,,,False,,,CIPAYUNG,PONDOK RANGGON
rth-61e5e262049c,RTH PONDOK RANGON,,,Jakarta Timur,"JL. PONDOK RANGGON RAYA RT 001 RW 006, KEL. PONDOK RANGGON, KEC. CIPAYUNG, JAKARTA TIMUR",,,,,,,,False,,,CIPAYUNG,PONDOK RANGGON
rth-226ea4173efc,HUTAN KOTA SETU,,,Jakarta Timur,"JL. PERDAGANGAN RT. 002 RW. 01 KEL. SETU, KEC. CIPAYUNG, JAKARTA TIMUR",,,,,,,,False,,,CIPAYUNG,SETU
rth-69f5b05da59a,HUTAN KOTA CILANGKAP BARU,,,Jakarta Timur,JL. RAYA SETU RT 003 RW 04 KEL.CILANGKAP KEC. CIPAYUNG JAKARTA TIMUR - RT. 008 RW. 03 KEL. SETU KEC. CIPAYUNG JAKARTA TIMUR; RT. 001 RW. 04 KEL. SETU KEC. CIPAYUNG JAKARTA TIMUR,,,,,,,,False,,,CIPAYUNG,SETU
rth-42d06b6a96da,HUTAN KOTA CILANGKAP,,,Jakarta Timur,KEL. SETU KEC. CIPAYUNG JAKARTA TIMUR,,,,,,,,False,,,CIPAYUNG,SETU
rth-06379ea40061,HUTAN KOTA DAS SUNTER HULU,,,Jakarta Timur,"RT.7/RW.2, SETU, CIPAYUNG, JAKARTA TIMUR JAKARTA 13880",,,,,,,,False,,,CIPAYUNG,SETU
rth-eee957265ca3,HUTAN KOTA BAMBU WULUNG,,,Jakarta Timur,RT 005 RW 003 KEL. SETU KEC. CIPAYUNG JAKARTA TIMUR,,,,,,,,False,,,CIPAYUNG,SETU
rth-78358538c9ce,RTH RT 002 RW 001,,,Jakarta Timur,"RT 002 RW 001 KEL. SETU, KEC. CIPAYUNG, JAKARTA TIMUR",,,,,,,,False,,,CIPAYUNG,SETU
rth-fa0d4e991773,RTH RT 008 RW 003,,,Jakarta Timur,"RT 008 RW 003, KEL. SETU, KEC. CIPAYUNG, JAKARTA TIMUR",,,,,,,,False,,,CIPAYUNG,SETU
rth-6c2cc47fa9d7,RTH TAMAN BAMBU JL. PAGELARANG,,,Jakarta Timur,"JL. PAGELARANG NO.6, RT.3/RW.1, SETU, KEC. CIPAYUNG, KOTA JAKARTA TIMUR, DAERAH KHUSUS IBUKOTA JAKARTA 13880",,,,,,,,False,,,CIPAYUNG,SETU
rth-1f576a1bf3da,RTH JL. SETU RAYA RT. 008 RW. 03,,,Jakarta Timur,"JL. SETU RAYA RT. 008 RW. 03, KEL. SETU, KEC. CIPAYUNG, JAKARTA TIMUR",,,,,,,,False,,,CIPAYUNG,SETU
rth-b80f7130d486,RTH JL. RAYA SETU CIPAYUNG RT.008 RW.03,,,Jakarta Timur,RTH JL. RAYA SETU CIPAYUNG RT.008 RW.03,,,,,,,,False,,,CIPAYUNG,SETU
rth-8bbe28dd2974,HUTAN KOTA SITU RAWA DONGKAL,,,Jakarta Timur,"JL. JAMBORE KEL. CIBUBUR KEC. CIRACAS, JAKARTA TIMUR",,,,,,,,False,,,CIRACAS,CIBUBUR
rth-5db8e8e25ddc,KB. CIBUBUR,,,Jakarta Timur,"JL BAABUROYAN LLL, JAKARYA TIMUR 13720, RT.12/RW.10, CIBUBUR, KEC. CIRACAS, KOTA JAKARTA TIMUR, DAERAH KHUSUS IBUKOTA JAKARTA 13720",,,,,,,,False,,,CIRACAS,CIBUBUR
rth-5b001908a84a,TAMAN POJOK CERIA,,,Jakarta Timur,"JL. MAKAM BARAT, JAKARTA TIMUR",,,,,,,,False,,,CIRACAS,CIBUBUR
rth-ecb3cc2be142,TAMAN MAHONI,,,Jakarta Timur,"JALAN RAYA PKP, RT.7/RW.9, CIBUBUR, CIRACAS, RT.7/RW.9, KLP. DUA WETAN, KEC. CIRACAS, KOTA JAKARTA TIMUR, DAERAH KHUSUS IBUKOTA JAKARTA 13730",,,,,,,,False,,,CIRACAS,CIBUBUR
rth-3eedb1a9f208,RTH TAMAN KUMIS KUCING JL. KUMIS KUCING,,,Jakarta Timur,"JL. KUMIS KUCING NO.7, RT.2/RW.7, CIBUBUR, KEC. CIRACAS, KOTA JAKARTA TIMUR, DAERAH KHUSUS IBUKOTA JAKARTA 13720",,,,,,,,False,,,CIRACAS,CIBUBUR
rth-1f498aa989c0,TAMAN ABDUL RACHMAN,,,Jakarta Timur,"JL. H. ABDUL RAHMAN II 3, RT.11/RW.5, CIBUBUR, KEC. CIRACAS, KOTA JAKARTA TIMUR, DAERAH KHUSUS IBUKOTA JAKARTA 13720",,,,,,,,False,,,CIRACAS,CIBUBUR
rth-ae410be76a58,TAMAN LITERASI (TAMAN O),,,Jakarta Timur,"JL. SMU 99 RT 005 RW 003, KEL. CIBUBUR, KEC. CIRACAS, JAKARTA TIMUR",,,,,,,,False,,,CIRACAS,CIBUBUR
rth-28ee64410264,RTH JL. ABDUL RAHMAN II BLOK DUKUH DALAM RT. 003 RW. 010,,,Jakarta Timur,"JL. ABDUL RAHMAN II BLOK DUKUH DALAM RT. 003 RW. 010, KEL. CIBUBUR, KEC. CIRACAS, JAKARTA TIMUR",,,,,,,,False,,,CIRACAS,CIBUBUR
rth-0c60386233b2,RTH JAMBORE,,,Jakarta Timur,"JL. JAMBORE RT 003 RW 006, KEL. CIBUBUR, KEC. CIRACAS, JAKARTA TIMUR",,,,,,,,False,,,CIRACAS,CIBUBUR
rth-8ad38d7386ab,JALUR HIJAU MEDIAN JL. PESANGGRAHAN DR FLY OVER S/D LM. SRENGSENG,,,Jakarta Barat,JH. MEDIAN JL. PESANGGRAHAN DR FLY OVER S/D LM. SRENGSENG,,,,,,,,False,,,KEMBANGAN,MERUYA UTARA
rth-601c32afc095,JALUR HIJAU JL. BATU MULIA,,,Jakarta Barat,JALUR HIJAU JL. BATU MULIA,,,,,,,,False,,,KEMBANGAN,
rth-309a2f4aeca6,JALUR HIJAU JL. MERUYA ILIR DR LM SRENGSENG S/D KEMBANG KEREP,,,Jakarta Barat,JALUR HIJAU JL. MERUYA ILIR DR LM SRENGSENG S/D KEMBANG KEREP,,,,,,,,False,,,KEMBANGAN,MERUYA UTARA
rth-247e14617ceb,JALUR HIJAU JL. TAMAN ARIES,,,Jakarta Barat,JALUR HIJAU JL. TAMAN ARIES,,,,,,,,False,,,KEMBANGAN,
rth-6dfd16846bd1,JALUR JL. SEPANJANG SISI TOL DPN LOTTE MART S/D UJUNG DUKCAPIL (JL. LAP. TENIS),,,Jakarta Barat,JALUR JL. SEPANJANG SISI TOL DPN LOTTE MART S/D UJUNG DUKCAPIL (JL. LAP. TENIS),,,,,,,,False,,,KEMBANGAN,
rth-55e6d215ecfa,"JLR KOMP. PERMATA MERUYA I, II DAN III (MENUJU AL-AZHAR) KOMP. MERUYA ILIR",,,Jakarta Barat,"JLR KOMP. PERMATA MERUYA I, II DAN III (MENUJU AL-AZHAR) KOMP. MERUYA ILIR",,,,,,,,False,,,KEMBANGAN,KEMBANGAN UTARA
rth-d628f4adba3e,JALUR HIJAU PULAU-PULAU KEMBANGAN SISI UTARA,,,Jakarta Barat,JH. PULAU-PULAU KEMBANGAN SISI UTARA,,,,,,,,False,,,KEMBANGAN,KEMBANGAN UTARA
rth-d6672bc40213,JALUR HIJAU SEGITIGA SISI UTARA JL. KEMBANGAN,,,Jakarta Barat,JH. SEGITIGA SISI UTARA JL. KEMBANGAN,,,,,,,,False,,,KEMBANGAN,KEMBANGAN UTARA
rth-653d85d68af7,JALUR HIJAU JL. KEMBANGAN BARU (CENGKARENG DRAIN SISI BARAT),,,Jakarta Barat,JH. JL. KEMBANGAN BARU (CENGKARENG DRAIN SISI BARAT),,,,,,,,False,,,KEMBANGAN,
rth-db9f5274c954,JALUR HIJAU JL. OUTER RINGROAD SISI TIMUR DR LM KEMBANGAN S/D JEMBATAN,,,Jakarta Barat,JH. JL. OUTER RINGROAD SISI TIMUR DR LM KEMBANGAN S/D JEMBATAN,,,,,,,,False,,,KEMBANGAN,
rth-2572414e0a0c,JALUR HIJAU JL. OUTER RINGROAD SISI BARAT DR LM KEMBANGAN S/D JEMBATAN,,,Jakarta Barat,JH. JL. OUTER RINGROAD SISI BARAT DR LM KEMBANGAN S/D JEMBATAN,,,,,,,,False,,,KEMBANGAN,
rth-307f89fc76ba,JALUR HIJAU JL. KEMBANGAN RAYA DR PEMADAM S/D BPN,,,Jakarta Barat,JH. JL. KEMBANGAN RAYA DR PEMADAM S/D BPN,,,,,,,,False,,,KEMBANGAN,
rth-53b2c09a84e0,JALUR HIJAU JL. MERUYA ILIR DR LM SRENGSENG S/D PENGAMPUAN,,,Jakarta Barat,JALUR HIJAU JL. MERUYA ILIR DR LM SRENGSENG S/D PENGAMPUAN,,,,,,,,False,,,KEMBANGAN,
rth-3b95a914c5a0,JALUR HIJAU JL. PENGAMPUAN,,,Jakarta Barat,JALUR HIJAU JL. PENGAMPUAN,,,,,,,,False,,,KEMBANGAN,
rth-a2f3b6433334,JALUR HIJAU JL. JOGLO RAYA,,,Jakarta Barat,JALUR HIJAU JL. JOGLO RAYA,,,,,,,,False,,,KEMBANGAN,
rth-c224982a544e,HUTAN KOTA SRENGSENG,,,Jakarta Barat,"JL. H. KELIK KEL. SRENGSENG, KEC. KEMBANGAN, JAKARTA BARAT",,,,,,,,False,,,KEMBANGAN,SRENGSENG
rth-8cc02014105c,KB. SRENGSENG,,,Jakarta Barat,"JL. POS PENGUMBEN LAMA NO.49, RT.8/RW.3, SRENGSENG, KEC. KEMBANGAN, KOTA JAKARTA BARAT, DAERAH KHUSUS IBUKOTA JAKARTA 11630",,,,,,,,False,,,KEMBANGAN,SRENGSENG
rth-8fe299dd547e,TAMAN KEBON JERUK BLOK J (INTERCON),,,Jakarta Barat,"JL. JERUK UTAMA BLOK J, RW.10, SRENGSENG, KEC. KEMBANGAN, KOTA JAKARTA BARAT, DAERAH KHUSUS IBUKOTA JAKARTA 11630",,,,,,,,False,,,KEMBANGAN,SRENGSENG
rth-0ee7e4094040,TAMAN KEBON JERUK BLOK Q (INTERCON),,,Jakarta Barat,"JL. JERUK UTAMA BLOK Q, RW.10, SRENGSENG, KEC. KEMBANGAN, KOTA JAKARTA BARAT, DAERAH KHUSUS IBUKOTA JAKARTA 11630",,,,,,,,False,,,KEMBANGAN,SRENGSENG
rth-0c3f74475781,TAMAN JUANG (BUNI),,,Jakarta Barat,"JL. SEMANGKA RAYA NO.15, RT.15/RW.2, JATIPULO, KEC. PALMERAH, KOTA JAKARTA BARAT, DAERAH KHUSUS IBUKOTA JAKARTA 11430",,,,,,,,False,,,PALMERAH,JATI PULO
rth-7c21321d69af,TAMAN KATALIA II,,,Jakarta Barat,"JL. KOTA BAMBU UTARA 1 NO.3, RT.10/RW.8, JATIPULO, KEC. PALMERAH, KOTA JAKARTA BARAT, DAERAH KHUSUS IBUKOTA JAKARTA 11430",,,,,,,,False,,,PALMERAH,JATI PULO
rth-7212d33da1fb,TAMAN KOMP. DPR (UNGGULAN),,,Jakarta Barat,"JL. RAWA BELONG RD, RT.3/RW.13, PALMERAH, WEST JAKARTA CITY, JAKARTA 11480",,,,,,,,False,,,PALMERAH,KEBON JERUK
rth-eb2639b988a7,TAMAN ANGGREK NELI MURNI BLOK B,,,Jakarta Barat,"JL. ANGGREK NELI MURNI IV-A NO.24, RT.6/RW.1, KEMANGGISAN, KEC. PALMERAH, KOTA JAKARTA BARAT, DAERAH KHUSUS IBUKOTA JAKARTA 11410",,,,,,,,False,,,PALMERAH,KEMANGGISAN
rth-abd766acf4e9,TAMAN ANGGREK NELI MURNI BLOK C,,,Jakarta Barat,"RT.5/RW.1, KEMANGGISAN, PALMERAH, WEST JAKARTA CITY, JAKARTA 11480JL. ANGGREK NELI MURNI IV-A,",,,,,,,,False,,,PALMERAH,KEMANGGISAN
rth-0261edaeffeb,TAMAN ANGGREK GARUDA II KORAMIL,,,Jakarta Barat,"JL. ANGGREK GARUDA 7 5, RW.2, KEMANGGISAN, KEC. PALMERAH, KOTA JAKARTA BARAT, DAERAH KHUSUS IBUKOTA JAKARTA 11480",,,,,,,,False,,,PALMERAH,KEMANGGISAN
rth-05c58481eec5,TAMAN ANGGREK GARUDA V,,,Jakarta Barat,"JL. ANGGREK GARUDA V 61-47, RT.7/RW.2, KEMANGGISAN, KEC. PALMERAH, KOTA JAKARTA BARAT, DAERAH KHUSUS IBUKOTA JAKARTA 11480",,,,,,,,False,,,PALMERAH,KEMANGGISAN
rth-74918f8ce89f,TAMAN ANGGREK ROSLIANA (KOMODO),,,Jakarta Barat,"JL. ANGGREK ROSLIANA I 54-50, RT.2/RW.5, KEMANGGISAN, KEC. PALMERAH, KOTA JAKARTA BARAT, DAERAH KHUSUS IBUKOTA JAKARTA 11480",,,,,,,,False,,,PALMERAH,KEMANGGISAN
rth-40dc5b963eca,"TAMAN POSYANDU RW.08, KEMANGGISAN",,,Jakarta Barat,"RW 08, KEMANGGISAN, PALMERAH",,,,,,,,False,,,PALMERAH,KEMANGGISAN
rth-82b2005d94dd,TAMAN PULO SEGITIGA ADIYAKSA RAYA,,,Jakarta Selatan,"JL. ADIAKSA RAYA, RT.7/RW.7, LB. BULUS, KEC. CILANDAK, KOTA JAKARTA SELATAN, DAERAH KHUSUS IBUKOTA JAKARTA 12440",,,,,,,,False,,,CILANDAK,LEBAK BULUS
rth-575375fde48a,RPTRA MAWAR,rptra,RPTRA,Jakarta Selatan,"JL. MAWAR INDAH NO.57, RT.8/RW.2, LB. BULUS, KEC. CILANDAK, KOTA JAKARTA SELATAN, DAERAH KHUSUS IBUKOTA JAKARTA 12440",,,,,,,,False,,,CILANDAK,LEBAK BULUS
rth-b4e6eec997b9,RPTRA H. GADUN/ANGGREK,rptra,RPTRA,Jakarta Selatan,"JL. H. GANDUN NO.8, RT.07/RW.8, LB. BULUS, KEC. CILANDAK, KOTA JAKARTA SELATAN, DAERAH KHUSUS IBUKOTA JAKARTA 12440",,,,,,,,False,,,CILANDAK,LEBAK BULUS
rth-97e207ffe1a8,TAMAN INTERAKTIF PINANG,,,Jakarta Selatan,"JL. PINANG IV NO.21, RT.6/RW.2, PD. LABU, KEC. CILANDAK, KOTA JAKARTA SELATAN, DAERAH KHUSUS IBUKOTA JAKARTA 12450",,,,,,,,False,,,CILANDAK,LEBAK BULUS
rth-6175c69fbf9f,TAMAN KOMPLEK BONA INDAH BLOK A,,,Jakarta Selatan,"JL. BONA INDAH V 26-18, RT.3/RW.6, LB. BULUS, KEC. CILANDAK, KOTA JAKARTA SELATAN, DAERAH KHUSUS IBUKOTA JAKARTA 12440",,,,,,,,False,,,CILANDAK,LEBAK BULUS
rth-603fc8ff1a82,TAMAN KOMPLEK BONA INDAH DEPAN MASJID,,,Jakarta Selatan,"JL. BONA INDAH 62-4, RT.1/RW.6, LB. BULUS, KEC. CILANDAK, KOTA JAKARTA SELATAN, DAERAH KHUSUS IBUKOTA JAKARTA 12440",,,,,,,,False,,,CILANDAK,LEBAK BULUS
rth-4c324cfec156,JALUR HIJAU BAWAH TOL DESARI,,,Jakarta Selatan,JALUR HIJAU BAWAH TOL DESARI,,,,,,,,False,,,CILANDAK,
rth-53f2f4104e8b,JALUR HIJAU JL. BATAN,,,Jakarta Selatan,JL. BATAN,,,,,,,,False,,,CILANDAK,
rth-e4afc1908545,JALUR HIJAU JL. ADHIYAKSA RAYA,,,Jakarta Selatan,JL. ADHIYAKSA RAYA,,,,,,,,False,,,CILANDAK,
rth-c9a28d8d39bd,JALUR HIJAU JL. KARANG TENGAH RAYA,,,Jakarta Selatan,JL. KARANG TENGAH RAYA,,,,,,,,False,,,CILANDAK,
rth-b179e37d02c2,"JALUR HIJAU JL. LEBAK BULUS RAYA,JL. GUNUNG BALONG",,,Jakarta Selatan,"JL. LEBAK BULUS RAYA, JL. GUNUNG BALONG",,,,,,,,False,,,CILANDAK,
rth-affbb7daa0d4,JALUR HIJAU JL. FATMAWATI RAYA,,,Jakarta Selatan,JL. FATMAWATI RAYA,,,,,,,,False,,,CILANDAK,
rth-4f7d03655ffc,JALUR HIJAU JL. RA. KARTINI (PINTU TOL PONDOK PINANG S.D JL. FATMAWATI),,,Jakarta Selatan,JL. RA. KARTINI (PINTU TOL PONDOK PINANG S.D JL. FATMAWATI),,,,,,,,False,,,CILANDAK,
rth-3d7b720b6bef,JALUR HIJAU MRT (DARI PASAR CIPETE - UNDERPAS PASAR JUM'AT),,,Jakarta Selatan,JALUR HIJAU MRT (DARI PASAR CIPETE - UNDERPAS PASAR JUM'AT),,,,,,,,False,,,CILANDAK,
rth-f064598e0700,HUTAN KOTA PONDOK LABU,,,Jakarta Selatan,"RT.4/RW.2, PD. LABU, KEC. CILANDAK, KOTA JAKARTA SELATAN, DAERAH KHUSUS IBUKOTA JAKARTA 12450",,,,,,,,False,,,CILANDAK,PONDOK LABU
rth-9e9b26147b30,HUTAN KOTA PINANG KALIJATI,,,Jakarta Selatan,JL. PINANG KALIJATI RT.004 RW. 009 KEL. PONDOK LABU KEC. CILANDAK JAKARTA SELATAN,,,,,,,,False,,,CILANDAK,PONDOK LABU
rth-08c7e31aaa93,HUTAN KOTA PINANG II,,,Jakarta Selatan,"JL. PINANG II, KEL. PONDOK LABU, KEC. CILANDAK, JAKARTA SELATAN",,,,,,,,False,,,CILANDAK,PONDOK LABU
rth-a31ffdafae51,HUTAN KOTA BANGO,,,Jakarta Selatan,JALAN BANGO III RT 008 RW 003 KEL. PONDOK LABU KEC. CILANDAK JAKARTA SELATAN - RT 009 RW 003 KEL. PONDOK LABU KEC. CILANDAK JAKARTA SELATAN,,,,,,,,False,,,CILANDAK,PONDOK LABU
rth-c77c1644f44d,FLY OVER FATMAWATI ( BAWAH ),,,Jakarta Selatan,JL. FATMAWATI,,,,,,,,False,,,CILANDAK,PONDOK LABU
rth-0c9122c10832,RTH JL. KELURAHAN,,,Jakarta Selatan,"JL. KELURAHAN NO. 5 RT 003 RW 007 KEL. PONDOK LABU KEC. CILANDAK, JAKARTA SELATAN",,,,,,,,False,,,CILANDAK,PONDOK LABU
rth-c9729027b59a,RTH JL. MARGASATWA RAYA RT. 010 RW. 02,,,Jakarta Selatan,"JL. MARGASATWA RAYA, KEL. PONDOK LABU, KEC. CILANDAK, JAKARTA SELATAN",,,,,,,,False,,,CILANDAK,PONDOK LABU
rth-07b6325b5596,RTH JL. BANGO VI KP. KRUKUT RT. 010 RW. 03,,,Jakarta Selatan,JL. BANGO VI KP. KRUKUT RT. 010 RW. 03,,,,,,,,False,,,CILANDAK,PONDOK LABU
rth-7e601bfc237c,RTH JL. LEBAK BULUS III RT. 010 RW. 07,,,Jakarta Selatan,JL. LEBAK BULUS III RT. 010 RW. 07,,,,,,,,False,,,CILANDAK,PONDOK LABU
rth-df8d620c35d1,"RTH JL. LEBAK BULUS III, KELURAHAN PONDOK LABU, KECAMATAN CILANDAK, JAKARTA SELATAN",,,Jakarta Selatan,"JL. LEBAK BULUS III, KELURAHAN PONDOK LABU, KECAMATAN CILANDAK, JAKARTA SELATAN",,,,,,,,False,,,CILANDAK,PONDOK LABU
rth-b62e54d2a65c,"RTH JL. BANGO RAYA RT. 008 RW. 003, KELURAHAN PONDOK LABU, KECAMATAN CILANDAK, JAKARTA SELATAN",,,Jakarta Selatan,"JL. BANGO RAYA RT. 008 RW. 003, KELURAHAN PONDOK LABU, KECAMATAN CILANDAK, JAKARTA SELATAN",,,,,,,,False,,,CILANDAK,PONDOK LABU
rth-aba1a25f12b3,TAMAN PONDOK LABU,,,Jakarta Selatan,JL. JATI PEJATEN KEL. PONDOK LABU.KEC. CILANDAK. JAKARTA SELATAN,,,,,,,,False,,,CILANDAK,PONDOK LABU
rth-a200948fcacd,"RTH JL. MARGASATWA RT. 010 RW. 02, KELURAHAN PONDOK LABU, KECAMATAN CILANDAK, JAKARTA SELATAN",,,Jakarta Selatan,"JL. MARGASATWA RT. 010 RW. 02, KELURAHAN PONDOK LABU, KECAMATAN CILANDAK, JAKARTA SELATAN",,,,,,,,False,,,CILANDAK,PONDOK LABU
rth-5d3f6a43a820,RPTRA PINANG POLA,rptra,RPTRA,Jakarta Selatan,"JL. PINANG II, RT.4/RW.2, PD. LABU, KEC. CILANDAK, KOTA JAKARTA SELATAN, DAERAH KHUSUS IBUKOTA JAKARTA 12450",,,,,,,,False,,,CILANDAK,PONDOK LABU
rth-c94b8457bc02,TAMAN PANGKALAN JATI UTARA,,,Jakarta Selatan,"JL. JATI RAYA UTARA RT05/ 06, KEL. PONDOK LABU, KEC. CILANDAK. JAKARTA SELATAN",,,,,,,,False,,,CILANDAK,PONDOK LABU
rth-c1264a34b1f8,JALUR HIJAU KEMANG DALAM VI,,,Jakarta Selatan,JALUR HIJAU KEMANG DALAM VI,,,,,,,,False,,,MAMPANG PRAPATAN,
rth-9bd9a260838a,JALUR HIJAU JL. KEMANG DALAM X,,,Jakarta Selatan,JALUR HIJAU JL. KEMANG DALAM X,,,,,,,,False,,,MAMPANG PRAPATAN,
rth-97f900133e75,JALUR HIJAU JL. MAMPANG PRAPATAN,,,Jakarta Selatan,JALUR HIJAU JL. MAMPANG PRAPATAN,,,,,,,,False,,,MAMPANG PRAPATAN,
rth-d0683344b940,JALUR HIJAU JL. KAPTEN TENDEAN,,,Jakarta Selatan,JALUR HIJAU JL. KAPTEN TENDEAN,,,,,,,,False,,,MAMPANG PRAPATAN,
rth-4788b0b204db,FLY OVER JL. KAPTEN TENDEAN (BAWAH),,,Jakarta Selatan,FLY OVER JL. KAPTEN TENDEAN (BAWAH),,,,,,,,False,,,MAMPANG PRAPATAN,PELA MAMPANG
rth-a9b0cc1320c2,JALAN LAYANG NON TOLL (TENDEAN - SEKOLAH TARAKANITA),,,Jakarta Selatan,JALAN LAYANG NON TOLL (TENDEAN - SEKOLAH TARAKANITA),,,,,,,,False,,,MAMPANG PRAPATAN,PELA MAMPANG
rth-4ac0938730ac,RTH JL. BANK RAYA,,,Jakarta Selatan,"JL. BANK RAYA RT 007 RW 007, KEL. PELA MAMPANG, KEC. MAMPANG PRAPATAN, JAKARTA SELATAN",,,,,,,,False,,,MAMPANG PRAPATAN,PELA MAMPANG
rth-ae0553d44ccd,TAMAN PONDOK KARYA,,,Jakarta Selatan,"JL. PONDOK KARYA VI D NO.10, RT.3/RW.4, PELA MAMPANG, MAMPANG PRAPATAN. JAKARTA SELATAN",,,,,,,,False,,,MAMPANG PRAPATAN,PELA MAMPANG
rth-09427809b0e4,TAMAN KANADIYANTI DALAM,,,Jakarta Selatan,"JL. CANADYANTI, RT.10/RW.11, PELA MAMPANG, KEC. MAMPANG PRPT., KOTA JAKARTA SELATAN",,,,,,,,False,,,MAMPANG PRAPATAN,PELA MAMPANG
rth-c233f2856b7b,TAMAN KANADIYANTI,,,Jakarta Selatan,"JL. CANADYANTI, RT.10/RW.11, PELA MAMPANG, KEC. MAMPANG PRPT., KOTA JAKARTA SELATAN,",,,,,,,,False,,,MAMPANG PRAPATAN,PELA MAMPANG
rth-4be490e92668,TAMAN TELOR PELA MAMPANG,,,Jakarta Selatan,JL. BANGKA VIII A 41 RT 1/ RW 12 KEL. PELA MAMPANG KEC. MAMPANG PRAPATAN. KOTA JAKARTA SELATAN,,,,,,,,False,,,MAMPANG PRAPATAN,PELA MAMPANG
rth-8f6c73fcaa6d,JALUR HIJAU JL. CIKOKO RAYA,,,Jakarta Selatan,JALUR HIJAU JL. CIKOKO RAYA,,,,,,,,False,,,PANCORAN,CIKOKO
rth-c6ca2ce754e8,TAMAN STEKPI,,,Jakarta Selatan,"JL. TMP. KALIBATA NO.17, RT.6/RW.7, DUREN TIGA, KEC. PANCORAN, KOTA JAKARTA SELATAN,",,,,,,,,False,,,PANCORAN,DUREN TIGA
rth-b329e96cd416,TAMAN DUREN BANGKA I,,,Jakarta Selatan,"JL. KEMANG TIMUR VA, RT.2/RW.2, DUREN TIGA, KEC. PANCORAN, KOTA JAKARTA SELATAN",,,,,,,,False,,,PANCORAN,DUREN TIGA
rth-a21263a5a67b,TAMAN DUREN BANGKA II,,,Jakarta Selatan,JL.KEMANG TIMUR V RT 02/02 KEL. DUREN TIGA PANCORAN. JAKARTA SELATAN,,,,,,,,False,,,PANCORAN,DUREN TIGA
rth-e1876134a6da,TAMAN DUREN BANGKA,,,Jakarta Selatan,JL. KEMANG TIMUR V KEL. DUREN TIGA PANCORAN RT 02/02,,,,,,,,False,,,PANCORAN,DUREN TIGA
rth-7443dbd07986,TAMAN DUREN BANGKA 2,,,Jakarta Selatan,JL. KEMANG TIMUR V KEL. DUREN TIGA PANCORAN,,,,,,,,False,,,PANCORAN,DUREN TIGA
rth-a49e35006e63,TAMAN DUREN BANGKA 3,,,Jakarta Selatan,JL. KEMANG TIMUR V KEL. DUREN TIGA PANCORAN,,,,,,,,False,,,PANCORAN,DUREN TIGA
rth-d93a9ab226e9,TAMAN SEGITIGA WARUNG JATI,,,Jakarta Selatan,"JL. KALIBATA TENGAH, RT.11/RW.7, KALIBATA, KEC. PANCORAN, KOTA JAKARTA SELATAN,",,,,,,,,False,,,PANCORAN,KALIBATA
rth-c7d2bef05438,JALUR HIJAU JL. MEGA RAYA,,,Jakarta Selatan,JALUR HIJAU JL. MEGA RAYA,,,,,,,,False,,,PANCORAN,
rth-6600093c4c96,JALUR HIJAU JL. DUREN TIGA,,,Jakarta Selatan,JALUR HIJAU JL. DUREN TIGA,,,,,,,,False,,,PANCORAN,
rth-4a4e6536ef95,JALUR HIJAU JL. DUREN TIGA VIII,,,Jakarta Selatan,JALUR HIJAU JL. DUREN TIGA VIII,,,,,,,,False,,,PANCORAN,
rth-98b7dfc854c9,JALUR HIJAU JL. MINYAK I S.D IV,,,Jakarta Selatan,JALUR HIJAU JL. MINYAK I S.D IV,,,,,,,,False,,,PANCORAN,
rth-2f920dd3cfca,JALUR HIJAU JL. KALIBATA SELATAN,,,Jakarta Selatan,JALUR HIJAU JL. KALIBATA SELATAN,,,,,,,,False,,,PANCORAN,
rth-20f36ac7708c,JALUR HIJAU JL. H. SAMALI,,,Jakarta Selatan,JALUR HIJAU JL. H. SAMALI,,,,,,,,False,,,PANCORAN,
rth-42c632a54d78,JALUR HIJAU JL. TMP. KALIBATA,,,Jakarta Selatan,JALUR HIJAU JL. TMP. KALIBATA,,,,,,,,False,,,PANCORAN,
rth-f0a12f85eacd,JALUR HIJAU JL. KOMP. KALIBATA TIMUR,,,Jakarta Selatan,JALUR HIJAU JL. KOMP. KALIBATA TIMUR,,,,,,,,False,,,PANCORAN,
rth-87b378e19901,JALUR HIJAU JL. KALIBATA TIMUR,,,Jakarta Selatan,JALUR HIJAU JL. KALIBATA TIMUR,,,,,,,,False,,,PANCORAN,
rth-041306f05577,JALUR HIJAU JL. KALIBATA UTARA,,,Jakarta Selatan,JALUR HIJAU JL. KALIBATA UTARA,,,,,,,,False,,,PANCORAN,
rth-834dd9167205,FLY OVER SUNGAI CILIWUNG (BAWAH),,,Jakarta Selatan,FLY OVER SUNGAI CILIWUNG (BAWAH),,,,,,,,False,,,PANCORAN,
rth-53291708be87,JALUR HIJAU JL. PASAR MINGGU,,,Jakarta Selatan,JALUR HIJAU JL. PASAR MINGGU,,,,,,,,False,,,PANCORAN,
rth-939d59a37723,JALUR HIJAU JL. DUREN TIGA SELATAN,,,Jakarta Selatan,JALUR HIJAU JL. DUREN TIGA SELATAN,,,,,,,,False,,,PANCORAN,
rth-e14a9bae764c,"RTH JL. RAYA BOGOR/ JL. SABAR NO. 6B, RT.003 RW.01 (TAMAN SABAR INDAH)",,,Jakarta Timur,"JL. RAYA BOGOR/ JL. SABAR NO. 6B, RT.003 RW.01 (",,,,,,,,False,,,CIRACAS,RAMBUTAN
rth-afca86d4b082,RTH JL. MANUNGGAL TAMARA (TAMAN MANUNGGAL RAKYAT) / TAMAN TAMARA,,,Jakarta Timur,"JL. MANUNGGAL 2 RT/RW 04/04 RAMBUTAN, CIRACAS JAKARTA TIMUR",,,,,,,,False,,,CIRACAS,RAMBUTAN
rth-1f484c6ca2ad,TAMAN HUMANIORA,,,Jakarta Timur,"JL. SUPRIYADI 39, RT.2/RW.4, RAMBUTAN, KEC. CIRACAS, KOTA JAKARTA TIMUR, DAERAH KHUSUS IBUKOTA JAKARTA 13830",,,,,,,,False,,,CIRACAS,RAMBUTAN
rth-fc05953e0d6e,TAMAN KAMPUNG JATI,,,Jakarta Timur,"JL.KP. JATI KEL. RAMBUTAN KEC. CIRACAS, JAKARTA TIMUR",,,,,,,,False,,,CIRACAS,RAMBUTAN
rth-8666c90da918,TAMAN WARU,,,Jakarta Timur,"JL. WARU NO.36, RT.13/ 3, KEL. KEBAGUSAN, KEC. PS. MINGGU, KOTA JAKARTA SELATAN",,,,,,,,False,,,CIRACAS,RAMBUTAN
rth-48611937518b,RTH JL. TANAH MERDEKA VII RT. 018 RW. 06,,,Jakarta Timur,"JL. TANAH MERDEKA VII RT 018 RW 006, KEL. RAMBUTAN, KEC. CIRACAS, JAKARTA TIMUR",,,,,,,,False,,,CIRACAS,RAMBUTAN
rth-63e0f353c4e9,RTH SD INPRES,,,Jakarta Timur,"JL. SD INPRES RT 004 RW 003, KEL. KAMPUNG RAMBUTAN, KEC. CIRACAS, JAKARTA TIMUR",,,,,,,,False,,,CIRACAS,RAMBUTAN
rth-138f64f42858,TAMAN T.B. SIMATUPANG,,,Jakarta Timur,"JL. TB SIMATUPANG NO.3 5, RT.5/RW.2, SUSUKAN, KEC. CIRACAS, KOTA JAKARTA TIMUR, DAERAH KHUSUS IBUKOTA JAKARTA 13750",,,,,,,,False,,,CIRACAS,SUSUKAN
rth-5a5cf169fb8e,RTH ANGGREK,,,Jakarta Timur,"JL. ANGGREK 2, RT.3/RW.2, SUSUKAN, KEC. CIRACAS, KOTA JAKARTA TIMUR, DAERAH KHUSUS IBUKOTA JAKARTA 13750",,,,,,,,False,,,CIRACAS,SUSUKAN
rth-a5ba1ebeb6a7,RTH LINGKAR LUAR (TB SIMATUPANG) (TAMAN SAMIN NEONG),,,Jakarta Timur,"JALAN TOL LINGKAR LUAR (TB SIMATUPANG), KEL. SUSUKAN, KEC. CIRACAS, JAKARTA TIMUR",,,,,,,,False,,,CIRACAS,SUSUKAN
rth-0cfacbd102c4,TAMAN SWADAYA VIII,,,Jakarta Timur,"JL. SWADAYA RAYA NO.34, RT.4/RW.5, DUREN SAWIT, KEC. DUREN SAWIT, KOTA JAKARTA TIMUR, DAERAH KHUSUS IBUKOTA JAKARTA 13440",,,,,,,,False,,,DUREN SAWIT,DUREN SAWIT
rth-4c82cac16d37,TAMAN SMU 71,,,Jakarta Timur,"JL. KAVLING TNI ANGKATAN LAUT, RT.7/RW.16, DUREN SAWIT, KEC. DUREN SAWIT, KOTA JAKARTA TIMUR, DAERAH KHUSUS IBUKOTA JAKARTA 13440",,,,,,,,False,,,DUREN SAWIT,DUREN SAWIT
rth-b77ab2441f36,TAMAN KAV AGRARIA,,,Jakarta Timur,"JL. KAV. AGRARIA , JAKARTA TIMUR , DUREN SAWIT , DUREN SAWIT",,,,,,,,False,,,DUREN SAWIT,DUREN SAWIT
rth-6281906b2837,TAMAN JL. BENDA RAYA,,,Jakarta Timur,"JL. BENDA RAYA, DUREN SAWIT, JAKARTA TIMUR",,,,,,,,False,,,DUREN SAWIT,DUREN SAWIT
rth-2e0392033fc5,TAMAN PTB P6,,,Jakarta Timur,"JL. DUREN SAWIT 1, DUREN SAWIT, JAKARTA TIMUR",,,,,,,,False,,,DUREN SAWIT,DUREN SAWIT
rth-16dd4906fc9e,TAMAN KAV PTB RW 08 DUREN SAWIT,,,Jakarta Timur,"JL. DUREN SAWIT TIMUR VI, DUREN SAWIT, JAKARTA TIMUR",,,,,,,,False,,,DUREN SAWIT,DUREN SAWIT
rth-107f71c176f8,TAMAN PTB DEPAN MESJID,,,Jakarta Timur,"DUREN SAWIT, JAKARTA TIMUR",,,,,,,,False,,,DUREN SAWIT,DUREN SAWIT
rth-dbc2675d2161,TAMAN DUREN SAWIT INDAH I,,,Jakarta Timur,JL. DUREN SAWIT BARAT IIIA,,,,,,,,False,,,DUREN SAWIT,DUREN SAWIT
rth-38d27e73291c,TAMAN DUREN SAWIT RT.008/11,,,Jakarta Timur,JL. DUREN SAWIT RAYA (DERMAGA),,,,,,,,False,,,DUREN SAWIT,DUREN SAWIT
rth-18f26c0f4bca,TAMAN BLOK BB PTB DUREN SAWIT / TAMAN BLOCK M DAN U,,,Jakarta Timur,JL. DUREN SAWIT TIMUR,,,,,,,,False,,,DUREN SAWIT,DUREN SAWIT
rth-89d32b414147,TAMAN BLOK A2 KEL. DUREN SAWIT,,,Jakarta Timur,"DUREN SAWIT, JAKARTA TIMUR",,,,,,,,False,,,DUREN SAWIT,DUREN SAWIT
rth-9b85f6786d86,TAMAN BAYU,,,Jakarta Timur,"JL. NAGA RAYA NO.31-15, RT.6/RW.18, KLENDER, KEC. DUREN SAWIT, KOTA JAKARTA TIMUR, DAERAH KHUSUS IBUKOTA JAKARTA 13440",,,,,,,,False,,,DUREN SAWIT,KLENDER
rth-9017fd73a588,TAMAN DUREN SAWIT INDAH II,,,Jakarta Timur,"JL. DUREN SAWIT INDAH 6, KLENDER, KEC. DUREN SAWIT, KOTA JAKARTA TIMUR, DAERAH KHUSUS IBUKOTA JAKARTA 13470",,,,,,,,False,,,DUREN SAWIT,KLENDER
rth-5ba30cf4a98c,"TAMAN SEGITIGA DERMAGA IF, IIF, IIIF, IVF",,,Jakarta Timur,"JL. DUREN SAWIT RAYA (DERMAGA), RT.7/RW.10, KLENDER, KEC. DUREN SAWIT, KOTA JAKARTA TIMUR, DAERAH KHUSUS IBUKOTA JAKARTA 13470",,,,,,,,False,,,DUREN SAWIT,KLENDER
rth-6f89cd3e4375,TAMAN DERMAGA,,,Jakarta Timur,"JL. DERMAGA RAYA 6-32, RT.5/RW.10, KLENDER, KEC. DUREN SAWIT, KOTA JAKARTA TIMUR, DAERAH KHUSUS IBUKOTA JAKARTA 13470",,,,,,,,False,,,DUREN SAWIT,KLENDER
rth-b42b934dfb42,TAMAN RW 13 KEL. KLENDER,,,Jakarta Timur,"JL. BUARAN INDAH III, KLENDER",,,,,,,,False,,,DUREN SAWIT,KLENDER
rth-18eed0a2637a,TAMAN ANGGREK NELI MURNI BLOK A,,,Jakarta Barat,"JL. ANGGREK NELI MURNI BLOK A, KEMANGGISAN, KEC. PALMERAH, KOTA JAKARTA BARAT, DAERAH KHUSUS IBUKOTA JAKARTA 11410",,,,,,,,False,,,PALMERAH,KEMANGGISAN
rth-eee16b9d8929,TAMAN CATTLEYA,,,Jakarta Barat,"JL. S. PARMAN, KEMANGGISAN, JAKARTA BARAT",,,,,,,,False,,,PALMERAH,KEMANGGISAN
rth-bf8f01ef6c4c,TAMAN DEPAN MUSEUM TEXTIL,,,Jakarta Barat,"JL. K.S. TUBUN NO.2-4, RT.4/RW.2, KOTA BAMBU SEL., KEC. PALMERAH, KOTA JAKARTA BARAT, DAERAH KHUSUS IBUKOTA JAKARTA 11420",,,,,,,,False,,,PALMERAH,KOTA BAMBU SELATAN
rth-7b79792de50e,TAMAN INTERAKTIF GG. ORI,,,Jakarta Barat,"JL. ORI, RW.5, KOTA BAMBU SEL., KEC. PALMERAH, KOTA JAKARTA BARAT, DAERAH KHUSUS IBUKOTA JAKARTA 11420",,,,,,,,False,,,PALMERAH,KOTA BAMBU SELATAN
rth-3aa4c149f3f5,TAMAN KATALIA I,,,Jakarta Barat,"JL. TAMAN KATALIA SEL. NO.8, RT.3/RW.8, KOTA BAMBU UTARA, KEC. PALMERAH, KOTA JAKARTA BARAT, DAERAH KHUSUS IBUKOTA JAKARTA 11420",,,,,,,,False,,,PALMERAH,KOTA BAMBU UTARA
rth-297250dc3269,TAMAN AMANDOLE,,,Jakarta Barat,"JL. WULUH I NO.9, RT.9/RW.6, KOTA BAMBU UTARA, KEC. PALMERAH, KOTA JAKARTA BARAT, DAERAH KHUSUS IBUKOTA JAKARTA 11420",,,,,,,,False,,,PALMERAH,KOTA BAMBU UTARA
rth-a01964876120,JALUR HIJAU FLY OVER BUDI RAYA,,,Jakarta Barat,JH. FLY OVER BUDI RAYA,,,,,,,,False,,,PALMERAH,
rth-d8a100f159ad,JALUR HIJAU JL. KEMANGGISAN UTAMA RAYA,,,Jakarta Barat,JH. JL. KEMANGGISAN UTAMA RAYA,,,,,,,,False,,,PALMERAH,
rth-34ff142556bd,JALUR HIJAU JL. SAKTI RAYA,,,Jakarta Barat,JH. JL. SAKTI RAYA,,,,,,,,False,,,PALMERAH,KEMANGGISAN
rth-538c73703564,JALUR HIJAU PULAU-PULAU TOMANG (PINTU TOL TANGERANG),,,Jakarta Barat,JH. PULAU-PULAU TOMANG (PINTU TOL TANGERANG),,,,,,,,False,,,PALMERAH,
rth-1f849677a20d,JALUR HIJAU SEGITIGA PULAU JL. TALI RAYA KS. TUBUN RAYA TERUSAN (SAMPING PLN),,,Jakarta Barat,JH. SEGITIGA PULAU JL. TALI RAYA KS. TUBUN RAYA TERUSAN (SAMPING PLN),,,,,,,,False,,,PALMERAH,
rth-19fcc3cbc246,JALUR HIJAU JL. S. PARMAN SISI BARAT DR. FO. TOMANG S/D JL. ANGGREK CENDRAWASIH,,,Jakarta Barat,JH. JL. S. PARMAN SISI BARAT DR. FO. TOMANG S/D JL. ANGGREK CENDRAWASIH,,,,,,,,False,,,PALMERAH,
rth-30ecc59d87a0,JALUR HIJAU FLY OVER TOMANG (ATAS DAN BAWAH),,,Jakarta Barat,JH. FLY OVER TOMANG (ATAS DAN BAWAH),,,,,,,,False,,,PALMERAH,
rth-1376a731baa1,JALUR HIJAU UNDER PASS TOMANG JL. TOMANG RAYA JAKARTA BARAT,,,Jakarta Barat,JH. UNDER PASS TOMANG JL. TOMANG RAYA JAKARTA BARAT,,,,,,,,False,,,PALMERAH,
rth-46c589344286,JALUR HIJAU JL. S. PARMAN SISI TIMUR DR JL. TOMANG RAYA S/D FO. SLIPI JAYA,,,Jakarta Barat,JH. JL. S. PARMAN SISI TIMUR DR JL. TOMANG RAYA S/D FO. SLIPI JAYA,,,,,,,,False,,,PALMERAH,
rth-427cafd28ff6,JALUR HIJAU JL. S. PARMAN SISI BARAT DR JL. ANGGREK CENDRAWASIH S/D JL. APARTEMEN SLIPI,,,Jakarta Barat,JH. JL. S. PARMAN SISI BARAT DR JL. ANGGREK CENDRAWASIH S/D JL. APARTEMEN SLIPI,,,,,,,,False,,,PALMERAH,SUKABUMI UTARA
rth-e9742795542f,JALUR HIJAU SEGITIGA POS PENGUMBEN JL. KEBAYORAN LAMA,,,Jakarta Barat,JH. SEGITIGA POS PENGUMBEN JL. KEBAYORAN LAMA,,,,,,,,False,,,PALMERAH,
rth-11b919946fbd,JALUR HIJAU ATAS DAN BAWAH FO SLIPI JAYA,,,Jakarta Barat,JH. ATAS DAN BAWAH FO SLIPI JAYA,,,,,,,,False,,,PALMERAH,
rth-8f798c41e410,JALUR HIJAU JL. S. PARMAN SISI TIMUR DR FO. SLIPI JAYA S/D JL. AIPDA KS. TUBUN,,,Jakarta Barat,JH. JL. S. PARMAN SISI TIMUR DR FO. SLIPI JAYA S/D JL. AIPDA KS. TUBUN,,,,,,,,False,,,PALMERAH,
rth-6c6d9ec56d7a,JALUR HIJAU FLY OVER SLIPI JL. S. PARMAN JAKARTA BARAT,,,Jakarta Barat,JH. FLY OVER SLIPI JL. S. PARMAN JAKARTA BARAT,,,,,,,,False,,,PALMERAH,TOMANG
rth-e958dff78762,JALUR HIJAU JL. TOMANG RAYA,,,Jakarta Barat,JH. JL. TOMANG RAYA,,,,,,,,False,,,PALMERAH,JATI PULO
rth-69ca0f09592f,JALUR HIJAU VIADUCK TOMANG,,,Jakarta Barat,JH. VIADUCK TOMANG,,,,,,,,False,,,PALMERAH,TOMANG
rth-472a5280a121,JALUR HIJAU PULAU JL. KS. TUBUN SAMPING KANTOR TELKOM,,,Jakarta Barat,JH. PULAU JL. KS. TUBUN SAMPING KANTOR TELKOM,,,,,,,,False,,,PALMERAH,
rth-48ae309fc53a,TAMAN INTERAKTIF GG. SWADAYA,,,Jakarta Barat,"GG SWADAYA, PALMERAH, KEC. PALMERAH, KOTA JAKARTA BARAT,",,,,,,,,False,,,PALMERAH,PALMERAH
rth-0bb162b3bc0d,TAMAN INTERAKTIF GG. BAHAGIA,,,Jakarta Barat,"GG. BAHAGIA NO.30 RT 011 RW 009, PALMERAH, PALMERAH",,,,,,,,False,,,PALMERAH,PALMERAH
rth-7e318a538032,TAMAN INTERAKTIF PKK,,,Jakarta Barat,"RT.9/RW.17, PALMERAH, KEC. PALMERAH, KOTA JAKARTA BARAT, DAERAH KHUSUS IBUKOTA JAKARTA 11480",,,,,,,,False,,,PALMERAH,PALMERAH
rth-80eb4440173b,JALUR HIJAU JL. MANGGA BESAR RAYA (BAK TANAMAN),,,Jakarta Barat,JH. JL. MANGGA BESAR RAYA (BAK TANAMAN),,,,,,,,False,,,TAMAN SARI,
rth-855e38eb1b2b,JALUR HIJAU JL. MANGGA BESAR I,,,Jakarta Barat,JH. JL. MANGGA BESAR I,,,,,,,,False,,,TAMAN SARI,
rth-723b48ecb8a1,JALUR HIJAU JL. KOKOSAN,,,Jakarta Barat,JH. JL. KOKOSAN,,,,,,,,False,,,TAMAN SARI,
rth-e698645caf2c,TAMAN PANGKALAN JATI SELATAN,,,Jakarta Selatan,"JL. JATI RAYA TIM RT 06/ 06 KEL. PONDOK LABU, KEC. CILANDAK, JAKARTA SELATAN",,,,,,,,False,,,CILANDAK,PONDOK LABU
rth-c73b096c77fa,RPTRA BANGO KRUKUT POLA,rptra,RPTRA,Jakarta Selatan,"JL. BANGO IV NO.62, RT.9/RW.3, PD. LABU, KEC. CILANDAK, KOTA JAKARTA SELATAN, DAERAH KHUSUS IBUKOTA JAKARTA 12450",,,,,,,,False,,,CILANDAK,PONDOK LABU
rth-4d53c3bb47df,RPTRA POLA IDAMAN,rptra,RPTRA,Jakarta Selatan,"GG. SWADAYA NO.13, RT.13/RW.1, PD. LABU, KEC. CILANDAK, KOTA JAKARTA SELATAN, DAERAH KHUSUS IBUKOTA JAKARTA 12450",,,,,,,,False,,,CILANDAK,PONDOK LABU
rth-1eb3017dbc1d,TAMAN LEBAK BULUS 3,,,Jakarta Selatan,"JL. TAMAN LEBAK BULUS IV 3, RT.10/RW.7, KEL. LB. BULUS, KEC. CILANDAK, JAKARTA SELATAN",,,,,,,,False,,,CILANDAK,PONDOK LABU
rth-243f16b367ff,TAMAN WIJAYA KUSUMA I,,,Jakarta Selatan,"JL. WIJAYA KUSUMA I, RT.6/RW.4, PD. LABU, KEC. CILANDAK, KOTA JAKARTA SELATAN,",,,,,,,,False,,,CILANDAK,PONDOK LABU
rth-3f8878a814f7,TAMAN WIJAYA KUSUMA II,,,Jakarta Selatan,"JL. TAMAN WIJAYA KUSUMA V, RT.8/RW.4, PD. LABU, KEC. CILANDAK, KOTA JAKARTA SELATAN,",,,,,,,,False,,,CILANDAK,PONDOK LABU
rth-928033ac03fb,TAMAN WIJAYA KUSUMA III,,,Jakarta Selatan,"JL. SWAKARYA, RT.1/RW.4, PD. LABU, KEC. CILANDAK, KOTA JAKARTA SELATAN,",,,,,,,,False,,,CILANDAK,PONDOK LABU
rth-08b01ffb2b59,TAMAN WIJAYA KUSUMA IV,,,Jakarta Selatan,"JL. SWAKARYA, RT.1/RW.4, PD. LABU, KEC. CILANDAK, KOTA JAKARTA SELATAN,",,,,,,,,False,,,CILANDAK,PONDOK LABU
rth-4fb93bf5d621,TAMAN WIJAYA KUSUMA RAYA,,,Jakarta Selatan,"JL. TAMAN WIJAYA KUSUMA, RT.8/RW.4, CILANDAK BAR., KEC. CILANDAK, KOTA JAKARTA SELATAN,",,,,,,,,False,,,CILANDAK,PONDOK LABU
rth-4a5be92b752f,TAMAN TIMAH,,,Jakarta Selatan,"JL. MARGASATWA 49-62, RT.1/RW.3, PD. LABU, KEC. CILANDAK, KOTA JAKARTA SELATAN, DAERAH KHUSUS IBUKOTA JAKARTA 12450",,,,,,,,False,,,CILANDAK,PONDOK LABU
rth-16ac9a517177,TAMAN DDN,,,Jakarta Selatan,"JL. MARGASATWA 55-50, RT.15/RW.1, PD. LABU, KEC. CILANDAK, KOTA JAKARTA SELATAN,",,,,,,,,False,,,CILANDAK,PONDOK LABU
rth-644b30dde83a,TAMAN AMBALUN,,,Jakarta Selatan,"JL. AMBALUN, RT.3/RW.6, PD. LABU, KEC. CILANDAK, KOTA JAKARTA SELATAN, DAERAH KHUSUS IBUKOTA JAKARTA 1245",,,,,,,,False,,,CILANDAK,PONDOK LABU
rth-0ace30c826b0,TAMAN PANGKALAN JATI,,,Jakarta Selatan,"JL. JATI RAYA TIM., RT.5/RW.6, PD. LABU, KEC. CILANDAK, KOTA JAKARTA SELATAN, DAERAH KHUSUS IBUKOTA JAKARTA 12450",,,,,,,,False,,,CILANDAK,PONDOK LABU
rth-b570a8141286,"RTH JL. H. IPIN RT. 011/01 KELURAHAN PONDOK LABU KECAMATAN CILANDAK, JAKARTA SELATAN",,,Jakarta Selatan,"JL. H. IPIN NO.44, RT.11/RW.1, PD. LABU, KEC. CILANDAK, KOTA JAKARTA SELATAN, DAERAH KHUSUS IBUKOTA JAKARTA 12450",,,,,,,,False,,,CILANDAK,PONDOK LABU
rth-dcf4df184b10,"RTH KP. KRUKUT RT. 006/03 KELURAHAN PONDOK LABU KECAMATAN CILANDAK, JAKARTA SELATAN",,,Jakarta Selatan,"KP. KRUKUT RT. 006/03 KELURAHAN PONDOK LABU KECAMATAN CILANDAK, JAKARTA SELATAN",,,,,,,,False,,,CILANDAK,PONDOK LABU
rth-f3cc1f6a4426,"RTH JL. LEBAK BULUS III RT. 017 RW. 007 KELURAHAN PONDOK LABU KECAMATAN CILANDAK, JAKARTA SELATAN",,,Jakarta Selatan,"JL. GN. BALONG II NO.18, RT.9/RW.7, PD. LABU, KEC. CILANDAK, KOTA JAKARTA SELATAN, DAERAH KHUSUS IBUKOTA JAKARTA 12450",,,,,,,,False,,,CILANDAK,PONDOK LABU
rth-ac782b24ade2,RTH JL. RC VETERAN KOMP. GRAHA BARU RT. 004 RW. 012,,,Jakarta Selatan,JL. RC VETERAN KOMP. GRAHA BARU RT. 004 RW. 012,,,,,,,,False,,,JAGAKARSA,BINTARO
rth-49a3995020e1,HUTAN KOTA CIGANJUR,,,Jakarta Selatan,JL. TRIJAYA RT.010 RW003 KEL. CIGANJUR KEC. JAGAKARSA JAKARTA SELATAN - JL. ANDA RT. 010 RW. 003 KEL. CIGANJUR KEC. JAGAKARSA JAKARTA SELATAN,,,,,,,,False,,,JAGAKARSA,CIGANJUR
rth-d21a9295d24f,KB. JL. SIRSAK,,,Jakarta Selatan,"JL. SIRSAK NO.22, RT.1/RW.4, CIGANJUR, KEC. JAGAKARSA, KOTA JAKARTA SELATAN, DAERAH KHUSUS IBUKOTA JAKARTA 12630",,,,,,,,False,,,JAGAKARSA,CIGANJUR
rth-5c213b8af1eb,TAMAN TABEBUYA,,,Jakarta Selatan,"JL. M KAFI NO.1, RT.1/RW.2, CIGANJUR, KEC. JAGAKARSA, KOTA JAKARTA SELATAN, DAERAH KHUSUS IBUKOTA JAKARTA 12630",,,,,,,,False,,,JAGAKARSA,CIGANJUR
rth-1dfa4cd69e89,TAMAN KIARA PAYUNG,,,Jakarta Selatan,"JL. H. TERIN 1 NO.2, RT.6/RW.1, CIGANJUR, KEC. JAGAKARSA, KOTA DEPOK, JAWA BARAT 16514",,,,,,,,False,,,JAGAKARSA,CIGANJUR
rth-05fcab5c18e3,TAMAN BUNI,,,Jakarta Selatan,"JL. MOH. KAHFI 1, RT.9/RW.2, CIGANJUR, KEC. JAGAKARSA, KOTA JAKARTA SELATAN, DAERAH KHUSUS IBUKOTA JAKARTA 12620",,,,,,,,False,,,JAGAKARSA,CIGANJUR
rth-b4ac2cfb55a2,TAMAN RAMBUTAN,,,Jakarta Selatan,"JL. SADAR II NO.23, RT.2/RW.2, CIGANJUR, KEC. JAGAKARSA, KOTA JAKARTA SELATAN",,,,,,,,False,,,JAGAKARSA,CIGANJUR
rth-3aa03dab7271,TAMAN INTERAKTIF CIGANJUR,,,Jakarta Selatan,"JL. SALAK PUTIH RT 005/002 KEL. CIGANJUR, KEC. JAGAKARSA. JAKARTA SELATAN",,,,,,,,False,,,JAGAKARSA,CIGANJUR
rth-cd4cb0a0cdfa,TAMAN WARUNG SILAH,,,Jakarta Selatan,"JL. WARUNG SILA NO. 17 RT 004 RW 005, KEL. CIGANJUR, KEC. JAGAKARSA, JAKARTA SELATAN",,,,,,,,False,,,JAGAKARSA,CIGANJUR
rth-ed5302389bd1,RPTRA TAMAN JANGKRIK,rptra,RPTRA,Jakarta Selatan,"JL. JANGKRIK, RT.9/RW.5, CIGANJUR, KEC. JAGAKARSA, KOTA JAKARTA SELATAN, DAERAH KHUSUS IBUKOTA JAKARTA 12630",,,,,,,,False,,,JAGAKARSA,CIGANJUR
rth-fe586aa94523,HUTAN KOTA CIPEDAK,,,Jakarta Selatan,"RT.2/RW.2, CIPEDAK, KEC. JAGAKARSA, KOTA JAKARTA SELATAN, DAERAH KHUSUS IBUKOTA JAKARTA 12630",,,,,,,,False,,,JAGAKARSA,CIPEDAK
rth-a95e4d9c6c7b,HUTAN KOTA PALEM,,,Jakarta Selatan,JL. MOCH KAHFI I GANG PALEM RT.001 RW. 002 KEL. CIPEDAK KEC. JAGAKARSA JAKARTA SELATAN,,,,,,,,False,,,JAGAKARSA,CIPEDAK
rth-a495f706efc4,JALUR HIJAU JL. RAWA JATI BARAT (SAMPING REL KA),,,Jakarta Selatan,JALUR HIJAU JL. RAWA JATI BARAT (SAMPING REL KA),,,,,,,,False,,,PANCORAN,
rth-b16cdc5ddca1,JALUR HIJAU JL. DPR RAYA,,,Jakarta Selatan,JALUR HIJAU JL. DPR RAYA,,,,,,,,False,,,PANCORAN,
rth-64763a6eb2bd,JALUR HIJAU JL. WARUNG JATI BARAT,,,Jakarta Selatan,JALUR HIJAU JL. WARUNG JATI BARAT,,,,,,,,False,,,PANCORAN,
rth-f29502e9fbc4,JALUR HIJAU JL. TMP KALIBATA SISI UTARA (DEPAN BANGDA),,,Jakarta Selatan,JALUR HIJAU JL. TMP KALIBATA SISI UTARA (DEPAN BANGDA),,,,,,,,False,,,PANCORAN,
rth-f8bd54a3debe,JALUR HIJAU JL. KALIBATA TIMUR I,,,Jakarta Selatan,JALUR HIJAU JL. KALIBATA TIMUR I,,,,,,,,False,,,PANCORAN,
rth-03be08b6ae86,PULO JALAN PLAZA KALIBATA I (JALAN KALIBATA RAYA),,,Jakarta Selatan,PULO JALAN PLAZA KALIBATA I (JALAN KALIBATA RAYA),,,,,,,,False,,,PANCORAN,
rth-b10ded23db21,PULO JALAN PLAZA KALIBATA II (JALAN KALIBATA RAYA),,,Jakarta Selatan,PULO JALAN PLAZA KALIBATA II (JALAN KALIBATA RAYA),,,,,,,,False,,,PANCORAN,
rth-a17ccf33fc8a,JALUR HIJAU JALAN TEMBUS RAWAJATI - KALIBATA (ANTARA APARTEMEN KALIBATA DENGAN TMP KALIBATA),,,Jakarta Selatan,JALUR HIJAU JALAN TEMBUS RAWAJATI - KALIBATA (ANTARA APARTEMEN KALIBATA DENGAN TMP KALIBATA),,,,,,,,False,,,PANCORAN,
rth-829d5aec3b89,FLY OVER KALIBATA (BAWAH),,,Jakarta Selatan,FLY OVER KALIBATA (BAWAH),,,,,,,,False,,,PANCORAN,
rth-92302aff25ab,JALUR HIJAU JL. SIGURA GURA (PINGGIR DANAU),,,Jakarta Selatan,JALUR HIJAU JL. SIGURA GURA (PINGGIR DANAU),,,,,,,,False,,,PANCORAN,
rth-be5550186b47,JALUR JL. MT. HARYONO (CILIWUNG S/D PANCORAN),,,Jakarta Selatan,JL. MT. HARYONO (CILIWUNG S/D PANCORAN),,,,,,,,False,,,PANCORAN,
rth-2ca5049cd0c5,JALUR HIJAU JL. KOMP. PANCORAN INDAH,,,Jakarta Selatan,JL. KOMP. PANCORAN INDAH,,,,,,,,False,,,PANCORAN,PANCORAN
rth-2607efa1be5e,JALUR HIJAU JL. PANCORAN TIMUR II,,,Jakarta Selatan,JL. PANCORAN TIMUR II,,,,,,,,False,,,PANCORAN,PANCORAN
rth-ff096779b912,JALUR HIJAU JL. PERDATAM,,,Jakarta Selatan,JL. PERDATAM,,,,,,,,False,,,PANCORAN,PANCORAN
rth-7466c8825bb6,FLY OVER PANCORAN (ATAS - BAWAH),,,Jakarta Selatan,FLY OVER PANCORAN (ATAS - BAWAH),,,,,,,,False,,,PANCORAN,PANCORAN
rth-79a8e1c55be5,TAMAN SEGITIGA PANCORAN,,,Jakarta Selatan,JL. PASAR MINGGU RT 02/ 02 KEL. PANCORAN KEC. PANCORAN. JAKARTA SELATAN,,,,,,,,False,,,PANCORAN,PANCORAN
rth-1cf0d5e43f05,TAMAN PANCORAN INDAH V,,,Jakarta Selatan,"JL.PANCORAN MAS RT 09/09, PANCORAN KEC. PANCORAN. KOMP.LIGAMAS",,,,,,,,False,,,PANCORAN,PANCORAN
rth-09f091adcc46,TAMAN PANCORAN INDAH VII (TAMAN LIGA MAS),,,Jakarta Selatan,"JL. PANCORAN INDAH 12, RT.9/RW.9, PANCORAN, KEC. PANCORAN, KOTA JAKARTA SELATAN,",,,,,,,,False,,,PANCORAN,PANCORAN
rth-98f5d6a7910d,TAMAN MBAU,,,Jakarta Selatan,JL. RAYA PASAR MINGGU RT 009/04 KEL. PANCORAN KEC. PANCORAN. JAKARTA SELATAN,,,,,,,,False,,,PANCORAN,PANCORAN
rth-473072e0ed63,TAMAN SEGITIGA PANCORAN (KORINDO),,,Jakarta Selatan,"JL. RAYA PASAR MINGGU, RT.1/RW.4, PANCORAN, KEC. PANCORAN, KOTA JAKARTA SELATAN,",,,,,,,,False,,,PANCORAN,PANCORAN
rth-f0c250874aa2,JALUR HIJAU JL. PENGADEGAN SELATAN,,,Jakarta Selatan,JL. PENGADEGAN SELATAN,,,,,,,,False,,,PANCORAN,PENGADEGAN
rth-4d0fcb78e7b6,JALUR HIJAU JL. PENGADEGAN TIMUR,,,Jakarta Selatan,JALUR HIJAU JL. PENGADEGAN TIMUR,,,,,,,,False,,,PANCORAN,PENGADEGAN
rth-5bd276e678b4,JALUR HIJAU JL. PENGADEGAN SELATAN RAYA,,,Jakarta Selatan,JALUR HIJAU JL. PENGADEGAN SELATAN RAYA,,,,,,,,False,,,PANCORAN,PENGADEGAN
rth-309f406c5730,TAMAN PENGADEGAN TIMUR,,,Jakarta Selatan,"JL. PENGADEGAN UTARA V 36, RT.1/RW.3, PENGADEGAN, KEC. PANCORAN, JAKARTA SELATAN",,,,,,,,False,,,PANCORAN,PENGADEGAN
rth-8a00d936e7cc,TAMAN POLRI I,,,Jakarta Selatan,"JL. PENGADEGAN UTARA V, RT.1/RW.3, PENGADEGAN, KEC. PANCORAN, JAKARTA SELATAN",,,,,,,,False,,,PANCORAN,PENGADEGAN
rth-dbf17d4ce8c5,TAMAN POLRI II,,,Jakarta Selatan,"JL. PENGADEGAN UTARA V, RT.1/RW.3, PENGADEGAN, KEC. PANCORAN, JAKARTA SELATAN",,,,,,,,False,,,PANCORAN,PENGADEGAN
rth-92b23a8c2f71,TAMAN POLRI III,,,Jakarta Selatan,"JL. PENGADEGAN UTARA VI, RT.6/RW.3, PENGADEGAN, KEC. PANCORAN,JAKARTA SELATAN",,,,,,,,False,,,PANCORAN,PENGADEGAN
rth-f7e4acfe1d0e,TAMAN POLRI IV,,,Jakarta Selatan,"JL. PENGADEGAN UTARA V, RT.6/RW.3, PENGADEGAN, KEC. PANCORAN,JAKARTA SELATAN,",,,,,,,,False,,,PANCORAN,PENGADEGAN
rth-6c39cef551c2,TMN. PENGADEGAN BARAT VII,,,Jakarta Selatan,"JL. PENGADEGAN BARAT VII 6, RT.4/RW.3, PENGADEGAN, KEC. PANCORAN, KOTA JAKARTA SELATAN,",,,,,,,,False,,,PANCORAN,PENGADEGAN
rth-c996ab9a4ec9,JALUR HIJAU JL. RAWA JATI TIMUR,,,Jakarta Selatan,JL. RAWA JATI TIMUR,,,,,,,,False,,,PANCORAN,RAWAJATI
rth-82652b80afcf,JALUR HIJAU JL. BELALANG,,,Jakarta Selatan,JL. BELALANG,,,,,,,,False,,,PANCORAN,RAWAJATI
rth-6509a4a503ab,TAMAN DPR,,,Jakarta Selatan,"JL. KALIBATA RT 12/06 KEL. RAWAJATI, KEC. PANCORAN. JAKARTA SELATAN,",,,,,,,,False,,,PANCORAN,RAWAJATI
rth-2d40d85e42d9,JH. JL. DERMAGA,,,Jakarta Timur,JH. JL. DERMAGA,,,,,,,,False,,,DUREN SAWIT,
rth-2038e7746374,JH. JL. BECAKAYU,,,Jakarta Timur,JH. JL. BECAKAYU,,,,,,,,False,,,DUREN SAWIT,
rth-5b511a162375,FLY OVER PAH. REVOLUSI (ATAS),,,Jakarta Timur,FLY OVER PAHLAWAN REVOLUSI (ATAS),,,,,,,,False,,,DUREN SAWIT,
rth-aca12ba31924,FLY OVER BUARAN (ATAS),,,Jakarta Timur,FLY OVER BUARAN (ATAS),,,,,,,,False,,,DUREN SAWIT,
rth-f3d33433fd47,FLY OVER PONDOK KOPI (ATAS),,,Jakarta Timur,FLY OVER PONDOK KOPI (ATAS),,,,,,,,False,,,DUREN SAWIT,
rth-c2f74abe80d2,TAMAN ANGKLUNG,,,Jakarta Timur,"JL. ANGKLUNG NO.5, RT.4/RW.9, PD. BAMBU, KEC. DUREN SAWIT, KOTA JAKARTA TIMUR, DAERAH KHUSUS IBUKOTA JAKARTA 13430",,,,,,,,False,,,DUREN SAWIT,PONDOK BAMBU
rth-f41f1c077c4d,TAMAN BONANG,,,Jakarta Timur,"JL. BONANG 27-5, RT.6/RW.9, PD. BAMBU, KEC. DUREN SAWIT, KOTA JAKARTA TIMUR, DAERAH KHUSUS IBUKOTA JAKARTA 13430",,,,,,,,False,,,DUREN SAWIT,PONDOK BAMBU
rth-cd28216fae3e,TAMAN YUDISTIRA,,,Jakarta Timur,"JL. YUDHISTIRA NO.20, RT.3/RW.7, TEGAL ALUR, KALIDERES, KOTA JAKARTA BARAT, DAERAH KHUSUS IBUKOTA JAKARTA 11820, INDONESIA",,,,,,,,False,,,DUREN SAWIT,PONDOK BAMBU
rth-31de50380682,TAMAN KESENIAN,,,Jakarta Timur,"JL. KESENIAN NO.15, RT.16/RW.9, PD. BAMBU, KEC. DUREN SAWIT, KOTA JAKARTA TIMUR, DAERAH KHUSUS IBUKOTA JAKARTA 13430",,,,,,,,False,,,DUREN SAWIT,PONDOK BAMBU
rth-469f191398e6,TAMAN NAKULA,,,Jakarta Timur,"JL. NAKULA RAYA, RT.1/RW.6, PD. BAMBU, KEC. DUREN SAWIT, KOTA JAKARTA TIMUR, DAERAH KHUSUS IBUKOTA JAKARTA 13440",,,,,,,,False,,,DUREN SAWIT,PONDOK BAMBU
rth-4b4f601083ca,TAMAN BAMBU DURI,,,Jakarta Timur,"JL. BAMBU DURI I , PONDOK BAMBU, DUREN SAWIT",,,,,,,,False,,,DUREN SAWIT,PONDOK BAMBU
rth-da1664793489,TAMAN BULUH PERINDU,,,Jakarta Timur,"JL. BULUH PERINDU V, PONDOK BAMBU, DUREN SAWIT",,,,,,,,False,,,DUREN SAWIT,PONDOK BAMBU
rth-ced66ee1779e,TAMAN BAMBU KUNING,,,Jakarta Timur,"JL. BAMBU KUNING IV NO.10, RT.10/RW.8, PD. BAMBU, KEC. DUREN SAWIT, KOTA JAKARTA TIMUR, DAERAH KHUSUS IBUKOTA JAKARTA 13430",,,,,,,,False,,,DUREN SAWIT,PONDOK BAMBU
rth-528e36b106bc,TAMAN BAMBU BETUNG DUREN SAWIT,,,Jakarta Timur,"JL. BETUNG RAYA I, RT.5/RW.11, PONDOK BAMBU, DURENSAWIT, EAST JAKARTA CITY, JAKARTA 13430",,,,,,,,False,,,DUREN SAWIT,PONDOK BAMBU
rth-cfdbd769525d,TAMAN JL. TUTUL,,,Jakarta Timur,"JL. TUTUL, RW.11, PONDOK BAMBU, DURENSAWIT, EAST JAKARTA CITY, JAKARTA",,,,,,,,False,,,DUREN SAWIT,PONDOK BAMBU
rth-25994c12b2f4,TAMAN JL. BB MAS RAYA,,,Jakarta Timur,"JL. BAMBU MAS RAYA, RT.11/RW.8, PONDOK BAMBU, DURENSAWIT, EAST JAKARTA CITY, JAKARTA 13430",,,,,,,,False,,,DUREN SAWIT,PONDOK BAMBU
rth-73eb9f6ea3da,TAMAN JL. KEJAKSAAN,,,Jakarta Timur,"JL. KEJAKSAAN V NO.155, RT.11/RW.11, PD. BAMBU, KEC. DUREN SAWIT, KOTA JAKARTA TIMUR, DAERAH KHUSUS IBUKOTA JAKARTA 13430",,,,,,,,False,,,DUREN SAWIT,PONDOK BAMBU
rth-3cce1fea913d,TAMAN PULAU-PULAU JATIWARINGIN,,,Jakarta Timur,"JL. INSPEKSI KALI MALANG , JAKARTA TIMUR , DUREN SAWIT , PONDOK BAMBU",,,,,,,,False,,,DUREN SAWIT,PONDOK BAMBU
rth-14dc06a932ed,TAMAN PULAU JATIWARINGIN,,,Jakarta Timur,"JL. INSPEKSI KALI MALANG , JAKARTA TIMUR , DUREN SAWIT , PONDOK BAMBU",,,,,,,,False,,,DUREN SAWIT,PONDOK BAMBU
rth-0edfe9d6b1bf,HUTAN KOTA PONDOK KELAPA,,,Jakarta Timur,"JALAN HAJI DOGON BLOK G2 NO.1, PONDOK KELAPA, DUREN SAWIT RT.18, RT.10/RW.2, PD. KLP., KEC. DUREN SAWIT, KOTA JAKARTA TIMUR, DAERAH KHUSUS IBUKOTA JAKARTA 13450",,,,,,,,False,,,DUREN SAWIT,PONDOK KELAPA
rth-c4bdd7bd47ed,HUTAN KOTA BILLY MOON,,,Jakarta Timur,"JL. RAYA KALIMALANG, RT.2/RW.10, PD. KLP., KEC. DUREN SAWIT, KOTA JAKARTA TIMUR, DAERAH KHUSUS IBUKOTA JAKARTA 13450",,,,,,,,False,,,DUREN SAWIT,PONDOK KELAPA
rth-ba017ab05787,RTH JL. TAMAN MALAKA GG. BOJONGSARI RT.001 & 002 RW.06,,,Jakarta Timur,"JL. BOJONG INDAH RT 01 DAN RT 02RW 06 KEL. PONDOK KELAPA KEC. DUREN SAWIT, JAKARTA TIMUR",,,,,,,,False,,,DUREN SAWIT,PONDOK KELAPA
rth-9371f2c8ce30,TAMAN PONDOK KELAPA BLOK AD DPRD,,,Jakarta Timur,"KAV. DPRD BLOK AD JL. NYIUR 3, PONDOK KELAPA, DUREN SWAIT",,,,,,,,False,,,DUREN SAWIT,PONDOK KELAPA
rth-ee0a21c16600,TAMAN PONDOK KELAPA BLOK AE DPRD,,,Jakarta Timur,"KAV. DPRD BLOK AE 2, JL. NYIUR 3, PONDOK KELAPA, DUREN SWAIT",,,,,,,,False,,,DUREN SAWIT,PONDOK KELAPA
rth-2e893c651825,TAMAN PONDOK KELAPA BLOK M,,,Jakarta Timur,"BLOK M PERUM KARYAWAN DKI, PONDOK KELAPA, DUREN SAWIT",,,,,,,,False,,,DUREN SAWIT,PONDOK KELAPA
rth-702282b33089,TAMAN PONDOK KELAPA BLOK S,,,Jakarta Timur,"BLOK S PERUM KARYAWAN DKI, PONDOK KELAPA, DUREN SAWIT",,,,,,,,False,,,DUREN SAWIT,PONDOK KELAPA
rth-831187f3c820,TAMAN PONDOK KELAPA BLOK B,,,Jakarta Timur,"BLOK B PERUM KARYAWAN DKI, PONDOK KELAPA, DUREN SAWIT",,,,,,,,False,,,DUREN SAWIT,PONDOK KELAPA
rth-171a893d9b2d,TAMAN JANUR III,,,Jakarta Timur,"JL. JANUR III,RW.10, PD. KLP., KEC. DUREN SAWIT, KOTA JAKARTA TIMUR, DAERAH KHUSUS IBUKOTA JAKARTA 13450",,,,,,,,False,,,DUREN SAWIT,PONDOK KELAPA
rth-0589656b8ea7,"TAMAN BLOK H, KAV DKI",,,Jakarta Timur,"BLOK H PERUM KARYAWAN DKI, PONDOK KELAPA, DUREN SAWIT",,,,,,,,False,,,DUREN SAWIT,PONDOK KELAPA
rth-8d96d98e3bb2,TAMAN JANUR KUNING,,,Jakarta Timur,"JL. JANUR KUNING , RT.5/RW.4, PD. KLP., KEC. DUREN SAWIT, KOTA JAKARTA TIMUR, DAERAH KHUSUS IBUKOTA JAKARTA 13450",,,,,,,,False,,,DUREN SAWIT,PONDOK KELAPA
rth-3229f40f6b0a,JALUR HIJAU JL. HAYAM WURUK DR DEPAN GLODOK PLAZA S/D JL. MANGGA BESAR RAYA,,,Jakarta Barat,JH. JL. HAYAM WURUK DR DEPAN GLODOK PLAZA S/D JL. MANGGA BESAR RAYA,,,,,,,,False,,,TAMAN SARI,
rth-076a8fa3345e,JALUR HIJAU PINTU BESAR SELATAN (SISI BARAT DAN TIMUR),,,Jakarta Barat,JH. PINTU BESAR SELATAN (SISI BARAT DAN TIMUR),,,,,,,,False,,,TAMAN SARI,
rth-c04c05ce0f1f,JALUR HIJAU JL. TAMAN SARI RAYA,,,Jakarta Barat,JH. JL. TAMAN SARI RAYA,,,,,,,,False,,,TAMAN SARI,
rth-ddf2819f970b,JALUR HIJAU ANAK KALI CILIWUNG (POT TANAMAN),,,Jakarta Barat,JH. ANAK KALI CILIWUNG (POT TANAMAN),,,,,,,,False,,,TAMAN SARI,
rth-87317ee4f556,JALUR HIJAU GEREJA SION,,,Jakarta Barat,JH. GEREJA SION,,,,,,,,False,,,TAMAN SARI,
rth-5a97ed990e1c,JALUR HIJAU JL. MANGGA DUA RAYA,,,Jakarta Barat,JH. JL. MANGGA DUA RAYA,,,,,,,,False,,,TAMAN SARI,
rth-b45b4bbe193b,JALUR HIJAU JL. PANGERAN JAYAKARTA,,,Jakarta Barat,JH. JL. PANGERAN JAYAKARTA,,,,,,,,False,,,TAMAN SARI,
rth-9de37fd759e5,JALUR HIJAU JL. GLODOK PANCORAN,,,Jakarta Barat,JH. JL. GLODOK PANCORAN,,,,,,,,False,,,TAMAN SARI,
rth-174eab365254,JALUR HIJAU JL. KEMUKUS,,,Jakarta Barat,JH. JL. KEMUKUS,,,,,,,,False,,,TAMAN SARI,
rth-cc98d696f1a8,JALUR HIJAU JL. KUNIR,,,Jakarta Barat,JH. JL. KUNIR,,,,,,,,False,,,TAMAN SARI,
rth-f224f8bce7ad,JALUR HIJAU JALAN CENGKEH,,,Jakarta Barat,JH. JALAN CENGKEH,,,,,,,,False,,,TAMAN SARI,
rth-e235af20d637,JALUR HIJAU JL. BBD (MANDIRI),,,Jakarta Barat,JH. JL. BBD (MANDIRI),,,,,,,,False,,,TAMAN SARI,PINANGSIA
rth-8875692e7e9d,JALUR HIJAU JL. LADA,,,Jakarta Barat,JH. JL. LADA,,,,,,,,False,,,TAMAN SARI,
rth-02191f96a3bb,JALUR HIJAU SEGITIGA KOTA (BEOS),,,Jakarta Barat,JH. SEGITIGA KOTA (BEOS),,,,,,,,False,,,TAMAN SARI,
rth-735b6e035275,JALUR HIJAU JL. POS KOTA (BNI) KI-KA,,,Jakarta Barat,JH. JL. POS KOTA (BNI) KI-KA,,,,,,,,False,,,TAMAN SARI,PINANGSIA
rth-29f7f13a204a,JALUR HIJAU JL. NELAYAN,,,Jakarta Barat,JH. JL. NELAYAN,,,,,,,,False,,,TAMAN SARI,
rth-863d7ccee27d,JALUR HIJAU JL. PINTU BESAR SELATAN (MEDIAN JALAN),,,Jakarta Barat,JH. JL. PINTU BESAR SELATAN (MEDIAN JALAN),,,,,,,,False,,,TAMAN SARI,
rth-53bb786a1bda,JALUR HIJAU JL. HAYAM WURUK DR JL. MANGGA BESAR RAYA S/D JL. SUKARJO WIRYOPRANOTO,,,Jakarta Barat,JH. JL. HAYAM WURUK DR JL. MANGGA BESAR RAYA S/D JL. SUKARJO WIRYOPRANOTO,,,,,,,,False,,,TAMAN SARI,
rth-f58c58d8aa28,JALUR HIJAU JL. GAJAH MADA (POT TANAMAN SISI SUNGAI),,,Jakarta Barat,JH. JL. GAJAH MADA (POT TANAMAN SISI SUNGAI),,,,,,,,False,,,TAMAN SARI,
rth-8659bb533d6b,RTH JL JEMBATAN SENTI,,,Jakarta Barat,"JL. JEMBATAN SENTI NO. 1 RT 002 RW 004, KEL. PINANGSIA, KEC. TAMAN SARI, JAKARTA BARAT",,,,,,,,False,,,TAMAN SARI,PINANGSIA
rth-472527fa5aee,TAMAN STASIUN KOTA (BEOS),,,Jakarta Barat,"JL. PINTU BESAR UTARA 6, RT.8/RW.6, PINANGSIA, KEC. TAMAN SARI, KOTA JAKARTA BARAT, DAERAH KHUSUS IBUKOTA JAKARTA 11110",,,,,,,,False,,,TAMAN SARI,PINANGSIA
rth-139f29b2ee7e,TAMAN KALIJODOH (PETAK KODOK),,,Jakarta Barat,"JL. PANGERAN TUBAGUS ANGKE BLOK SIAGA NO.4, RT.4/RW.5, ANGKE, KEC. TAMBORA, KOTA JAKARTA BARAT, DAERAH KHUSUS IBUKOTA JAKARTA 11330",,,,,,,,False,,,TAMBORA,ANGKE
rth-fe6a2cab9dc2,TAMAN JEMBATAN BESI,,,Jakarta Barat,"RW, RT.10/RW.1, JEMB. BESI, KEC. TAMBORA, KOTA JAKARTA BARAT, DAERAH KHUSUS IBUKOTA JAKARTA 11320",,,,,,,,False,,,TAMBORA,JEMBATAN BESI
rth-438489f97be9,JALUR HIJAU MEDIAN JL. LATUMENTEN DR JEMBATAN BESI S/D JEMBATAN DUA,,,Jakarta Barat,JH. MEDIAN JL. LATUMENTEN DR JEMBATAN BESI S/D JEMBATAN DUA,,,,,,,,False,,,TAMBORA,
rth-42ef8c2d03de,JALUR HIJAU JL. LATUMENTEN KALI MATI,,,Jakarta Barat,JH. JL. LATUMENTEN KALI MATI,,,,,,,,False,,,TAMBORA,ANGKE
rth-bb890515ff64,JALUR HIJAU FLY OVER ANGKE JL. TB. ANGKE JAKARTA BARAT,,,Jakarta Barat,JH. FLY OVER ANGKE JL. TB. ANGKE JAKARTA BARAT,,,,,,,,False,,,TAMBORA,ANGKE
rth-7b05bcd2bb9d,JALUR HIJAU BAWAH FLY OVER JEMBATAN DUA,,,Jakarta Barat,JALUR HIJAU BAWAH FLY OVER JEMBATAN DUA,,,,,,,,False,,,TAMBORA,
rth-fabe5d7a51ff,JALUR HIJAU JL. ANGKE JAYA,,,Jakarta Barat,JALUR HIJAU JL. ANGKE JAYA,,,,,,,,False,,,TAMBORA,
rth-361f5f7ead4e,JALUR HIJAU PINGGIR KALI JL. TB. ANGKE DR JL. LAYANG LINGKAR DALAM S/D PASAR JEMBATAN DUA,,,Jakarta Barat,JALUR HIJAU PINGGIR KALI JL. TB. ANGKE DR JL. LAYANG LINGKAR DALAM S/D PASAR JEMBATAN DUA,,,,,,,,False,,,TAMBORA,ANGKE
rth-e306f52303f3,JL. HIJAU MEDIAN JL. TB. ANGKE DR JALAN LAYANG LINGKAR DALAM S/D PASAR JEMBATAN DUA,,,Jakarta Barat,JL. HIJAU MEDIAN JL. TB. ANGKE DR JALAN LAYANG LINGKAR DALAM S/D PASAR JEMBATAN DUA,,,,,,,,False,,,TAMBORA,ANGKE
rth-c2dea35a0cbd,JALUR HIJAU SEGITIGA JALUR HIJAU DEPAN PASAR JEMBATAN II,,,Jakarta Barat,JALUR HIJAU SEGITIGA JALUR HIJAU DEPAN PASAR JEMBATAN II,,,,,,,,False,,,TAMBORA,PEKOJAN
rth-b37c806ac99d,JALUR HIJAU MEDIAN JL. GEDONG PANJANG,,,Jakarta Barat,JH. MEDIAN JL. GEDONG PANJANG,,,,,,,,False,,,TAMBORA,
rth-a93097370661,KB. CIGANJUR,,,Jakarta Selatan,"JALAN PURWA RAYA VI BLOK SI NO.22, JAGAKARSA, RT.1/RW.6, CIPEDAK, KEC. JAGAKARSA, KOTA JAKARTA SELATAN, DAERAH KHUSUS IBUKOTA JAKARTA 12630",,,,,,,,False,,,JAGAKARSA,CIPEDAK
rth-a19f8d3cef4e,KB. ASELIH,,,Jakarta Selatan,"RT.8/RW.1, CIPEDAK, JAGAKARSA, SOUTH JAKARTA CITY, JAKARTA 12630",,,,,,,,False,,,JAGAKARSA,CIPEDAK
rth-6ed5a6233a6b,TAMAN KAYU PUTIH,,,Jakarta Selatan,"JL. JANGKRIK, RT.9/ 5, KEL. CIGANJUR, KEC. JAGAKARSA, JAKARTA SELATAN",,,,,,,,False,,,JAGAKARSA,CIPEDAK
rth-14bc5d4cad41,TAMAN PURWA,,,Jakarta Selatan,"JL. PURWA UTAMA, RT.2/RW.6, CIPEDAK, KEC. JAGAKARSA, KOTA JAKARTA SELATAN,",,,,,,,,False,,,JAGAKARSA,CIPEDAK
rth-27179d0fe2c3,"RTH JL. TIMBUL III RT. 08/04 KEL. CIPEDAK KECAMATAN JAGAKARSA, JAKARTA SELATAN",,,Jakarta Selatan,"JL. TIMBUL III RT. 08/04 KEL. CIPEDAK KECAMATAN JAGAKARSA, JAKARTA SELATAN",,,,,,,,False,,,JAGAKARSA,CIPEDAK
rth-929052941dc5,TAMAN CASUARINA,,,Jakarta Selatan,"JL. M. KAHFI I RT.1/RW.2, KEL. CIPEDAK, KEC. JAGAKARSA. JAKARTA SELATAN",,,,,,,,False,,,JAGAKARSA,CIPEDAK
rth-880a04a61090,TAMAN MATOA,,,Jakarta Selatan,"JL. RAMBUTAN I, RT.1/77, KEL. JAGAKARSA, KEC. JAGAKARSA, JAKARTA SELATAN,",,,,,,,,False,,,JAGAKARSA,CIPEDAK
rth-6acd2e2fad79,TAMAN PANJANG,,,Jakarta Selatan,"JL. MOH. KAHFI I, GG. PANJANG 13-H, JAKARTA SELATAN",,,,,,,,False,,,JAGAKARSA,CIPEDAK
rth-06dd904b55df,TAMAN DAFICI,,,Jakarta Selatan,JL. M. KAHFI I RT 009 RW 04,,,,,,,,False,,,JAGAKARSA,CIPEDAK
rth-f240803f3645,TAMAN ASELIH,,,Jakarta Selatan,"JL. ASELIH, RT.10/RW.1, CIPEDAK, KEC. JAGAKARSA, KOTA JAKARTA SELATAN, DAERAH KHUSUS IBUKOTA JAKARTA 12630",,,,,,,,False,,,JAGAKARSA,CIPEDAK
rth-06a4c2634c02,TAMAN ALANG-ALANG,,,Jakarta Selatan,"JL. ANTARIKSA RT 009 RW 002, KEL. CIPEDAK, KEC. JAGAKARSA, JAKARTA SELATAN",,,,,,,,False,,,JAGAKARSA,CIPEDAK
rth-78613616c269,RTH ANTARIKSA,,,Jakarta Selatan,"JL. ANTARIKSA NO. 369, KEL. CIPEDAK, KEC. JAGAKARSA, JAKARTA SELATAN",,,,,,,,False,,,JAGAKARSA,CIPEDAK
rth-fdf4c2985f7f,RTH ANTARIKSA RT 09,,,Jakarta Selatan,"JL. ANTARIKSA RT 009 RW 002 KEL. CIPEDAK KEC. JAGAKARSA, JAKARTA SELATAN",,,,,,,,False,,,JAGAKARSA,CIPEDAK
rth-2d81cedf44f6,RTH JL. M. KAHFI I RT 009 RW 04,,,Jakarta Selatan,JL. M. KAHFI I RT 009 RW 04,,,,,,,,False,,,JAGAKARSA,CIPEDAK
rth-010778851fd4,RTH JL. TIMBUL III RT. 08 RW. 04,,,Jakarta Selatan,JL. TIMBUL III RT. 08 RW. 04,,,,,,,,False,,,JAGAKARSA,CIPEDAK
rth-189d1e3b6f0d,RTH KP CIPEDAK RT 001 RW 02,,,Jakarta Selatan,KP CIPEDAK RT 001 RW 02,,,,,,,,False,,,JAGAKARSA,CIPEDAK
rth-c1ee934db77b,KB. JL.DURIAN,,,Jakarta Selatan,"JL. DURIAN NO.6, RT.8/RW.4, JAGAKARSA, KEC. JAGAKARSA, KOTA JAKARTA SELATAN, DAERAH KHUSUS IBUKOTA JAKARTA 12620",,,,,,,,False,,,JAGAKARSA,JAGAKARSA
rth-d2fe8f1500c3,TAMAN SPATHODEA,,,Jakarta Selatan,"JL. KEBAGUSAN RAYA GG. KRIEP NO.13, RT 13/.5, KEL. JAGAKARSA, KEC. JAGAKARSA, JAKARTA SELATAN",,,,,,,,False,,,JAGAKARSA,JAGAKARSA
rth-a3a23ec85e5d,TAMAN LANTANA,,,Jakarta Selatan,"JL. NUSA INDAH (GG. BATAS 2-3), RT.12/2, KEL. JAGAKARSA, KEC. JAGAKARSA, JAKARTA SELATAN,",,,,,,,,False,,,JAGAKARSA,JAGAKARSA
rth-9c594eecc24a,RTH JL. KEDONDONG RT. 002 RW. 005,,,Jakarta Selatan,JALAN KEDONDONG RT 002 RW 005 KEL. JAGAKARSA KEC. JAGAKARSA KOTA ADMINISTRASI JAKARTA SELATAN,,,,,,,,False,,,JAGAKARSA,JAGAKARSA
rth-c11cd4e32d5b,TAMAN SEROJA,,,Jakarta Selatan,"JL. JAGAKARSA II GG. H. MASMUN RT01/RW07. KEL. JAGAKARSA, JAKARTA SELATAN",,,,,,,,False,,,JAGAKARSA,JAGAKARSA
rth-ebda1b06e70b,TAMAN KEBAGUSAN RAYA,,,Jakarta Selatan,"JL. KEBAGUSAN RAYA RT. 013 RW. 05 KELURAHAN JAGAKARSA, JAKARTA SELATAN",,,,,,,,False,,,JAGAKARSA,JAGAKARSA
rth-084f460d6e59,RTH GG. RUKUN,,,Jakarta Selatan,"JL. GANG RUKUN RT 004 RW 001, KEL. JAGAKARSA, KEC. JAGAKARSA, JAKARTA SELATAN",,,,,,,,False,,,JAGAKARSA,JAGAKARSA
rth-9f6c90806176,RTH KRAMAT,,,Jakarta Selatan,"JL. KRAMAT, KEL. JAGAKARSA, KEC. JAGAKARSA, JAKARTA SELATAN",,,,,,,,False,,,JAGAKARSA,JAGAKARSA
rth-c2021ad93b7b,RTH GG. WATES/TMB WATES ASRI,,,Jakarta Selatan,"JL. KEBAGUSAN RAYA GG. WATES RT 011 RW 005 KEL. JAGAKARSA KEC. JAGAKARSA, JAKARTA SELATAN",,,,,,,,False,,,JAGAKARSA,JAGAKARSA
rth-a1eba0fd61c2,RTH NUSA INDAH,,,Jakarta Selatan,"JL. NUSA INDAH I RT 012 RW 002 KEL. JAGAKARSA KEC. JAGAKARSA, JAKARTA SELATAN",,,,,,,,False,,,JAGAKARSA,JAGAKARSA
rth-423ca02f7969,RTH GG. SWAMAS,,,Jakarta Selatan,"GANG SWAMAS RT 009 RW 007 KEL. JAGAKARSA KEC. JAGAKARSA, JAKARTA SELATAN",,,,,,,,False,,,JAGAKARSA,JAGAKARSA
rth-831baff68213,RTH GG. BATAS,,,Jakarta Selatan,"JL. GANG BATAS RT 002 RW 002 KEL. JAGAKARSA KEC. JAGAKARSA, JAKARTA SELATAN",,,,,,,,False,,,JAGAKARSA,JAGAKARSA
rth-4dbfdbf4bfb9,RTH JAGAKARSA RW 07,,,Jakarta Selatan,"JL. JAGAKARSA RT 001 RW 007 KEL. JAGAKARSA KEC. JAGAKARSA, JAKARTA SELATAN",,,,,,,,False,,,JAGAKARSA,JAGAKARSA
rth-d1235a8c502a,RTH KECAPI,,,Jakarta Selatan,"JL. KECAPI RT 013 RW 005 KEL. JAGAKARSA KEC. JAGAKARSA, JAKARTA SELATAN",,,,,,,,False,,,JAGAKARSA,JAGAKARSA
rth-3d9f8cdd86a6,RTH LENTENG AGUNG RW 01,,,Jakarta Selatan,"JL. RAYA LENTENG AGUNG RT 006 RW 001 KEL. LENTENG AGUNG KEC. JAGAKARSA, JAKARTA SELATAN",,,,,,,,False,,,JAGAKARSA,JAGAKARSA
rth-7fc00d5ac4dd,TAMAN KOMP.ZENI AD,,,Jakarta Selatan,"JL. KOMP. ZENI AD RT 02/03 KEL. RAWAJATI, KEC. PANCORAN. JAKARTA SELATAN",,,,,,,,False,,,PANCORAN,RAWAJATI
rth-18042d619347,TAMAN KOMP. ZENI AD VA,,,Jakarta Selatan,"JL. KOMP. ZENI AD RT 04/03 KEL. RAWAJATI, KEC. PANCORAN. JAKARTA SELATAN",,,,,,,,False,,,PANCORAN,RAWAJATI
rth-82694c77f8f6,TAMAN KOMP. ZENI AD VB,,,Jakarta Selatan,"JL. ZENI AD VB RT.3/RW.3, KEL. RAWAJATI, KEC. PANCORAN, KOTA JAKARTA SELATAN",,,,,,,,False,,,PANCORAN,RAWAJATI
rth-efaa31ac77ac,TAMAN JL. SUGENG DEPO SAMPAH/ TAMAN SUGENG (SISI BARAT REL ST. KALIBATA),,,Jakarta Selatan,"JL. PENGADEGAN SELATAN 5, RT.12/RW.5,KEL. RAWAJATI KEC. PANCORAN, KOTA JAKARTA SELATAN",,,,,,,,False,,,PANCORAN,RAWAJATI
rth-d828aebcde92,TAMAN BANGDA I DEPAN ST KALIBATA,,,Jakarta Selatan,"JL. PENGADEGAN TIMUR, RT.6/RW.7, RAWAJATI, KEC. PANCORAN, KOTA JAKARTA SELATAN,",,,,,,,,False,,,PANCORAN,RAWAJATI
rth-0c5a2b972c52,TAMAN BANGDA,,,Jakarta Selatan,"JL. PENGADEGAN TIMUR, RT.6/RW.7, RAWAJATI, KEC. PANCORAN, KOTA JAKARTA SELATAN,",,,,,,,,False,,,PANCORAN,RAWAJATI
rth-8f100b761e0b,TAMAN BELAKANG BANGDA,,,Jakarta Selatan,"JL. DPR RAYA, RT.12/RW.5, RAWAJATI, KEC. PANCORAN, KOTA JAKARTA SELATAN",,,,,,,,False,,,PANCORAN,RAWAJATI
rth-98e88d4569ca,KB. MARGAWATSA 45,,,Jakarta Selatan,"JL. MARGASATWA NO.45, RT.5/RW.7, CILANDAK TIM., PS. MINGGU, KOTA JAKARTA SELATAN, DAERAH KHUSUS IBUKOTA JAKARTA 12620",,,,,,,,False,,,PASAR MINGGU,CILANDAK TIMUR
rth-e6e77cc864fc,TAMAN AMPERA III,,,Jakarta Selatan,JL. AMPERA RT.7/ 2 KEL. CILANDAK TIMUR KEC. PASAR MINGGU,,,,,,,,False,,,PASAR MINGGU,CILANDAK TIMUR
rth-a35d30ab7874,TAMAN AMPERA IV,,,Jakarta Selatan,JL. AMPERA RT 13/ 05 KEL. RAGUNAN KEC. PS. MINGGU. JAKARTA SELATAN,,,,,,,,False,,,PASAR MINGGU,CILANDAK TIMUR
rth-fbf9baf3286e,TAMAN SAJAM,,,Jakarta Selatan,"JL. KEMANG SEL. 152, RT.4/RW.4, CILANDAK TIM., KEC. PASAR MINGGU., KOTA JAKARTA SELATAN",,,,,,,,False,,,PASAR MINGGU,CILANDAK TIMUR
rth-ae2796f47e51,TAMAN DEPAN TRAKINDO,,,Jakarta Selatan,"JL. RAYA CILANDAK KKO, RT.13/RW.5, RAGUNAN, KEC. PS. MINGGU, KOTA JAKARTA SELATAN",,,,,,,,False,,,PASAR MINGGU,CILANDAK TIMUR
rth-d9d783a6518f,RTH JERUK PURUT,,,Jakarta Selatan,"JL. JERUK PURUT RT 009 RW 003 KEL. CILANDAK TIMUR KEC. PASAR MINGGU, JAKARTA SELATAN",,,,,,,,False,,,PASAR MINGGU,CILANDAK TIMUR
rth-cae7dae28958,RTH MARGASATWA,,,Jakarta Selatan,"JL. MARGASATWA KOMPLEK BUKIT INDAH RT 005 RW 007 KEL. CILANDAK TIMUR KEC. PASAR MINGGU, JAKARTA SELATAN",,,,,,,,False,,,PASAR MINGGU,CILANDAK TIMUR
rth-603b9b5dfab7,RTH NIS,,,Jakarta Selatan,"JL. NIS RT 004 RW 003 KEL. CILANDAK TIMUR KEC. PASAR MINGGU, JAKARTA SELATAN",,,,,,,,False,,,PASAR MINGGU,CILANDAK TIMUR
rth-237ae707e8a3,RTH KEMANG SELATAN XII,,,Jakarta Selatan,JALAN KEMANG SELATAN XII CILANDAK TIMUR PASAR MINGGU JAKARTA SELATAN,,,,,,,,False,,,PASAR MINGGU,CILANDAK TIMUR
rth-ad854ea80256,TAMAN SAMASKA,,,Jakarta Selatan,"JL. GG. H. SAIBUN RT 02/09, KEC. PASAR MINGGU, JAKARTA SELATAN",,,,,,,,False,,,PASAR MINGGU,JATI PADANG
rth-178dca5e7034,TAMAN DEPAN KECAMATAN,,,Jakarta Selatan,JL. RAYA RAGUNAN NO.31 KEL.JATI PADANG KEC. PASAR MINGGU. JAKARTA SELATAN,,,,,,,,False,,,PASAR MINGGU,JATI PADANG
rth-7b02e4f91958,TAMAN PERHUTANI,,,Jakarta Selatan,"JL. RAYA RAGUNAN 4-6, RT.6/ 1 KEL. JATI PADANG, KEC. PS. MINGGU, JAKARTA SELATAN",,,,,,,,False,,,PASAR MINGGU,JATI PADANG
rth-98bbe6700857,TAMAN KARANG POLA,,,Jakarta Selatan,"JL. RAYA RAGUNAN, KEL. JATI PADANG, KEC. PASAR MINGGU. JAKARTA SELATAN",,,,,,,,False,,,PASAR MINGGU,JATI PADANG
rth-c354bfc83c38,TAMAN SEGITIGA AMPERA,,,Jakarta Selatan,JL. AMPERA RT 02/ 02KEL. RAGUNAN KEC. PS. MINGGU. JAKARTA SELATAN,,,,,,,,False,,,PASAR MINGGU,JATI PADANG
rth-7b29b1191a05,TAMAN KETAPANG,,,Jakarta Selatan,"JL. KETAPANG, RT.7/RW.2, JATI PADANG, KEC. PS. MINGGU, KOTA JAKARTA SELATAN",,,,,,,,False,,,PASAR MINGGU,JATI PADANG
rth-ec9bacc38a8a,"RPTRA JL. SAIBUN RT 008/09,",rptra,RPTRA,Jakarta Selatan,"GANG HAJI SAIBUN, RT.8/RW.9, JATI PADANG, PASAR MINGGU, KEC. PS. MINGGU, JAKARTA",,,,,,,,False,,,PASAR MINGGU,JATI PADANG
rth-dbd28283faf8,TAMAN SALAM,,,Jakarta Selatan,"JL. JATI MURNI NO.56, RT.3/ 2, KEL. JATI PADANG, KEC. PS. MINGGU, KOTA JAKARTA SELATAN",,,,,,,,False,,,PASAR MINGGU,JATI PADANG
rth-2dc7b59c9497,RTH RAYA RAGUNAN/ TAMAN ASNAWI,,,Jakarta Selatan,"JL. RAYA RAGUNAN RT 003 RW 005 KEL. JATI PADANG KEC. PASAR MINGGU, JAKARTA SELATAN",,,,,,,,False,,,PASAR MINGGU,JATI PADANG
rth-888ba1a1ffdf,RTH JL. H. SAIBUN RT. 002 & 008 RW. 09,,,Jakarta Selatan,"JL. GG. H. SAIBUN, KEC. PASAR MINGGU, JAKARTA SELATAN",,,,,,,,False,,,PASAR MINGGU,JATI PADANG
rth-3a304cd21e38,RTH AUP /TAMAN MELATI,,,Jakarta Selatan,"JL. AUP BARAT NO. 1 RT 009 RW 006 KEL. JATIPADANG KEC. PASAR MINGGU, JAKARTA SELATAN",,,,,,,,False,,,PASAR MINGGU,JATI PADANG
rth-8498552a23c1,RTH PONCOL VIII,,,Jakarta Selatan,"JL. PONCOL VIII RT 011 RW 006 KEL. JATIPADANG KEC. PASAR MINGGU, JAKARTA SELATAN",,,,,,,,False,,,PASAR MINGGU,JATI PADANG
rth-80d25368f1db,RTH JATI MURNI BUNTU,,,Jakarta Selatan,"JL. JATI MURNI BUNTU, KEL. JATI PADANG, KEC. PASAR MINGGU, JAKARTA SELATAN",,,,,,,,False,,,PASAR MINGGU,JATI PADANG
rth-ead7692dd8df,JALUR HIJAU TEPIAN AIR KANAL BANJIR TIMUR (CIPINANG S.D BEKASI RAYA),,,Jakarta Timur,JALUR HIJAU TEPIAN AIR KANAL BANJIR TIMUR (CIPINANG S.D BEKASI RAYA),,,,,,,,False,,,JATINEGARA,
rth-939c046f3147,TAMAN VIADUCT JATINEGARA SISI BARAT & SEGITIGANYA,,,Jakarta Timur,"MAY. JEND. D.I. PANJAITAN, RT.4/RW.3, RW. BUNGA, KECAMATAN JATINEGARA, KOTA JAKARTA TIMUR, DAERAH KHUSUS IBUKOTA JAKARTA 13350",,,,,,,,False,,,JATINEGARA,RAWA BUNGA
rth-6b6b953194fa,TAMAN BARKAH,,,Jakarta Timur,"JL. BEKASI TIMUR IX , JAKARTA TIMUR , JATINEGARA , RAWA BUNGA",,,,,,,,False,,,JATINEGARA,RAWA BUNGA
rth-7f3598975f49,TAMAN EX PASAR BY PASS,,,Jakarta Timur,"JL. BEKASI TIMUR , JAKARTA TIMUR , JATINEGARA , RAWA BUNGA",,,,,,,,False,,,JATINEGARA,RAWA BUNGA
rth-abb669ea74f2,TAMAN DEPAN KEL. RAWA BUNGA,,,Jakarta Timur,"JL. JATINEGARA TIMUR IV NO.1, RT.1/RW.8, RW. BUNGA, KECAMATAN JATINEGARA, KOTA JAKARTA TIMUR, DAERAH KHUSUS IBUKOTA JAKARTA 13350",,,,,,,,False,,,JATINEGARA,RAWA BUNGA
rth-12778e250b71,TAMAN AL IMAN,,,Jakarta Timur,"TAMAN TK. AL IMAN, JL. ANTAR I, JATINEGARA. , JAKARTA TIMUR",,,,,,,,False,,,JATINEGARA,RAWA BUNGA
rth-fe6a34ee4b66,TAMAN BULAK RANTAI,,,Jakarta Timur,"JL. RANTAI TIMAH, RT.3/RW.5, BATU AMPAR, KEC. KRAMAT JATI, KOTA JAKARTA TIMUR, DAERAH KHUSUS IBUKOTA JAKARTA 13540",,,,,,,,False,,,KRAMAT JATI,BATU AMPAR
rth-ef2041dfac97,HUTAN KOTA VIADUCT CAWANG,,,Jakarta Timur,"KEL. CAWANG, KRAMAT JATI",,,,,,,,False,,,KRAMAT JATI,CAWANG
rth-943372ab2c95,RTH JL. DEWI SARTIKA GG. JAMBU NO. 25 RT. 007 RW. 04,,,Jakarta Timur,"JL. DEWI SARTIKA GANG JAMBU RT 007 RW 004 NO. 25, KEL. CAWANG, KEC. KRAMAT , JAKARTA TIMUR",,,,,,,,False,,,KRAMAT JATI,CAWANG
rth-4a58e647e0b6,RTH JL. DEWI SARTIKA,,,Jakarta Timur,"JL. DEWI SARTIKA NO. 71A KEL. CAWANG KEC. KRAMAT , JAKARTA TIMUR",,,,,,,,False,,,KRAMAT JATI,CAWANG
rth-2fded888330a,TAMAN DUKUH,,,Jakarta Timur,"KAMPUNG DUKUH JL. PENGGILINGAN BARU RT 011 RW, KEL. CEGER, KEC. CIPAYUNG, JAKARTA TIMUR",,,,,,,,False,,,KRAMAT JATI,CEGER
rth-ded83ccb78f7,TAMAN CILILITAN BESAR,,,Jakarta Timur,"JL. HIJAU CILILITAN BESAR , KRAMAT JATI",,,,,,,,False,,,KRAMAT JATI,CILILITAN
rth-47f4825b66de,TAMAN AL-HAWI,,,Jakarta Timur,"JL. RAYA CONDET , KRAMAT JATI , CILILITAN",,,,,,,,False,,,KRAMAT JATI,CILILITAN
rth-e30aafa7018d,HUTAN KOTA DUKUH,,,Jakarta Timur,"JL PONDOK GEDE RAYA NO.6, RT.6/RW.2, DUKUH, KEC. KRAMAT JATI, KOTA JAKARTA TIMUR, DAERAH KHUSUS IBUKOTA JAKARTA 13550",,,,,,,,False,,,KRAMAT JATI,DUKUH
rth-7be2ba403744,KEBUN BIBIT KAMPUNG DUKUH,,,Jakarta Timur,"JL. BANGUN CIPTA RAYA BLOK E NO.1A, RT.2/RW.6, DUKUH, KEC. KRAMAT JATI, KOTA JAKARTA TIMUR, DAERAH KHUSUS IBUKOTA JAKARTA 13550",,,,,,,,False,,,KRAMAT JATI,DUKUH
rth-f2b46fafb5dc,TAMAN RTH DUKUH,,,Jakarta Timur,"JL. DUKUH RAYA, DUKUH, KRAMAT JATI",,,,,,,,False,,,KRAMAT JATI,DUKUH
rth-04699dc8c307,TAMAN JL. PONDOK GEDE,,,Jakarta Timur,"JL. RAYA PONDOK GEDE , KRAMAT JATI",,,,,,,,False,,,KRAMAT JATI,DUKUH
rth-0ed978226483,RTH DUKUH RT 13,,,Jakarta Timur,"RT 013 RW 004 KEL. DUKUH KEC. KRAMAT JATI, JAKARTA TIMUR",,,,,,,,False,,,KRAMAT JATI,DUKUH
rth-3759b637f642,TAMAN FATAHILLAH,,,Jakarta Timur,"JL. MASJID FATAHILLAH 2, RT.4/RW.5, KP. TENGAH, KEC. KRAMAT JATI, KOTA JAKARTA TIMUR, DAERAH KHUSUS IBUKOTA JAKARTA 13540",,,,,,,,False,,,KRAMAT JATI,KAMPUNG TENGAH
rth-766c4cf98045,TAMAN RTH KELURAHAN TENGAH,,,Jakarta Timur,"JL. AL - BARIYAH NO.4, RT.11/RW.4, KP. TENGAH, KEC. KRAMAT JATI, KOTA JAKARTA TIMUR, DAERAH KHUSUS IBUKOTA JAKARTA 13540",,,,,,,,False,,,KRAMAT JATI,KAMPUNG TENGAH
rth-ed58491cec65,RTH TENGAH,,,Jakarta Timur,"KEL. TENGAH, KEC. KRAMAT JATI, JAKARTA TIMUR",,,,,,,,False,,,KRAMAT JATI,KAMPUNG TENGAH
rth-29f5dfaf8a2b,RTH MAYJEN SOETOYO (TAMAN SUTOYO CERAH),,,Jakarta Timur,"JL. MAYJEN SOETOYO RT 004 RW 015, KEL. CILILITAN, KEC. KRAMAT JATI, JAKARTA TIMUR",,,,,,,,False,,,KRAMAT JATI,KRAMAT JATI
rth-8a83db9ef15f,JH. MT. HARYONO,,,Jakarta Timur,JH. MT. HARYONO,,,,,,,,False,,,KRAMAT JATI,
rth-0f0e75d7209d,JH. JL. SUTOYO,,,Jakarta Timur,JH. JL. SUTOYO,,,,,,,,False,,,KRAMAT JATI,
rth-b9f46e21ccd1,KWS UNDERPASS CAWANG,,,Jakarta Timur,KWS UNDERPASS CAWANG,,,,,,,,False,,,KRAMAT JATI,
rth-e2ca95b1dad9,JH. JL. LRT SUTOYO,,,Jakarta Timur,JH. JL. LRT SUTOYO,,,,,,,,False,,,KRAMAT JATI,
rth-496b09477c2e,JH. LOKBIN CELILITAN,,,Jakarta Timur,JH. LOKBIN CELILITAN,,,,,,,,False,,,KRAMAT JATI,
rth-622cc7e8a6cf,DEPAN HALTE BUSWAY PASAR KRAMATJATI,,,Jakarta Timur,DEPAN HALTE BUSWAY PASAR KRAMATJATI,,,,,,,,False,,,KRAMAT JATI,
rth-80394bf954e2,JALUR HIJAU PINGGGIR KALI JELANGKENG SISI BARAT JL. PEJAGALAN RAYA,,,Jakarta Barat,JH. PINGGGIR KALI JELANGKENG SISI BARAT JL. PEJAGALAN RAYA,,,,,,,,False,,,TAMBORA,
rth-7a06757ae24c,JALUR HIJAU JL. BANDENGAN SELATAN,,,Jakarta Barat,JH. JL. BANDENGAN SELATAN,,,,,,,,False,,,TAMBORA,
rth-189aa4643f6e,JALUR HIJAU JL. BANDENGAN UTARA,,,Jakarta Barat,JH. JL. BANDENGAN UTARA,,,,,,,,False,,,TAMBORA,
rth-3fedaab4d8e2,JALUR HIJAU BAWAH FO. BANDENGAN,,,Jakarta Barat,JH. BAWAH FO. BANDENGAN,,,,,,,,False,,,TAMBORA,
rth-921f9e9d1ad7,JALUR HIJAU FLY OVER PASAR PAGI,,,Jakarta Barat,JALUR HIJAU FLY OVER PASAR PAGI,,,,,,,,False,,,TAMBORA,
rth-23ce9f0e480f,JALUR HIJAU PINGGGIR KALI JELANGKENG SISI TIMUR DAN BARAT,,,Jakarta Barat,JALUR HIJAU PINGGGIR KALI JELANGKENG SISI TIMUR DAN BARAT,,,,,,,,False,,,TAMBORA,
rth-0564107244ae,JALUR HIJAU JL. GEDONG PANJANG,,,Jakarta Barat,JALUR HIJAU JL. GEDONG PANJANG,,,,,,,,False,,,TAMBORA,PEKOJAN
rth-346d82e927eb,JALUR HIJAU SEGITIGA JL. KOPI,,,Jakarta Barat,JALUR HIJAU SEGITIGA JL. KOPI,,,,,,,,False,,,TAMBORA,
rth-3a5b3778f5a3,JALUR HIJAU JL. PERNIAGAAN TIMUR,,,Jakarta Barat,JALUR HIJAU JL. PERNIAGAAN TIMUR,,,,,,,,False,,,TAMBORA,
rth-1284cfd4f00d,JALUR HIJAU PINGGIR KALI KRENDANG,,,Jakarta Barat,JALUR HIJAU PINGGIR KALI KRENDANG,,,,,,,,False,,,TAMBORA,
rth-ee62187bb073,JALUR HIJAU JL. TIANG BENDERA,,,Jakarta Barat,JALUR HIJAU JL. TIANG BENDERA,,,,,,,,False,,,TAMBORA,PEKOJAN
rth-535fa78301a1,TAMAN BANDENGAN UTARA III,,,Jakarta Barat,"JL. BANDENGAN UTARA III NO.36 P, RT.12/RW.11, PEKOJAN, KEC. TAMBORA, KOTA JAKARTA BARAT, DAERAH KHUSUS IBUKOTA JAKARTA 14440",,,,,,,,False,,,TAMBORA,PEKOJAN
rth-0464760c3eef,TAMAN RW 03 ROA MALAKA,,,Jakarta Barat,"RW 03 ROWA MALAKA, PEKOJAN, JAKARTA BARAT",,,,,,,,False,,,TAMBORA,PEKOJAN
rth-1def40d20ac2,TAMAN JAGUNG,,,Jakarta Barat,"JL. PEKAPURAN VII NO.1, RT.4/RW.3, TANAH SEREAL, KEC. TAMBORA, KOTA JAKARTA BARAT, DAERAH KHUSUS IBUKOTA JAKARTA 11210",,,,,,,,False,,,TAMBORA,TANAH SEREAL
rth-40d5b4dcb1a0,JH JL. CEMPAKA PUTIH BARAT,,,Jakarta Pusat,JH JL. CEMPAKA PUTIH BARAT,,,,,,,,False,,,CEMPAKA PUTIH,CEMPAKA PUTIH BARAT
rth-8607e63914c4,TAMAN KOTA LAYAK ANAK RUSUN JATIRAWASARI,,,Jakarta Pusat,"RT 15/05 JALAN JATI RAWASARI, CEMPAKA PUTIH JAKARTA PUSAT",,,,,,,,False,,,CEMPAKA PUTIH,CEMPAKA PUTIH BARAT
rth-5266fc1276b2,JH JL. AHMAD YANI (DARI PEREMPATAN PRAMUKA SD LETJEND. SUPRAPTO),,,Jakarta Pusat,JH JL. AHMAD YANI (DARI PEREMPATAN PRAMUKA SD LETJEND. SUPRAPTO),,,,,,,,False,,,CEMPAKA PUTIH,CEMPAKA PUTIH TIMUR
rth-a4b8ab180be3,JH JL. CEMPAKA PUTIH TENGAH X,,,Jakarta Pusat,JH JL. CEMPAKA PUTIH TENGAH X,,,,,,,,False,,,CEMPAKA PUTIH,CEMPAKA PUTIH TIMUR
rth-6b0429eb513a,JH JL. RAWA KERBO,,,Jakarta Pusat,,,,,,,,,False,,,CEMPAKA PUTIH,CEMPAKA PUTIH TIMUR
rth-f7b4568c108c,JH JL. RAWASARI TIMUR,,,Jakarta Pusat,JH JL. RAWASARI TIMUR,,,,,,,,False,,,CEMPAKA PUTIH,CEMPAKA PUTIH TIMUR
rth-a6cb7edcb0fb,JH JL. CEMPAKA PUTIH RAYA,,,Jakarta Pusat,JH JL. CEMPAKA PUTIH RAYA,,,,,,,,False,,,CEMPAKA PUTIH,CEMPAKA PUTIH TIMUR
rth-fcdf63810b5d,JH JL. CEMPAKA PUTIH TENGAH RAYA,,,Jakarta Pusat,JH JL. CEMPAKA PUTIH TENGAH RAYA,,,,,,,,False,,,CEMPAKA PUTIH,CEMPAKA PUTIH TIMUR
rth-ae1e2fc94468,JH JL. CEMPAKA PUTIH TIMUR RAYA,,,Jakarta Pusat,JH JL. CEMPAKA PUTIH TIMUR RAYA,,,,,,,,False,,,CEMPAKA PUTIH,CEMPAKA PUTIH TIMUR
rth-0af169283fa9,JH JL. CEMPAKA PUTIH TENGAH 33,,,Jakarta Pusat,JH JL. CEMPAKA PUTIH TENGAH 33,,,,,,,,False,,,CEMPAKA PUTIH,CEMPAKA PUTIH TIMUR
rth-0f2e172ea470,TAMAN CEMPAKA PUTIH TENGAH 27 (JH),,,Jakarta Pusat,TAMAN CEMPAKA PUTIH TENGAH 27 (JH),,,,,,,,False,,,CEMPAKA PUTIH,CEMPAKA PUTIH TIMUR
rth-4c5307853ebe,JH JL. CEMPAKA PUTIH TIMUR XXV,,,Jakarta Pusat,JH JL. CEMPAKA PUTIH TIMUR XXV,,,,,,,,False,,,CEMPAKA PUTIH,CEMPAKA PUTIH TIMUR
rth-f5b295127982,TAMAN CEMPAKA PUTIH 33,,,Jakarta Pusat,JL CEMPAKA PUTIH TENGAH 33 A,,,,,,,,False,,,CEMPAKA PUTIH,CEMPAKA PUTIH TIMUR
rth-b9df53a19666,TAMAN JEMBATAN SERONG,,,Jakarta Pusat,JL. CEMP. PUTIH TENGAH,,,,,,,,False,,,CEMPAKA PUTIH,CEMPAKA PUTIH TIMUR
rth-df3945d4125b,TAMAN HALAMAN KANTOR KECAMATAN CEMPAKA PUTIH,,,Jakarta Pusat,RAWASARI CEMPAKA PUTIH,,,,,,,,False,,,CEMPAKA PUTIH,CEMPAKA PUTIH TIMUR
rth-75c3faafaf05,RTH JL. AHMAD YANI,,,Jakarta Pusat,JALAN AHMAD YANI RT.010 RW.02 CEMPAKA PUTIH TIMUR CEMPAKA PUTIH JAKARTA PUSAT,,,,,,,,False,,,CEMPAKA PUTIH,CEMPAKA PUTIH TIMUR
rth-08e8bdb1c7b5,MEDIAN DAN SEPARATOR JL. LETJEN SUPRAPTO (DARI FO. GALUR S/D LAMPU MERAH ITC CEMPAKA MAS) SISI SELATAN,,,Jakarta Pusat,MEDIAN DAN SEPARATOR JL. LETJEN SUPRAPTO (DARI FO. GALUR S/D LAMPU MERAH ITC CEMPAKA MAS) SISI SELATAN,,,,,,,,False,,,CEMPAKA PUTIH,
rth-3be193f96d54,PULAU JALAN BY PASS JL. AHMAD YANI (LAMPU MERAH PRAMUKA),,,Jakarta Pusat,PULAU JALAN BY PASS JL. AHMAD YANI (LAMPU MERAH PRAMUKA),,,,,,,,False,,,CEMPAKA PUTIH,
rth-56c1cd91e92f,RTH JL. JAGAKARSA RAYA (KP. BABAKAN) RT. 001 RW. 01,,,Jakarta Selatan,JL. JAGAKARSA RAYA (KP. BABAKAN) RT. 001 RW. 01,,,,,,,,False,,,JAGAKARSA,JAGAKARSA
rth-ed4eea03d02d,RTH GG. RUKUN BABAKAN RT. 004 RW. 001,,,Jakarta Selatan,GG. RUKUN BABAKAN RT. 004 RW. 001,,,,,,,,False,,,JAGAKARSA,JAGAKARSA
rth-5c14940ff1b5,RTH JL. MANGGIS GG. H ABD GHONI KP. JAGAKARSA RT.001 RW.04,,,Jakarta Selatan,JL. MANGGIS GG. H ABD GHONI KP. JAGAKARSA RT.001 RW.04,,,,,,,,False,,,JAGAKARSA,JAGAKARSA
rth-7157835efb4c,RTH KAHFI I NO.888,,,Jakarta Selatan,JL. KAHFI I NO. 888,,,,,,,,False,,,JAGAKARSA,JAGAKARSA
rth-33614caa02f0,HUTAN KOTA JALAN JOE,,,Jakarta Selatan,"JL JOE KEL. LENTENG AGUNG, KEC. JAGAKARSA, JAKARTA SELATAN",,,,,,,,False,,,JAGAKARSA,LENTENG AGUNG
rth-76baee77ab76,RPTRA TAMAN LENTENG AGUNG,rptra,RPTRA,Jakarta Selatan,"JL. LENTENG AGUNG RAYA, JAGAKARSA, RT.11/RW.2, LENTENG AGUNG, KEC. JAGAKARSA, KOTA JAKARTA SELATAN, DAERAH KHUSUS IBUKOTA JAKARTA 12610",,,,,,,,False,,,JAGAKARSA,LENTENG AGUNG
rth-d454be183351,TAMAN JAGAKARSA,,,Jakarta Selatan,"JL. H.E. MAHJUR NO.13, RT.3/RW.2, LENTENG AGUNG, KEC. JAGAKARSA, KOTA JAKARTA SELATAN, DAERAH KHUSUS IBUKOTA JAKARTA 12530",,,,,,,,False,,,JAGAKARSA,LENTENG AGUNG
rth-253532a5cc89,TAMAN MAJA,,,Jakarta Selatan,"JL. MENTENG 2, RT.4/RW.6, LENTENG AGUNG, KEC. JAGAKARSA, KOTA JAKARTA SELATAN, DAERAH KHUSUS IBUKOTA JAKARTA 12630",,,,,,,,False,,,JAGAKARSA,LENTENG AGUNG
rth-c455d4d9162e,TAMAN SEGITIGA ST. TANJUNG BARAT,,,Jakarta Selatan,"JL. LENTENG AGUNG RAYA RT 04/ 01 KEL. LENTENG AGUNG, KEC. JAGAKARSA. JAKARTA SELATAN",,,,,,,,False,,,JAGAKARSA,LENTENG AGUNG
rth-eb3903f4e54c,TAMAN JIHANDAK,,,Jakarta Selatan,JL. RAYA LENTENG AGUNG RT.13/RW.07 KEL.LENTENG AGUNG KEC. JAGAKARSA. JAKARTA SELATAN,,,,,,,,False,,,JAGAKARSA,LENTENG AGUNG
rth-0ed548bb0f31,TAMAN PINGKAL,,,Jakarta Selatan,"JL. CAMAT GABUN II NO. 67 RT 003 RW 08 KEL. LENTENG AGUNG, JAKARTA SELATAN",,,,,,,,False,,,JAGAKARSA,LENTENG AGUNG
rth-b6ce6ec4d8b1,TAMAN LENTENG AGUNG BERWARNA,,,Jakarta Selatan,"JL. MENTENG RT 007 RW 006 KEL. LENTENG AGUNG, KEC. JAGAKARSA, JAKARTA SELATAN",,,,,,,,False,,,JAGAKARSA,LENTENG AGUNG
rth-836b52e7194d,RTH LENTENG AGUNG RT 04,,,Jakarta Selatan,"JL. LENTENG AGUNG RT 004 RW 001 KEL. LENTENG AGUNG KEC. JAGAKARSA, JAKARTA SELATAN",,,,,,,,False,,,JAGAKARSA,LENTENG AGUNG
rth-fc42f910d4c2,RTH LENTENG AGUNG RT 06,,,Jakarta Selatan,"JL. LENTENG AGUNG RT 006 RW 001, KEL. LENTENG AGUNG, KEC. JAGAKARSA, JAKARTA SELATAN",,,,,,,,False,,,JAGAKARSA,LENTENG AGUNG
rth-ddf8f7ada6c1,RTH JL. CAMAT GABUN II NO. 67 RT. 003 RW. 08,,,Jakarta Selatan,"JL. CAMAT GABUN II NO. 67 RT 003 RW 008, KEL. LENTENG AGUNG, KEC. JAGAKARSA, JAKARTA SELATAN",,,,,,,,False,,,JAGAKARSA,LENTENG AGUNG
rth-c326ee6ea30a,RTH JL. MENTENG RT 007 RW 006 KEL LENTENG AGUNG KEC JAGAKARSA JAKARTA SELATAN,,,Jakarta Selatan,JL. MENTENG RT 007 RW 006 KEL LENTENG AGUNG KEC JAGAKARSA JAKARTA SELATAN,,,,,,,,False,,,JAGAKARSA,LENTENG AGUNG
rth-832228ea29b2,JALUR HIJAU JL. MONTONG,,,Jakarta Selatan,JALUR HIJAU JL. MONTONG,,,,,,,,False,,,JAGAKARSA,
rth-0b4590b01590,JALUR HIJAU JL. SADAR,,,Jakarta Selatan,JALUR HIJAU JL. SADAR,,,,,,,,False,,,JAGAKARSA,
rth-7e78f04ecaab,JALUR HIJAU JL. WARUNG SILAH,,,Jakarta Selatan,JALUR HIJAU JL. WARUNG SILAH,,,,,,,,False,,,JAGAKARSA,
rth-33c2890ac6f3,JALUR HIJAU JL. KAHFI I,,,Jakarta Selatan,JALUR HIJAU JL. KAHFI I,,,,,,,,False,,,JAGAKARSA,
rth-69cb30f2ecf4,JALUR HIJAU JL. TIMBUL,,,Jakarta Selatan,JALUR HIJAU JL. TIMBUL,,,,,,,,False,,,JAGAKARSA,
rth-bfc4b1f33611,JALUR HIJAU JL. KAHFI II,,,Jakarta Selatan,JALUR HIJAU JL. KAHFI II,,,,,,,,False,,,JAGAKARSA,
rth-4ebfef952dc1,JALUR HIJAU JL. SIRSAK,,,Jakarta Selatan,JALUR HIJAU JL. SIRSAK,,,,,,,,False,,,JAGAKARSA,
rth-5a5b2f90ac2f,JALUR HIJAU JL. JAGAKARSA RAYA,,,Jakarta Selatan,JALUR HIJAU JL. JAGAKARSA RAYA,,,,,,,,False,,,JAGAKARSA,
rth-4f668daa77d4,JALUR HIJAU JL. JOE,,,Jakarta Selatan,JALUR HIJAU JL. JOE,,,,,,,,False,,,JAGAKARSA,
rth-60b1fe09799f,JALUR HIJAU JL. KAVLING POLRI,,,Jakarta Selatan,JALUR HIJAU JL. KAVLING POLRI,,,,,,,,False,,,JAGAKARSA,
rth-819c9eb5b46e,JALUR HIJAU JL. PASO,,,Jakarta Selatan,JALUR HIJAU JL. PASO,,,,,,,,False,,,JAGAKARSA,
rth-05fbba34f42e,JALUR HIJAU BUNDARAN DEPAN UI (RTH UI),,,Jakarta Selatan,JALUR HIJAU BUNDARAN DEPAN UI (RTH UI),,,,,,,,False,,,JAGAKARSA,
rth-e3770a7bf757,RTH JATIPADANG,,,Jakarta Selatan,"JL. JATIPADANG RAYA, KEL. JATIPADANG, KEC. PASAR MINGGU, JAKARTA SELATAN",,,,,,,,False,,,PASAR MINGGU,JATI PADANG
rth-86f308369c5e,RTH JL MARGASATWA,,,Jakarta Selatan,JL. MARGASATWA NO. 25 RT 009 RW 005 JATIPADANG PASAR MINGGU JAKARTA SELATAN,,,,,,,,False,,,PASAR MINGGU,JATI PADANG
rth-1e173b521fc8,TAMAN PAPYRUS,,,Jakarta Selatan,"JL. KEBAGUSAN RAYA, JAKARTA SELATAN",,,,,,,,False,,,PASAR MINGGU,KEBAGUSAN
rth-f48f3b9707e6,RPTRA JL. KEBAGUSAN RT 11/04,rptra,RPTRA,Jakarta Selatan,"JL. KEBAGUSAN BESAR NO.44, RT.6/RW.7, KEBAGUSAN, PS. MINGGU, KOTA JAKARTA SELATAN, DAERAH KHUSUS IBUKOTA JAKARTA 12520",,,,,,,,False,,,PASAR MINGGU,KEBAGUSAN
rth-47f2dbab7be9,RTH KEBAGUSAN I (TAMAN KEBAGUSAN I),,,Jakarta Selatan,"JL. KEBAGUSAN I, RT.9/RW.7, KEBAGUSAN, PS. MINGGU, KOTA JAKARTA SELATAN, DAERAH KHUSUS IBUKOTA JAKARTA 12520",,,,,,,,False,,,PASAR MINGGU,KEBAGUSAN
rth-7b6b239a2dcf,RTH JL. WARU KEL. KEBAGUSAN,,,Jakarta Selatan,"JL. KEBAGUSAN I, RT.9/RW.7, KEBAGUSAN, PS. MINGGU, KOTA JAKARTA SELATAN, DAERAH KHUSUS IBUKOTA JAKARTA 12520",,,,,,,,False,,,PASAR MINGGU,KEBAGUSAN
rth-939eea37b0c6,TAMAN SEPAT,,,Jakarta Selatan,"JL. SEPAT I, RT.1/.7, KEL. KEBAGUSAN, KEC. PS. MINGGU, KOTA JAKARTA SELATAN",,,,,,,,False,,,PASAR MINGGU,KEBAGUSAN
rth-7dcba06c36c4,TAMAN DADAP MERAH,,,Jakarta Selatan,"JL. KEBAGUSAN DALAM 55 9 4, RT.8/ 4, KEL. KEBAGUSAN, KEC. PS. MINGGU, KOTA JAKARTA SELATAN",,,,,,,,False,,,PASAR MINGGU,KEBAGUSAN
rth-a697725d2263,TAMAN WARU,,,Jakarta Selatan,"JL. WARU NO.36, RT.13/ 3, KEL. KEBAGUSAN, KEC. PS. MINGGU, KOTA JAKARTA SELATAN",,,,,,,,False,,,PASAR MINGGU,KEBAGUSAN
rth-4e6ecd992cb0,TAMAN ASAKINAH,,,Jakarta Selatan,"JL. ASAKINAH, KEL. KEBAGUSAN, KEC. PASAR MINGGU, JAKARTA SELATAN",,,,,,,,False,,,PASAR MINGGU,KEBAGUSAN
rth-a6266bcf5591,RTH JL. KEBAGUSAN BESAR RT. 005 RW. 06,,,Jakarta Selatan,JL. KEBAGUSAN BESAR RT. 005 RW. 06,,,,,,,,False,,,PASAR MINGGU,KEBAGUSAN
rth-c9319a579c64,RTH JL. KEBAGUSAN RAYA RT. 003 RW. 07,,,Jakarta Selatan,JL. KEBAGUSAN RAYA RT. 003 RW. 07,,,,,,,,False,,,PASAR MINGGU,KEBAGUSAN
rth-ac36d7cd268e,RTH KEBAGUSAN RAYA RW 06,,,Jakarta Selatan,"JL. KP. KEBAGUSAN BESAR RT 003 RW 006 KEL. KEBAGUSAN KEC. PASAR MINGGU, JAKARTA SELATAN",,,,,,,,False,,,PASAR MINGGU,KEBAGUSAN
rth-d5772618d2ea,RTH KEBAGUSAN II,,,Jakarta Selatan,"JL. KEBAGUSAN II RT 007 RW 007, KEL. KEBAGUSAN, KEC. PASAR MINGGU, JAKARTA SELATAN",,,,,,,,False,,,PASAR MINGGU,KEBAGUSAN
rth-d9b296772a85,RTH WARU 2,,,Jakarta Selatan,"JL. WARU RT 013 RW 003 KEL. KEBAGUSAN KEC. PASAR MINGGU, JAKARTA SELATAN",,,,,,,,False,,,PASAR MINGGU,KEBAGUSAN
rth-3e8db1091acc,RTH KEBAGUSAN WATES,,,Jakarta Selatan,"KEBAGUSAN WATES RT 009 RW 004, KEL. KEBAGUSAN, KEC. PASAR MINGGU, JAKARTA SELATAN",,,,,,,,False,,,PASAR MINGGU,KEBAGUSAN
rth-127d01cfe33a,TAMAN BATU,,,Jakarta Selatan,"JL. BATU I NO.324, RT.3/RW.2, PEJATEN TIM., KEC. PS. MINGGU, KOTA JAKARTA SELATAN",,,,,,,,False,,,PASAR MINGGU,MENTENG ATAS
rth-8b23abf27db9,JALUR HIJAU JL. BAKIN,,,Jakarta Selatan,JALUR HIJAU JL. BAKIN,,,,,,,,False,,,PASAR MINGGU,
rth-1695aa1ad735,JALUR HIJAU JL. RAWA BAMBU,,,Jakarta Selatan,JALUR HIJAU JL. RAWA BAMBU,,,,,,,,False,,,PASAR MINGGU,
rth-ca3168a75022,JALUR HIJAU JL. BUNCIT RAYA,,,Jakarta Selatan,JALUR HIJAU JL. BUNCIT RAYA,,,,,,,,False,,,PASAR MINGGU,
rth-289f9af03cf3,JALUR HIJAU JL. HARSONO RM,,,Jakarta Selatan,JALUR HIJAU JL. HARSONO RM,,,,,,,,False,,,PASAR MINGGU,
rth-50016c52afc6,JALUR HIJAU JL. TB SIMATUPANG (JL. AMPERA S.D JL. TANJUNG BARAT),,,Jakarta Selatan,JALUR HIJAU JL. TB SIMATUPANG (JL. AMPERA S.D JL. TANJUNG BARAT),,,,,,,,False,,,PASAR MINGGU,
rth-33c350e75715,JALUR HIJAU JL. MARGASATWA,,,Jakarta Selatan,JALUR HIJAU JL. MARGASATWA,,,,,,,,False,,,PASAR MINGGU,
rth-bee9f3f1389c,JALUR HIJAU JL RAYA RAGUNAN,,,Jakarta Selatan,JALUR HIJAU JL RAYA RAGUNAN,,,,,,,,False,,,PASAR MINGGU,
rth-dcfa94dd513b,JALUR HIJAU JALAN TB SIMATUPANG (JL. AMPERA S/D GEDUNG ALAMANDA),,,Jakarta Selatan,JALUR HIJAU JALAN TB SIMATUPANG (JL. AMPERA S/D GEDUNG ALAMANDA),,,,,,,,False,,,PASAR MINGGU,
rth-74dbd7270b4c,UNDERPASS PS.MINGGU,,,Jakarta Selatan,UNDERPASS PS.MINGGU,,,,,,,,False,,,PASAR MINGGU,
rth-dfee74d1afe8,RTH JL. TANJUNG BARAT NO.24 RT 009 RW 007,,,Jakarta Selatan,"JL. TANJUNG BARAT NO. 24 RT 009 RW 007 KEL. PASAR MINGGU KEC. PASAR MINGGU, JAKARTA SELATAN",,,,,,,,False,,,PASAR MINGGU,PASAR MINGGU
rth-9be21637bd39,TAMAN KOMPAS,,,Jakarta Selatan,"JL. RAYA TJ. BARAT 5, RT.9/RW.7, PS. MINGGU, KEC. PS. MINGGU, JAKARTA SELATAN",,,,,,,,False,,,PASAR MINGGU,PASAR MINGGU
rth-67bf349803c0,TAMAN DEPAN ROBINSON,,,Jakarta Selatan,"JL. PASAR MINGGU RAYA, KEL. PASAR MINGGU, KEC. PASAR MINGGU",,,,,,,,False,,,PASAR MINGGU,PASAR MINGGU
rth-d19a07a5bd86,TAMAN KEJAKSAAN,,,Jakarta Selatan,"JL. KOMP. KEJAKSAAN AGUNG NO.17, RT.10/RW.3, PS. MINGGU, KOTA JAKARTA SELATAN,",,,,,,,,False,,,PASAR MINGGU,PASAR MINGGU
rth-d9b8e58a7a9b,RTH JL. PULO INDAH RT 007 RW 018,,,Jakarta Timur,"JL. PULO INDAH RT 007 RW 018, KEL. PENGGILINGAN, KEC. CAKUNG, JAKARTA TIMUR",,,,,,,,False,,,KRAMAT JATI,PENGGILINGAN
rth-7f7e652646a1,RTH MANUNGGAL II BAWAH,,,Jakarta Timur,"JL. MANUNGGAL II BAWAH RW 006, KEL. CIPINANG, KEC. MAKASAR, JAKARTA TIMUR",,,,,,,,False,,,MAKASAR,CIPINANG
rth-850cc8f2d871,RTH JL. CURUG INDAH RT. 003 RW. 08,,,Jakarta Timur,"JL. CURUG INDAH RT 003 RW 008, KEL. CIPINANG MELAYU, KEC MAKASAR, JAKARTA TIMUR",,,,,,,,False,,,MAKASAR,CIPINANG MELAYU
rth-2c5e2c4daae4,RTH JL. PANGKALAN JATI VII RT 009 RW 09,,,Jakarta Timur,"JL. PANGKALAN VII RT 009 RW 009 KEL. CIPINANG MELAYU KEC. MAKASAR, JAKARTA TIMUR",,,,,,,,False,,,MAKASAR,CIPINANG MELAYU
rth-749ac851898a,TAMAN PIKNIK,,,Jakarta Timur,"JL. MANUNGGAL II, CIPINANG MELAYU, KEC. MAKASAR, KOTA JAKARTA TIMUR, DAERAH KHUSUS IBUKOTA JAKARTA 13620",,,,,,,,False,,,MAKASAR,CIPINANG MELAYU
rth-473454e81e48,TAMAN MANUNGGAL II (TAMAN MANUNGGAL),,,Jakarta Timur,"CIPINANG MELAYU, KEC. MAKASAR, KOTA JAKARTA TIMUR, DAERAH KHUSUS IBUKOTA JAKARTA 13620",,,,,,,,False,,,MAKASAR,CIPINANG MELAYU
rth-b000afabe88a,TAMAN JL. PERHUBUNGAN (DEPAN SMP 109),,,Jakarta Timur,"JL. PERHUBUNGAN 18, RT.2/RW.6, CIPINANG MELAYU, KEC. MAKASAR, KOTA JAKARTA TIMUR, DAERAH KHUSUS IBUKOTA JAKARTA 13620",,,,,,,,False,,,MAKASAR,CIPINANG MELAYU
rth-f644b5b6ac4b,TAMAN SENJATA,,,Jakarta Timur,"JL. PISTOL, CIPINANG MELAYU, JAKARTA TIMUR",,,,,,,,False,,,MAKASAR,CIPINANG MELAYU
rth-253e8afc06f2,TAMAN PERLENGKAPAN,,,Jakarta Timur,"RT.1/RW.6, KEBON PALA, MAKASAR, EAST JAKARTA CITY, JAKARTA 13650",,,,,,,,False,,,MAKASAR,CIPINANG MELAYU
rth-fe8ea19c0f3a,RTH CURUG INDAH,,,Jakarta Timur,"JL. CURUG INDAH RT 003 RW 008 KEL. CIPINANG MELAYU KEC. MAKASAR, JAKARTA TIMUR",,,,,,,,False,,,MAKASAR,CIPINANG MELAYU
rth-9656531aaf89,HUTAN KOTA KOMPLEK LANUD HALIM PERDANA KUSUMA,,,Jakarta Timur,"KEL. HALIM PERDANA KUSUMA, KEC. MAKASAR, JAKARTA TIMUR",,,,,,,,False,,,MAKASAR,HALIM PERDANA KUSUMAH
rth-35341026a829,HUTAN KOTA UKI,,,Jakarta Timur,"JALAN PERINDUSTRIAN, KELURAHAN KEBON PALA, KECAMATAN MAKASAR, JAKARTA TIMUR",,,,,,,,False,,,MAKASAR,KEBON PALA
rth-f2727040b578,TAMAN SEGITIGA INTIRUB,,,Jakarta Timur,"JL. KOMODOR HALIM PERDANA KUSUMA NO.7, RT.7/RW.11, KB. PALA, KEC. MAKASAR, KOTA JAKARTA TIMUR, DAERAH KHUSUS IBUKOTA JAKARTA 13650",,,,,,,,False,,,MAKASAR,KEBON PALA
rth-5371ffe2e378,TAMAN DEPAN POOL PPD,,,Jakarta Timur,"JL. PPD SUTOYO , JAKARTA TIMUR , MAKASAR , KEBON PALA",,,,,,,,False,,,MAKASAR,KEBON PALA
rth-9cc6b94e2e3d,TAMAN MYRISTICA,,,Jakarta Timur,JL. KOMODOR HALIM PERDANA KUSUMA RT. 003/001,,,,,,,,False,,,MAKASAR,KEBON PALA
rth-3e3e8f5671b9,TAMAN EMBRIO,,,Jakarta Timur,"JL. KERJA BAKTI NO.2, RT.2/RW.4, MAKASAR, KEC. KRAMAT JATI, KOTA JAKARTA TIMUR, DAERAH KHUSUS IBUKOTA JAKARTA 13570",,,,,,,,False,,,MAKASAR,MAKASAR
rth-8e6a06715397,TAMAN MANUNGGAL KOMP. KODAM JAYA,,,Jakarta Timur,KOMPLEK KODAM JAYA,,,,,,,,False,,,MAKASAR,MAKASAR
rth-4669694bde03,TAMAN JAYA KUSUMA,,,Jakarta Timur,"JL. CILILITAN BESAR NO.376, RT.8/RW.1, MAKASAR, KEC. MAKASAR, KOTA JAKARTA TIMUR, DAERAH KHUSUS IBUKOTA JAKARTA 13570",,,,,,,,False,,,MAKASAR,MAKASAR
rth-80a2aff7299e,JH. JL. HALIM PERDANA KUSUMA,,,Jakarta Timur,JH. JL. HALIM PERDANA KUSUMA,,,,,,,,False,,,MAKASAR,
rth-873846a08fb1,"JH. JL. JT WARINGIN, JH. JL. DI PANJAITAN",,,Jakarta Timur,"JH. JL. JT WARINGIN, JH. JL. DI PANJAITAN",,,,,,,,False,,,MAKASAR,
rth-641e58841aff,JH. TMII,,,Jakarta Timur,JH. TMII,,,,,,,,False,,,MAKASAR,
rth-63153541d1e8,TAMAN PINANG RANTI RW 05 KP. PULO,,,Jakarta Timur,"KP. PULO RW 05, PINANG RANTI, JAKARTA TIMUR",,,,,,,,False,,,MAKASAR,PINANG RANTI
rth-807e0acc0512,TAMAN SEGITIGA PUTARAN ASRAMA HAJI,,,Jakarta Timur,"JL. RAYA PD. GEDE 14, RT.14/RW.2, PINANG RANTI, KEC. MAKASAR, KOTA JAKARTA TIMUR, DAERAH KHUSUS IBUKOTA JAKARTA 13560",,,,,,,,False,,,MAKASAR,PINANG RANTI
rth-dc55e924a9cd,TAMAN GG. MELATI,,,Jakarta Timur,"RW.4, PINANG RANTI, MAKASAR, EAST JAKARTA CITY, JAKARTA 13560",,,,,,,,False,,,MAKASAR,PINANG RANTI
rth-819d22d7ef03,RTH SETIA,,,Jakarta Timur,"JL. KP. PULO KEL. PINANG RANTI KEC. MAKASAR, JAKARTA TIMUR",,,,,,,,False,,,MAKASAR,PINANG RANTI
rth-2173f0662324,RTH PINANG RANTI,,,Jakarta Timur,RT.006 DAN RT.008 RW.04 KEL. PINANG RANTI KEC. MAKASAR KOTA ADMINISTRASI JAKARTA TIMUR,,,,,,,,False,,,MAKASAR,PINANG RANTI
rth-6fa12c91d4cf,TAMAN KEBON MANGGIS,,,Jakarta Timur,"JL. KEBON MANGGIS 4 , JAKARTA TIMUR , MATRAMAN , KEBON MANGGIS",,,,,,,,False,,,MATRAMAN,KEBON MANGGIS
rth-7143443a8390,JH. JL. MATRAMAN RAYA / TEGALAN,,,Jakarta Timur,JH. JL. MATRAMAN RAYA / TEGALAN,,,,,,,,False,,,MATRAMAN,
rth-f3ca30831dad,JH JL. AHMAD YANI (SMA 30 S/D COCA COLA DAN BAGIAN SEPARATOR),,,Jakarta Pusat,JH JL. AHMAD YANI (SMA 30 S/D COCA COLA DAN BAGIAN SEPARATOR),,,,,,,,False,,,CEMPAKA PUTIH,
rth-5b032370facf,JH JL. CEMPAKA PUTIH TENGAH XXX DAN CEMPAKA PUTIH TENGAH 1 (RS ISLAM),,,Jakarta Pusat,JH JL. CEMPAKA PUTIH TENGAH XXX DAN CEMPAKA PUTIH TENGAH 1 (RS ISLAM),,,,,,,,False,,,CEMPAKA PUTIH,
rth-d615ee60eb20,JH SEPARATOR JL. PRAMUKA,,,Jakarta Pusat,JH SEPARATOR JL. PRAMUKA,,,,,,,,False,,,CEMPAKA PUTIH,
rth-cb5d8f4aaa76,JH JL. PRAMUKA (DARI PEREMPATAN PRAMUKA-SALEMBA SD PEREMPATAN PRAMUKA AHMAD YANI),,,Jakarta Pusat,JH JL. PRAMUKA (DARI PEREMPATAN PRAMUKA-SALEMBA SD PEREMPATAN PRAMUKA AHMAD YANI),,,,,,,,False,,,CEMPAKA PUTIH,RAWA SARI
rth-87a3e558ddd4,JH JL. PRAMUKA SARI DAN PRAMUKA SARI I,,,Jakarta Pusat,JH JL. PRAMUKA SARI DAN PRAMUKA SARI I,,,,,,,,False,,,CEMPAKA PUTIH,RAWA SARI
rth-ae42bddd738f,JH JL. SALEMBA RAYA (DEPAN RUMAH TAHANAN),,,Jakarta Pusat,JH JL. SALEMBA RAYA (DEPAN RUMAH TAHANAN),,,,,,,,False,,,CEMPAKA PUTIH,RAWA SARI
rth-cc15be88974d,JH JL. PERCETAKAN NEGARA IX,,,Jakarta Pusat,JH JL. PERCETAKAN NEGARA IX,,,,,,,,False,,,CEMPAKA PUTIH,RAWA SARI
rth-153c14ea9974,JH JL. PERCETAKAN NEGARA X,,,Jakarta Pusat,JH JL. PERCETAKAN NEGARA X,,,,,,,,False,,,CEMPAKA PUTIH,RAWA SARI
rth-c3d95b24bc75,TAMAN GENJING/PRAMUKA,,,Jakarta Pusat,JL. PASAR GENJING/ JL.RAWAMANGUN RW 02,,,,,,,,False,,,CEMPAKA PUTIH,RAWA SARI
rth-911534076244,TAMAN (RTH)/KOTA RAWASARI,,,Jakarta Pusat,TAMAN KOTA RAWASARI / GUDANG AHMAD YANI. JALAN JENDRAL AHMAD YANI,,,,,,,,False,,,CEMPAKA PUTIH,RAWA SARI
rth-c0af2c369079,RTH PERCETAKAN NEGARA V,,,Jakarta Pusat,(TAMAN KOTA RAWASARI),,,,,,,,False,,,CEMPAKA PUTIH,RAWA SARI
rth-59aabb50ec70,JH JL. LET. JEND. SUPRAPTO (DARI SIMPANG LIMA SD ITC CEMPAKA MAS),,,Jakarta Pusat,JH JL. LET. JEND. SUPRAPTO (DARI SIMPANG LIMA SD ITC CEMPAKA MAS),,,,,,,,False,,,CEMPAKA PUTIH,SUMUR BATU
rth-fb79d1da20ea,JH JL. SIANTAR,,,Jakarta Pusat,JH JL. SIANTAR,,,,,,,,False,,,GAMBIR,CIDENG
rth-8c479279b85f,JH JL. MUSI,,,Jakarta Pusat,JH JL. MUSI,,,,,,,,False,,,GAMBIR,CIDENG
rth-e69e9ecb7328,FO ROXY (ATAS - BAWAH ),,,Jakarta Pusat,FO ROXY (ATAS - BAWAH ),,,,,,,,False,,,GAMBIR,CIDENG
rth-6e2a622f8975,JH JL. CIDENG (SISI BARAT & TIMUR),,,Jakarta Pusat,JH JL. CIDENG,,,,,,,,False,,,GAMBIR,CIDENG
rth-c1620db919ac,TAMAN BIAK (SEGITIGA),,,Jakarta Pusat,TAMAN BIAK (SEGITIGA),,,,,,,,False,,,GAMBIR,CIDENG
rth-3190c700ad94,FLY OVER CIDENG (ATAS - BAWAH),,,Jakarta Pusat,"JL. CIDENG - JL. KYAI H. MAS MANSYUR KEL. CIDENG KEC. GAMBIR, JAKARTA PUSAT.",,,,,,,,False,,,GAMBIR,CIDENG
rth-25385d45e2d4,TAMAN CITARUM,,,Jakarta Pusat,"JL. CITARUM RW.1, CIDENG, KECAMATAN GAMBIR, KOTA JAKARTA PUSAT, DAERAH KHUSUS IBUKOTA JAKARTA 10150",,,,,,,,False,,,GAMBIR,CIDENG
rth-edf880e374a7,TAMAN PULAU-PULAU JATIBARU,,,Jakarta Pusat,"JL. JATIBARU , CIDENG, KECAMATAN GAMBIR, KOTA JAKARTA PUSAT, DAERAH KHUSUS IBUKOTA JAKARTA 10150",,,,,,,,False,,,GAMBIR,CIDENG
rth-1a62a805f8eb,TAMAN TANAH ABANG II,,,Jakarta Pusat,"JL. TANAH ABANG II, RT.1/RW.1, CIDENG, KECAMATAN GAMBIR, KOTA JAKARTA PUSAT, DAERAH KHUSUS IBUKOTA JAKARTA 10150",,,,,,,,False,,,GAMBIR,CIDENG
rth-1e77bfbc53df,TAMAN PETOJO SELATAN IX,,,Jakarta Pusat,"JL. PETOJO SELATAN XI NO.14, RT.6/RW.11, CIDENG, KECAMATAN GAMBIR, KOTA JAKARTA PUSAT, DAERAH KHUSUS IBUKOTA JAKARTA 10150",,,,,,,,False,,,GAMBIR,CIDENG
rth-48134c75a1b4,TAMAN PETOJO SELATAN XI,,,Jakarta Pusat,"JL. PETOJO SELATAN IX, RT.7/RW.11, CIDENG, KECAMATAN GAMBIR, KOTA JAKARTA PUSAT, DAERAH KHUSUS IBUKOTA JAKARTA 10150",,,,,,,,False,,,GAMBIR,CIDENG
rth-d7fe8a69cfe3,TAMAN TERNATE,,,Jakarta Pusat,"JL. KOTA BARU NO.45, RT.11/RW.6, CIDENG, KECAMATAN GAMBIR, KOTA JAKARTA PUSAT, DAERAH KHUSUS IBUKOTA JAKARTA 10150",,,,,,,,False,,,GAMBIR,CIDENG
rth-005bb2323601,TAMAN BATANGHARI I,,,Jakarta Pusat,"JL. BATANG HARI 40-1, RT.6/RW.3, CIDENG, KECAMATAN GAMBIR, KOTA JAKARTA PUSAT, DAERAH KHUSUS IBUKOTA JAKARTA 10150",,,,,,,,False,,,GAMBIR,CIDENG
rth-deac07058702,TAMAN BATANGHARI II,,,Jakarta Pusat,"JL. BATANG HARI NO.41, RT.6/RW.3, CIDENG, KECAMATAN GAMBIR, KOTA JAKARTA PUSAT, DAERAH KHUSUS IBUKOTA JAKARTA 10150",,,,,,,,False,,,GAMBIR,CIDENG
rth-1a9fcf23d427,TAMAN BATANGHARI III,,,Jakarta Pusat,"JL. BATANG HARI NO.21, RT.5/RW.2, CIDENG, KECAMATAN GAMBIR, KOTA JAKARTA PUSAT, DAERAH KHUSUS IBUKOTA JAKARTA 10150",,,,,,,,False,,,GAMBIR,CIDENG
rth-479e3bc013d2,TAMAN MUSI EX POM BENSIN,,,Jakarta Pusat,"JL. MUSI NO.44A, RT.13/RW.2, CIDENG, KECAMATAN GAMBIR, KOTA JAKARTA PUSAT, DAERAH KHUSUS IBUKOTA JAKARTA 10150",,,,,,,,False,,,GAMBIR,CIDENG
rth-400b2f05381d,TAMAN BRANTAS,,,Jakarta Pusat,"JL. SERAYU NO.1, RT.3/RW.1, CIDENG, KECAMATAN GAMBIR, KOTA JAKARTA PUSAT, DAERAH KHUSUS IBUKOTA JAKARTA 10150",,,,,,,,False,,,GAMBIR,CIDENG
rth-920e8c8e7e9e,TAMAN CILAMAYA,,,Jakarta Pusat,"JL. CILAMAYA NO.22, RT.8/RW.1, CIDENG, KECAMATAN GAMBIR, KOTA JAKARTA PUSAT, DAERAH KHUSUS IBUKOTA JAKARTA 10150",,,,,,,,False,,,GAMBIR,CIDENG
rth-40bbe56760c7,JALUR HIJAU JL. LENTENG AGUNG RAYA SISI TIMUR & BARAT,,,Jakarta Selatan,JALUR HIJAU JL. LENTENG AGUNG RAYA SISI TIMUR & BARAT,,,,,,,,False,,,JAGAKARSA,
rth-004b709d8a59,JALUR HIJAU JL. TB. SIMATUPANG (JL. TANJUNG BARAT S.D RANCO),,,Jakarta Selatan,JALUR HIJAU JL. TB. SIMATUPANG (JL. TANJUNG BARAT S.D RANCO),,,,,,,,False,,,JAGAKARSA,
rth-b82d07bd291a,FLY OVER TANJUNG BARAT (BAWAH),,,Jakarta Selatan,FLY OVER TANJUNG BARAT (BAWAH),,,,,,,,False,,,JAGAKARSA,
rth-ed84a43ce30c,HUTAN KOTA SRENGSENG SAWAH,,,Jakarta Selatan,"JL. MOCH. KAHFI II, RT.8/RW.8, SRENGSENG SAWAH, KEC. JAGAKARSA, KOTA JAKARTA SELATAN, DAERAH KHUSUS IBUKOTA JAKARTA 12630",,,,,,,,False,,,JAGAKARSA,SRENGSENG SAWAH
rth-ce41811b7951,HUTAN KOTA JL. KAHFI II JAGAKARSA,,,Jakarta Selatan,"JL. KAHFI II JAGAKARSA, JAKARTA SELATAN",,,,,,,,False,,,JAGAKARSA,SRENGSENG SAWAH
rth-25a0c04e01a0,HUTAN KOTA WIKA,,,Jakarta Selatan,JL. SRENGSENG SAWAH RT. 008 RW. 006 (D/H JALAN WIKA) KEL. SRENGSENG SAWAH KEC. JAGAKARSA JAKARTA SELATAN,,,,,,,,False,,,JAGAKARSA,SRENGSENG SAWAH
rth-2fb8159d26c8,TAMAN SEGITIGA PINTU KA. SRENGSENG SAWAH SISI BARAT,,,Jakarta Selatan,"JL. LENTENG AGUNG RAYA RT 6/3, KEL. SRENGSENG SAWAH, KEC. JAGAKARSA, JAKARTA SELATAN",,,,,,,,False,,,JAGAKARSA,SRENGSENG SAWAH
rth-c63c6d4ed221,TAMAN SEGITIGA PINTU KA. SRENGSENG SAWAH SISI TIMUR,,,Jakarta Selatan,"JL. RAYA LENTENG AGUNG BARAT, RT 5/ 3, KEL. SRENGSENG SAWAH, KEC. JAGAKARSA, JAKARTA SELATAN",,,,,,,,False,,,JAGAKARSA,SRENGSENG SAWAH
rth-f24c75508157,RTH JL. WIKA RT.011/06 KEL. SR. SAWAH KEC. JAGAKARSA,,,Jakarta Selatan,"JL. WIKA RT.011/06 KEL. SR. SAWAH KEC. JAGAKARSA,KOTA JAKARTA SELATAN, DAERAH KHUSUS IBUKOTA JAKARTA",,,,,,,,False,,,JAGAKARSA,SRENGSENG SAWAH
rth-daf929d9fbdf,RTH M. KAHFI II,,,Jakarta Selatan,JL. M KAHFI II,,,,,,,,False,,,JAGAKARSA,SRENGSENG SAWAH
rth-6a4f16342fb4,TAMAN DEPAN UNIVERSITAS PANCASILA,,,Jakarta Selatan,"JL. LENTENG AGUNG RAYA, RT.1/RW.3, SRENGSENG SAWAH, KEC. JAGAKARSA, KOTA JAKARTA SELATAN,",,,,,,,,False,,,JAGAKARSA,SRENGSENG SAWAH
rth-11a204155847,TAMAN DEPAN KAMPUS UI,,,Jakarta Selatan,"JL. LENTENG AGUNG RAYA RT 06/ 01, KEL. SRENGSENG SAWAH, KEC. JAGAKARSA. JAKARTA SELATAN",,,,,,,,False,,,JAGAKARSA,SRENGSENG SAWAH
rth-c5aa8542fe0a,TAMAN JEMBLONGAN UI,,,Jakarta Selatan,"JL. LENTENG AGUNG RAYA, RT.6/ 3, KEL. SRENGSENG SAWAH, KEC. JAGAKARSA, JAKARTA SELATAN",,,,,,,,False,,,JAGAKARSA,SRENGSENG SAWAH
rth-1bb7a7128918,"RPTRA EX. RUMAH DINAS GURU JL. H. SYIBI IV RT 13/02,",rptra,RPTRA,Jakarta Selatan,"JL. H. SHIBI NO.4, RT.13/RW.2, SRENGSENG SAWAH, KEC. JAGAKARSA, KOTA JAKARTA SELATAN, DAERAH KHUSUS IBUKOTA JAKARTA 12640",,,,,,,,False,,,JAGAKARSA,SRENGSENG SAWAH
rth-6230bd00ed74,TAMAN BETAWI NGUMPUL,,,Jakarta Selatan,"JL. M. KAHFI II RT.06 RW.05, KEL. SRENGSENG SAWAH, JAKARTA SELATAN",,,,,,,,False,,,JAGAKARSA,SRENGSENG SAWAH
rth-0c7f471d7781,RTH SARIN,,,Jakarta Selatan,GANG H. SARIN RT 009 RW 002 SRENGSENG SAWAH JAGAKARSA JAKARTA SELATAN,,,,,,,,False,,,JAGAKARSA,SRENGSENG SAWAH
rth-e3b7ad03eb1e,RTH KAMPUNG CIPEDAK,,,Jakarta Selatan,"KAMPUNG CIPEDAK RW 009, KEL. SRENGSENG SAWAH, KEC. JAGAKARSA, JAKARTA SELATAN",,,,,,,,False,,,JAGAKARSA,SRENGSENG SAWAH
rth-419066193305,RTH JL. WIKA RT. 011 & RT 004 RW. 06,,,Jakarta Selatan,"JL. WIKA, KEL. SRENGSENG SAWAH, KEC. JAGAKARSA, JAKARTA SELATAN",,,,,,,,False,,,JAGAKARSA,SRENGSENG SAWAH
rth-d185cc3700d6,RTH JL. H SIBI GG. TAMAN KP. SAWAH RT.008 & RT. 013 RW. 02,,,Jakarta Selatan,JL. H SIBI GG. TAMAN KP. SAWAH RT.008 & RT. 013 RW. 02,,,,,,,,False,,,JAGAKARSA,SRENGSENG SAWAH
rth-8be4202c9bd2,HUTAN KOTA TANJUNG BARAT,,,Jakarta Selatan,RTH RT. 08 RW. 02 RT. 09 RT.10 RT. 11 KEL. TANJUNG BARAT KEC. JAGAKARSA JAKARTA SELATAN,,,,,,,,False,,,JAGAKARSA,TANJUNG BARAT
rth-1451a43d6509,HUTAN KOTA GINTUNG,,,Jakarta Selatan,JL. GINTUNG RT. 006 RW. 06 KEL. TANJUNG BARAT KEC. JAGAKARSA JAKARTA SELATAN,,,,,,,,False,,,JAGAKARSA,TANJUNG BARAT
rth-686679173d4b,FLY OVER TANJUNG BARAT ( BAWAH ),,,Jakarta Selatan,FLY OVER TANJUNG BARAT ( BAWAH ),,,,,,,,False,,,JAGAKARSA,TANJUNG BARAT
rth-98a6dc84e8c9,TAMAN JANGGREK,,,Jakarta Selatan,"JL. TB SIMATUPANG RT.10/RW.4, TANJUNG BARAT, JAGAKARSA, SOUTH JAKARTA CITY, JAKARTA 12530",,,,,,,,False,,,JAGAKARSA,TANJUNG BARAT
rth-cf642634df95,TAMAN DEPAN BPG,,,Jakarta Selatan,"JL. LAP. SUKATANI NO.14, RT.5/RW.5, TJ. BAR., KEC. JAGAKARSA, KOTA JAKARTA SELATAN, DAERAH KHUSUS IBUKOTA JAKARTA 12530",,,,,,,,False,,,JAGAKARSA,TANJUNG BARAT
rth-86217c6f64b8,TAMAN PUTARAN RANCO,,,Jakarta Selatan,"JL. TB SIMATUPANG RT 001/ 002, KEL. TANJUNG BARAT, KEC. JAGAKARSA. JAKARTA SELATAN",,,,,,,,False,,,JAGAKARSA,TANJUNG BARAT
rth-1e7531bf0eea,TAMAN TANJUNG 2,,,Jakarta Selatan,"JL. TB. SIMATUPANG RT. 010/04, KEL. TANJUNG BARAT KEC. JAGAKARSA. JAKARTA SELATAN",,,,,,,,False,,,JAGAKARSA,TANJUNG BARAT
rth-b1cbd3ceef58,TAMAN GINTUNG,,,Jakarta Selatan,"JL. GINTUNG TANJUNG BARAT RT 011 RW 02 KEL. TANJUNG BARAT, JAKARTA SELATAN",,,,,,,,False,,,JAGAKARSA,TANJUNG BARAT
rth-f0dd968f869c,RTH GG. 100,,,Jakarta Selatan,"JL. GG. 100 KEL. TANJUNG BARAT KEC. JAGAKARSA, JAKARTA SELATAN",,,,,,,,False,,,JAGAKARSA,TANJUNG BARAT
rth-b78f68315b36,RTH JL. MUARA 1 RT. 003 RW. 03,,,Jakarta Selatan,JL. MUARA 1 RT. 003 RW. 03,,,,,,,,False,,,JAGAKARSA,TANJUNG BARAT
rth-6be9ff82572d,TAMAN BATAN I & II,,,Jakarta Selatan,"JL. KOMP. BATAN RT 006 RW 007, KEL. PASAR MINGGU, KEC. PASAR MINGGU",,,,,,,,False,,,PASAR MINGGU,PASAR MINGGU
rth-974ce8a8d31d,TAMAN AUP I DAN II,,,Jakarta Selatan,"JL. AUP KOMPLEK, PERUM KOMP. B.I., RT.3/RW.6, PS. MINGGU, KOTA JAKARTA SELATAN, DAERAH KHUSUS IBUKOTA JAKARTA 12520",,,,,,,,False,,,PASAR MINGGU,PASAR MINGGU
rth-43955d668be0,TAMAN PALAPA II,,,Jakarta Selatan,"JL. PALAPA 2 RT.2/RW.5, PS. MINGGU, KEC. PS. MINGGU, JAKARTA SELATAN,",,,,,,,,False,,,PASAR MINGGU,PASAR MINGGU
rth-75a24369b66e,TAMAN BUNDARAN PALAPA III,,,Jakarta Selatan,"JL. PALAPA RAYA, RT.11/RW.10, PS. MINGGU, KEC. PS. MINGGU, JAKARTA SELATAN",,,,,,,,False,,,PASAR MINGGU,PASAR MINGGU
rth-e4081c86be26,TAMAN PALAPA V,,,Jakarta Selatan,"JL. PALAPA V, RT.10/RW.5, PS. MINGGU, KEC. PS. MINGGU, JAKARTA SELATAN",,,,,,,,False,,,PASAR MINGGU,PASAR MINGGU
rth-55ee127f23cc,TAMAN PALAPA VII,,,Jakarta Selatan,"JL. PALAPA VII DEPAN SEKOLAH SMA SULUH, KEL. PASAR MINGGU, KEC. PASAR MINGGU",,,,,,,,False,,,PASAR MINGGU,PASAR MINGGU
rth-e868003fea17,TAMAN PALAPA VIII,,,Jakarta Selatan,"JL. PALAPA VIII RT 005 RW 005, KEL. PASAR MINGGU, KEC. PASAR MINGGU",,,,,,,,False,,,PASAR MINGGU,PASAR MINGGU
rth-0f56bde5e3be,TAMAN PALAPA XV,,,Jakarta Selatan,"JL. PALAPA XV,RT 009/RW 005, KEL. PASAR MINGGU, KEC. PASAR MINGGU",,,,,,,,False,,,PASAR MINGGU,PASAR MINGGU
rth-7705bd0f66e0,TAMAN TELUK KUMAI,,,Jakarta Selatan,"JL. TLK. KUMAI, RT.3/RW.8, PS. MINGGU, KEC. PS. MINGGU, JAKARTA SELATAN,",,,,,,,,False,,,PASAR MINGGU,PASAR MINGGU
rth-a4ea2519245c,TAMAN TELUK SAMPIT,,,Jakarta Selatan,"JL. TELUK SAMPIT, RT.3/RW.8, PS. MINGGU, KEC. PS. MINGGU, JAKARTA SELATAN,",,,,,,,,False,,,PASAR MINGGU,PASAR MINGGU
rth-34177c9ba293,TAMAN KOMPLEK KESEHATAN,,,Jakarta Selatan,"JL. KOMP. DEPARTEMEN KESEHATAN, RT.1/.7 KEL. PS. MINGGU, KEC. PS. MINGGU, KOTA JAKARTA SELATAN",,,,,,,,False,,,PASAR MINGGU,PASAR MINGGU
rth-72c17f102e4b,TAMAN PASARMINGGU INDAH,,,Jakarta Selatan,"JALAN RAYA TANJUNG BARAT RT. 009 RW. 07 NO. 29 KELURAHAN PASAR MINGGU KECAMATAN PASAR MINGGU, JAKARTA SELATAN",,,,,,,,False,,,PASAR MINGGU,PASAR MINGGU
rth-32b80a189a58,TAMAN BEA CUKAI,,,Jakarta Selatan,"JL. SOSIAL /PS MINGGU, RT.1/RW.2, PS. MINGGU, KEC. PS. MINGGU, KOTA JAKARTA SELATAN,",,,,,,,,False,,,PASAR MINGGU,PASAR MINGGU
rth-0876cc68f3f6,TAMAN DEPAN PD. PASAR JAYA,,,Jakarta Selatan,"JL. RAYA PASAR MINGGU, RT.2/.1, KEL. PS. MINGGU, KEC. PS. MINGGU, KOTA JAKARTA SELATAN",,,,,,,,False,,,PASAR MINGGU,PASAR MINGGU
rth-fa6943cae5e9,RTH JL. RAYA PASAR MINGGU NO. 37 RT. 005 RW. 01,,,Jakarta Selatan,"JL. RAYA PASAR MINGGU NO. 37 RT 005 RW 001, KEL. PASAR MINGGU, KEC. PASAR MINGGU, JAKARTA SELATAN",,,,,,,,False,,,PASAR MINGGU,PASAR MINGGU
rth-9dae01b7e3e6,RTH. JL. RAYA TANJUNG BARAT NO. 29A RT. 009 RW. 07,,,Jakarta Selatan,"JL. RAYA TANJUNG BARAT RT 009 RW 007 NO. 29A, KEL PASAR MINGGU, KEC. PASAR MINGGU, JAKARTA SELATAN",,,,,,,,False,,,PASAR MINGGU,PASAR MINGGU
rth-a6a261214743,RTH JL. TANJUNG NO. 18 RT. 009 RW. 07,,,Jakarta Selatan,"JL. TANJUNG BARAT NO. 18 RT 009 RW 007, KEL. PASAR MINGGU, KEC. PASAR MINGGU, JAKARTA SELATAN",,,,,,,,False,,,PASAR MINGGU,PASAR MINGGU
rth-44a4dfae248a,RTH RAWA BAMBU,,,Jakarta Selatan,"JL. RAWA BAMBU NO. 1 RT 013 RW 005, KEL. PASAR MINGGU, KEC. PASAR MINGGU, JAKARTA SELATAN",,,,,,,,False,,,PASAR MINGGU,PASAR MINGGU
rth-5c501d4b9452,"RTH JL. TANJUNG BARAT NO. 6 DAN NO. 8A, KELURAHAN PASAR MINGGU, KECAMATAN PASAR MINGGU, JAKARTA SELATAN",,,Jakarta Selatan,"JL. TANJUNG BARAT NO. 6 DAN NO. 8A, KELURAHAN PASAR MINGGU, KECAMATAN PASAR MINGGU, JAKARTA SELATAN",,,,,,,,False,,,PASAR MINGGU,PASAR MINGGU
rth-a653665cf1d7,TAMAN RAPUBLIKA,,,Jakarta Selatan,"JL. WARUNG BUNCIT RAYA, RT.1/ .7, PEJATEN BAR., KEC. PS. MINGGU, KOTA JAKARTA SELATAN,",,,,,,,,False,,,PASAR MINGGU,PEJATEN BARAT
rth-f5f4dc10f4ae,TAMAN REPUBLIKA II,,,Jakarta Selatan,"JL. WARUNG BUNCIT RAYA, RT 001/007 KEL. JATI PADANG, KEC. PASAR MINGGU. JAKARTA SELATAN",,,,,,,,False,,,PASAR MINGGU,PEJATEN BARAT
rth-63f4c18705b1,TAMAN REPUBLIKA I,,,Jakarta Selatan,"JL. RAYA PEJATEN BARAT, KEL. PEJATEN BARAT, KEC. PASAR MINGGU. JAKARTA SELATAN",,,,,,,,False,,,PASAR MINGGU,PEJATEN BARAT
rth-5a2014d7065d,TAMAN REPUBLIKA IV,,,Jakarta Selatan,"JL. PEJATEN RAYA 3, RT.1/RW.7, PEJATEN BAR., KEC. PS. MINGGU, JAKARTA SELATAN,",,,,,,,,False,,,PASAR MINGGU,PEJATEN BARAT
rth-9ced38496aaa,TAMAN BANGDES I & II,,,Jakarta Selatan,JL. RAYA PASAR MINGGU KEL. PEJATEN BARAT KEC. PS. MINGGU. JAKARTA SELATAN,,,,,,,,False,,,PASAR MINGGU,PEJATEN BARAT
rth-a2af567015b2,TAMAN KOMPLEK BRIMOB,,,Jakarta Selatan,"JL. RAYA PASAR MINGGU, RT.1/.2, KEL. PEJATEN BARAT KEC. PS. MINGGU, KOTA JAKARTA SELATAN",,,,,,,,False,,,PASAR MINGGU,PEJATEN BARAT
rth-c1df4e0116cb,TAMAN REPUBLIKA SISI SELATAN,,,Jakarta Selatan,JL.RAYA PEJATEN BARAT KEL. PEJATEN BARAT KEC. PS. MINGGU. JAKARTA SELATAN,,,,,,,,False,,,PASAR MINGGU,PEJATEN BARAT
rth-250cd5298465,TAMAN SEGITIGA MARGASATWA,,,Jakarta Selatan,"JL. TB. SIMATUPANG, RT 01/ 01 KEL. RAGUNAN, KEC. PASAR MINGGU. JAKARTA SELATAN",,,,,,,,False,,,PASAR MINGGU,PEJATEN BARAT
rth-f825d5bc11c0,TAMAN REPUBLIKA III,,,Jakarta Selatan,"JL. PEJATEN RAYA, RT.1/ 07 JATI PADANG, KEC. PS. MINGGU, KOTA JAKARTA SELATAN",,,,,,,,False,,,PASAR MINGGU,PEJATEN BARAT
rth-88818da8265c,TAMAN LEMBAH PALEM,,,Jakarta Timur,"JL. HYBRIDA, RT.5/RW.9, PD. KLP., KEC. DUREN SAWIT, KOTA JAKARTA TIMUR, DAERAH KHUSUS IBUKOTA JAKARTA 13450",,,,,,,,False,,,DUREN SAWIT,PONDOK KELAPA
rth-58724c2fddd0,TAMAN LEMBAH NYIUR,,,Jakarta Timur,"JL. LEMBAH NYIUR RAYA, RT.13/RW.9, PD. KLP., KEC. DUREN SAWIT, KOTA JAKARTA TIMUR, DAERAH KHUSUS IBUKOTA JAKARTA 13450",,,,,,,,False,,,DUREN SAWIT,PONDOK KELAPA
rth-c628afbd49b7,TAMAN LEMBAH AREN,,,Jakarta Timur,"JL. LEMBAH PALEM 9, RT.12/RW.9, PD. KLP., KEC. DUREN SAWIT, KOTA JAKARTA TIMUR, DAERAH KHUSUS IBUKOTA JAKARTA 13450",,,,,,,,False,,,DUREN SAWIT,PONDOK KELAPA
rth-5241e5c50c0e,"TAMAN BLOK C5, KAV DKI",,,Jakarta Timur,KAVLING DKI PONDOK KELAPA BLOK C5,,,,,,,,False,,,DUREN SAWIT,PONDOK KELAPA
rth-1fbde930c0b8,TAMAN SABUT,,,Jakarta Timur,"JL. SABUT II NO.14, RT.10/RW.11, PD. KLP., KEC. DUREN SAWIT, KOTA JAKARTA TIMUR, DAERAH KHUSUS IBUKOTA JAKARTA 13450",,,,,,,,False,,,DUREN SAWIT,PONDOK KELAPA
rth-792ac7bf8e7a,TAMAN CENGKIR,,,Jakarta Timur,"JL. CENGKIR I NO.7, RT.7/RW.11, PD. KLP., KEC. DUREN SAWIT, KOTA JAKARTA TIMUR, DAERAH KHUSUS IBUKOTA JAKARTA 13450",,,,,,,,False,,,DUREN SAWIT,PONDOK KELAPA
rth-f0130f0b58f5,TAMAN MANGGAR III,,,Jakarta Timur,"JL. MANGGAR III, RT.3/RW.11, PD. KLP., KEC. DUREN SAWIT, KOTA JAKARTA TIMUR, DAERAH KHUSUS IBUKOTA JAKARTA 13450",,,,,,,,False,,,DUREN SAWIT,PONDOK KELAPA
rth-6ba078651f2c,TAMAN MANGGAR IV,,,Jakarta Timur,"JL. MANGGAR IV, RT.2/RW.11, PD. KLP., KEC. DUREN SAWIT, KOTA JAKARTA TIMUR, DAERAH KHUSUS IBUKOTA JAKARTA 13450",,,,,,,,False,,,DUREN SAWIT,PONDOK KELAPA
rth-114d3c45051c,TAMAN THEVETIA,,,Jakarta Timur,JL. SWAKARSA II RT 012 RW 003,,,,,,,,False,,,DUREN SAWIT,PONDOK KELAPA
rth-bf7bf1c1dc3f,TAMAN PONDOK KELAPA BARAT 2,,,Jakarta Timur,JL. PONDOK KELAPA BARAT,,,,,,,,False,,,DUREN SAWIT,PONDOK KELAPA
rth-6529c50cdb8f,TAMAN MALAKA SELATAN AL-IMAN,,,Jakarta Timur,"JL. MALAKA SELATAN IB, RT.5/RW.11, MALAKA JAYA, KEC. DUREN SAWIT, KOTA JAKARTA TIMUR, DAERAH KHUSUS IBUKOTA JAKARTA 13460",,,,,,,,False,,,DUREN SAWIT,PONDOK KELAPA
rth-f0644eb4f474,TAMAN MALAKA SELATAN BLOK I A/IB,,,Jakarta Timur,"JL. TAMAN MALAKA SELATAN, RT.5/RW.11, PD. KLP., KEC. DUREN SAWIT, KOTA JAKARTA TIMUR, DAERAH KHUSUS IBUKOTA JAKARTA 13450",,,,,,,,False,,,DUREN SAWIT,PONDOK KELAPA
rth-9674296f2fc9,TAMAN PALAPA,,,Jakarta Timur,"RT.7/RW.5, PD. KLP., KEC. DUREN SAWIT, KOTA JAKARTA TIMUR, DAERAH KHUSUS IBUKOTA JAKARTA",,,,,,,,False,,,DUREN SAWIT,PONDOK KELAPA
rth-f74bffbfd554,TAMAN SWAKARSA,,,Jakarta Timur,"JL. SWAKARSA RW 003, KEL. PONDOK KELAPA, KEC. DUREN SAWIT, JAKARTA TIMUR",,,,,,,,False,,,DUREN SAWIT,PONDOK KELAPA
rth-9a5d61992cd4,RTH PRATAMA,,,Jakarta Timur,"JL. PRATAMA RT 002 RW 008 KEL. PONDOK KELAPA KEC. DUREN SAWIT, JAKARTA TIMUR",,,,,,,,False,,,DUREN SAWIT,PONDOK KELAPA
rth-8013fb92c67e,TAMAN ROBUSTA I,,,Jakarta Timur,"JL. ROBUSTA I 6, RT.1/RW.6, PD. KOPI, KEC. DUREN SAWIT, KOTA JAKARTA TIMUR, DAERAH KHUSUS IBUKOTA JAKARTA 13460",,,,,,,,False,,,DUREN SAWIT,PONDOK KOPI
rth-950b91d489d2,TAMAN ROBUSTA II,,,Jakarta Timur,"JL. ROBUSTA 2 NO.47, RT.6/RW.6, PD. KOPI, KEC. DUREN SAWIT, KOTA JAKARTA TIMUR, DAERAH KHUSUS IBUKOTA JAKARTA 13460",,,,,,,,False,,,DUREN SAWIT,PONDOK KOPI
rth-09d76f925b4e,TAMAN ROBUSTA III,,,Jakarta Timur,"JL. ROBUSTA III C 2, RT.8/RW.6, PD. KOPI, KEC. DUREN SAWIT, KOTA JAKARTA TIMUR, DAERAH KHUSUS IBUKOTA JAKARTA 13460",,,,,,,,False,,,DUREN SAWIT,PONDOK KOPI
rth-a8ad79413290,TAMAN PONDOK KOPI II,,,Jakarta Timur,"JL. PONDOK KOPI II NO.1, RT.1/RW.9, PD. KOPI, KEC. DUREN SAWIT, KOTA JAKARTA TIMUR, DAERAH KHUSUS IBUKOTA JAKARTA 13460",,,,,,,,False,,,DUREN SAWIT,PONDOK KOPI
rth-ffdae102cac5,TAMAN PONDOK KOPI III,,,Jakarta Timur,"JL. PONDOK KOPI IIIB NO.2, RT.9/RW.9, PD. KOPI, KEC. DUREN SAWIT, KOTA JAKARTA TIMUR, DAERAH KHUSUS IBUKOTA JAKARTA 13460",,,,,,,,False,,,DUREN SAWIT,PONDOK KOPI
rth-fbcfee874d78,TAMAN PONDOK KOPI IVB,,,Jakarta Timur,"JL. PD. KOPI IV B, RT.12/RW.9, PD. KOPI, KEC. DUREN SAWIT, KOTA JAKARTA TIMUR, DAERAH KHUSUS IBUKOTA JAKARTA 13460",,,,,,,,False,,,DUREN SAWIT,PONDOK KOPI
rth-9ff4dd8c2902,TAMAN PONDOK KOPI VB (TAMAN 3),,,Jakarta Timur,"JL. PD. KOPI IV B, RT.12/RW.9, PD. KOPI, KEC. DUREN SAWIT, KOTA JAKARTA TIMUR, DAERAH KHUSUS IBUKOTA JAKARTA 13460",,,,,,,,False,,,DUREN SAWIT,PONDOK KOPI
rth-9b5afbab3fb6,TAMAN PONDOK KOPI VIIB,,,Jakarta Timur,"JL. PONDOK KOPI VIIB, RT.5/RW.8, PD. KOPI, KEC. DUREN SAWIT, KOTA JAKARTA TIMUR, DAERAH KHUSUS IBUKOTA JAKARTA 13460",,,,,,,,False,,,DUREN SAWIT,PONDOK KOPI
rth-f0180636f3fc,TAMAN PONDOK KOPI VIII,,,Jakarta Timur,"JL. PONDOK KOPI VIII, RT.5/RW.8, PD. KOPI, KEC. DUREN SAWIT, KOTA JAKARTA TIMUR, DAERAH KHUSUS IBUKOTA JAKARTA 13460",,,,,,,,False,,,DUREN SAWIT,PONDOK KOPI
rth-774b9e55b13b,TAMAN POS POLISI / TAMAN PONDOK KOPI III A,,,Jakarta Timur,"JL. PONDOK KOPI III A /RW.9, PD. KOPI, KEC. DUREN SAWIT, KOTA JAKARTA TIMUR, DAERAH KHUSUS IBUKOTA JAKARTA 13460",,,,,,,,False,,,DUREN SAWIT,PONDOK KOPI
rth-8eb941206ce6,TAMAN RW 09 KEL. PONDOK KOPI,,,Jakarta Timur,"JL. PONDOK KOPI RW.9, PD. KOPI, KEC. DUREN SAWIT, KOTA JAKARTA TIMUR, DAERAH KHUSUS IBUKOTA JAKARTA 13460",,,,,,,,False,,,DUREN SAWIT,PONDOK KOPI
rth-de78689bc7cb,TAMAN SEGITIGA DEPAN SOTO KUDUS,,,Jakarta Pusat,"JL. CIDENG BARAT, RT.14/RW.1, CIDENG, KECAMATAN GAMBIR, KOTA JAKARTA PUSAT, DAERAH KHUSUS IBUKOTA JAKARTA 10150",,,,,,,,False,,,GAMBIR,CIDENG
rth-a7e15f13f280,TAMAN JATIBARU BENGKEL,,,Jakarta Pusat,"JL. JATIBARU BENGKEL 6, RT.15/RW.1, CIDENG, KECAMATAN GAMBIR, KOTA JAKARTA PUSAT, DAERAH KHUSUS IBUKOTA JAKARTA 10150",,,,,,,,False,,,GAMBIR,CIDENG
rth-6e37ba575312,TAMAN CIMANUK,,,Jakarta Pusat,"JL. CIUJUNG NO.6, RT.6/RW.1, CIDENG, KECAMATAN GAMBIR, KOTA JAKARTA PUSAT, DAERAH KHUSUS IBUKOTA JAKARTA 10150",,,,,,,,False,,,GAMBIR,CIDENG
rth-f7ba87fe6701,TAMAN KOMPLEKS DINAS TEKNIS JATIBARU,,,Jakarta Pusat,JL. TAMAN JATIBARU I,,,,,,,,False,,,GAMBIR,CIDENG
rth-8624020a21ab,TAMAN ZAENAL ARIFIN (SEGITIGA),,,Jakarta Pusat,TAMAN ZAENAL ARIFIN (SEGITIGA),,,,,,,,False,,,GAMBIR,DURI PULO
rth-999b303f2a9d,JH JL. MEDAN MERDEKA TIMUR (DEPAN PERTAMINA S/D KEDUBES VATIKAN) (PASCA PROYEK DBM),,,Jakarta Pusat,JH JL. MEDAN MERDEKA TIMUR (DEPAN PERTAMINA S/D KEDUBES VATIKAN) (PASCA PROYEK DBM),,,,,,,,False,,,GAMBIR,GAMBIR
rth-ff940320d0c5,SEGITIGA DEPAN STASIUN GAMBIR,,,Jakarta Pusat,SEGITIGA DEPAN STASIUN GAMBIR,,,,,,,,False,,,GAMBIR,GAMBIR
rth-98d07cfaf8ce,JH JL. M.RIDWAN RAIS (DARI DEPAN PLN SD KFC),,,Jakarta Pusat,JH JL. M.RIDWAN RAIS (DARI DEPAN PLN SD KFC),,,,,,,,False,,,GAMBIR,GAMBIR
rth-38bbe8019c57,JH JL. ARIEF RAHMAN HAKIM (DARI KFC SD ARYADUTA),,,Jakarta Pusat,JH JL. ARIEF RAHMAN HAKIM (DARI KFC SD ARYADUTA),,,,,,,,False,,,GAMBIR,GAMBIR
rth-b26e2085cf62,JH JL. MAJAPAHIT (PINGGIR KALI SISI BANK BRI),,,Jakarta Pusat,JH JL. MAJAPAHIT (PINGGIR KALI SISI BANK BRI),,,,,,,,False,,,GAMBIR,GAMBIR
rth-14662919306c,PEDESTRIAN DEPAN PERTAMINA S/D DEPAN KEMENTRIAN KELAUTAN (PASCA PROYEK DBM),,,Jakarta Pusat,"JL. MERDEK TIMUR, GAMBIR. KEC. GAMBIR. JAKARTA PUSAT",,,,,,,,False,,,GAMBIR,GAMBIR
rth-3c252c7cafad,JH JL. MUSEUM,,,Jakarta Pusat,JH JL. MUSEUM,,,,,,,,False,,,GAMBIR,GAMBIR
rth-c010fc8fb437,SEGITIGA MUSEUM,,,Jakarta Pusat,SEGITIGA MUSEUM,,,,,,,,False,,,GAMBIR,GAMBIR
rth-00b667fc4405,JH JL. BUDI KEMULIAAN RAYA,,,Jakarta Pusat,JH JL. BUDI KEMULIAAN RAYA,,,,,,,,False,,,GAMBIR,GAMBIR
rth-f2b269d855dc,JH JL. KEBON SIRIH (DEPAN BI),,,Jakarta Pusat,JH JL. KEBON SIRIH (DEPAN BI),,,,,,,,False,,,GAMBIR,GAMBIR
rth-efed18683be2,JALUR HIJAU MEDIAN JL. MEDAN MERDEKA SELATAN,,,Jakarta Pusat,JALUR HIJAU MEDIAN JL. MEDAN MERDEKA SELATAN,,,,,,,,False,,,GAMBIR,GAMBIR
rth-b6ddd84eb0c2,JALUR HIJAU PEDESTRIAN JL. MEDAN MERDEKA SELATAN DEPAN BALAI KOTA,,,Jakarta Pusat,JALUR HIJAU PEDESTRIAN JL. MEDAN MERDEKA SELATAN DEPAN BALAI KOTA,,,,,,,,False,,,GAMBIR,GAMBIR
rth-d2cf7485d592,JALUR JL. MEDAN MERDEKA TIMUR,,,Jakarta Pusat,JALUR JL. MEDAN MERDEKA TIMUR,,,,,,,,False,,,GAMBIR,GAMBIR
rth-98047dc4df35,JALUR HIJAU MEDIAN JL. MEDAN MERDEKA BARAT,,,Jakarta Pusat,JALUR HIJAU MEDIAN JL. MEDAN MERDEKA BARAT,,,,,,,,False,,,GAMBIR,GAMBIR
rth-817162c68bb7,JALUR HIJAU MEDIAN JL. MEDAN MERDEKA UTARA,,,Jakarta Pusat,JALUR HIJAU MEDIAN JL. MEDAN MERDEKA UTARA,,,,,,,,False,,,GAMBIR,GAMBIR
rth-eec937127197,JALUR HIJAU PEDESTRIAN SISI TIMUR JL. MEDAN MERDEKA BARAT,,,Jakarta Pusat,JALUR HIJAU PEDESTRIAN SISI TIMUR JL. MEDAN MERDEKA BARAT,,,,,,,,False,,,GAMBIR,GAMBIR
rth-68c37362df33,JALUR HIJAU SISI SUNGAI JL. VETERAN,,,Jakarta Pusat,JL. VETERAN,,,,,,,,False,,,GAMBIR,GAMBIR
rth-fd183db2cddf,JALUR HIJAU PEDESTRIAN JL. VETERAN DAN VETERAN I,,,Jakarta Pusat,JL. VETERAN DAN VETERAN I,,,,,,,,False,,,GAMBIR,GAMBIR
rth-9aa9d2cc08c4,TAMAN TANAH ABANG TIMUR,,,Jakarta Pusat,"JL. TANAH ABANG TIMUR NO.3, RT.3/RW.3, GAMBIR, CENTRAL JAKARTA CITY, JAKARTA 10110",,,,,,,,False,,,GAMBIR,GAMBIR
rth-c6e8ca718fa7,TAMAN EXS. SPBU JL. TANAH ABANG TIMUR,,,Jakarta Pusat,"JL. TANAH ABANG TIMUR, RT.2/RW.3, GAMBIR, KECAMATAN GAMBIR, KOTA JAKARTA PUSAT, DAERAH KHUSUS IBUKOTA JAKARTA 10110",,,,,,,,False,,,GAMBIR,GAMBIR
rth-030bfb4ffa89,TAMAN BALAIKOTA DKI JAKARTA + DPRD,,,Jakarta Pusat,"JL. MEDAN MERDEKA SEL. BLOK B NO.8-9, RT.11/RW.2",,,,,,,,False,,,GAMBIR,GAMBIR
rth-7daf8e898fdd,JH JL. HAYAM WURUK (PINGGIR KALI),,,Jakarta Pusat,JH JL. HAYAM WURUK (PINGGIR KALI),,,,,,,,False,,,GAMBIR,KEBON KELAPA
rth-3d7adc24ab8b,TAMAN JUANDA (MEDIAN),,,Jakarta Pusat,TAMAN JUANDA (MEDIAN),,,,,,,,False,,,GAMBIR,KEBON KELAPA
rth-93c06afd6860,TAMAN JL. JUANDA I (PASAR SELON),,,Jakarta Pusat,TAMAN JL. JUANDA I (PASAR SELON),,,,,,,,False,,,GAMBIR,KEBON KELAPA
rth-45af664bf9b8,JALUR JL. IR. H. JUANDA,,,Jakarta Pusat,"JL. IR. H. JUANDA, KEL. KEBON KELAPA, KEC. GAMBIR",,,,,,,,False,,,GAMBIR,KEBON KELAPA
rth-f1e63bbc1cee,TAMAN KWITANG BAWAH SUTET (SEGITIGA),,,Jakarta Pusat,TAMAN KWITANG BAWAH SUTET (SEGITIGA),,,,,,,,False,,,GAMBIR,
rth-20dda19ca370,JH SEGITIGA LAMPU MERAH JL. MEDAN MERDEKA TIMUR (SIMPANG LAMPU MERAH JL. MEDAN MERDEKA TIMUR DENGAN JALAN SILANG MONAS TENGGARA,,,Jakarta Pusat,JH SEGITIGA LAMPU MERAH JL. MEDAN MERDEKA TIMUR (SIMPANG LAMPU MERHA JL. MEDAN MERDEKA TIMUR DENGAN JALAN SILANG MONAS TENGGARA,,,,,,,,False,,,GAMBIR,
rth-c2a4da34d869,RTH JL. MUARA GG. CILIWUNG III RT. 006 RW. 03,,,Jakarta Selatan,JL. MUARA GG. CILIWUNG III RT. 006 RW. 03,,,,,,,,False,,,JAGAKARSA,TANJUNG BARAT
rth-30dc14b5ce9b,RTH JL. MUARA RT. 008 RW. 02,,,Jakarta Selatan,JL. MUARA RT. 008 RW. 02,,,,,,,,False,,,JAGAKARSA,TANJUNG BARAT
rth-9b371db30212,RTH JL. GINTUNG GG. 100 RT. 011 RW. 02,,,Jakarta Selatan,"JL. GINTUNG, KEL. TANJUNG BARAT, KEC. JAGAKARSA, JAKARTA SELATAN",,,,,,,,False,,,JAGAKARSA,TANJUNG BARAT
rth-be92075b75be,RTH JL. TB SIMATUPANG (DEPAN KAV. ANTAM),,,Jakarta Selatan,JL. TB SIMATUPANG (DEPAN KAV. ANTAM),,,,,,,,False,,,JAGAKARSA,TANJUNG BARAT
rth-90c30bcae2b8,RTH JL. TB SIMATUPANG RT 010 RW 04,,,Jakarta Selatan,JL. TB SIMATUPANG RT 010 RW 04,,,,,,,,False,,,JAGAKARSA,TANJUNG BARAT
rth-b483e8e14e4b,"RTH RT. 11 RW. 02, KELURAHAN TANJUNG BARAT, KECAMATAN JAGAKARSA",,,Jakarta Selatan,"RT. 11 RW. 02, KELURAHAN TANJUNG BARAT, KECAMATAN JAGAKARSA",,,,,,,,False,,,JAGAKARSA,TANJUNG BARAT
rth-1ffeb79b8264,RTH TAMAN GINTUNG,,,Jakarta Selatan,JL. GINTUNG TANJUNG BARAT RT. 011 RW. 02,,,,,,,,False,,,JAGAKARSA,TANJUNG BARAT
rth-d268e945fead,"RTH JL. TANJUNG BARAT RT. 009 RW. 05, KELURAHAN TANJUNG BARAT, KECAMATAN JAGAKARSA, JAKARTA SELATAN",,,Jakarta Selatan,"JL. TANJUNG BARAT RT. 009 RW. 05, KELURAHAN TANJUNG BARAT, KECAMATAN JAGAKARSA, JAKARTA SELATAN",,,,,,,,False,,,JAGAKARSA,TANJUNG BARAT
rth-69cd2e45853f,TAMAN GANTARA,,,Jakarta Selatan,"JL. H. RAYA NO. 7A RT 005 RW 010, KELURAHAN GANDARIA UTARA, KECAMATAN KEBAYORAN BARU, JAKARTA SELATAN",,,,,,,,False,,,KEBAYORAN BARU,GANDARIA UTARA
rth-99b57301dac6,TAMAN YADO,,,Jakarta Selatan,"JL. YADO 3, RT.7, GANDARIA UTARA, KEC. KBY. BARU, KOTA JAKARTA SELATAN, DAERAH KHUSUS IBUKOTA JAKARTA 12140",,,,,,,,False,,,KEBAYORAN BARU,GANDARIA UTARA
rth-6b668dc46e0a,TAMAN RADIO DALAM VII,,,Jakarta Selatan,"JL. TAMAN RADIO DALAM RAYA NO.6, RT.6/RW.13, GANDARIA UTARA, KEC. KBY. BARU, KOTA JAKARTA SELATAN, DAERAH KHUSUS IBUKOTA JAKARTA 12140",,,,,,,,False,,,KEBAYORAN BARU,GANDARIA UTARA
rth-1a8ac47fe556,TAMAN KERINCI,,,Jakarta Selatan,"JL. KERINCI I NO.12-15, RT.6/RW.2, GUNUNG, KEC. KBY. BARU, KOTA JAKARTA SELATAN, DAERAH KHUSUS IBUKOTA JAKARTA 12120",,,,,,,,False,,,KEBAYORAN BARU,GUNUNG
rth-db28a8003816,TAMAN TEBAH,,,Jakarta Selatan,"JL. TEBAH RT 14/ 03 KEL. GUNUNG, KEC. KEBAYORAN BARU. JAKARTA SELATAN",,,,,,,,False,,,KEBAYORAN BARU,GUNUNG
rth-5c6c4f0b81e0,TAMAN DEMPO I,,,Jakarta Selatan,JL. DEMPO I 25-33 RT 007/ 003 KEL. GUNUNG KEC. KEBAYORAN BARU. JAKARTA SELATAN,,,,,,,,False,,,KEBAYORAN BARU,GUNUNG
rth-539555b902ff,TAMAN TUMBUH KEMBANG,,,Jakarta Selatan,"JL. PAKUBUWONO, RT.8/RW.4, GUNUNG, KEC. KBY. BARU, KOTA JAKARTA SELATAN, DAERAH KHUSUS IBUKOTA JAKARTA 12120",,,,,,,,False,,,KEBAYORAN BARU,GUNUNG
rth-1935c9c29adf,TAMAN HANG JEBAT VII,,,Jakarta Selatan,"JL. HANG JEBAT VI NO.6, RT.5/RW.4, GUNUNG, KEC. KBY. BARU, KOTA JAKARTA SELATAN, DAERAH KHUSUS IBUKOTA JAKARTA 12120",,,,,,,,False,,,KEBAYORAN BARU,GUNUNG
rth-665ac75fb323,TAMAN HANG JEBAT IX,,,Jakarta Selatan,"JL. HANG JEBAT IX 12-2, RT.8/RW.4, GUNUNG, KEC. KBY. BARU, KOTA JAKARTA SELATAN, DAERAH KHUSUS IBUKOTA JAKARTA 12120",,,,,,,,False,,,KEBAYORAN BARU,GUNUNG
rth-bc9becd08cd9,TAMAN HANG TUAH RAYA,,,Jakarta Selatan,"JL. HANG TUAH 4, RT.2/RW.4, GUNUNG, KEC. KBY. BARU, KOTA JAKARTA SELATAN, DAERAH KHUSUS IBUKOTA JAKARTA 12120",,,,,,,,False,,,KEBAYORAN BARU,GUNUNG
rth-503a15bb5bb1,TAMAN HANG TUAH II,,,Jakarta Selatan,"JL. HANG TUAH II , RT 02/04 KEL. GUNUNG KEC. KEBAYORAN BARU. JAKARTA SELATAN RT.1/RW.4, GUNUNG, KEC. KBY. BARU, KOTA JAKARTA SELATAN, DAERAH KHUSUS IBUKOTA JAKARTA 12120",,,,,,,,False,,,KEBAYORAN BARU,GUNUNG
rth-1126ac391a89,TAMAN PAKUBUWONO APOTEK,,,Jakarta Selatan,"JL. PAKUBUWONO VI 2GUNUNG RT 05/06, KEC. KBY. BARU, KOTA JAKARTA SELATAN, DAERAH KHUSUS IBUKOTA JAKARTA 12120",,,,,,,,False,,,KEBAYORAN BARU,GUNUNG
rth-b172162bb511,TAMAN PAKUBUWONO,,,Jakarta Selatan,"JL. PAKUBUWONO VI 8-6, GUNUNG, KEC. KBY. BARU, KOTA JAKARTA SELATAN, DAERAH KHUSUS IBUKOTA JAKARTA 12120",,,,,,,,False,,,KEBAYORAN BARU,GUNUNG
rth-830f3ce87b0d,TAMAN MARTIMBANG II,,,Jakarta Selatan,"JL. MARTIMBANG II NO.6, GUNUNG, KEC. KBY. BARU, KOTA JAKARTA SELATAN, DAERAH KHUSUS IBUKOTA JAKARTA 12120",,,,,,,,False,,,KEBAYORAN BARU,GUNUNG
rth-7d198feb77bb,TAMAN MARTIMBANG III,,,Jakarta Selatan,"JL. MARTIMBANG III 5-3, RT.7/RW.5, GUNUNG, KEC. KBY. BARU, KOTA JAKARTA SELATAN, DAERAH KHUSUS IBUKOTA JAKARTA 12120",,,,,,,,False,,,KEBAYORAN BARU,GUNUNG
rth-a3e32010e66b,TAMAN MARTIMBANG IV,,,Jakarta Selatan,"JL. MARTIMBANG IV NO.2,RT.7/RW.5, GUNUNG, KEC. KBY. BARU, KOTA JAKARTA SELATAN, DAERAH KHUSUS IBUKOTA JAKARTA 12120",,,,,,,,False,,,KEBAYORAN BARU,GUNUNG
rth-d8b9f640f3ef,TAMAN POM SMK 30,,,Jakarta Selatan,"JL. PAKUBUWONO 6 - JL LAUSER (SMK 30) , KEL. GUNUNG, KEC. KEBAYORAN BARU. JAKARTA SELATAN",,,,,,,,False,,,KEBAYORAN BARU,GUNUNG
rth-d449e42c476a,TAMAN DEPAN POS POLISI PURING,,,Jakarta Selatan,"JL. KYAI MAJA,RT.7/.1, KEL. KRAMAT PELA, KEC. KEBAYORAN BARU. JAKARTA SELATAN",,,,,,,,False,,,KEBAYORAN BARU,GUNUNG
rth-e276fe275c4c,TAMAN BELAKANG POS POLISI PURING,,,Jakarta Selatan,JL. BACANG RT 07/01 KEL. KRAMAT PELA KEC. KEBAYORAN BARU. JAKARTA SELATAN,,,,,,,,False,,,KEBAYORAN BARU,GUNUNG
rth-b83982c7d49d,TAMAN POLSEK KEBY. BARU,,,Jakarta Selatan,"JL. KYAI MAJA, RT.7/RW.1, GUNUNG, KEC. KBY. BARU, KOTA JAKARTA SELATAN, DAERAH KHUSUS IBUKOTA JAKARTA 12120",,,,,,,,False,,,KEBAYORAN BARU,GUNUNG
rth-2be97accde75,TAMAN EX. KEBAKARAN PEJATEN BARAT,,,Jakarta Selatan,"JL. RAYA PASAR MINGGU RT 01/ 02 , PEJATEN TIM., KEC. PS. MINGGU, KOTA JAKARTA SELATAN",,,,,,,,False,,,PASAR MINGGU,PEJATEN BARAT
rth-94da91f46fc1,"RPTRA EX. GEDUNG SDN 04 JL. MENINJO PEJATEN BARAT,",rptra,RPTRA,Jakarta Selatan,"JALAN MELINJO NO. 17, RT 006/RW 007, PEJATEN BARAT, JAKARTA SELATAN.",,,,,,,,False,,,PASAR MINGGU,PEJATEN BARAT
rth-2aedd840f8ec,RTH PASAR MINGGU (TAMAN PEJATIAN),,,Jakarta Selatan,"JL. PASAR MINGGU NO. 8/33A RT 002 RW 005 KEL. PEJATEN BARAT KEC. PASAR MINGGU, JAKARTA SELATAN",,,,,,,,False,,,PASAR MINGGU,PEJATEN BARAT
rth-8efed1e76d8b,TAMAN PERIKANAN,,,Jakarta Selatan,"JL. KOMP. PERIKANAN RT 008 RW 001, KEL. PEJATEN TIMUR, KEC. PASAR MINGGU",,,,,,,,False,,,PASAR MINGGU,PEJATEN TIMUR
rth-daed5ef148fa,TAMAN DEPAN STASIUN KA. PASAR MINGGU,,,Jakarta Selatan,JL. RAYA PASAR MINGGU KEC. PASAR MINGGU,,,,,,,,False,,,PASAR MINGGU,PEJATEN TIMUR
rth-4b7e1112a6b1,TAMAN JLN. KEMUNING DALAM I,,,Jakarta Selatan,JL. KEMUNING DALAM I KEL. PEJATEN TIMUR KEC. PASAR MINGGU,,,,,,,,False,,,PASAR MINGGU,PEJATEN TIMUR
rth-b06dc28ccdda,TAMAN BAKIN,,,Jakarta Selatan,"JL. RAYA PASAR MINGGU 9-7, RT 01/02 PEJATEN TIM., KEC. PS. MINGGU, KOTA JAKARTA SELATAN,",,,,,,,,False,,,PASAR MINGGU,PEJATEN TIMUR
rth-baf9e94369f1,"RTH JL. TANJUNG BARAT NO. 73A RT. 012 RW. 008, KELURAHAN PEJATEN TIMUR, KECAMATAN PASAR MINGGU, JAKARTA SELATAN",,,Jakarta Selatan,"JL. TANJUNG BARAT NO. 73A RT. 012 RW. 008, KELURAHAN PEJATEN TIMUR, KECAMATAN PASAR MINGGU, JAKARTA SELATAN",,,,,,,,False,,,PASAR MINGGU,PEJATEN TIMUR
rth-b79687dc78f9,"RTH JL. KEBAGUSAN RAYA KELURAHAN RAGUNAN KECAMATAN PASAR MINGGU, JAKARTA SELATAN",,,Jakarta Selatan,JL. KEBAGUSAN RAYA KEL. RAGUNAN KEC. PASAR MINGGU JAKARTA SELATAN,,,,,,,,False,,,PASAR MINGGU,RAGUNAN
rth-2803cda2fe87,TAMAN BUMI PERKEMAHAN RAGUNAN,,,Jakarta Selatan,"JL. HR. HARSONO/JL. MARGASATWA, JAKARTA SELATAN",,,,,,,,False,,,PASAR MINGGU,RAGUNAN
rth-983d2aaced50,RTH SD 07 (TAMAN BENDUNGAN INDAH),,,Jakarta Selatan,"JL. SD 07 PAGI RT 006 RW 009 KEL. RAGUNAN KEC. PASAR MINGGU, JAKARTA SELATAN",,,,,,,,False,,,PASAR MINGGU,RAGUNAN
rth-85a468b9073d,RTH PUSDIKLAT PLN,,,Jakarta Selatan,"JL. PONCOL PUSDIKLAT PLN RT 011 RW 005, KEL. RAGUNAN, KEC. PASAR MINGGU, JAKARTA SELATAN",,,,,,,,False,,,PASAR MINGGU,RAGUNAN
rth-23dabcc86a3a,RTH KEBAGUSAN RAYA,,,Jakarta Selatan,"JL. KEBAGUSAN RAYA, KEL. RAGUNAN, KEC. PASAR MINGGU, JAKARTA SELATAN",,,,,,,,False,,,PASAR MINGGU,RAGUNAN
rth-e1bf0bf390c8,RTH HANKAM/ TAMAN PANGERAN WIRAGUNA (TAMAN PAWIRA),,,Jakarta Selatan,"JL. HANKAM NO 12 RT 005 RW 011 KEL. RAGUNAN KEC. PASAR MINGGU, JAKARTA SELATAN",,,,,,,,False,,,PASAR MINGGU,RAGUNAN
rth-6485b9d62be5,TAMAN MARGASATWA RAGUNAN,,,Jakarta Selatan,"JL. HARSONO RM NO.1, RAGUNAN, PS. MINGGU, KOTA JAKARTA SELATAN",,,,,,,,False,,,PASAR MINGGU,RAGUNAN
rth-112bb2846631,TAMAN TANJUNG I,,,Jakarta Selatan,"JL. TB. SIMATUPANG RT. 010/ 04, KEL. TANJUNG BARAT KEC. PASAR MINGGU. JAKARTA SELATAN",,,,,,,,False,,,PASAR MINGGU,TANJUNG BARAT
rth-b4a611d52464,TAMAN CENDRAWASIH BINTARO,,,Jakarta Selatan,"JL. BINTARO RAYA SEKTOR 1 RT 08/08 , KEL. BINTARO, KEC. PESANGGRAHAN. JAKARTA SELATAN",,,,,,,,False,,,PESANGGRAHAN,BINTARO
rth-45b0a4f17f15,TAMAN RTH INTERAKTIF BINTARO,,,Jakarta Selatan,"JL. BINTARO PERMAI III 9-15, RT.6/ .9, KEL. BINTARO, KEC. PESANGGRAHAN, KOTA JAKARTA SELATAN",,,,,,,,False,,,PESANGGRAHAN,BINTARO
rth-64a20664853a,TAMAN EX PS. BINTARO,,,Jakarta Selatan,"JL. BINTARO PERMAI 3, RT.1/ 9, KEL. BINTARO, KEC. PESANGGRAHAN, KOTA JAKARTA SELATAN",,,,,,,,False,,,PESANGGRAHAN,BINTARO
rth-1965b32bf56b,TAMAN BUNDARAN BAWAH FO RC VETERAN (SISI BARAT),,,Jakarta Selatan,"JL. BHAKTI RT 8/1, KEL BINTARO, KEC. PESANGGRAHAN",,,,,,,,False,,,PESANGGRAHAN,BINTARO
rth-8c3d8dbf6380,TAMAN BUNDARAN BAWAH FO RC VETERAN (SISI TIMUR),,,Jakarta Selatan,"JL. RC. VETERAN RAYA, RT.8/RW.1, BINTARO, KEC. PESANGGRAHAN, KOTA JAKARTA SELATAN,",,,,,,,,False,,,PESANGGRAHAN,BINTARO
rth-cedf71ea33de,TAMAN IKPN,,,Jakarta Selatan,"JL. IKPN, RT 03/ 04 KEL. BINTARO, KEC. PESANGGRAHAN. JAKARTA SELATAN",,,,,,,,False,,,PESANGGRAHAN,BINTARO
rth-8caad4957ec7,TAMAN BINTARO JAYA,,,Jakarta Selatan,"JL. MANYAR RT.5/RW.8, BINTARO, KEC. PESANGGRAHAN, KOTA JAKARTA SELATAN,",,,,,,,,False,,,PESANGGRAHAN,BINTARO
rth-428fdd78fe03,RTH TAMAN RAWA PAPAN,,,Jakarta Selatan,"JL. RAWA PAPAN RT 011 RW 006, KEL. BINTARO, KEC. PESANGGRAHAN, JAKARTA SELATAN",,,,,,,,False,,,PESANGGRAHAN,BINTARO
rth-fc31ed17ee61,TAMAN MADRASAH BAWAH,,,Jakarta Selatan,"JL. MADRASAH BAWAH RW 012, KEL. BINTARO, KEC. PESANGGRAHAN, JAKARTA SELATAN",,,,,,,,False,,,PESANGGRAHAN,BINTARO
rth-842ad115386d,RTH JL. RAWA PAPAN RT. 011 RW. 06,,,Jakarta Selatan,JL. RAWA PAPAN RT. 011 RW. 06,,,,,,,,False,,,PESANGGRAHAN,BINTARO
rth-f50ee5ee0902,HUTAN KOTA CIRACAS,,,Jakarta Timur,JL. CENTEX RT 006 RW 03 KEL. CIRACAS KEC. CIRACAS JAKARTA TIMUR,,,,,,,,False,,,CIRACAS,CIRACAS
rth-c20fb9b55aae,TAMAN LAYANGAN,,,Jakarta Timur,"JL. PENGANTIN ALI NO.73, RT.6/RW.6, CIRACAS, KEC. CIRACAS, KOTA JAKARTA TIMUR, DAERAH KHUSUS IBUKOTA JAKARTA 13740",,,,,,,,False,,,CIRACAS,CIRACAS
rth-94fd58703537,TAMAN RTH CIRACAS,,,Jakarta Timur,"JL. RAYA CIRACAS NO.71, RT.6/RW.5, CIRACAS, KEC. CIRACAS, KOTA JAKARTA TIMUR, DAERAH KHUSUS IBUKOTA JAKARTA 13740",,,,,,,,False,,,CIRACAS,CIRACAS
rth-29e028ae1fc6,TAMAN CERIA CIRACAS,,,Jakarta Timur,"JL. CENTEX GG. MASJID, KEL. CIRACAS, KEC. CIRACAS, JAKARTA TIMUR",,,,,,,,False,,,CIRACAS,CIRACAS
rth-b8f290497795,TAMAN PALEM,,,Jakarta Timur,"JL. KOMP. IMIGRASI NO.1, RT.1/RW.2, TUGU UTARA, KEC. KOJA, JKT UTARA, DAERAH KHUSUS IBUKOTA JAKARTA 14260",,,,,,,,False,,,CIRACAS,CIRACAS
rth-f6d019772905,RTH PKP 63 (TAMAN IMPIAN),,,Jakarta Timur,"JL. PKP NO. 63 RT 010 RW 004 KEL. CIRACAS KEC. CIRACAS, JAKARTA TIMUR",,,,,,,,False,,,CIRACAS,CIRACAS
rth-cabba721e615,RTH KEC. CIRACAS,,,Jakarta Timur,"RW 001 KEL. CIRACAS KEC. CIRACAS, JAKARTA TIMUR",,,,,,,,False,,,CIRACAS,CIRACAS
rth-8dafda4ebf14,RTH CENTEX GG. MEBEL,,,Jakarta Timur,"JL. RAYA CENTEX NO. 76 RT 006 RW 003 KEL. CIRACAS KEC. CIRACAS, JAKARTA TIMUR",,,,,,,,False,,,CIRACAS,CIRACAS
rth-91ee49e4d305,TAMAN MAHONI,,,Jakarta Timur,"JALAN RAYA PKP, RT.7/RW.9, CIBUBUR, CIRACAS, RT.7/RW.9, KLP. DUA WETAN, KEC. CIRACAS, KOTA JAKARTA TIMUR, DAERAH KHUSUS IBUKOTA JAKARTA 13730",,,,,,,,False,,,CIRACAS,KELAPA DUA WETAN
rth-82c055d30b61,TAMAN TULIP,,,Jakarta Timur,"RT.4/RW.10, KLP. DUA WETAN, KEC. CIRACAS, KOTA JAKARTA TIMUR, DAERAH KHUSUS IBUKOTA JAKARTA 13730",,,,,,,,False,,,CIRACAS,KELAPA DUA WETAN
rth-9a56a99f60ec,TAMAN SEGITIGA LAPANGAN TEMBAK,,,Jakarta Timur,"JL. LAP. TEMBAK NO.8, RT.5/RW.7, KLP. DUA WETAN, KEC. CIRACAS, KOTA JAKARTA TIMUR, DAERAH KHUSUS IBUKOTA JAKARTA 13720",,,,,,,,False,,,CIRACAS,KELAPA DUA WETAN
rth-da461a99c11e,TAMAN APUNG,,,Jakarta Timur,"JL. LAPANGAN TEMBAK, KEL. KELAPA DUA WETAN, KEC. CIRACAS, JAKARTA TIMUR",,,,,,,,False,,,CIRACAS,KELAPA DUA WETAN
rth-dc8044649b46,TAMAN SEGITIGA SHELTER BUSWAY JL. BARU,,,Jakarta Timur,"JL. LINGKAR LUAR SELATAN (KAMPUNG RAMBUTAN), CIRACAS",,,,,,,,False,,,CIRACAS,KELAPA DUA WETAN
rth-90c1a9b2e246,TAMAN KAMPUS PKP,,,Jakarta Timur,"JL. RAYA PKP, RT.1/RW.8, KLP. DUA WETAN, KEC. CIRACAS, KOTA JAKARTA TIMUR, DAERAH KHUSUS IBUKOTA JAKARTA 13730",,,,,,,,False,,,CIRACAS,KELAPA DUA WETAN
rth-31e2d516e135,RTH JL. KAMPUNG BARU RT. 010 RW. 09,,,Jakarta Timur,"JL. KAMPUNG BARU RT 010 RW 009, KEL. KELAPA DUA WETAN , KEC. CIRACAS, JAKARTA TIMUR",,,,,,,,False,,,CIRACAS,KELAPA DUA WETAN
rth-95c1c8be9867,RTH DELIMA II,,,Jakarta Timur,"JL. DELIMA II, KEL. KELAPA DUA WETAN, KEC. CIRACAS, JAKARTA TIMUR",,,,,,,,False,,,CIRACAS,KELAPA DUA WETAN
rth-96afc766eb68,RTH SETAPAK,,,Jakarta Timur,"JL. SETAPAK RT 002 RW 007 KEL. KELAPA DUA WETAN KEC. CIRACAS, JAKARTA TIMUR",,,,,,,,False,,,CIRACAS,KELAPA DUA WETAN
rth-04b5029ee8f7,TAMAN CENDANA,,,Jakarta Timur,JL.MASJID NO:10 RT4/4 CIBUBUR KEC.CIRACAS JAKARTA TIMUR,,,,,,,,False,,,CIRACAS,LUBANG BUAYA
rth-85bfe00edf28,JH. JL. PKP DAN KIWI,,,Jakarta Timur,JH. JL. PKP DAN KIWI,,,,,,,,False,,,CIRACAS,
rth-f77b97f5b7f4,JH. KELAPA DUA WETAN,,,Jakarta Timur,JH. KELAPA DUA WETAN,,,,,,,,False,,,CIRACAS,
rth-920cdd6f4bc7,JH. JL. RAYA BOGOR,,,Jakarta Timur,JH. JL. RAYA BOGOR,,,,,,,,False,,,CIRACAS,
rth-f082fd6c4acc,JH. JL. SUPRIYADI,,,Jakarta Timur,JH. JL. SUPRIYADI,,,,,,,,False,,,CIRACAS,
rth-99d698264156,JH. JL. BAPING,,,Jakarta Timur,JH. JL. BAPING,,,,,,,,False,,,CIRACAS,
rth-bf4effa9886a,JH. JL. SUSUKAN,,,Jakarta Timur,JH. JL. SUSUKAN,,,,,,,,False,,,CIRACAS,
rth-92328e20b2e8,JH. JL. PONCOL,,,Jakarta Timur,JH. JL. PONCOL,,,,,,,,False,,,CIRACAS,
rth-f92886a2037f,JH. KARYA BAKTI,,,Jakarta Timur,JH. KARYA BAKTI,,,,,,,,False,,,CIRACAS,
rth-2e8b8b4118bc,JH. JL. LAPANGAN TEMBAK,,,Jakarta Timur,JH. JL. LAPANGAN TEMBAK,,,,,,,,False,,,CIRACAS,
rth-4bf0b45f82ad,JH. JL. JAMBORE CIBUBUR,,,Jakarta Timur,JH. JL. JAMBORE CIBUBUR,,,,,,,,False,,,CIRACAS,
rth-cf8e1dd80611,JH. JL. PUSDIKA,,,Jakarta Timur,JH. JL. PUSDIKA,,,,,,,,False,,,CIRACAS,
rth-ad5f28286837,JALUR TEPIAN AIR WADUK RAMBUTAN SISI UTARA,,,Jakarta Timur,WADUK RAMBUTAN SISI UTARA,,,,,,,,False,,,CIRACAS,RAMBUTAN
rth-5b0fa8c5ab61,JALUR TEPIAN AIR WADUK RAMBUTAN SISI SELATAN,,,Jakarta Timur,WADUK RAMBUTAN SISI SELATAN,,,,,,,,False,,,CIRACAS,RAMBUTAN
rth-343bf3806917,JH JL. MUSI,,,Jakarta Pusat,JH JL. MUSI,,,,,,,,False,,,GAMBIR,
rth-9797b6c2e330,JH JL RIDWAN RAIS S/D PEDESTRIAN JL. ARIF RACHMAN HAKIM (SAMPAI DEPAN ARYADUTA),,,Jakarta Pusat,JH JL RIDWAN RAIS S/D PEDESTRIAN JL. ARIF RACHMAN HAKIM (SAMPAI DEPAN ARYADUTA),,,,,,,,False,,,GAMBIR,
rth-5e6025a4e7ac,JH JL. PEJAMBON (DARI KEMENAG SD SEGITIGA STA. GAMBIR),,,Jakarta Pusat,JH JL. PEJAMBON (DARI KEMENAG SD SEGITIGA STA. GAMBIR),,,,,,,,False,,,GAMBIR,PASAR BARU
rth-13a96b11f97d,JH JL. SUKARJO WIRYO PRANOTO,,,Jakarta Pusat,JH JL. SUKARJO WIRYO PRANOTO,,,,,,,,False,,,GAMBIR,PETOJO SELATAN
rth-706cf6b0c7e1,JH JL. ABDUL MUIS (SISI BARAT),,,Jakarta Pusat,JL. ABDUL MUIS,,,,,,,,False,,,GAMBIR,PETOJO SELATAN
rth-3154205c52fa,JH PEDESTRIAN JL. TANAH ABANG III (TANAMAN BARU PASCA PROYEK PEDESTRIAN),,,Jakarta Pusat,JH PEDESTRIAN JL. TANAH ABANG III (TANAMAN BARU PASCA PROYEK PEDESTRIAN),,,,,,,,False,,,GAMBIR,PETOJO SELATAN
rth-ad196095e692,JH PEDESTRIAN JL. TANAH ABANG I (TANAMAN BARU PASCA PROYEK PEDESTRIAN),,,Jakarta Pusat,JH PEDESTRIAN JL. TANAH ABANG I (TANAMAN BARU PASCA PROYEK PEDESTRIAN),,,,,,,,False,,,GAMBIR,PETOJO SELATAN
rth-97e583e250c0,JH JL. TANAH ABANG I (PINGGIR KALI SISI BANK BRI),,,Jakarta Pusat,JH JL. TANAH ABANG I (PINGGIR KALI SISI BANK BRI),,,,,,,,False,,,GAMBIR,PETOJO SELATAN
rth-9d9c7a108fe4,JH JL. KESEHATAN RAYA,,,Jakarta Pusat,JH JL. KESEHATAN RAYA,,,,,,,,False,,,GAMBIR,PETOJO SELATAN
rth-9f1c4366c296,JH TEPIAN AIR JL. ABDUL MUIS (SISI TIMUR),,,Jakarta Pusat,JH TEPIAN AIR JL. ABDUL MUIS (SISI TIMUR),,,,,,,,False,,,GAMBIR,PETOJO SELATAN
rth-d07d5180f531,TAMAN TANAH ABANG I (JH),,,Jakarta Pusat,TAMAN TANAH ABANG I (JH),,,,,,,,False,,,GAMBIR,PETOJO SELATAN
rth-d7fec2a95c58,SEGITIGA RALIN,,,Jakarta Pusat,SEGITIGA RALIN,,,,,,,,False,,,GAMBIR,PETOJO SELATAN
rth-aaf69bab4f84,POT-POT JL. SURYOPRANOTO (20 POT BESI. 10 POT BETON)),,,Jakarta Pusat,JL. SURYAPRANOTO,,,,,,,,False,,,GAMBIR,PETOJO SELATAN
rth-e5c6d92399fb,JH JL. TANAH ABANG II,,,Jakarta Pusat,JH JL. TANAH ABANG II,,,,,,,,False,,,GAMBIR,PETOJO SELATAN
rth-8de4faa01034,JALUR JL. MAJAPAHIT,,,Jakarta Pusat,JALUR JL. MAJAPAHIT,,,,,,,,False,,,GAMBIR,PETOJO SELATAN
rth-4ae38745eb37,TAMAN KANTOR WALIKOTA,,,Jakarta Pusat,"JL. TANAH ABANG I NO.1 PETOJO SELATAN GAMBIR RT.11, RT.11/RW.8, PETOJO SEL., KECAMATAN GAMBIR, KOTA JAKARTA PUSAT, DAERAH KHUSUS IBUKOTA JAKARTA 10160",,,,,,,,False,,,GAMBIR,PETOJO SELATAN
rth-80ed061f5bb6,TAMAN PETOJO SABANGAN VI,,,Jakarta Pusat,"JL. PETOJO SABANGAN VI 8, RT.4/RW.4, PETOJO SEL., KECAMATAN GAMBIR, KOTA JAKARTA PUSAT, DAERAH KHUSUS IBUKOTA JAKARTA 10160",,,,,,,,False,,,GAMBIR,PETOJO SELATAN
rth-7c0dd9b4e4cc,TAMAN PETOJO SABANGAN VII,,,Jakarta Pusat,"JL. PETOJO SABANGAN VII 5, RT.3/RW.4, PETOJO SEL., KECAMATAN GAMBIR, KOTA JAKARTA PUSAT, DAERAH KHUSUS IBUKOTA JAKARTA 10160",,,,,,,,False,,,GAMBIR,PETOJO SELATAN
rth-b73d6382e09c,TAMAN THOMAS,,,Jakarta Pusat,"JL. CIDENG TIM. RAYA NO.87, RT.14/RW.2, PETOJO SELATAN., KECAMATAN GAMBIR, KOTA JAKARTA PUSAT, DAERAH KHUSUS IBUKOTA JAKARTA 10160",,,,,,,,False,,,GAMBIR,PETOJO SELATAN
rth-b1dd9b12812c,JH JL. GAJAH MADA S/D POS KOTA,,,Jakarta Pusat,JH JL. GAJAH MADA S/D POS KOTA,,,,,,,,False,,,GAMBIR,PETOJO UTARA
rth-5cc11f9f6e2b,JH JL. SEKOLAH,,,Jakarta Pusat,JH JL. SEKOLAH,,,,,,,,False,,,GAMBIR,PETOJO UTARA
rth-b6dabc7baecd,TAMAN GALUR RW.06 & RW.07 KEL. GALUR,,,Jakarta Pusat,"JL. GALUR SELATAN RW.06, GALUR, KEC. JOHAR BARU, KOTA JAKARTA PUSAT, DAERAH KHUSUS IBUKOTA JAKARTA 10530",,,,,,,,False,,,JOHAR BARU,GALUR
rth-ec2a69310d0b,TAMAN GALUR (EKS PEMBAKARAN),,,Jakarta Pusat,"JL. LETJEND. SUPRAPTO, KEL. TANAH TINGGI, KEC. JOHAR BARU,",,,,,,,,False,,,JOHAR BARU,GALUR
rth-893b221b89f9,"JH JL. PERCETAKAN NEGARA I PINGGIR REL, JH JL. PERCETAKAN NEGARA I EKS KAKI LIMA",,,Jakarta Pusat,"JH JL. PERCETAKAN NEGARA I PINGGIR REL, JH JL. PERCETAKAN NEGARA I EKS KAKI LIMA",,,,,,,,False,,,JOHAR BARU,JOHAR BARU
rth-4c5a6bd877b4,JH JL. PERCETAKAN NEGARA II,,,Jakarta Pusat,JH JL. PERCETAKAN NEGARA II,,,,,,,,False,,,JOHAR BARU,JOHAR BARU
rth-75fe32321733,TAMAN SENTIONG/TAMAN SENGON,,,Jakarta Pusat,"JL. KRAMAT SENTIONG NO.1, RT.1/RW.1, JOHAR BARU, KEC. JOHAR BARU, KOTA JAKARTA PUSAT, DAERAH KHUSUS IBUKOTA JAKARTA 10560",,,,,,,,False,,,JOHAR BARU,JOHAR BARU
rth-0d4cc8e2a24d,TAMAN JOHAR BARU (SAMPING KANTOR KECAMATAN),,,Jakarta Pusat,"JL. JOHAR BARU UTARA I NO.1, RT.12/RW.3, JOHAR BARU, KEC. JOHAR BARU, KOTA JAKARTA PUSAT, DAERAH KHUSUS IBUKOTA JAKARTA 10560",,,,,,,,False,,,JOHAR BARU,JOHAR BARU
rth-f97b6c759a52,JH JL. LET. JEND. SUPRAPTO SISI MEDIAN DARI REL SAMPAI FO GALUR DAN BAK TANAMAN GALUR,,,Jakarta Pusat,JH JL. LET. JEND. SUPRAPTO SISI MEDIAN DARI REL SAMPAI FO GALUR DAN BAK TANAMAN GALUR,,,,,,,,False,,,JOHAR BARU,
rth-2772cf6e28d5,JL. TANAH TINGGI I A (SUPRAPTO S/D PASAR GAPLOK) (PROYEK 2018),,,Jakarta Pusat,JL. TANAH TINGGI I A (SUPRAPTO S/D PASAR GAPLOK) (PROYEK 2018),,,,,,,,False,,,JOHAR BARU,TANAH TINGGI
rth-82ccb22ee5fa,TAMAN HANG TUAH III,,,Jakarta Selatan,"JL. HANG TUAH 3 1-2, RT.1/RW.4, GUNUNG, KEC. KBY. BARU, KOTA JAKARTA SELATAN, DAERAH KHUSUS IBUKOTA JAKARTA 12120",,,,,,,,False,,,KEBAYORAN BARU,GUNUNG
rth-c888e04fa708,TAMAN DEMPO II,,,Jakarta Selatan,"JL. DEMPO II 10-2, RT.8/RW.3, GUNUNG, KEC. KBY. BARU, KOTA JAKARTA SELATAN, DAERAH KHUSUS IBUKOTA JAKARTA 12120",,,,,,,,False,,,KEBAYORAN BARU,GUNUNG
rth-a4107e289eb6,TAMAN UJUNG LEUSEUR,,,Jakarta Selatan,"JL. LAUSER NO.4, RT.8/RW.4, GUNUNG, KEC. KBY. BARU, KOTA JAKARTA SELATAN, DAERAH KHUSUS IBUKOTA JAKARTA 12120",,,,,,,,False,,,KEBAYORAN BARU,GUNUNG
rth-a07d77d082ae,TAMAN LEUSEUR,,,Jakarta Selatan,"JL. LEUSER, JAKARTA SELATAN",,,,,,,,False,,,KEBAYORAN BARU,GUNUNG
rth-b63c9bd9f563,TAMAN VILA SAWO,,,Jakarta Selatan,"JL. DAMAI RAYA NO.3 NO.16, RT.3/RW.4, CIPETE UTARA, KEC. KBY. BARU, KOTA JAKARTA SELATAN, DAERAH KHUSUS IBUKOTA JAKARTA 12150",,,,,,,,False,,,KEBAYORAN BARU,KEBAYORAN LAMA SELATAN
rth-a482bbd7ed58,TAMAN SD MEXICO,,,Jakarta Selatan,"JL. HANG LEKIR V, RT.4/RW.6, GUNUNG, KEC. KBY. BARU, KOTA JAKARTA SELATAN, DAERAH KHUSUS IBUKOTA JAKARTA 12120",,,,,,,,False,,,KEBAYORAN BARU,KEBAYORAN LAMA SELATAN
rth-34a96d7f858b,TAMAN VELBAK,,,Jakarta Selatan,"JL. PAKUBUWONO VI & JL. KYAI MAJA RT 004/ 007 KEL. GUNUNG, KEC. KEBAYORAN BARU. JAKARTA SELATAN",,,,,,,,False,,,KEBAYORAN BARU,KRAMAT PELA
rth-0d2f12f6dd8d,TAMAN RADIO I,,,Jakarta Selatan,JL. RADIO I KEL. KERAMAT PELA KEC. KEBAYORAN BARU. JAKARTA SELATAN,,,,,,,,False,,,KEBAYORAN BARU,KRAMAT PELA
rth-d32afbd0b061,TAMAN RADIO II,,,Jakarta Selatan,JL. RADIO II KEL. KERAMAL PELA KEC. KEBAYORAN BARU. JAKARTA SELATAN,,,,,,,,False,,,KEBAYORAN BARU,KRAMAT PELA
rth-0859f34584c5,TAMAN PELA,,,Jakarta Selatan,JL. PELA KEL. KRAMAT PELA KEC. KEBAYORAN BARU. JAKARTA SELATAN,,,,,,,,False,,,KEBAYORAN BARU,KRAMAT PELA
rth-15c6bcef4e26,TM. BARITO SAYAP IBU,,,Jakarta Selatan,"JL. BARITO II, RT.5/RW.4, KRAMAT PELA, KEC. KBY. BARU, KOTA JAKARTA SELATAN, DAERAH KHUSUS IBUKOTA JAKARTA 12130",,,,,,,,False,,,KEBAYORAN BARU,KRAMAT PELA
rth-dd38bf338390,TAMAN GANDARIA I,,,Jakarta Selatan,"JL. GANDARIA 1 1-37, RT.1/RW.9, KRAMAT PELA, KEC. KBY. BARU, KOTA JAKARTA SELATAN, DAERAH KHUSUS IBUKOTA JAKARTA 12130",,,,,,,,False,,,KEBAYORAN BARU,KRAMAT PELA
rth-fa067a453bbc,"TAMAN GANDARIA TENGAH I,II, III",,,Jakarta Selatan,"JL. GANDARIA TENGAH II RT 09/01 KEC. KRAMAT PELA, KEC. KEB. BARU. JAKARTA SELATAN",,,,,,,,False,,,KEBAYORAN BARU,KRAMAT PELA
rth-116ba3a798a4,TAMAN GANDARIA V,,,Jakarta Selatan,"JL. GANDARIA V ,RW.1, KRAMAT PELA, KEC. KBY. BARU, KOTA JAKARTA SELATAN, DAERAH KHUSUS IBUKOTA JAKARTA 12130",,,,,,,,False,,,KEBAYORAN BARU,KRAMAT PELA
rth-4d1ea4d28665,TAMAN BACANG,,,Jakarta Selatan,"JL. BACANG I, RT.4/RW.1, KRAMAT PELA, KEBAYORAN BARU, SOUTH JAKARTA CITY, JAKARTA 12130",,,,,,,,False,,,KEBAYORAN BARU,KRAMAT PELA
rth-06c25e6e6664,TAMAN SAMBAS I,,,Jakarta Selatan,"JL. SUNGAI SAMBAS V 3, RT.3/RW.5, KRAMAT PELA, KEC. KBY. BARU, KOTA JAKARTA SELATAN, DAERAH KHUSUS IBUKOTA JAKARTA 12130",,,,,,,,False,,,KEBAYORAN BARU,KRAMAT PELA
rth-cc810585dab6,TAMAN SAMPIT,,,Jakarta Selatan,"JL. SAMPIT RT 02/06, KEL. KRAMAT PELA KEC, KEBAYORAN BARU. JAKARTA SELATAN",,,,,,,,False,,,KEBAYORAN BARU,KRAMAT PELA
rth-4e62d88db652,TAMAN BLOK M PLAZA,,,Jakarta Selatan,"JL. MAHAKAM RT.11/RW.7, KRAMAT PELA, KEC. KEBAYORAN BARU, KOTA JAKARTA SELATAN",,,,,,,,False,,,KEBAYORAN BARU,KRAMAT PELA
rth-4fca2874457a,TAMAN KEBUN BIBIT BARITO,,,Jakarta Selatan,"JL. BARITO, RT.5/RW.4, KRAMAT PELA, KEC. KBY. BARU, KOTA JAKARTA SELATAN, DAERAH KHUSUS IBUKOTA JAKARTA 12130",,,,,,,,False,,,KEBAYORAN BARU,KRAMAT PELA
rth-6363ac63c7b8,TAMAN JL. LAMANDAU I,,,Jakarta Selatan,"JL. LAMANDAU I, JL. LAMANDAU I, RT.3/RW.7, KRAMAT PELA KEC, KEBAYORAN BARU. JAKARTA SELATAN KEC. KEBAYORAN BARU. JAKARTA SELATAN",,,,,,,,False,,,KEBAYORAN BARU,KRAMAT PELA
rth-0418bd207f61,TAMAN JL. LAMANDAU II,,,Jakarta Selatan,"JL. LAMANDAU IV NO.2, RT.11/RW.7, KRAMAT PELA, KEC. KBY. BARU, KOTA JAKARTA SELATAN, DAERAH KHUSUS IBUKOTA JAKARTA 12130",,,,,,,,False,,,KEBAYORAN BARU,KRAMAT PELA
rth-f4823b889788,TAMAN MENDAWAI IV,,,Jakarta Selatan,"JL. MENDAWAI IV RT 11/07 KEL. KRAMAT PELA, KEC. KEBAYORAN BARU",,,,,,,,False,,,KEBAYORAN BARU,KRAMAT PELA
rth-9b5eaa7f1fb7,TAMAN BLK POS POLANTAS,,,Jakarta Selatan,JL. BACANG RT 07/01 KEL. KRAMAT PELA KEC. KEBAYORAN BARU. JAKARTA SELATAN,,,,,,,,False,,,KEBAYORAN BARU,KRAMAT PELA
rth-14f81edaecf5,TAMAN BARITO II,,,Jakarta Selatan,"JL. BARITO II 19, RT.5/RW.4, KRAMAT PELA, KEC. KBY. BARU, KOTA JAKARTA SELATAN, DAERAH KHUSUS IBUKOTA JAKARTA 12130",,,,,,,,False,,,KEBAYORAN BARU,KRAMAT PELA
rth-941ef06b00db,TAMAN SAMBAS ASRI / PANGPOL,,,Jakarta Selatan,"JL. PANGLIMA POLIM, RT.2/RW.5, KRAMAT PELA, KEBAYORAN BARU, SOUTH JAKARTA CITY, JAKARTA 12130",,,,,,,,False,,,KEBAYORAN BARU,KRAMAT PELA
rth-3b4974e9df60,TAMAN LANGSAT,,,Jakarta Selatan,"JL. LANGSAT, JAKARTA SELATAN",,,,,,,,False,,,KEBAYORAN BARU,KRAMAT PELA
rth-643df05660ee,TAMAN AYODIA,,,Jakarta Selatan,"JL. LAMANDAU III NO.RT.4, RT.4/RW.7, KRAMAT PELA,",,,,,,,,False,,,KEBAYORAN BARU,KRAMAT PELA
rth-a2e248608c55,TAMAN PURING,,,Jakarta Selatan,"JL. KYAI MAJA NO.7, RT.13/RW.1, KRAMAT PELA,",,,,,,,,False,,,KEBAYORAN BARU,KRAMAT PELA
rth-67207cf14e35,RTH MADRASAH BAWAH RT 01,,,Jakarta Selatan,"JL. MADRASAH BAWAH RT 001 RW 012 KEL. BINTARO, KEC. PESANGGRAHAN, JAKARTA SELATAN",,,,,,,,False,,,PESANGGRAHAN,BINTARO
rth-efbbfcfce1f6,JALUR HIJAU JL. ADAM MALIK,,,Jakarta Selatan,JALUR HIJAU JL. ADAM MALIK,,,,,,,,False,,,PESANGGRAHAN,
rth-9f4afec8f0c4,JALUR HIJAU JL. DAMAI RAYA,,,Jakarta Selatan,JALUR HIJAU JL. DAMAI RAYA,,,,,,,,False,,,PESANGGRAHAN,
rth-ea3f834b9915,JALUR HIJAU JL. SABAR,,,Jakarta Selatan,JALUR HIJAU JL. SABAR,,,,,,,,False,,,PESANGGRAHAN,
rth-4a58408c78a5,JALUR HIJAU JL. KEMAJUAN,,,Jakarta Selatan,JALUR HIJAU JL. KEMAJUAN,,,,,,,,False,,,PESANGGRAHAN,
rth-d08dca60f373,JALUR HIJAU JL. M. SAIDI RAYA,,,Jakarta Selatan,JALUR HIJAU JL. M. SAIDI RAYA,,,,,,,,False,,,PESANGGRAHAN,
rth-1f17dc305d53,JALUR HIJAU JL. ANGGREK,,,Jakarta Selatan,JALUR HIJAU JL. ANGGREK,,,,,,,,False,,,PESANGGRAHAN,
rth-b4b363482f3a,JALUR HIJAU JL. KESEHATAN,,,Jakarta Selatan,JALUR HIJAU JL. KESEHATAN,,,,,,,,False,,,PESANGGRAHAN,
rth-0c7505719bb7,JALUR HIJAU JL. MOESTOPO,,,Jakarta Selatan,JALUR HIJAU JL. MOESTOPO,,,,,,,,False,,,PESANGGRAHAN,
rth-f7446a23d6b7,JALUR HIJAU JL. VETERAN,,,Jakarta Selatan,JALUR HIJAU JL. VETERAN,,,,,,,,False,,,PESANGGRAHAN,
rth-742c2dd97fc3,JALUR HIJAU JL. BINTARO PERMAI,,,Jakarta Selatan,JALUR HIJAU JL. BINTARO PERMAI,,,,,,,,False,,,PESANGGRAHAN,
rth-20afe7d0c99e,JALUR HIJAU JL. MUCHTAR RAYA,,,Jakarta Selatan,JALUR HIJAU JL. MUCHTAR RAYA,,,,,,,,False,,,PESANGGRAHAN,
rth-b25ef3ee2831,JALUR HIJAU JL. PALEM RAYA,,,Jakarta Selatan,JALUR HIJAU JL. PALEM RAYA,,,,,,,,False,,,PESANGGRAHAN,
rth-e0f65e8aaa65,JALUR HIJAU JL. MASJID,,,Jakarta Selatan,JALUR HIJAU JL. MASJID,,,,,,,,False,,,PESANGGRAHAN,
rth-478e8a668bc4,JALUR HIJAU JL. PESANGGRAHAN RAYA,,,Jakarta Selatan,JALUR HIJAU JL. PESANGGRAHAN RAYA,,,,,,,,False,,,PESANGGRAHAN,
rth-7ecdd3795685,JALUR HIJAU JL. BINTARO PERMAI RAYA,,,Jakarta Selatan,JALUR HIJAU JL. BINTARO PERMAI RAYA,,,,,,,,False,,,PESANGGRAHAN,
rth-8c08a44ba178,JALUR HIJAU JL. CENEK,,,Jakarta Selatan,JALUR HIJAU JL. CENEK,,,,,,,,False,,,PESANGGRAHAN,
rth-df5c1e44f988,JALUR HIJAU JL. ULUJAMI RAYA,,,Jakarta Selatan,JALUR HIJAU JL. ULUJAMI RAYA,,,,,,,,False,,,PESANGGRAHAN,
rth-6862a39877c7,JALUR HIJAU JL. SWADARMA RAYA,,,Jakarta Selatan,JALUR HIJAU JL. SWADARMA RAYA,,,,,,,,False,,,PESANGGRAHAN,
rth-bd254b604e93,JALUR HIJAU JL. PENERANGAN,,,Jakarta Selatan,JALUR HIJAU JL. PENERANGAN,,,,,,,,False,,,PESANGGRAHAN,
rth-69de045ac601,"JALUR HIJAU JL. AMD X, KEL. PETUKANGAN UTARA",,,Jakarta Selatan,"JALUR HIJAU JL. AMD X, KEL. PETUKANGAN UTARA",,,,,,,,False,,,PESANGGRAHAN,
rth-2afbe5a01cfa,JL. ARTERI M. SAIDI,,,Jakarta Selatan,JL. ARTERI M. SAIDI,,,,,,,,False,,,PESANGGRAHAN,
rth-85d9132aacec,BINTARO UTARA,,,Jakarta Selatan,BINTARO UTARA,,,,,,,,False,,,PESANGGRAHAN,
rth-9aef1b57bbd2,JALAN LAYANG NON TOLL CILEDUG,,,Jakarta Selatan,JALAN LAYANG NON TOLL CILEDUG,,,,,,,,False,,,PESANGGRAHAN,
rth-2f23e8e89fa7,FLY OVER BAWAH BINTARO PERMAI (STS),,,Jakarta Selatan,FLY OVER BAWAH BINTARO PERMAI (STS),,,,,,,,False,,,PESANGGRAHAN,
rth-7523087a1494,RTH JL. BINTARO PERMAI RAYA NO. 41 RT. 003 RW. 003,,,Jakarta Selatan,JALAN BINTARO PERMAI RAYA NO.41 RT 003 RW 003 KEL. PESANGGRAHAN KEC. PESANGGRAHAN KOTA ADMINISTRASI JAKARTA SELATAN,,,,,,,,False,,,PESANGGRAHAN,PESANGGRAHAN
rth-f3eb98c3df34,TAMAN KESADARAN 02 (SIGNAGE TAMAN ULUJAMI),,,Jakarta Selatan,"JL. ULUJAMI RAYA RT 001 RW 002 KEL. PESANGGRAHAN KEC. PESANGGRAHAN, JAKARTA SELATAN",,,,,,,,False,,,PESANGGRAHAN,PESANGGRAHAN
rth-7c7ac4cb8f87,PINTU MASUK & KELUAR TOL CILEDUG 1,,,Jakarta Selatan,"JL. M. SAIDI RAYA NO.1 A, RT.6/RW.6, PETUKANGAN SEL., KEC. PESANGGRAHAN",,,,,,,,False,,,PESANGGRAHAN,PETUKANGAN SELATAN
rth-472cea8d4262,TAMAN BLOK D,,,Jakarta Selatan,"JL. PESANGGRAHAN IV RT 006/ 06, KEL. PETUKANGAN SELATAN, KEC. PESANGGRAHAN. JAKARTA SELATAN",,,,,,,,False,,,PESANGGRAHAN,PETUKANGAN SELATAN
rth-f82c489c3505,TAMAN PESANGGRAHAN I,,,Jakarta Selatan,"JL. PESANGGRAHAN I RT 04/ 07, KEL. PETUKANGAN SELATAN, KEC. PESANGGRAHAN. JAKARTA SELATAN",,,,,,,,False,,,PESANGGRAHAN,PETUKANGAN SELATAN
rth-3ca57aada179,TMN. PESANGGRAHAN (DALAM)/ AL AMIN,,,Jakarta Selatan,"JL. PESANGGRAHAN PERMAI, RT.4/RW.7, PETUKANGAN SEL., KEC. PESANGGRAHAN, KOTA JAKARTA SELATAN,",,,,,,,,False,,,PESANGGRAHAN,PETUKANGAN SELATAN
rth-bed5377335ae,TAMAN SEGITIGA PESANGGRAHAN,,,Jakarta Selatan,"JL. PESANGGRAHAN I NO.4, RT.4/RW.7, PETUKANGAN SEL., KEC. PESANGGRAHAN, KOTA JAKARTA SELATAN",,,,,,,,False,,,PESANGGRAHAN,PETUKANGAN SELATAN
rth-9a00138be110,TAMAN VIADUCT KLENDER SISI BARAT & SEGITIGANYA,,,Jakarta Timur,"JL. I GUSTI NGURAH RAI, RT.15/RW.2, KLENDER, KEC. DUREN SAWIT, KOTA JAKARTA TIMUR, DAERAH KHUSUS IBUKOTA JAKARTA 13470",,,,,,,,False,,,DUREN SAWIT,KLENDER
rth-f88eb5da66e6,TAMAN VIADUCT KLENDER SISI TIMUR & SEGITIGANYA,,,Jakarta Timur,"JL. I GUSTI NGURAH RAI, KLENDER, KEC. CAKUNG, KOTA JAKARTA TIMUR, DAERAH KHUSUS IBUKOTA JAKARTA 13470",,,,,,,,False,,,DUREN SAWIT,KLENDER
rth-0185e0a88c9a,TAMAN KELAPA,,,Jakarta Timur,"JL. PONDOK KELAPA RAYA, RT.1/RW.11, MALAKA JAYA, DURENSAWIT, EAST JAKARTA CITY, JAKARTA 13460",,,,,,,,False,,,DUREN SAWIT,MALAKA JAYA
rth-bedb03d70f3f,TAMAN MALAKA UTARA BLOK C,,,Jakarta Timur,"JL. TAMAN MALAKA UTARA 3.A, RT.7/RW.9, MALAKA JAYA, KEC. DUREN SAWIT, KOTA JAKARTA TIMUR, DAERAH KHUSUS IBUKOTA JAKARTA 13460",,,,,,,,False,,,DUREN SAWIT,MALAKA JAYA
rth-ce7f6bdb0cac,TAMAN JL. NUSA INDAH IV,,,Jakarta Timur,"JL. NUSA INDAH IV, RW.13, MALAKA JAYA, KEC. DUREN SAWIT, KOTA JAKARTA TIMUR, DAERAH KHUSUS IBUKOTA JAKARTA 13460",,,,,,,,False,,,DUREN SAWIT,MALAKA JAYA
rth-250a9ca2fa8e,TAMAN MAWAR MERAH III,,,Jakarta Timur,"JL. MAWAR MERAH III NO.85, RT.8/RW.12, MALAKA JAYA, KEC. DUREN SAWIT, KOTA JAKARTA TIMUR, DAERAH KHUSUS IBUKOTA JAKARTA 13460",,,,,,,,False,,,DUREN SAWIT,MALAKA JAYA
rth-5dd8448f18e1,TAMAN NUSA INDAH III,,,Jakarta Timur,"JL. NUSA INDAH III, MALAKA JAYA, DUREN SAWIT",,,,,,,,False,,,DUREN SAWIT,MALAKA JAYA
rth-a5ead1c3c03e,TAMAN MALAKA IV,,,Jakarta Timur,"JL. MALAKA 4, RT.5/RW.10, MALAKA SARI, KEC. DUREN SAWIT, KOTA JAKARTA TIMUR, DAERAH KHUSUS IBUKOTA JAKARTA 13460",,,,,,,,False,,,DUREN SAWIT,MALAKA SARI
rth-5d81b4363482,TAMAN RW 07 KEL. MALAKA JAYA,,,Jakarta Timur,"TAMAN MALAKA BAR. I, RT.2/RW.9, MALAKA SARI, KEC. DUREN SAWIT, KOTA JAKARTA TIMUR, DAERAH KHUSUS IBUKOTA JAKARTA 13460",,,,,,,,False,,,DUREN SAWIT,MALAKA SARI
rth-f17fe9577272,TAMAN DELIMA V,,,Jakarta Timur,"JL. DELIMA V, RT.11/RW.5, MALAKA SARI, KEC. DUREN SAWIT, KOTA JAKARTA TIMUR, DAERAH KHUSUS IBUKOTA JAKARTA 13460",,,,,,,,False,,,DUREN SAWIT,MALAKA SARI
rth-cbf17babf58c,TAMAN TERATAI DUREN SAWIT,,,Jakarta Timur,JL. TERATAI,,,,,,,,False,,,DUREN SAWIT,MALAKA SARI
rth-0c9b544780bc,TAMAN DELIMA VI,,,Jakarta Timur,"JL. DELIMA VI GG. 4, RT.2/RW.5, MALAKA SARI, KEC. DUREN SAWIT, KOTA JAKARTA TIMUR, DAERAH KHUSUS IBUKOTA JAKARTA 13460",,,,,,,,False,,,DUREN SAWIT,MALAKA SARI
rth-be36a9752891,TAMAN MALAKA UTARA V BLOK D,,,Jakarta Timur,"JL. MALAKA UTARA V, MALAKA SARI, DUREN SAWIT",,,,,,,,False,,,DUREN SAWIT,MALAKA SARI
rth-c80f625567bc,TAMAN PULO-PULO MALAKA SELATAN,,,Jakarta Timur,JL. MALAKA SELATAN,,,,,,,,False,,,DUREN SAWIT,MALAKA SARI
rth-cb72f8865562,TAMAN MALAKA BARAT,,,Jakarta Timur,JL. TAMAN MALAKA BARAT 1,,,,,,,,False,,,DUREN SAWIT,MALAKA SARI
rth-63ede20905c3,TAMAN MALAKA SELATAN II,,,Jakarta Timur,JL. TAMAN MALAKA SELATAN 2,,,,,,,,False,,,DUREN SAWIT,MALAKA SARI
rth-db15dd42d4fa,TAMAN SERUNI,,,Jakarta Timur,"BLOK DAHLIA, JL. RUMAH SUSUN CENGKARENG INDAH NO.7, RT.7/RW.14, EAST CENGKARENG, CENGKARENG, WEST JAKARTA CITY, JAKARTA 11730",,,,,,,,False,,,DUREN SAWIT,MALAKA SARI
rth-c72650eeea33,TAMAN KEMUNING,,,Jakarta Timur,"JL. KEMUNING IV NO.7, RT.6/RW.10, MALAKA SARI, KEC. DUREN SAWIT,",,,,,,,,False,,,DUREN SAWIT,MALAKA SARI
rth-ef4ab9dd6a03,TAMAN CEMPAKA,,,Jakarta Timur,"RW 10 MALAKA SARI, JL. CEMPAKA II , JAKARTA TIMUR , DUREN SAWIT",,,,,,,,False,,,DUREN SAWIT,MALAKA SARI
rth-cc706f6cf6a7,TAMAN FLAMBOYAN,,,Jakarta Timur,"JL. FLAMBOYAN NO.4, RT.9/ .3, KEL. KUNINGAN, KARET KUNINGAN KEC. SETIABUDI, KOTA JAKARTA SELATAN",,,,,,,,False,,,DUREN SAWIT,MALAKA SARI
rth-7f9ebd70c2b2,TAMAN MATAHARI 1,,,Jakarta Timur,"KELURAHAN MALAKA SARI, KECAMATAN DUREN SAWIT, JAKARTA TIMUR",,,,,,,,False,,,DUREN SAWIT,MALAKA SARI
rth-0b61690ea405,TAMAN MATAHARI 2,,,Jakarta Timur,"KELURAHAN MALAKA SARI, KECAMATAN DUREN SAWIT, JAKARTA TIMUR",,,,,,,,False,,,DUREN SAWIT,MALAKA SARI
rth-fbbecf46e280,"JH. JL. RADEN INTEN, JH. FO. PONDOK KOPI, JH. FO. BUARAN, JH. FO. PONDOK BAMBU",,,Jakarta Timur,"JH. JL. RADEN INTEN, JH. FO. PONDOK KOPI, JH. FO. BUARAN, JH. FO. PONDOK BAMBU",,,,,,,,False,,,DUREN SAWIT,
rth-8e0f2f93d44c,JH. I GUSTI NGURAH RAI,,,Jakarta Timur,JH. I GUSTI NGURAH RAI,,,,,,,,False,,,DUREN SAWIT,
rth-f3aff3d2fc91,AMENITIS JH. JL. I GUSTI NGURAH RAI,,,Jakarta Timur,JH. JL. I GUSTI NGURAH RAI,,,,,,,,False,,,DUREN SAWIT,
rth-6170f68dcd56,JH. JL. I GUSTI NGURAH RAI TERUSAN,,,Jakarta Timur,JH. JL. I GUSTIN NGURAH RAI TERUSAN,,,,,,,,False,,,DUREN SAWIT,
rth-00dc79fa4cd9,"JH. JL. DUREN SAWIT, JH. JL. LINGKAR DUREN SAWIT",,,Jakarta Timur,"JH. JL. DUREN SAWIT, JH. JL. LINGKAR DUREN SAWIT",,,,,,,,False,,,DUREN SAWIT,
rth-fc926c5af11c,JH. JL. WIJAYA KUSUMA,,,Jakarta Timur,JH. JL. WIJAYA KUSUMA,,,,,,,,False,,,DUREN SAWIT,
rth-5ddf84a8b3a8,JH JL. KOL. SUGIONO DAN JL. JEND. RS. SOEKANTO,,,Jakarta Timur,JH JL. KOL. SUGIONO DAN JL. JEND. RS. SOEKANTO,,,,,,,,False,,,DUREN SAWIT,
rth-06b27a308e5a,TAMAN KAMPUNG DERET TANAH TINGGI,,,Jakarta Pusat,TAMAN KAMPUNG DERET TANAH TINGGI,,,,,,,,False,,,JOHAR BARU,TANAH TINGGI
rth-dd91346dfc13,TAMAN TANAH TINGGI,,,Jakarta Pusat,"JL. TANAH TINGGI 2, RT.5/RW.1, TANAH TINGGI, KEC. JOHAR BARU, KOTA JAKARTA PUSAT, DAERAH KHUSUS IBUKOTA JAKARTA 10540",,,,,,,,False,,,JOHAR BARU,TANAH TINGGI
rth-b473f1e2aa87,TAMAN PUTRA PANDAWA,,,Jakarta Pusat,"JL. IRAWAN NO.13, RT.8/RW.5, TANAH TINGGI, KEC. JOHAR BARU, KOTA JAKARTA PUSAT, DAERAH KHUSUS IBUKOTA JAKARTA 10540",,,,,,,,False,,,JOHAR BARU,TANAH TINGGI
rth-0a301c1f06ed,TAMAN RUSUN TANAH TINGGI,,,Jakarta Pusat,"JL. BALADEWA, RT.11/RW.014, TANAH TINGGI, KEC. JOHAR BARU, KOTA JAKARTA PUSAT, DAERAH KHUSUS IBUKOTA JAKARTA 10540",,,,,,,,False,,,JOHAR BARU,TANAH TINGGI
rth-38adc0285999,JH FO GALUR ATAS,,,Jakarta Pusat,JH FO GALUR ATAS,,,,,,,,False,,,KEMAYORAN,BUNGUR
rth-9b94566e9009,JH JL. ANGKASA RAYA,,,Jakarta Pusat,JH JL. ANGKASA RAYA,,,,,,,,False,,,KEMAYORAN,GUNUNG SAHARI SELATAN
rth-f5df95e18c73,JH JL. BUNGUR BESAR RAYA,,,Jakarta Pusat,JH JL. BUNGUR BESAR RAYA,,,,,,,,False,,,KEMAYORAN,GUNUNG SAHARI SELATAN
rth-3f9fe7046fb5,JH SEPANJANG TEPIAN AIR KALI SENTIONG (SISI HARAPAN MULYA),,,Jakarta Pusat,JH SEPANJANG TEPIAN AIR KALI SENTIONG (SISI HARAPAN MULYA),,,,,,,,False,,,KEMAYORAN,HARAPAN MULYA
rth-1efdc7c77907,TAMAN GG. RELA,,,Jakarta Pusat,"JALAN CEMPAKA BARU 10, KEL. HARAPAN MULIA KEC. KEMAYORAN JAKARTA PUSAT",,,,,,,,False,,,KEMAYORAN,HARAPAN MULYA
rth-2009b1485c95,TAMAN HARAPAN MULYA,,,Jakarta Pusat,"JL. HARAPAN MULIA VIII NO.41, RT.11/RW.5, HARAPAN MULYA, KEC. KEMAYORAN, KOTA JAKARTA PUSAT, DAERAH KHUSUS IBUKOTA JAKARTA 10640",,,,,,,,False,,,KEMAYORAN,HARAPAN MULYA
rth-dc2720fc10d6,TAMAN GG. MANTRI,,,Jakarta Pusat,"MANTRI III NO.28, RT.4/RW.10, KEMAYORAN, KEC. KEMAYORAN, KOTA JAKARTA PUSAT, DAERAH KHUSUS IBUKOTA JAKARTA 10620",,,,,,,,False,,,KEMAYORAN,KEMAYORAN
rth-b2da2464ece5,JH KUPINGAN FO GALUR (PJG 60 M LEBAR 1 M SEBANYAK 4 SISI),,,Jakarta Pusat,JH KUPINGAN FO GALUR (PJG 60 M LEBAR 1 M SEBANYAK 4 SISI),,,,,,,,False,,,KEMAYORAN,
rth-0be02869ef7c,JH SEPARATOR JL. LETJEN SUPRAPTO SISI UTARA (HARAPAN MULYA),,,Jakarta Pusat,JH SEPARATOR JL. LETJEN SUPRAPTO SISI UTARA (HARAPAN MULYA),,,,,,,,False,,,KEMAYORAN,
rth-806a9c53a049,JH MEDIAN JL. BUNGUR BESAR RAYA,,,Jakarta Pusat,JH MEDIAN JL. BUNGUR BESAR RAYA,,,,,,,,False,,,KEMAYORAN,
rth-a2edbc6a7b0b,JH PEDESTRIAN JL. BUNGUR BESAR RAYA,,,Jakarta Pusat,JH PEDESTRIAN JL. BUNGUR BESAR RAYA,,,,,,,,False,,,KEMAYORAN,
rth-3381c8790dfc,JH TEPIAN AIR DEPAN ITC CEMPAKA MAS,,,Jakarta Pusat,JH TEPIAN AIR DEPAN ITC CEMPAKA MAS,,,,,,,,False,,,KEMAYORAN,
rth-35e69cb34e5f,UNDERPASS REL KA ANGKASA (ATAS),,,Jakarta Pusat,UNDERPASS REL KA ANGKASA (ATAS),,,,,,,,False,,,KEMAYORAN,
rth-6d9c87c166f4,UNDERPASS REL KA ANGKASA (ATAS) LANJUTAN,,,Jakarta Pusat,UNDERPASS REL KA ANGKASA (ATAS),,,,,,,,False,,,KEMAYORAN,
rth-3a697ddee88e,TAMAN KAMPUNG IRIAN,,,Jakarta Pusat,"JL. KAMPUNG IRIAN, SERDANG, KEMAYORAN, JAKARTA PUSAT",,,,,,,,False,,,KEMAYORAN,SERDANG
rth-d7a5c8383107,TAMAN TARUNA XXIII,,,Jakarta Pusat,"JALAN TARUNA 2 KEL, SERDANG KEC. KEMAYORAN JAKARTA PUSAT",,,,,,,,False,,,KEMAYORAN,SERDANG
rth-7174f026c76a,TAMAN GG. DELTA/TAMAN SERDANG,,,Jakarta Pusat,JALAN SERDANG KEL. SERDANG KEC. KEMAYORAN JAKARTA PUSAT,,,,,,,,False,,,KEMAYORAN,SERDANG
rth-ac0dd9e98562,SEGITIGA DAN JH KUPINGAN ITC CEMPAKA MAS (JL. YOS SUDARSO),,,Jakarta Pusat,SEGITIGA DAN JH KUPINGAN ITC CEMPAKA MAS (JL. YOS SUDARSO),,,,,,,,False,,,KEMAYORAN,SUMUR BATU
rth-42d49eb8a8c5,JH JL. KODAM RAYA S.D JL. HOWITZER KEL. SUMUR BATU,,,Jakarta Pusat,JH JL. KODAM RAYA S.D JL. HOWITZER KEL. SUMUR BATU,,,,,,,,False,,,KEMAYORAN,SUMUR BATU
rth-5edac8ff7e1a,TAMAN TOPAS,,,Jakarta Pusat,"JL. TOPAZ 4, RT.7/RW.5, SUMUR BATU, KEC. KEMAYORAN, KOTA JAKARTA PUSAT, DAERAH KHUSUS IBUKOTA JAKARTA 10640",,,,,,,,False,,,KEMAYORAN,SUMUR BATU
rth-9bfca15ecf30,TAMAN INTAN,,,Jakarta Pusat,"JL. INTAN RAYA 31, RT.11/RW.2, SUMUR BATU, KEC. KEMAYORAN, KOTA JAKARTA PUSAT, DAERAH KHUSUS IBUKOTA JAKARTA 10640",,,,,,,,False,,,KEMAYORAN,SUMUR BATU
rth-553f41efd747,TAMAN PIRUS,,,Jakarta Pusat,"JL. TAMAN PIRUS 166-165, RT.7/RW.2, SUMUR BATU, KEC. KEMAYORAN, KOTA JAKARTA PUSAT, DAERAH KHUSUS IBUKOTA JAKARTA 10640",,,,,,,,False,,,KEMAYORAN,SUMUR BATU
rth-c86d815a0399,TAMAN MORTIR,,,Jakarta Pusat,"JL. MORTIR NO.6, RT.4/RW.5, SUMUR BATU, KEC. KEMAYORAN, KOTA JAKARTA PUSAT, DAERAH KHUSUS IBUKOTA JAKARTA 10640",,,,,,,,False,,,KEMAYORAN,SUMUR BATU
rth-a1eed691abaa,TAMAN ROKET,,,Jakarta Pusat,"JL. ROKET 7, RT.2/RW.5, SUMUR BATU, KEC. KEMAYORAN, KOTA JAKARTA PUSAT, DAERAH KHUSUS IBUKOTA JAKARTA 10640",,,,,,,,False,,,KEMAYORAN,SUMUR BATU
rth-3d59fc84fafd,TAMAN TRANS BIO (EMBUNG DEPAN ITC CWEMPAKA MAS,,,Jakarta Pusat,"JL. CEMP. MAS TIM RW.8, SUMUR BATU, KEC. KEMAYORAN, KOTA JAKARTA PUSAT, DAERAH KHUSUS IBUKOTA JAKARTA 10640",,,,,,,,False,,,KEMAYORAN,SUMUR BATU
rth-6f5207c1786f,RTH ITC CEMPAKA MAS (BELAKANG HALTE),,,Jakarta Pusat,"JL. CEMP. MAS TIM. NO.586, RT.11/RW.8, SUMUR BATU, KEC. KEMAYORAN, KOTA JAKARTA PUSAT, DAERAH KHUSUS IBUKOTA JAKARTA 10640",,,,,,,,False,,,KEMAYORAN,SUMUR BATU
rth-57e705795761,TAMAN PKK P. POLIM,,,Jakarta Selatan,"JL. PANGLIMA POLIM XIV NO.20B, RT.5/RW.1, MELAWAI, KEC. KBY. BARU, KOTA JAKARTA SELATAN, DAERAH KHUSUS IBUKOTA JAKARTA 12160",,,,,,,,False,,,KEBAYORAN BARU,MELAWAI
rth-2702ec615ce5,TAMAN PKK KECIL,,,Jakarta Selatan,"JL. PANGLIMA POLIM XIV 6, RT.5/RW.1, MELAWAI, KEC. KBY. BARU, KOTA JAKARTA SELATAN, DAERAH KHUSUS IBUKOTA JAKARTA 12160",,,,,,,,False,,,KEBAYORAN BARU,MELAWAI
rth-d2730b3ac02c,TAMAN KALIJAGA,,,Jakarta Selatan,"JL. SUNAN KALIJAGA, RT.1/RW.1, MELAWAI, KEC. KBY. BARU, KOTA JAKARTA SELATAN, DAERAH KHUSUS IBUKOTA JAKARTA 12160",,,,,,,,False,,,KEBAYORAN BARU,MELAWAI
rth-eb201a884f75,TAMAN PANGLIMA POLIM XII,,,Jakarta Selatan,"JL. PANGLIMA POLIM XIII NO.5, RT.4/RW.1, MELAWAI, KEC. KBY. BARU, KOTA JAKARTA SELATAN, DAERAH KHUSUS IBUKOTA JAKARTA 12160",,,,,,,,False,,,KEBAYORAN BARU,MELAWAI
rth-b1534746fbf1,TAMAN PANGLIMA POLIM XIII,,,Jakarta Selatan,"JL. PANGLIMA POLIM XIII, RT.5/RW.1, MELAWAI, KEC. KBY. BARU, KOTA JAKARTA SELATAN, DAERAH KHUSUS IBUKOTA JAKARTA 12160",,,,,,,,False,,,KEBAYORAN BARU,MELAWAI
rth-3c2b38cd983f,TAMAN WIJAYA XIV/SEGA,,,Jakarta Selatan,"JL. WIJAYA XV NO.9, RT.4/RW.3, MELAWAI, KEC. KBY. BARU, KOTA JAKARTA SELATAN, DAERAH KHUSUS IBUKOTA JAKARTA 12160",,,,,,,,False,,,KEBAYORAN BARU,MELAWAI
rth-9ff3da5f18d4,TAMAN WISMA ANGKASA,,,Jakarta Selatan,"JL. WIJAYA II, RT.1/RW.5, MELAWAI, KEC. KBY. BARU, KOTA JAKARTA SELATAN,",,,,,,,,False,,,KEBAYORAN BARU,MELAWAI
rth-d779ca161864,TAMAN WIJAYA IX,,,Jakarta Selatan,"JL. PANGLIMA POLIM II NO.1, RT.2/RW.3, MELAWAI, KEC. KBY. BARU, KOTA JAKARTA SELATAN, DAERAH KHUSUS IBUKOTA JAKARTA 12160",,,,,,,,False,,,KEBAYORAN BARU,MELAWAI
rth-f6f76fe13412,TAMAN SEPEDA/TAMAN MELAWAI,,,Jakarta Selatan,"JL. MELAWAI RAYA NO.8, RT.4/RW.6, MELAWAI, KEC. KBY. BARU, KOTA JAKARTA SELATAN, DAERAH KHUSUS IBUKOTA JAKARTA 12160",,,,,,,,False,,,KEBAYORAN BARU,MELAWAI
rth-a722f0375c1c,TAMAN ANGKASA,,,Jakarta Selatan,"JL. WIJAYA I, KEL. MELAWAI, KEC. KEBAYORAN BARU. JAKARTA SELATAN",,,,,,,,False,,,KEBAYORAN BARU,MELAWAI
rth-18957e5cecd4,TAMAN CILOSARI,,,Jakarta Selatan,"JL. CIBULAN RAYA RT 015/ 006 KELURAHAN PETOGOGAN, KEC. KEBAYORAN BARU JAKARTA SELATAN",,,,,,,,False,,,KEBAYORAN BARU,MELAWAI
rth-b7aa058b702f,JALUR HIJAU JL. SARASWATI,,,Jakarta Selatan,JALUR HIJAU JL. SARASWATI,,,,,,,,False,,,KEBAYORAN BARU,
rth-5c0c0ca6bc67,JALUR HIJAU JL. ABDUL MAJID,,,Jakarta Selatan,JALUR HIJAU JL. ABDUL MAJID,,,,,,,,False,,,KEBAYORAN BARU,
rth-7a796bd8397b,JALUR HIJAU JL. P. ANTASARI,,,Jakarta Selatan,JALUR HIJAU JL. P. ANTASARI,,,,,,,,False,,,KEBAYORAN BARU,
rth-0b6968cdf6da,JALUR HIJAU JL. RADIO DALAM,,,Jakarta Selatan,JALUR HIJAU JL. RADIO DALAM,,,,,,,,False,,,KEBAYORAN BARU,
rth-920b2f5c319c,JALUR HIJAU JL. MARGAGUNA,,,Jakarta Selatan,JALUR HIJAU JL. MARGAGUNA,,,,,,,,False,,,KEBAYORAN BARU,
rth-cac675f1212b,TAMAN BUNDARAN PAKUBUWONO (JL. PAKUBUWONO 6 - JL. HANG LEKIR),,,Jakarta Selatan,TAMAN BUNDARAN PAKUBUWONO (JL. PAKUBUWONO 6 - JL. HANG LEKIR),,,,,,,,False,,,KEBAYORAN BARU,
rth-478fd33c8474,TAMAN POM SMKK 30,,,Jakarta Selatan,TAMAN POM SMKK 30,,,,,,,,False,,,KEBAYORAN BARU,
rth-19db852df25b,TAMAN PULAU - PULAU JL. PAKUBUWONO 6 - JL. HANG LEKIU 4,,,Jakarta Selatan,TAMAN PULAU - PULAU JL. PAKUBUWONO 6 - JL. HANG LEKIU 4,,,,,,,,False,,,KEBAYORAN BARU,
rth-86406ea21897,TAMAN PULAU - PULAU JL. PAKUBUWONO 6 - JL. LAUSER (SMK 30),,,Jakarta Selatan,TAMAN PULAU - PULAU JL. PAKUBUWONO 6 - JL. LAUSER (SMK 30),,,,,,,,False,,,KEBAYORAN BARU,
rth-d7fa69211993,TAMAN PULAU - PULAU JL. PAKUBUWONO 6 - JL. HANG LEKIU 1,,,Jakarta Selatan,TAMAN PULAU - PULAU JL. PAKUBUWONO 6 - JL. HANG LEKIU 1,,,,,,,,False,,,KEBAYORAN BARU,
rth-2f772cfe1777,TAMAN PULAU - PULAU JL. PATIUNUS,,,Jakarta Selatan,TAMAN PULAU - PULAU JL. PATIUNUS,,,,,,,,False,,,KEBAYORAN BARU,
rth-83b3db755645,TAMAN PULAU - PULAU JL. PAKUBUWONO 6 - JL. BUMI (EKS. PATUNG BEBEK),,,Jakarta Selatan,TAMAN PULAU - PULAU JL. PAKUBUWONO 6 - JL. BUMI (EKS. PATUNG BEBEK),,,,,,,,False,,,KEBAYORAN BARU,
rth-10c93d0aac9c,TAMAN PULAU - PULAU JL. BUMI - JL. TEBAH,,,Jakarta Selatan,TAMAN PULAU - PULAU JL. BUMI - JL. TEBAH,,,,,,,,False,,,KEBAYORAN BARU,
rth-3b73f7f5c5b6,TAMAN PULAU - PULAU JL. KYAI MAJA - JL. KERINCI,,,Jakarta Selatan,TAMAN PULAU - PULAU JL. KYAI MAJA - JL. KERINCI,,,,,,,,False,,,KEBAYORAN BARU,
rth-0a023cbf76e0,TAMAN PULO - PULO JL. KYAI MAJA - JL. LAUSER,,,Jakarta Selatan,TAMAN PULO - PULO JL. KYAI MAJA - JL. LAUSER,,,,,,,,False,,,KEBAYORAN BARU,
rth-220e1a9b2883,TAMAN JL. PAKUBUWONO 6 - JL. KERINCI,,,Jakarta Selatan,TAMAN JL. PAKUBUWONO 6 - JL. KERINCI,,,,,,,,False,,,KEBAYORAN BARU,
rth-75bdcda01340,TAMAN PULAU - PULAU JL. PAKUBUWONO 6 - JL. HANG LEKIR 10,,,Jakarta Selatan,TAMAN PULAU - PULAU JL. PAKUBUWONO 6 - JL. HANG LEKIR 10,,,,,,,,False,,,KEBAYORAN BARU,
rth-ed8e5b162942,TAMAN PULAU - PULAU JL. HANG LEKIR RAYA - JL. HANG LEKIR 4,,,Jakarta Selatan,TAMAN PULAU - PULAU JL. HANG LEKIR RAYA - JL. HANG LEKIR 4,,,,,,,,False,,,KEBAYORAN BARU,
rth-f5d017f9e203,TAMAN PULAU - PULAU JL. HANG LEKIR RAYA - JL. HANG TUAH,,,Jakarta Selatan,TAMAN PULAU - PULAU JL. HANG LEKIR RAYA - JL. HANG TUAH,,,,,,,,False,,,KEBAYORAN BARU,
rth-fc8afbb1811f,TAMAN H. LAHAB,,,Jakarta Selatan,"JL. SEGITIGA SELATAN 5, RT.8/ .1, KEL. PETUKANGAN SELATAN KEC. PESANGGRAHAN, KOTA JAKARTA SELATAN",,,,,,,,False,,,PESANGGRAHAN,PETUKANGAN SELATAN
rth-2a5670d15ea7,TAMAN MARTILANG,,,Jakarta Selatan,"JL. SEGITIGA SELATAN 5, RT.8/ .1, KEL. PETUKANGAN SELATAN KEC. PESANGGRAHAN, KOTA JAKARTA SELATAN",,,,,,,,False,,,PESANGGRAHAN,PETUKANGAN SELATAN
rth-9c5ad4765df1,TAMAN ANGGREK,,,Jakarta Selatan,"JL. H. MUHI, RT 08/12 KEL. BINTARO, KEC. PESANGGRAHAN. JAKARTA SELATAN",,,,,,,,False,,,PESANGGRAHAN,PETUKANGAN SELATAN
rth-661f43286a2c,RTH TAMAN MANUNGGAL II/ RPTRA MANUNGGAL ALAM SUTRA,,,Jakarta Selatan,"JL. INPRES NO.4, RT.4/RW.2, PETUKANGAN SEL., KEC. PESANGGRAHAN, KOTA JAKARTA SELATAN, DAERAH KHUSUS IBUKOTA JAKARTA 15156",,,,,,,,False,,,PESANGGRAHAN,PETUKANGAN SELATAN
rth-7a0240ef6087,RTH M. SAIDI (TAMAN M.SAIDI),,,Jakarta Selatan,"JL. M. SAIDI RT 010 RW 006 KEL. PETUKANGAN SELATAN KEC. PESANGGRAHAN, JAKARTA SELATAN",,,,,,,,False,,,PESANGGRAHAN,PETUKANGAN SELATAN
rth-143fc6b793ee,TAMAN TANGKAS IV,,,Jakarta Selatan,"JL. TANGKAS VI, RT.10/RW.2, PETUKANGAN SEL., KEC. PESANGGRAHAN, KOTA JAKARTA SELATAN, DAERAH KHUSUS IBUKOTA JAKARTA 12270",,,,,,,,False,,,PESANGGRAHAN,PETUKANGAN SELATAN
rth-35cf94088504,TAMAN TANGKAS PERMAI IV,,,Jakarta Selatan,"JL. TANGKAS PERMAI IV, PETUKANGAN SEL., KEC. PESANGGRAHAN, KOTA JAKARTA SELATAN, DAERAH KHUSUS IBUKOTA JAKARTA 12270",,,,,,,,False,,,PESANGGRAHAN,PETUKANGAN SELATAN
rth-929a227ace81,TAMAN TANGKAS IX,,,Jakarta Selatan,"JL. TANGKAS IX, RT.10/RW.2, PETUKANGAN SEL., KEC. PESANGGRAHAN, KOTA JAKARTA SELATAN, DAERAH KHUSUS IBUKOTA JAKARTA 12270",,,,,,,,False,,,PESANGGRAHAN,PETUKANGAN SELATAN
rth-5af738f3199f,TAMAN M SAIDI,,,Jakarta Selatan,"JL. M. SAIDI RT 010 RW 006 KEL. PETUKANGAN SELATAN KEC. PESANGGRAHAN, JAKARTA SELATAN",,,,,,,,False,,,PESANGGRAHAN,PETUKANGAN SELATAN
rth-c9c778ea9574,HUTAN KOTA KOSTRAD RAYA,,,Jakarta Selatan,JALAN KOSTRAD RAYA RT 001 RW 004 KEL. PETUKANGAN UTARA KEC. PESANGGRAHAN JAKARTA SELATAN,,,,,,,,False,,,PESANGGRAHAN,PETUKANGAN UTARA
rth-4f2628d6ec5c,PINTU MASUK & KELUAR TOL CILEDUG 2,,,Jakarta Selatan,PINTU MASUK & KELUAR TOL CILEDUG 2,,,,,,,,False,,,PESANGGRAHAN,PETUKANGAN UTARA
rth-386c96ead5b7,TAMAN SWADARMA,,,Jakarta Selatan,"JL. SWADARMA RAYA, PETUKANGAN UTARA, KEC. PESANGGRAHAN, KOTA JAKARTA SELATAN, DAERAH KHUSUS IBUKOTA JAKARTA 12260",,,,,,,,False,,,PESANGGRAHAN,PETUKANGAN UTARA
rth-74eeb76e779d,RTH SWADARMA,,,Jakarta Selatan,"JL. REFORMASI 1, RT.1/RW.9, ULUJAMI, KEC. PESANGGRAHAN, KOTA JAKARTA SELATAN,",,,,,,,,False,,,PESANGGRAHAN,PETUKANGAN UTARA
rth-9db9776673ae,RTH TAMAN ZODIA,,,Jakarta Selatan,"JL. H.DOEL NO.56-57, RT.6/RW.1, PETUKANGAN UTARA, KEC. PESANGGRAHAN, KOTA JAKARTA SELATAN, DAERAH KHUSUS IBUKOTA JAKARTA 12260",,,,,,,,False,,,PESANGGRAHAN,PETUKANGAN UTARA
rth-701cf6192f61,RTH SWADARMA RAYA,,,Jakarta Selatan,"JL. SWADARMA RAYA KEL. PETUKANGAN UTARA KEC. PESANGGRAHAN, JAKARTA SELATAN",,,,,,,,False,,,PESANGGRAHAN,PETUKANGAN UTARA
rth-f83c0200371b,RTH REFORMASI,,,Jakarta Selatan,"JL. REFORMASI RT 001 RW 009 KEL. PETUKANGAN UTARA KEC. PESANGGRAHAN, JAKARTA SELATAN",,,,,,,,False,,,PESANGGRAHAN,PETUKANGAN UTARA
rth-61c013197313,RTH RAJAI (TAMAN YUDHISTIRA),,,Jakarta Selatan,"JL. RAJAI RT 004 RW 004 KEL. ULUJAMI KEC. PESANGGRAHAN, JAKARTA SELATAN",,,,,,,,False,,,PESANGGRAHAN,ULUJAMI
rth-83f7afaee1d8,JALUR HIJAU TEPIAN AIR BANJIR KANAL BARAT (JL. JEND. SUDIRMAN - DUKUH ATAS S/D PERTIGAAN DEPAN PASAR RUMPUT SISI SELATAN),,,Jakarta Selatan,JALUR HIJAU TEPIAN AIR BANJIR KANAL BARAT (JL. JEND. SUDIRMAN - DUKUH ATAS S/D PERTIGAAN DEPAN PASAR RUMPUT SISI SELATAN),,,,,,,,False,,,SETIA BUDI,GUNTUR
rth-382e8f1d88d1,JALUR HIJAU JL. EDI (SISI SELATAN),,,Jakarta Selatan,JALUR HIJAU JL. EDI (SISI SELATAN),,,,,,,,False,,,SETIA BUDI,GUNTUR
rth-e28a650e79df,JALUR HIJAU JALAN KUNINGAN PERSADA (DEPAN GEDUNG KPK BARU),,,Jakarta Selatan,JALUR HIJAU JALAN KUNINGAN PERSADA (DEPAN GEDUNG KPK BARU),,,,,,,,False,,,SETIA BUDI,GUNTUR
rth-1b4c3a14f038,TAMAN TANGKUBAN PERAHU,,,Jakarta Selatan,"JL. TANGKUBAN PERAHU NO.1, RT.5/RW.1, GUNTUR, KECAMATAN SETIABUDI, KOTA JAKARTA SELATAN, DAERAH KHUSUS IBUKOTA JAKARTA 12980",,,,,,,,False,,,SETIA BUDI,GUNTUR
rth-01ef769d38be,TAMAN KALI CIDENG,,,Jakarta Selatan,"JL. GALUNGGUNG, RT.12/ 6, KEL. GUNTUR, KECAMATAN SETIABUDI,",,,,,,,,False,,,SETIA BUDI,GUNTUR
rth-a36e455827f7,TAMAN SALAK,,,Jakarta Selatan,"JL. SALAK, KEL. GUNTUR, KEC. SETIABUDI",,,,,,,,False,,,SETIA BUDI,GUNTUR
rth-15cb30bf309b,RTH GEMBIRA UJUNG,,,Jakarta Selatan,"JL. GEMBIRA UJUNG, KEL. GUNTUR, KEC. SETIABUDI, JAKARTA SELATAN",,,,,,,,False,,,SETIA BUDI,GUNTUR
rth-2e0a862fe09f,JALUR HIJAU JL. FLAMBOYAN,,,Jakarta Selatan,JL. FLAMBOYAN,,,,,,,,False,,,SETIA BUDI,KARET
rth-8e54166c93ce,JALUR HIJAU JALAN SETIABUDI TENGAH (DEPAN HOTEL FOUR SEASON),,,Jakarta Selatan,JALUR HIJAU JALAN SETIABUDI TENGAH (DEPAN HOTEL FOUR SEASON),,,,,,,,False,,,SETIA BUDI,KARET KUNINGAN
rth-b18778ae8b62,JALUR JL. SATRIO JALUR DIBAWAH JLNT KAMPUNG MELAYU - TANAH ABANG),,,Jakarta Selatan,JL. SATRIO (JALUR DIBAWAH JLNT KAMPUNG MELAYU - TANAH ABANG),,,,,,,,False,,,SETIA BUDI,KARET KUNINGAN
rth-47c4236d48f7,TAMAN BAKRI I DAN II,,,Jakarta Selatan,"JL. HR RASUNA SAID NO.62, RT. 5/ 5, KEL. KUNINGAN, KARET KUNINGAN, KEC. SETIABUDI, KOTA JAKARTA SELATAN",,,,,,,,False,,,SETIA BUDI,KARET KUNINGAN
rth-0a69ea260ee9,TAMAN KEL. CIPINANG JAYA BLOK NN,,,Jakarta Timur,"JL. ANTAR II CIPINANG JAYA, JAKARTA TIMUR",,,,,,,,False,,,JATINEGARA,CIPINANG BESAR SELATAN
rth-e9ee70c10a54,TAMAN KEL. CIPINANG JAYA BLOK LL,,,Jakarta Timur,"CIPINANG JAYA BLOK LL, KECAMATAN JATINEGARA, JAKARTA TIMUR",,,,,,,,False,,,JATINEGARA,CIPINANG BESAR SELATAN
rth-ff25c5210e69,TAMAN KEL. CIPINANG JAYA II B,,,Jakarta Timur,"CIPINANG JAYA II B, KECAMATAN JATINEGARA, JAKARTA TIMUR",,,,,,,,False,,,JATINEGARA,CIPINANG BESAR SELATAN
rth-f3ab04929923,TAMAN KEL. CIPINANG JAYA RW 07,,,Jakarta Timur,"JL. CIPINANG JAYA II, RT.5/RW.7, CIPINANG BESAR SELATAN, KECAMATAN JATINEGARA, KOTA JAKARTA TIMUR, DAERAH KHUSUS IBUKOTA JAKARTA 13410",,,,,,,,False,,,JATINEGARA,CIPINANG BESAR SELATAN
rth-a9f0adf831a8,TAMAN VIADUCT JATINEGARA SISI TIMUR & SEGITIGANYA,,,Jakarta Timur,"JL. BEKASI TIMUR IV NO.16, RT.16/RW.7, CIPINANG BESAR UTARA, KECAMATAN JATINEGARA, KOTA JAKARTA TIMUR, DAERAH KHUSUS IBUKOTA JAKARTA 13410",,,,,,,,False,,,JATINEGARA,CIPINANG BESAR UTARA
rth-a9d6252087bc,TAMAN DEPAN KEJAKSAAN,,,Jakarta Timur,"JL. DI. PANJAITAN BY PASS NO.15, RT.15/RW.7, CIPINANG BESAR UTARA, KECAMATAN JATINEGARA, KOTA JAKARTA TIMUR, DAERAH KHUSUS IBUKOTA JAKARTA 13410",,,,,,,,False,,,JATINEGARA,CIPINANG BESAR UTARA
rth-5f580f1b6ef2,TAMAN RTH CIPINANG BESAR UTARA,,,Jakarta Timur,JL CIPINANG ELOK II BLOK AH,,,,,,,,False,,,JATINEGARA,CIPINANG BESAR UTARA
rth-631c6544a439,TAMAN CORNEL SIMANJUNTAK DAN TAMAN SEGITIGA CORNEL SIMANJUNTAK,,,Jakarta Timur,"JL. CIPINANG CEMPEDAK I NO.3, RT.11/RW.3, CIPINANG CEMPEDAK, KECAMATAN JATINEGARA, KOTA JAKARTA TIMUR, DAERAH KHUSUS IBUKOTA JAKARTA 13340",,,,,,,,False,,,JATINEGARA,CIPINANG CEMPEDAK
rth-eaaefe7fdb33,TAMAN HIJAU DAUN,,,Jakarta Timur,"JL. TAMAN HIJAU DAUN NO.20, RT.7/RW.11, CIPINANG CEMPEDAK, KECAMATAN JATINEGARA, KOTA JAKARTA TIMUR, DAERAH KHUSUS IBUKOTA JAKARTA 13340",,,,,,,,False,,,JATINEGARA,CIPINANG CEMPEDAK
rth-39f5c77b7195,TAMAN MERAH DELIMA,,,Jakarta Timur,"JL. MERAH DELIMA II NO.4, RT.4/RW.11, CIPINANG CEMPEDAK, KECAMATAN JATINEGARA, KOTA JAKARTA TIMUR, DAERAH KHUSUS IBUKOTA JAKARTA 13340",,,,,,,,False,,,JATINEGARA,CIPINANG CEMPEDAK
rth-4e62f801b975,TAMAN CIPINANG ELOK II BLOK AH,,,Jakarta Timur,"JL. CIPINANG ELOK II, CIPINANG MUARA, KECAMATAN JATINEGARA, KOTA JAKARTA TIMUR, DAERAH KHUSUS IBUKOTA JAKARTA 13420",,,,,,,,False,,,JATINEGARA,CIPINANG MUARA
rth-6d4465593b70,TAMAN CIPINANG ELOK II BLOK AV,,,Jakarta Timur,"JL. A. 5 NO.64, RT.8/RW.3, CIPINANG MUARA, KECAMATAN JATINEGARA, KOTA JAKARTA TIMUR, DAERAH KHUSUS IBUKOTA JAKARTA 13420",,,,,,,,False,,,JATINEGARA,CIPINANG MUARA
rth-89a4feb9fbbe,TAMAN CIPINANG ELOK II BLOK X,,,Jakarta Timur,"JL. CIPINANG ELOK II BLOK X RW.10, CIPINANG MUARA, KECAMATAN JATINEGARA, KOTA JAKARTA TIMUR, DAERAH KHUSUS IBUKOTA JAKARTA 13420",,,,,,,,False,,,JATINEGARA,CIPINANG MUARA
rth-0b497f1aad0b,TAMAN RTH CIPINANG MUARA,,,Jakarta Timur,"RW 08 CIPINANG MUARA , JAKARTA TIMUR , JATINEGARA",,,,,,,,False,,,JATINEGARA,CIPINANG MUARA
rth-c05f336fac8b,TAMAN CIPINANG INDAH RW. 16,,,Jakarta Timur,"PERUMAHAN CIPINANG INDAH RW 16, CIPINANG MUARA",,,,,,,,False,,,JATINEGARA,CIPINANG MUARA
rth-c8ac95836272,JH. JL. BASURA UNDERPASS S.D PUTARAN JL. CIP. INDAH PULO2,,,Jakarta Timur,JH. JL. BASURA UNDERPASS S.D PUTARAN JL. CIP. INDAH PULO2,,,,,,,,False,,,JATINEGARA,
rth-b07fda6dfbbd,JH. JL. BEKASI TIMUR RAYA (DEPAN LP CIPINANG),,,Jakarta Timur,JH. JL. BEKASI TIMUR RAYA (DEPAN LP CIPINANG),,,,,,,,False,,,JATINEGARA,
rth-265172a69644,JH. JL. DI PANJAITAN,,,Jakarta Timur,JH. JL. DI PANJAITAN,,,,,,,,False,,,JATINEGARA,
rth-b01a5a11f4b6,JH. JL. BEKASI BARAT,,,Jakarta Timur,JH. JL. BEKASI BARAT,,,,,,,,False,,,JATINEGARA,
rth-60f044535cc2,JH. JL. OTISTA RAYA,,,Jakarta Timur,JH. JL. OTISTA RAYA,,,,,,,,False,,,JATINEGARA,
rth-3493744c2ed9,JH. JL. JATINEGARA TIMUR,,,Jakarta Timur,JH. JL. JATINEGARA TIMUR,,,,,,,,False,,,JATINEGARA,
rth-fa4d19fefd01,JH. JL. MUTU MANIKAM & MT. HARYONO,,,Jakarta Timur,JH. JL. MUTU MANIKAM & MT. HARYONO,,,,,,,,False,,,JATINEGARA,
rth-824b78afb5d9,KAWASAN FO KAMPUNG MELAYU,,,Jakarta Timur,KAWASAN FO KAMPUNG MELAYU,,,,,,,,False,,,JATINEGARA,
rth-4281a93d7821,JH. PATUNG PERJUANGAN,,,Jakarta Timur,JH. PATUNG PERJUANGAN,,,,,,,,False,,,JATINEGARA,
rth-cbf0f5e7b19b,JH. BECAKAYU,,,Jakarta Timur,JH. BECAKAYU,,,,,,,,False,,,JATINEGARA,
rth-b723db656464,JH BAWAH FO GALUR,,,Jakarta Pusat,JH BAWAH FO GALUR,,,,,,,,False,,,KEMAYORAN,TANAH TINGGI
rth-706faa9273a6,JH SEPANJANG TEPIAN AIR KALI SENTIONG (SISI JEMBATAN MARTO S/D GALUR) KANAN KIRI,,,Jakarta Pusat,JH SEPANJANG TEPIAN AIR KALI SENTIONG (SISI JEMBATAN MARTO S/D GALUR) KANAN KIRI,,,,,,,,False,,,KEMAYORAN,UTAN PANJANG
rth-01b771ed71fe,TAMAN KALIBARU TIMUR,,,Jakarta Pusat,"JL. KALIBARU TIMUR 136-109, RT.13/RW.10, UTAN PANJANG, KEC. KEMAYORAN, KOTA JAKARTA PUSAT, DAERAH KHUSUS IBUKOTA JAKARTA 10630",,,,,,,,False,,,KEMAYORAN,UTAN PANJANG
rth-9176363edf27,SEGITIGA PULO DEPAN MESJID CUT MUTIA & AMENITIES TROTOAR,,,Jakarta Pusat,SEGITIGA PULO DEPAN MESJID CUT MUTIA & AMENITIES TROTOAR,,,,,,,,False,,,MENTENG,CIKINI
rth-75220ee24356,JH JL. RADEN SALEH (AMENITIES TROTOAR DAN SEGITIGA),,,Jakarta Pusat,JH JL. RADEN SALEH (AMENITIES TROTOAR DAN SEGITIGA),,,,,,,,False,,,MENTENG,CIKINI
rth-f1a4f4b0ffc3,JALUR HIJAU JL. CUT MEUTIA,,,Jakarta Pusat,JL.. CUT MEUTIA,,,,,,,,False,,,MENTENG,CIKINI
rth-64f32436d865,JH JL. GEREJA THERESIA,,,Jakarta Pusat,JH JL. GEREJA THERESIA,,,,,,,,False,,,MENTENG,GONDANGDIA
rth-9d165974ae93,JH JL. SUTAN SYAHRIR (PINGGIR KALI),,,Jakarta Pusat,JH JL. SUTAN SYAHRIR (PINGGIR KALI),,,,,,,,False,,,MENTENG,GONDANGDIA
rth-c0ed11075973,JH JL. DR GSS RATULANGI DAN BAWAH REL BELAKANG MESJID CUT MUTIA,,,Jakarta Pusat,JH JL. DR GSS RATULANGI DAN BAWAH REL BELAKANG MESJID CUT MUTIA,,,,,,,,False,,,MENTENG,GONDANGDIA
rth-9a7188ac2149,JH JL. SUNDA,,,Jakarta Pusat,JH JL. SUNDA,,,,,,,,False,,,MENTENG,GONDANGDIA
rth-07cf7b068e2d,PHB HOS COKROAMINOTO,,,Jakarta Pusat,PHB HOS COKROAMINOTO,,,,,,,,False,,,MENTENG,GONDANGDIA
rth-d151b363bba8,JH JL. JOHAR,,,Jakarta Pusat,JH JL. JOHAR,,,,,,,,False,,,MENTENG,GONDANGDIA
rth-733cb0e3a144,TAMAN SEGITIGA RASAMALA,,,Jakarta Pusat,TAMAN SEGITIGA RASAMALA,,,,,,,,False,,,MENTENG,GONDANGDIA
rth-8f1cc38c3146,TAMAN SEGITIGA MALUKU,,,Jakarta Pusat,TAMAN SEGITIGA MALUKU,,,,,,,,False,,,MENTENG,GONDANGDIA
rth-be4478c4b8f0,TAMAN PULAU JL. CENDANA,,,Jakarta Pusat,JL. CENDANA,,,,,,,,False,,,MENTENG,GONDANGDIA
rth-7df8164f8c21,TAMAN SEGITIGA THERESIA,,,Jakarta Pusat,TAMAN SEGITIGA THERESIA,,,,,,,,False,,,MENTENG,GONDANGDIA
rth-bb8cf06f142d,TAMAN SEGITIGA AGUS SALIM,,,Jakarta Pusat,TAMAN SEGITIGA AGUS SALIM,,,,,,,,False,,,MENTENG,GONDANGDIA
rth-c656ca9a19f7,TAMAN SEGITIGA CEMARA,,,Jakarta Pusat,TAMAN SEGITIGA CEMARA,,,,,,,,False,,,MENTENG,GONDANGDIA
rth-d51735fc2f29,TAMAN SEGITIGA JAWA,,,Jakarta Pusat,TAMAN SEGITIGA JAWA,,,,,,,,False,,,MENTENG,GONDANGDIA
rth-7980a93be418,TAMAN SAWO,,,Jakarta Pusat,TAMAN SAWO,,,,,,,,False,,,MENTENG,GONDANGDIA
rth-0c52522d1cd6,TAMAN SEGITIGA SUMATRA,,,Jakarta Pusat,TAMAN SEGITIGA SUMATRA,,,,,,,,False,,,MENTENG,GONDANGDIA
rth-293a0735672f,TAMAN SEGITIGA LOMBOK,,,Jakarta Pusat,TAMAN SEGITIGA LOMBOK,,,,,,,,False,,,MENTENG,GONDANGDIA
rth-48ad23495cfc,TAMAN SEGITIGA SAM RATULANGI UJUNG,,,Jakarta Pusat,TAMAN SEGITIGA SAM RATULANGI UJUNG,,,,,,,,False,,,MENTENG,GONDANGDIA
rth-c493ab96e119,BUNDARAN & SEGITIGA PULO JL. CUT MUTIA/JL. GSSJ RATULANGI/JL. CUT NYAK DIEN,,,Jakarta Pusat,BUNDARAN & SEGITIGA PULO JL. CUT MUTIA/JL. GSSJ RATULANGI/JL. CUT NYAK DIEN,,,,,,,,False,,,MENTENG,GONDANGDIA
rth-82f12870930f,JALUR HIJAU JL. TEUKU UMAR,,,Jakarta Pusat,JL. TEUKU UMAR,,,,,,,,False,,,MENTENG,GONDANGDIA
rth-1131abf7146b,TAMAN PROBOLINGGO,,,Jakarta Pusat,"JL. PROBOLINGGO NO.18A, RT.1/RW.2, KUNINGAN, RT.16/RW.5, GONDANGDIA, KEC. MENTENG, KOTA JAKARTA PUSAT, DAERAH KHUSUS IBUKOTA JAKARTA 10350",,,,,,,,False,,,MENTENG,GONDANGDIA
rth-69efec647266,JH TEPIAN AIR JL. TELUK BETUNG,,,Jakarta Pusat,JH TEPIAN AIR JL. TELUK BETUNG,,,,,,,,False,,,MENTENG,KEBON MELATI
rth-402c97ce9d51,JH JL. SRIKAYA (BAWAH REL KERETA),,,Jakarta Pusat,JH JL. SRIKAYA (BAWAH REL KERETA),,,,,,,,False,,,MENTENG,KEBON SIRIH
rth-fc91d7452ddb,TAMAN SEGITIGA SRIKAYA,,,Jakarta Pusat,TAMAN SEGITIGA SRIKAYA,,,,,,,,False,,,MENTENG,KEBON SIRIH
rth-9f5f94f55652,BAK-BAK PATUNG TANI,,,Jakarta Pusat,BAK-BAK PATUNG TANI,,,,,,,,False,,,MENTENG,KEBON SIRIH
rth-0ae95b42f80f,JH JL. MENTENG RAYA (DARI JL. KEBON SIRIH SD JL. CUT MUTIA),,,Jakarta Pusat,JH JL. MENTENG RAYA (DARI JL. KEBON SIRIH SD JL. CUT MUTIA),,,,,,,,False,,,MENTENG,KEBON SIRIH
rth-04268408cba9,JH TEPIAN AIR JL. SUMENEP,,,Jakarta Pusat,JH TEPIAN AIR JL. SUMENEP,,,,,,,,False,,,MENTENG,MENTENG
rth-f4eacdd48a4f,JH JL. TEUKU CIK DITIRO,,,Jakarta Pusat,JH JL. TEUKU CIK DITIRO,,,,,,,,False,,,MENTENG,MENTENG
rth-4f8a7b355e0e,JH JL. CIMAHI,,,Jakarta Pusat,JH JL. CIMAHI,,,,,,,,False,,,MENTENG,MENTENG
rth-3733befa15d4,JH JL. MOHAMMAD YAMIN (PINGGIR KALI),,,Jakarta Pusat,JH JL. MOHAMMAD YAMIN (PINGGIR KALI),,,,,,,,False,,,MENTENG,MENTENG
rth-c01f46374b51,JALUR HIJAU JL. HASANUDDIN BARAT,,,Jakarta Selatan,JALUR HIJAU JL. HASANUDDIN BARAT,,,,,,,,False,,,KEBAYORAN BARU,
rth-ac9285c645d7,JALUR HIJAU JL. ISKANDARSYAH,,,Jakarta Selatan,JALUR HIJAU JL. ISKANDARSYAH,,,,,,,,False,,,KEBAYORAN BARU,
rth-d55df382e835,JALUR HIJAU JL. WIJAYA IV,,,Jakarta Selatan,JALUR HIJAU JL. WIJAYA IV,,,,,,,,False,,,KEBAYORAN BARU,
rth-73b18372434c,JALUR HIJAU JL. WIJAYA II,,,Jakarta Selatan,JALUR HIJAU JL. WIJAYA II,,,,,,,,False,,,KEBAYORAN BARU,
rth-f34caa91a938,TAMAN PULO - PULO JL. WIJAYA 2 - JL. WIJAYA 13 (WISMA ANGKASA),,,Jakarta Selatan,TAMAN PULO - PULO JL. WIJAYA 2 - JL. WIJAYA 13 (WISMA ANGKASA),,,,,,,,False,,,KEBAYORAN BARU,
rth-ac7c62e94d78,TAMAN BUNDARAN BLOK P,,,Jakarta Selatan,TAMAN BUNDARAN BLOK P,,,,,,,,False,,,KEBAYORAN BARU,
rth-09ed66b87bdf,JALUR HIJAU JL. FX SOETOMO,,,Jakarta Selatan,JALUR HIJAU JL. FX SOETOMO,,,,,,,,False,,,KEBAYORAN BARU,
rth-559d87a5cd1c,JALUR HIJAU JL. CIBITUNG,,,Jakarta Selatan,JALUR HIJAU JL. CIBITUNG,,,,,,,,False,,,KEBAYORAN BARU,
rth-4e852c1c2d47,JALUR HIJAU SAMPING & BELAKANG WALIKOTA JAKARTA SELATAN,,,Jakarta Selatan,JALUR HIJAU SAMPING & BELAKANG WALIKOTA JAKARTA SELATAN,,,,,,,,False,,,KEBAYORAN BARU,
rth-f05da4964685,TAMAN PULO - PULO JL. PRAPANCA UJUNG,,,Jakarta Selatan,TAMAN PULO - PULO JL. PRAPANCA UJUNG,,,,,,,,False,,,KEBAYORAN BARU,
rth-60c31f543252,TAMAN PULO - PULO JL. PRAPANCA RAYA - JL. BRAWIJAYA RAYA,,,Jakarta Selatan,TAMAN PULO - PULO JL. PRAPANCA RAYA - JL. BRAWIJAYA RAYA,,,,,,,,False,,,KEBAYORAN BARU,
rth-df79f4ac9024,TAMAN PULO - PULO JL. DHARMAWANGSA - JL. BRAWIJAYA IC,,,Jakarta Selatan,TAMAN PULO - PULO JL. DHARMAWANGSA - JL. BRAWIJAYA IC,,,,,,,,False,,,KEBAYORAN BARU,
rth-1774d3acf58f,TAMAN PULO - PULO JL. DHARMAWANGSA SQUARE (JL. DHARMAWANGSA IX),,,Jakarta Selatan,TAMAN PULO - PULO JL. DHARMAWANGSA SQUARE (JL. DHARMAWANGSA IX),,,,,,,,False,,,KEBAYORAN BARU,
rth-3f1fbe1a9370,TAMAN PULO - PULO JL. PRAPANCA RAYA - JL. DHARMAWANGSA 10,,,Jakarta Selatan,TAMAN PULO - PULO JL. PRAPANCA RAYA - JL. DHARMAWANGSA 10,,,,,,,,False,,,KEBAYORAN BARU,
rth-573807ed5bbe,TAMAN PULO - PULO JL. PRAPANCA RAYA - JL. BRAWIJAYA VIII,,,Jakarta Selatan,TAMAN PULO - PULO JL. PRAPANCA RAYA - JL. BRAWIJAYA VIII,,,,,,,,False,,,KEBAYORAN BARU,
rth-40d855cbb222,PULAU JALAN BRAWIJAYA RAYA,,,Jakarta Selatan,PULAU JALAN BRAWIJAYA RAYA,,,,,,,,False,,,KEBAYORAN BARU,
rth-632104c49d3b,"JALUR HIJAU JL. BRAWIJAYA VII, VIII, IX",,,Jakarta Selatan,"JALUR HIJAU JL. BRAWIJAYA VII, VIII, IX",,,,,,,,False,,,KEBAYORAN BARU,
rth-dce7f47cd03a,JALUR HIJAU JL. BRAWIJAYA V,,,Jakarta Selatan,JALUR HIJAU JL. BRAWIJAYA V,,,,,,,,False,,,KEBAYORAN BARU,
rth-b2a0fa164fd7,JALUR HIJAU JL. WIJAYA XIV,,,Jakarta Selatan,JALUR HIJAU JL. WIJAYA XIV,,,,,,,,False,,,KEBAYORAN BARU,
rth-be84f58c0704,JALUR HIJAU JL. BRAWIJAYA II,,,Jakarta Selatan,JALUR HIJAU JL. BRAWIJAYA II,,,,,,,,False,,,KEBAYORAN BARU,
rth-442a48f5f84b,JALUR HIJAU JL. DARMAWANGSA IX,,,Jakarta Selatan,JALUR HIJAU JL. DARMAWANGSA IX,,,,,,,,False,,,KEBAYORAN BARU,
rth-36ac993a48d6,JALUR HIJAU JL. DARMAWANGSA,,,Jakarta Selatan,JALUR HIJAU JL. DARMAWANGSA,,,,,,,,False,,,KEBAYORAN BARU,
rth-a181472a0526,JALUR HIJAU JL. BRAWIJAYA RAYA,,,Jakarta Selatan,JALUR HIJAU JL. BRAWIJAYA RAYA,,,,,,,,False,,,KEBAYORAN BARU,
rth-b790c312afc5,JALUR HIJAU JL. PRAPANCA RAYA,,,Jakarta Selatan,JALUR HIJAU JL. PRAPANCA RAYA,,,,,,,,False,,,KEBAYORAN BARU,
rth-ceb47653ceaa,TAMAN PULAU - PULAU JL. GUNAWARMAN - JL. CIKATOMAS,,,Jakarta Selatan,TAMAN PULAU - PULAU JL. GUNAWARMAN - JL. CIKATOMAS,,,,,,,,False,,,KEBAYORAN BARU,
rth-6454f358a92e,TAMAN PULAU - PULAU JL. SURYO - JL.BIRAH I,,,Jakarta Selatan,TAMAN PULAU - PULAU JL. SURYO - JL.BIRAH I,,,,,,,,False,,,KEBAYORAN BARU,
rth-72eb5355e1fe,TAMAN PULAU - PULAU JL. SURYO - JL. BIRAH II,,,Jakarta Selatan,TAMAN PULAU - PULAU JL. SURYO - JL. BIRAH II,,,,,,,,False,,,KEBAYORAN BARU,
rth-86e535c1798c,TAMAN PULAU - PULAU SANTA,,,Jakarta Selatan,TAMAN PULAU - PULAU SANTA,,,,,,,,False,,,KEBAYORAN BARU,
rth-db6d22630365,PULAU JALAN BHAKTI,,,Jakarta Selatan,PULAU JALAN BHAKTI,,,,,,,,False,,,KEBAYORAN BARU,
rth-afb34565bb21,PULAU JALAN SURYO I SURYO II DAN SURYO III,,,Jakarta Selatan,PULAU JALAN SURYO I SURYO II DAN SURYO III,,,,,,,,False,,,KEBAYORAN BARU,
rth-31cc5a23e1bf,TAMAN PULAU - PULAU JL. GUNAWARMAN - JL. BELITUNG,,,Jakarta Selatan,TAMAN PULAU - PULAU JL. GUNAWARMAN - JL. BELITUNG,,,,,,,,False,,,KEBAYORAN BARU,
rth-dfcde06e6dff,TAMAN PULAU - PULAU JL. GUNAWARMAN - JL. ERLANGGA,,,Jakarta Selatan,TAMAN PULAU - PULAU JL. GUNAWARMAN - JL. ERLANGGA,,,,,,,,False,,,KEBAYORAN BARU,
rth-87316d8fa8ee,TAMAN PULAU - PULAU JL. GUNAWARMAN - JL. KERTANEGARA,,,Jakarta Selatan,TAMAN PULAU - PULAU JL. GUNAWARMAN - JL. KERTANEGARA,,,,,,,,False,,,KEBAYORAN BARU,
rth-417206245323,TAMAN AINI,,,Jakarta Selatan,"JL. H. R. RASUNA SAID NO.18, RT.18/RW.2, KUNINGAN, KARET KUNINGAN, KECAMATAN SETIABUDI, KOTA JAKARTA SELATAN, DAERAH KHUSUS IBUKOTA JAKARTA 12920",,,,,,,,False,,,SETIA BUDI,KARET KUNINGAN
rth-50bbf2d017ee,TAMAN AINI III,,,Jakarta Selatan,"JL. H. R. RASUNA SAID NO.18, RT.18/RW.2, KUNINGAN, KARET KUNINGAN, KECAMATAN SETIABUDI, KOTA JAKARTA SELATAN, DAERAH KHUSUS IBUKOTA JAKARTA 12920",,,,,,,,False,,,SETIA BUDI,KARET KUNINGAN
rth-7ef5296ab61b,TAMAN AINI V,,,Jakarta Selatan,"JL. H. R. RASUNA SAID NO.18, RT.18/RW.2, KUNINGAN, KARET KUNINGAN, KECAMATAN SETIABUDI, KOTA JAKARTA SELATAN, DAERAH KHUSUS IBUKOTA JAKARTA 12920",,,,,,,,False,,,SETIA BUDI,KARET KUNINGAN
rth-acd5005bd725,TAMAN FLAMBOYAN,,,Jakarta Selatan,"JL. FLAMBOYAN NO.4, RT.9/ .3, KEL. KUNINGAN, KARET KUNINGAN KEC. SETIABUDI, KOTA JAKARTA SELATAN",,,,,,,,False,,,SETIA BUDI,KARET KUNINGAN
rth-5843fc0dd816,TAMAN PKK,,,Jakarta Selatan,"JL. FLAMBOYAN NO.4, RT.9/ .3, KEL. KUNINGAN, KARET KUNINGAN KEC. SETIABUDI,",,,,,,,,False,,,SETIA BUDI,KARET KUNINGAN
rth-fec4d2fd8def,JALUR HIJAU JL. GARNISUN (DEPAN KANTOR KEL LAMA),,,Jakarta Selatan,JALUR HIJAU JL. GARNISUN (DEPAN KANTOR KEL LAMA),,,,,,,,False,,,SETIA BUDI,KARET SEMANGGI
rth-799ec5b2c865,JALUR HIJAU JL. GARNISUN (DEPAN RS. JAKARTA),,,Jakarta Selatan,JALUR HIJAU JL. GARNISUN (DEPAN RS. JAKARTA),,,,,,,,False,,,SETIA BUDI,KARET SEMANGGI
rth-54735cb1d896,FLY OVER KUNINGAN (ATAS - BAWAH),,,Jakarta Selatan,"JL. SETIABUDI TENGAH NO.1, RT.14/RW.1, KUNINGAN, SETIA BUDI, KECAMATAN SETIABUDI, KOTA JAKARTA SELATAN, DAERAH KHUSUS IBUKOTA JAKARTA 12910",,,,,,,,False,,,SETIA BUDI,KUNINGAN BARAT
rth-f8ccf39299e2,TAMAN TUGU 66,,,Jakarta Selatan,"JL. HOS. COKROAMINOTO, RT.5/RW.1, KUNINGAN, KECAMATAN SETIABUDI, KOTA JAKARTA SELATAN, DAERAH KHUSUS IBUKOTA JAKARTA 12910",,,,,,,,False,,,SETIA BUDI,KUNINGAN BARAT
rth-efa8c58d2e8e,JALUR HIJAU JL. DENPASAR RAYA,,,Jakarta Selatan,JALUR HIJAU JL. DENPASAR RAYA,,,,,,,,False,,,SETIA BUDI,KUNINGAN TIMUR
rth-1b3a73347005,JALUR HIJAU JL. PATRA RAYA,,,Jakarta Selatan,JALUR HIJAU JL. PATRA RAYA,,,,,,,,False,,,SETIA BUDI,KUNINGAN TIMUR
rth-51344158d8bc,JALUR HIJAU JL. PATRA UTARA,,,Jakarta Selatan,JALUR HIJAU JL. PATRA UTARA,,,,,,,,False,,,SETIA BUDI,KUNINGAN TIMUR
rth-e9fe3c40b7a4,JALUR HIJAU JL. BESAKIH,,,Jakarta Selatan,JALUR HIJAU JL. BESAKIH,,,,,,,,False,,,SETIA BUDI,KUNINGAN TIMUR
rth-531642b3fbb8,JALUR JL. GATOT SUBROTO (PANCORAN S/D SLIPI),,,Jakarta Selatan,JL. GATOT SUBROTO (PANCORAN S/D SLIPI),,,,,,,,False,,,SETIA BUDI,KUNINGAN TIMUR
rth-abf98985be4f,TAMAN UBUD,,,Jakarta Selatan,"JL. TAMAN UBUD KUNINGAN, KUNINGAN TIM., KECAMATAN SETIABUDI, KOTA JAKARTA SELATAN, DAERAH KHUSUS IBUKOTA JAKARTA",,,,,,,,False,,,SETIA BUDI,KUNINGAN TIMUR
rth-90097dde8d2b,TAMAN DENPASAR II,,,Jakarta Selatan,"JL. DENPASAR II RT.1/RW.2, KUNINGAN, KUNINGAN TIM., KECAMATAN SETIABUDI,",,,,,,,,False,,,SETIA BUDI,KUNINGAN TIMUR
rth-4cb68b43763f,TAMAN RUMAH DINAS JABATAN WAKIL GUBERNUR,,,Jakarta Selatan,"JL. MEGA KUNINGAN BARAT III NO.E. 35, RT.1/RW.2, KUNINGAN, KUNINGAN TIM., KECAMATAN SETIABUDI, KOTA JAKARTA SELATAN, DAERAH KHUSUS IBUKOTA JAKARTA 12950",,,,,,,,False,,,SETIA BUDI,KUNINGAN TIMUR
rth-454a7d5fbedf,TAMAN RUMAH DINAS JABATAN SEKDA,,,Jakarta Selatan,MEGA KUNINGAN,,,,,,,,False,,,SETIA BUDI,KUNINGAN TIMUR
rth-4a883a975c90,TAMAN SULTAN AGUNG,,,Jakarta Selatan,JL.PASAR RUMPUT KEL. PASAR MANGGIS KEC. SETIABUDI.,,,,,,,,False,,,SETIA BUDI,MANGGARAI
rth-2bc3d17f143c,TAMAN PASAR MANGGIS,,,Jakarta Selatan,"JL. DR. SAHARJO NO.107, RT.2/RW.10, MANGGARAI SEL., KEC. TEBET,",,,,,,,,False,,,SETIA BUDI,MANGGARAI SELATAN
rth-209f4e60bb31,JALUR JL. JEND. SUDIRMAN (JALUR HIJAU MEDIAN DAN AMENITIES),,,Jakarta Selatan,JL. JEND. SUDIRMAN (JALUR HIJAU MEDIAN DAN AMENITIES),,,,,,,,False,,,SETIA BUDI,
rth-3df836403aa3,JALUR JL. HR. RASUNA SAID,,,Jakarta Selatan,JL. HR. RASUNA SAID,,,,,,,,False,,,SETIA BUDI,
rth-d09c63331831,JPO JL. HR. RASUNA SAID (4 JPO),,,Jakarta Selatan,JPO JL. HR. RASUNA SAID (4 JPO),,,,,,,,False,,,SETIA BUDI,
rth-b2f298a6a7ab,JALUR HIJAU JL. MINANGKABAU (SISI BARAT & TIMUR),,,Jakarta Selatan,JALUR HIJAU JL. MINANGKABAU (SISI BARAT & TIMUR),,,,,,,,False,,,SETIA BUDI,PASAR MANGGIS
rth-c07668a00769,TAMAN POS DISHUB,,,Jakarta Selatan,"JL. MINANGKABAU, KEL. PASAR MANGGIS, KEC. SETIABUDI",,,,,,,,False,,,SETIA BUDI,PASAR MANGGIS
rth-2c1a92128ef8,TAMAN MINANG KABAU,,,Jakarta Selatan,JL.SAHARDJO KEL. PASAR MANGGIS KEC. SETIABUDI.,,,,,,,,False,,,SETIA BUDI,PASAR MANGGIS
rth-864a5e522d7b,TAMAN BATU,,,Jakarta Selatan,"JL. BATU I NO.324, RT.3/RW.2, PEJATEN TIM., KEC. PS. MINGGU, KOTA JAKARTA SELATAN",,,,,,,,False,,,SETIA BUDI,PEJATEN TIMUR
rth-24dd36feb5e8,JALUR HIJAU LERENG LANDMARK,,,Jakarta Selatan,JALUR HIJAU LERENG LANDMARK,,,,,,,,False,,,SETIA BUDI,SETIA BUDI
rth-b787186ad877,JALUR HIJAU PULO-PULO LANDMARK I & II,,,Jakarta Selatan,PULO-PULO LANDMARK I & II,,,,,,,,False,,,SETIA BUDI,SETIA BUDI
rth-287b491de7db,RTH PURI GARDENIA (TAMAN KUMBANG SEREH),,,Jakarta Barat,"PERUM PURI GARDENA II RT 007 RW 001 KEL. PEGADUNGAN KEC. KALIDERES, JAKARTA BARAT",,,,,,,,False,,,KALI DERES,PEGADUNGAN
rth-41f937ba3424,TAMAN KOPTI,,,Jakarta Barat,"JL. BALONGAN BARU II NO.15, RT.4/RW.11, SEMANAN, KEC. KALIDERES, KOTA JAKARTA BARAT, DAERAH KHUSUS IBUKOTA JAKARTA 11850",,,,,,,,False,,,KALI DERES,SEMANAN
rth-8afd0c0c5014,TAMAN KERAMAT,,,Jakarta Barat,"JL. TEBET BARAT III C RT.9/ 3, KEL. TEBET BARAT KEC. TEBET, JAKARTA SELATAN",,,,,,,,False,,,KALI DERES,SEMANAN
rth-e91c8e926a31,TAMAN PELOPOR,,,Jakarta Barat,"JL. PELOPOR 1, RT.1/RW.5, TEGAL ALUR, KEC. KALIDERES, KOTA JAKARTA BARAT, DAERAH KHUSUS IBUKOTA JAKARTA 11820",,,,,,,,False,,,KALI DERES,TEGAL ALUR
rth-9e9eca7b6712,TAMAN SUKATANI I,,,Jakarta Barat,"JL. SUKATANI RAYA BLOK L8 NO.19, RT.12/RW.7, TEGAL ALUR, KEC. KALIDERES, KOTA JAKARTA BARAT, DAERAH KHUSUS IBUKOTA JAKARTA 11820",,,,,,,,False,,,KALI DERES,TEGAL ALUR
rth-4adbd03d8777,TAMAN SUKATANI II,,,Jakarta Barat,"JL. SUKATANI RAYA BLOK L8 NO.19, RT.12/RW.7, TEGAL ALUR, KEC. KALIDERES, KOTA JAKARTA BARAT, DAERAH KHUSUS IBUKOTA JAKARTA 11820",,,,,,,,False,,,KALI DERES,TEGAL ALUR
rth-c503463f9111,TAMAN SUMONGGOL,,,Jakarta Barat,"JL. KAMAL RAYA GG. SADUN NO.63, RT.14/RW.9, TEGAL ALUR, KEC. KALIDERES, KOTA JAKARTA BARAT, DAERAH KHUSUS IBUKOTA JAKARTA 11820",,,,,,,,False,,,KALI DERES,TEGAL ALUR
rth-b646e23bcd55,TAMAN MENVO,,,Jakarta Barat,"JL. MENVO 4 NO.5, RT.7/RW.10, TEGAL ALUR, KEC. KALIDERES, KOTA JAKARTA BARAT, DAERAH KHUSUS IBUKOTA JAKARTA 11820",,,,,,,,False,,,KALI DERES,TEGAL ALUR
rth-e572c46134b6,"TAMAN MALIOBORO I,II,III",,,Jakarta Barat,"JL. MALIOBORO NO.6, RT.6/RW.6, TEGAL ALUR, KEC. KALIDERES, KOTA JAKARTA BARAT, DAERAH KHUSUS IBUKOTA JAKARTA 11820",,,,,,,,False,,,KALI DERES,TEGAL ALUR
rth-cbb3526d7edd,TAMAN MUSHOLLAH A,,,Jakarta Barat,"JL. MUSHOLLA, TEGAL ALUR, KALIDERES, JAKARTA BARAT",,,,,,,,False,,,KALI DERES,TEGAL ALUR
rth-36869f06f450,TAMAN MUSHOLLAH B,,,Jakarta Barat,"JL. MUSHOLLA, TEGAL ALUR, KALIDERES, JAKARTA BARAT",,,,,,,,False,,,KALI DERES,TEGAL ALUR
rth-aba4fa95df14,TAMAN ANGGREK BIRU,,,Jakarta Barat,"JL. PALAPA NO.DALAM, RW.6, TEGAL ALUR, KEC. KALIDERES, KOTA JAKARTA BARAT, DAERAH KHUSUS IBUKOTA JAKARTA 11820",,,,,,,,False,,,KALI DERES,TEGAL ALUR
rth-cf619327a414,TAMAN BHAKTI MULYA,,,Jakarta Barat,"JALAN BAKTI MULYA BLOK BAKTI II NO.2, TEGAL ALUR, KALIDERES, RT.8/RW.2, TEGAL ALUR, KEC. KALIDERES, KOTA JAKARTA BARAT, DAERAH KHUSUS IBUKOTA JAKARTA 11820",,,,,,,,False,,,KALI DERES,TEGAL ALUR
rth-c31b0847baef,TAMAN MIRINDA DALAM,,,Jakarta Barat,"JL. MIRINDA KAV.PTB RT 05/07 KEC. KALIDERES, TEGAL ALUR, KEC. KALI DERES, KOTA JAKARTA BARAT",,,,,,,,False,,,KALI DERES,TEGAL ALUR
rth-be03fc1e5309,TAMAN JL. H. BI'IN,,,Jakarta Barat,"JL. H. BIIN RW.5, TEGAL ALUR, KALIDERES, WEST JAKARTA CITY, JAKARTA 11820",,,,,,,,False,,,KALI DERES,TEGAL ALUR
rth-ca5d1d47001b,RTH LINGKUNGAN III,,,Jakarta Barat,"JL. LINGKUNGAN III, KEL. TEGAL ALUR, KEC. KALIDERES, JAKARTA BARAT",,,,,,,,False,,,KALI DERES,TEGAL ALUR
rth-32a0d7d271e7,TAMAN BLOK D PERUM TAMAN RATU RW. 06,,,Jakarta Barat,"RW.13, DURI KEPA, KEBONJERUK, JAKARTA BARAT, JAKARTA 11510",,,,,,,,False,,,KEBON JERUK,DURI KEPA
rth-f620cb3c10f4,TAMAN JERUK BALI,,,Jakarta Barat,"JL. JERUK BALI, RT.7/RW.6, DURI KEPA, KEC. KB. JERUK, KOTA JAKARTA BARAT, DAERAH KHUSUS IBUKOTA JAKARTA 11510",,,,,,,,False,,,KEBON JERUK,DURI KEPA
rth-e23057c10f05,TAMAN KEBON RAYA,,,Jakarta Barat,"JL. KEBON RAYA VI NO.27, RT.1/RW.1, DURI KEPA, KEC. KB. JERUK, KOTA JAKARTA BARAT, DAERAH KHUSUS IBUKOTA JAKARTA 11510",,,,,,,,False,,,KEBON JERUK,DURI KEPA
rth-a60cd2eea4ec,TAMAN JERUK MANIS,,,Jakarta Barat,"JL. JERUK MANIS V NO.87, RT.1/RW.6, DURI KEPA, KEC. KB. JERUK, KOTA JAKARTA BARAT, DAERAH KHUSUS IBUKOTA JAKARTA 11510",,,,,,,,False,,,KEBON JERUK,DURI KEPA
rth-97f41823f422,TAMAN DUPA INDAH,,,Jakarta Barat,"JL. MANGGA XIV RT 007 RW 003, KEL. DURI KEPA, KEC. KEBON JERUK, JAKARTA BARAT",,,,,,,,False,,,KEBON JERUK,DURI KEPA
rth-136ed30b2210,RTH DURI KEPA (TAMAN NIRMALA MAS),,,Jakarta Barat,"RT 013 RW 008, KEL. DURI KEPA, KEC. KEBON JERUK, JAKARTA BARAT",,,,,,,,False,,,KEBON JERUK,DURI KEPA
rth-bf23c04e7fe3,RTH JL. PATRA KP. DURI RT. 007 RW. 02,,,Jakarta Barat,"KP. DURI RT. 007/02, KEL. DURI KEPA, KEC. KEBON JERUK, JAKARTA BARAT",,,,,,,,False,,,KEBON JERUK,DURI KEPA
rth-56725004ba84,JH JL. SURABAYA,,,Jakarta Pusat,JH JL. SURABAYA,,,,,,,,False,,,MENTENG,MENTENG
rth-f83529fb6223,JH JL. PEGANGSAAN BARAT,,,Jakarta Pusat,JH JL. PEGANGSAAN BARAT,,,,,,,,False,,,MENTENG,MENTENG
rth-3827586294ef,TAMAN SEGITIGA SUKABUMI (POS JAGA),,,Jakarta Pusat,TAMAN SEGITIGA SUKABUMI (POS JAGA),,,,,,,,False,,,MENTENG,MENTENG
rth-5ab2b0784403,JH JL. DIPONEGORO,,,Jakarta Pusat,JH JL. DIPONEGORO,,,,,,,,False,,,MENTENG,MENTENG
rth-10892f5021ec,VIADUCT LATUHARHARI,,,Jakarta Pusat,VIADUCT LATUHARHARI,,,,,,,,False,,,MENTENG,MENTENG
rth-4d2727d51ad2,JH JL. LATUHARHARI DAN PULAU-PULAU,,,Jakarta Pusat,JH JL. LATUHARHARI DAN PULAU-PULAU,,,,,,,,False,,,MENTENG,MENTENG
rth-db032367ebb0,JALUR HIJAU TEPIAN AIR BANJIR KANAL BARAT JL. KH. MAS MANSYUR S/D STASIUN KERETA API MAMPANG) SISI UTARA,,,Jakarta Pusat,"TEPI KALI BANJIR KANAL BARAT SISI UTARA, KEL. MENTENG, KEC. MENTENG, JAKARTA PUSAT.",,,,,,,,False,,,MENTENG,MENTENG
rth-8c804e26d4b0,JALUR HIJAU TEPIAN AIR BANJIR KANAL BARAT (JL. JEND. SUDIRMAN-DUKUH ATAS S/D PERTIGAAN DEPAN PASAR RUMPUT) SISI SELATAN,,,Jakarta Pusat,"TEPI KALI BANJIR KANAL BARAT SISI SELATAN, KEL. MENTENG, KEC. MENTENG, JAKARTA PUSAT.",,,,,,,,False,,,MENTENG,MENTENG
rth-5640d1e7b281,FLY OVER LATUHARHARI (ATAS),,,Jakarta Pusat,FLY OVER LATUHARHARI (ATAS),,,,,,,,False,,,MENTENG,MENTENG
rth-acc4093ea079,JALUR HIJAU JL. DIPONEGORO (ANTARA TAMAN SUROPATI S/D MEGARIA) SISI KANAN KIRI TIDAK TERMASUK PEDESTRIAN,,,Jakarta Pusat,"JL. DIPONEGORO, MENTENG, JAKARTA PUSAT",,,,,,,,False,,,MENTENG,MENTENG
rth-6571eb11ada0,TAMAN SUKABUMI,,,Jakarta Pusat,"JL. SUKABUMI, RT.2/RW.7, MENTENG, KEC. MENTENG, KOTA JAKARTA PUSAT, DAERAH KHUSUS IBUKOTA JAKARTA 10310",,,,,,,,False,,,MENTENG,MENTENG
rth-bf26d22ff46e,TAMAN CILACAP DAN SEGITIGA PULAU TAMAN CILACAP,,,Jakarta Pusat,"JL. PROF. MOH. YAMIN 1, RT.16/RW.5",,,,,,,,False,,,MENTENG,MENTENG
rth-46f0e08e1854,TAMAN LAWANG DAN SEGITIGA LAWANG,,,Jakarta Pusat,"JL. SUMENEP NO.5, RT.11/RW.4, MENTENG, KEC. MENTENG, KOTA JAKARTA PUSAT, DAERAH KHUSUS IBUKOTA JAKARTA 10310",,,,,,,,False,,,MENTENG,MENTENG
rth-655632156b4a,TAMAN PANARUKAN,,,Jakarta Pusat,"JL. LUMAJANG, RT.2/RW.5, MENTENG, KEC. MENTENG, KOTA JAKARTA PUSAT, DAERAH KHUSUS IBUKOTA JAKARTA 10310",,,,,,,,False,,,MENTENG,MENTENG
rth-1dfd046350c1,TAMAN PEKALONGAN/GAJAH,,,Jakarta Pusat,"JL. PEKALONGAN NO.13, RT.2/RW.5, MENTENG, CENTRAL JAKARTA CITY, JAKARTA 10310",,,,,,,,False,,,MENTENG,MENTENG
rth-ad4727a41b23,TAMAN KERAWANG,,,Jakarta Pusat,"JL. KARAWANG NO.4, RT.3/RW.4, MENTENG, KEC. MENTENG, KOTA JAKARTA PUSAT, DAERAH KHUSUS IBUKOTA JAKARTA 10310",,,,,,,,False,,,MENTENG,MENTENG
rth-ee94f34af906,TAMAN SEMARANG,,,Jakarta Pusat,"JL. SEMARANG, RT.12/RW.5, MENTENG, KEC. MENTENG, KOTA JAKARTA PUSAT, DAERAH KHUSUS IBUKOTA JAKARTA 10310",,,,,,,,False,,,MENTENG,MENTENG
rth-f40c6ed1d6ca,TAMAN SITULEMBANG,,,Jakarta Pusat,"JL. LEMBANG TERUSAN NO.D-59, RT.6/RW.5",,,,,,,,False,,,MENTENG,MENTENG
rth-caef74bb2bce,TAMAN SUROPATI,,,Jakarta Pusat,"JL. TAMAN SUROPATI, RT.5/RW.5",,,,,,,,False,,,MENTENG,MENTENG
rth-bab41556818c,TAMAN PATUNG DIPONEGORO,,,Jakarta Pusat,"JL. IMAM BONJOL NO.1, RT.5/RW.5",,,,,,,,False,,,MENTENG,MENTENG
rth-f691110ec0e4,TAMAN MENTENG,,,Jakarta Pusat,"JL. HOS. COKROAMINOTO, RT.3/RW.5",,,,,,,,False,,,MENTENG,MENTENG
rth-f9226fbb0298,TAMAN KODOK MENTENG,,,Jakarta Pusat,"JL. SIDOARJO, RT.3/RW.5",,,,,,,,False,,,MENTENG,MENTENG
rth-5a60a48e93b0,RUMAH DINAS JABATAN GUBERNUR,,,Jakarta Pusat,"JL. TAMAN SUROPATI NO.7, RT.5/RW.5",,,,,,,,False,,,MENTENG,MENTENG
rth-8f21189f6b5b,JH JL. LATUHARHARY (SISI KANAN KIRI),,,Jakarta Pusat,JH JL. LATUHARHARY (SISI KANAN KIRI),,,,,,,,False,,,MENTENG,
rth-feefb26860f6,JH JL. MENTENG RAYA KANAN KIRI,,,Jakarta Pusat,JH JL. MENTENG RAYA KANAN KIRI,,,,,,,,False,,,MENTENG,
rth-96444c1e8977,JH BAWAH LAYANG REL KA STASIUN CIKINI (DEPAN MEGARIA),,,Jakarta Pusat,JH BAWAH LAYANG REL KA STASIUN CIKINI (DEPAN MEGARIA),,,,,,,,False,,,MENTENG,
rth-7b6cec843754,JH JL. K.H WAHID HASYIM,,,Jakarta Pusat,JH JL. K.H WAHID HASYIM,,,,,,,,False,,,MENTENG,
rth-0c79f1e659be,TAMAN DEPAN GOLKAR (SEGITIGA),,,Jakarta Pusat,TAMAN DEPAN GOLKAR (SEGITIGA),,,,,,,,False,,,MENTENG,
rth-e1da2b6009f5,TAMAN SEGITIGA MEGARIA,,,Jakarta Pusat,TAMAN SEGITIGA MEGARIA,,,,,,,,False,,,MENTENG,
rth-5b0bca68f9ba,JH JL. DIPONEGORO (MEGARIA-LAMPU MERAH RSCM) PROYEK DBM TH 2019,,,Jakarta Pusat,JH JL. DIPONEGORO (MEGARIA-LAMPU MERAH RSCM) PROYEK DBM TH 2019,,,,,,,,False,,,MENTENG,
rth-d7543eb8c6f3,FLY OVER LATUHARHARI (ATAS),,,Jakarta Pusat,FLY OVER LATUHARHARI (ATAS),,,,,,,,False,,,MENTENG,
rth-5e272abf8ae6,PULAU JL. PATUNG TANI S/D MEDIAN JL. KWITANG,,,Jakarta Pusat,PULAU JL. PATUNG TANI S/D MEDIAN JL. KWITANG,,,,,,,,False,,,MENTENG,
rth-a53c234e2b03,JALUR MEDIAN JL. IMAM BONJOL,,,Jakarta Pusat,JALUR MEDIAN JL. IMAM BONJOL,,,,,,,,False,,,MENTENG,
rth-a5b2f1b9d4de,TAMAN PULAU - PULAU JL. GUNAWARMAN - JL. DAKSA IV,,,Jakarta Selatan,TAMAN PULAU - PULAU JL. GUNAWARMAN - JL. DAKSA IV,,,,,,,,False,,,KEBAYORAN BARU,
rth-9515481a59c6,TAMAN PULAU - PULAU JL. SENOPATI - JL. SURYO,,,Jakarta Selatan,TAMAN PULAU - PULAU JL. SENOPATI - JL. SURYO,,,,,,,,False,,,KEBAYORAN BARU,
rth-f0ad27d793c8,TAMAN PULO - PULO TRUNOJOYO (8 LOKASI),,,Jakarta Selatan,TAMAN PULO - PULO TRUNOJOYO (8 LOKASI),,,,,,,,False,,,KEBAYORAN BARU,
rth-c6d81ee7ff3e,TAMAN PULAU - PULAU JL. GUNAWARMAN - JL. SENJAYA,,,Jakarta Selatan,TAMAN PULAU - PULAU JL. GUNAWARMAN - JL. SENJAYA,,,,,,,,False,,,KEBAYORAN BARU,
rth-6ee9b4a23bc4,JALUR HIJAU JL. ADITYAWARMAN,,,Jakarta Selatan,JALUR HIJAU JL. ADITYAWARMAN,,,,,,,,False,,,KEBAYORAN BARU,
rth-9ec08f631e4c,JALUR HIJAU JL. PURNAWARMAN,,,Jakarta Selatan,JALUR HIJAU JL. PURNAWARMAN,,,,,,,,False,,,KEBAYORAN BARU,
rth-81e3212cc6d7,JALUR HIJAU JL. PATTIMURA,,,Jakarta Selatan,JALUR HIJAU JL. PATTIMURA,,,,,,,,False,,,KEBAYORAN BARU,
rth-0b99ce68b48e,JALUR HIJAU JL. CIRAGIL PINGGIR KALI,,,Jakarta Selatan,JALUR HIJAU JL. CIRAGIL PINGGIR KALI,,,,,,,,False,,,KEBAYORAN BARU,
rth-2d070e2d1c9b,JALUR HIJAU JL. GUNAWARMAN,,,Jakarta Selatan,JALUR HIJAU JL. GUNAWARMAN,,,,,,,,False,,,KEBAYORAN BARU,
rth-c69a977e525e,JALUR HIJAU JL. GALUH,,,Jakarta Selatan,JALUR HIJAU JL. GALUH,,,,,,,,False,,,KEBAYORAN BARU,
rth-347e518e306f,JALUR HIJAU JL. DAKSA,,,Jakarta Selatan,JALUR HIJAU JL. DAKSA,,,,,,,,False,,,KEBAYORAN BARU,
rth-e6843dff30b3,JALUR HIJAU JL. RAJASA,,,Jakarta Selatan,JALUR HIJAU JL. RAJASA,,,,,,,,False,,,KEBAYORAN BARU,
rth-d529e99954cf,JALUR HIJAU JL. SRIWIJAYA RAYA,,,Jakarta Selatan,JALUR HIJAU JL. SRIWIJAYA RAYA,,,,,,,,False,,,KEBAYORAN BARU,
rth-0a637f10500b,"JALUR HIJAU JL. SRIWIJAYA I, II",,,Jakarta Selatan,"JALUR HIJAU JL. SRIWIJAYA I, II",,,,,,,,False,,,KEBAYORAN BARU,
rth-d9fa854cb4b5,JALUR HIJAU JL. RADEN PATAH,,,Jakarta Selatan,JALUR HIJAU JL. RADEN PATAH,,,,,,,,False,,,KEBAYORAN BARU,
rth-2cbb32054265,JALUR HIJAU JL. KERTANEGARA,,,Jakarta Selatan,JALUR HIJAU JL. KERTANEGARA,,,,,,,,False,,,KEBAYORAN BARU,
rth-c13defbda21e,JALUR HIJAU JL. SENOPATI,,,Jakarta Selatan,JALUR HIJAU JL. SENOPATI,,,,,,,,False,,,KEBAYORAN BARU,
rth-8dbaeb3471b6,TAMAN PULAU - PULAU SCBD,,,Jakarta Selatan,TAMAN PULAU - PULAU SCBD,,,,,,,,False,,,KEBAYORAN BARU,
rth-d3a748f4ca22,TAMAN PULAU - PULAU JL. SENOPATI - JL. BAKTI,,,Jakarta Selatan,TAMAN PULAU - PULAU JL. SENOPATI - JL. BAKTI,,,,,,,,False,,,KEBAYORAN BARU,
rth-b1463f66a2ca,PULO - PULO BLOK M PLAZA,,,Jakarta Selatan,PULO - PULO BLOK M PLAZA,,,,,,,,False,,,KEBAYORAN BARU,
rth-94905aac795d,JALUR HIJAU DEPAN KEJAGUNG,,,Jakarta Selatan,JALUR HIJAU DEPAN KEJAGUNG,,,,,,,,False,,,KEBAYORAN BARU,
rth-939f2e9a89a6,JALUR HIJAU JL. DARMAWANGSA XI/PINGGIR KALI,,,Jakarta Selatan,JALUR HIJAU JL. DARMAWANGSA XI/PINGGIR KALI,,,,,,,,False,,,KEBAYORAN BARU,
rth-4b374f5dec6e,JALUR HIJAU JALAN SUDIRMAN (TEPI JALAN),,,Jakarta Selatan,JALUR HIJAU JALAN SUDIRMAN (TEPI JALAN),,,,,,,,False,,,KEBAYORAN BARU,
rth-61f7626a31ab,JALUR HIJAU MRT (PATUNG TUGU PEMUDA - ITC FATMAWATI),,,Jakarta Selatan,JALUR HIJAU MRT (PATUNG TUGU PEMUDA - ITC FATMAWATI),,,,,,,,False,,,KEBAYORAN BARU,
rth-7698e77cffcc,TAMAN PULAU - PULAU JL. HANG TUAH - JL. HANG LEKIR 9,,,Jakarta Selatan,TAMAN PULAU - PULAU JL. HANG TUAH - JL. HANG LEKIR 9,,,,,,,,False,,,KEBAYORAN BARU,
rth-8e1197a17dc2,TAMAN PULAU - PULAU JL. HANG TUAH - JL. HANG LEKIR 6,,,Jakarta Selatan,TAMAN PULAU - PULAU JL. HANG TUAH - JL. HANG LEKIR 6,,,,,,,,False,,,KEBAYORAN BARU,
rth-d6ed2ff3534b,TAMAN PULAU - PULAU SISI BARAT JL. KYAI MAJA,,,Jakarta Selatan,TAMAN PULAU - PULAU SISI BARAT JL. KYAI MAJA,,,,,,,,False,,,KEBAYORAN BARU,
rth-35f13f30ad58,TAMAN PULAU - PULAU SISI TIMUR JL. KYAI MAJA,,,Jakarta Selatan,TAMAN PULAU - PULAU SISI TIMUR JL. KYAI MAJA,,,,,,,,False,,,KEBAYORAN BARU,
rth-7058f42e77f5,JALUR HIJAU JL. HANG LEKIR,,,Jakarta Selatan,JALUR HIJAU JL. HANG LEKIR,,,,,,,,False,,,KEBAYORAN BARU,
rth-397082bdbdec,JALUR HIJAU JL. SINABUNG,,,Jakarta Selatan,JALUR HIJAU JL. SINABUNG,,,,,,,,False,,,KEBAYORAN BARU,
rth-aa1497427fef,JALUR HIJAU JL. SMP PAKUBUWONO POM BENSIN,,,Jakarta Selatan,JALUR HIJAU JL. SMP PAKUBUWONO POM BENSIN,,,,,,,,False,,,KEBAYORAN BARU,
rth-370070b4a01d,JALUR HIJAU JL. KYAI MAJA,,,Jakarta Selatan,JALUR HIJAU JL. KYAI MAJA,,,,,,,,False,,,KEBAYORAN BARU,
rth-e63bf54099bb,JALUR HIJAU JL. VELBAK,,,Jakarta Selatan,JALUR HIJAU JL. VELBAK,,,,,,,,False,,,KEBAYORAN BARU,
rth-ee0f561b0554,JALUR HIJAU JL. KERINCI,,,Jakarta Selatan,JALUR HIJAU JL. KERINCI,,,,,,,,False,,,KEBAYORAN BARU,
rth-89ebc54ab4c7,JALUR HIJAU JL. ALBAINAH,,,Jakarta Selatan,JL. ALBAINAH,,,,,,,,False,,,SETIA BUDI,SETIA BUDI
rth-88ff788623d0,JALUR HIJAU JL. AR-RAHMAN,,,Jakarta Selatan,JL. AR-RAHMAN,,,,,,,,False,,,SETIA BUDI,SETIA BUDI
rth-e56f2f82812e,TAMAN PATRA KUNINGAN SISI UTARA,,,Jakarta Selatan,"JL. H. R. RASUNA SAID, RT.1/.6, KEL. GUNTUR, KEC. SETIABUDI, KOTA JAKARTA SELATAN",,,,,,,,False,,,SETIABUDI,GUNTUR
rth-71a4c9ec6287,TAMAN ALBAINAH,,,Jakarta Selatan,"JL. SETIABUDI SELATAN RT.10/.7, KEL. KUNINGAN, KARET, KEC. SETIABUDI, KOTA JAKARTA SELATAN",,,,,,,,False,,,SETIABUDI,KUNINGAN
rth-49db09716ed1,RPTRA JL. BATU RAYA RT 007/07,rptra,RPTRA,Jakarta Selatan,"JL. BATU RAYA RT 007/07, MENTENG ATAS, SETIABUDI",,,,,,,,False,,,SETIABUDI,MENTENG ATAS
rth-d68fe7e6da13,TAMAN PATRA KUNINGAN SISI TIMUR,,,Jakarta Selatan,"JL. SETIABUDI UTARA, KEL. SETIABUDI, KEC. SETIABUDI. JAKARTA SELATAN",,,,,,,,False,,,SETIABUDI,SETIABUDI
rth-d9f52a8ec017,JL. BUKIT DURI EKS NORMALISASI,,,Jakarta Selatan,JL. BUKIT DURI EKS NORMALISASI,,,,,,,,False,,,TEBET,BUKIT DURI
rth-dcd4e77e74fe,PULO PEREMPATAN JL. MANGGARAI UTARA I,,,Jakarta Selatan,PULO PEREMPATAN JL. MANGGARAI UTARA I,,,,,,,,False,,,TEBET,BUKIT DURI
rth-7c89bf00eac9,PULO PERTIGAAN JL. MANGGARAI UTARA I (TEROWONGAN BUKIT DURI),,,Jakarta Selatan,PULO PERTIGAAN JL. MANGGARAI UTARA I (TEROWONGAN BUKIT DURI),,,,,,,,False,,,TEBET,BUKIT DURI
rth-0ae5836236fc,JALUR HIJAU JL. TAMAN BUKIT DURI,,,Jakarta Selatan,JL. TAMAN BUKIT DURI,,,,,,,,False,,,TEBET,BUKIT DURI
rth-0ebbdb563a0c,JALUR HIJAU BUKIT DURI UTARA RAYA (SAMPING REL),,,Jakarta Selatan,JL. BUKIT DURI UTARA RAYA (SAMPING REL),,,,,,,,False,,,TEBET,BUKIT DURI
rth-37a2c82e452c,JALUR JL. LAPANGAN ROSS,,,Jakarta Selatan,JL. LAPANGAN ROSS,,,,,,,,False,,,TEBET,BUKIT DURI
rth-49fed24f9bf9,TAMAN CASABLANCA,,,Jakarta Selatan,"JL. RAYA CASABLANCA, RT.1/RW.5, KARET KUNINGAN, KECAMATAN SETIABUDI, KOTA JAKARTA SELATAN, DAERAH KHUSUS IBUKOTA JAKARTA",,,,,,,,False,,,TEBET,KARET KUNINGAN
rth-52e2f89760ad,JALUR HIJAU JL. KALI CILIWUNG,,,Jakarta Selatan,JL. KALI CILIWUNG,,,,,,,,False,,,TEBET,KEBON BARU
rth-5dde27161266,JALUR HIJAU JL KEBON BARU (STASIUN CAWANG),,,Jakarta Selatan,JL KEBON BARU (STASIUN CAWANG),,,,,,,,False,,,TEBET,KEBON BARU
rth-63ae975eafdd,TAMAN GUDANG PELURU BARAT II,,,Jakarta Selatan,"RT.4/RW.3, KB. BARU, KEC. TEBET, KOTA JAKARTA SELATAN, DAERAH KHUSUS IBUKOTA JAKARTA 12830",,,,,,,,False,,,TEBET,KEBON BARU
rth-1be4e94e6fd0,TAMAN GUDANG PELURU BARAT I,,,Jakarta Selatan,"RT.4/RW.3, KB. BARU, KEC. TEBET, KOTA JAKARTA SELATAN, DAERAH KHUSUS IBUKOTA JAKARTA 12830",,,,,,,,False,,,TEBET,KEBON BARU
rth-cac82750fb73,TAMAN GUDANG PELURU TIMUR,,,Jakarta Selatan,"RT.4/RW.3, KB. BARU, KEC. TEBET, KOTA JAKARTA SELATAN, DAERAH KHUSUS IBUKOTA JAKARTA 12830",,,,,,,,False,,,TEBET,KEBON BARU
rth-c3890e100c9b,TAMAN ANGSA,,,Jakarta Selatan,"RT.4/RW.3, KB. BARU, KEC. TEBET, KOTA JAKARTA SELATAN, DAERAH KHUSUS IBUKOTA JAKARTA 12830",,,,,,,,False,,,TEBET,KEBON BARU
rth-c028f553fe5e,TAMAN GUDANG PELURU BARAT SISI SELTAN (TAMAN KOMANDO),,,Jakarta Selatan,"JL. GUDANG PELURU BARAT II, KEL. KEBON BARU, KEC. TEBET",,,,,,,,False,,,TEBET,KEBON BARU
rth-fd701d4b2c29,JALUR HIJAU JL. MANGGARAI RAYA,,,Jakarta Selatan,JL. MANGGARAI RAYA,,,,,,,,False,,,TEBET,MANGGARAI
rth-1416ffee7a28,JALUR HIJAU JL. MANGGARAI SELATAN,,,Jakarta Selatan,JL. MANGGARAI SELATAN,,,,,,,,False,,,TEBET,MANGGARAI
rth-ed51da375f98,JALUR HIJAU JL. DR. SAHARJO,,,Jakarta Selatan,JL. DR. SAHARJO,,,,,,,,False,,,TEBET,MANGGARAI
rth-338543162417,TAMAN F.O. SAHARJO (4 SISI),,,Jakarta Selatan,F.O. SAHARJO (4 SISI),,,,,,,,False,,,TEBET,MANGGARAI
rth-d05149c11e4e,TAMAN PRAMUKA,,,Jakarta Selatan,"JL. MANGGARAI UTARA VII, KEL. MANGGARAI, KEC. TEBET",,,,,,,,False,,,TEBET,MANGGARAI
rth-10f36c7e3280,TAMAN MANGGARAI II,,,Jakarta Selatan,"JL. TEBET BARAT V A RT.15/ 4, KEL. TEBET BAR., KEC. TEBET, KOTA JAKARTA SELATAN",,,,,,,,False,,,TEBET,MANGGARAI
rth-fbd7daa8eb7b,TAMAN DAKOCAN,,,Jakarta Selatan,"RT.13/RW.4, MANGGARAI, KEC. TEBET, KOTA JAKARTA SELATAN, DAERAH KHUSUS IBUKOTA JAKARTA 12850",,,,,,,,False,,,TEBET,MANGGARAI
rth-c23ea54c8a2b,RPTRA TM JAHIT,rptra,RPTRA,Jakarta Selatan,"JL. MANGGARAI UTARA VI 1-2, RT.8/RW.1, MANGGARAI, KEC. TEBET, KOTA JAKARTA SELATAN, DAERAH KHUSUS IBUKOTA JAKARTA 12850",,,,,,,,False,,,TEBET,MANGGARAI
rth-53654e226e30,FLY OVER DR SAHARDJO (BAWAH),,,Jakarta Selatan,FLY OVER DR SAHARDJO (BAWAH),,,,,,,,False,,,TEBET,MANGGARAI SELATAN
rth-8f897e3506ee,FLY OVER TEBET (ATAS - BAWAH),,,Jakarta Selatan,FLY OVER TEBET (ATAS - BAWAH),,,,,,,,False,,,TEBET,MANGGARAI SELATAN
rth-75b291ede1d1,TAMAN JL. SAWO MANGGARAI,,,Jakarta Selatan,"JL. SAWO 2 NO.32, RT.6/RW.10, MANGGARAI SEL., KEC. TEBET, KOTA JAKARTA SELATAN, DAERAH KHUSUS IBUKOTA JAKARTA 12860",,,,,,,,False,,,TEBET,MANGGARAI SELATAN
rth-0e690e281ad0,TAMAN FLAMBOYANT,,,Jakarta Barat,"JL. RAYA KB. JERUK NO.1, RT.1/RW.11, KB. JERUK, KEC. KB. JERUK, KOTA JAKARTA BARAT, DAERAH KHUSUS IBUKOTA JAKARTA 11530",,,,,,,,False,,,KEBON JERUK,KEBON JERUK
rth-2fa7ac09f790,TAMAN SEBRANG KANTOR KECAMATAN,,,Jakarta Barat,"JL. RAYA KB. JERUK 39, RT.5/RW.1, KB. JERUK, KEC. KB. JERUK, KOTA JAKARTA BARAT, DAERAH KHUSUS IBUKOTA JAKARTA 11530",,,,,,,,False,,,KEBON JERUK,KEBON JERUK
rth-1d1d538d226d,TAMAN KOMPLEK KEBON JERUK BLOK C RW. 08,,,Jakarta Barat,KOMPLEK KEBON JERUK BLOK C RW. 08,,,,,,,,False,,,KEBON JERUK,KEBON JERUK
rth-2a4b2c2c2cbc,TAMAN KOMPLEK KEBON JERUK BLOK A RW. 08,,,Jakarta Barat,KOMPLEK KEBON JERUK BLOK A RW. 08,,,,,,,,False,,,KEBON JERUK,KEBON JERUK
rth-6db5ad02462d,TAMAN MUTIARA,,,Jakarta Barat,"JL. TAMAN MUTIARA PRIMA, KEL. KEBUN JERUK, KEC. KEBON JERUK, JAKARTA BARAT",,,,,,,,False,,,KEBON JERUK,KEBON JERUK
rth-08a57801d0be,TAMAN ANEKA ELOK BLOK AE 8,,,Jakarta Barat,"BLOK, JL. KEDOYA AZALEA BLOK AE 8, SOUTH KEDOYA, KEBONJERUK, WEST JAKARTA CITY, JAKARTA 11520",,,,,,,,False,,,KEBON JERUK,KEDOYA SELATAN
rth-d8492a575823,TAMAN ANEKA ELOK BLOK E,,,Jakarta Barat,"BLOK, JL. KEDOYA AZALEA BLOK E, SOUTH KEDOYA, KEBONJERUK, WEST JAKARTA CITY, JAKARTA 11520",,,,,,,,False,,,KEBON JERUK,KEDOYA SELATAN
rth-37082561c20f,TAMAN ANEKA ELOK BLOK A 10,,,Jakarta Barat,"BLOK, JL. KEDOYA AZALEA XI BLOK A6 NO.10, RT.2/RW.4, SOUTH KEDOYA, KEBONJERUK, WEST JAKARTA CITY, JAKARTA 11520",,,,,,,,False,,,KEBON JERUK,KEDOYA SELATAN
rth-32e3815618ad,TAMAN MEDIAN KOMP. ANEKA ELOK,,,Jakarta Barat,"JL. KEDOYA AKASIA II, RT.6/RW.4, KEDOYA SEL., KEC. KB. JERUK, KOTA JAKARTA BARAT, DAERAH KHUSUS IBUKOTA JAKARTA 11520",,,,,,,,False,,,KEBON JERUK,KEDOYA SELATAN
rth-537141b8c246,TAMAN ANEKA ELOK BLOK AA6,,,Jakarta Barat,"BLOK, JL. KEDOYA AZALEA AA6 , SOUTH KEDOYA, KEBONJERUK, WEST JAKARTA CITY, JAKARTA 11520",,,,,,,,False,,,KEBON JERUK,KEDOYA SELATAN
rth-f9df8b2b4247,TAMAN ANEKA ELOK BLOK AB 4,,,Jakarta Barat,"JL. KEDOYA AZALEA V, RT.4/RW.4, KEDOYA SEL., KEC. KB. JERUK, KOTA JAKARTA BARAT, DAERAH KHUSUS IBUKOTA JAKARTA 11520",,,,,,,,False,,,KEBON JERUK,KEDOYA SELATAN
rth-52b0033956a1,TAMAN ANEKA ELOK BLOK AC 2,,,Jakarta Barat,"JL. KEDOYA AZALEA BLOK AC 2, KEDOYA SEL., KEC. KB. JERUK, KOTA JAKARTA BARAT, DAERAH KHUSUS IBUKOTA JAKARTA 11520",,,,,,,,False,,,KEBON JERUK,KEDOYA SELATAN
rth-dbc055115935,TAMAN ANEKA ELOK BLOK AD 3,,,Jakarta Barat,"JL. KEDOYA AZALEA BLOK AD 3, KEDOYA SEL., KEC. KB. JERUK, KOTA JAKARTA BARAT, DAERAH KHUSUS IBUKOTA JAKARTA 11520",,,,,,,,False,,,KEBON JERUK,KEDOYA SELATAN
rth-1e3a9a926c4a,TAMAN ANEKA ELOK BLOK AD 12,,,Jakarta Barat,"JL. KEDOYA AZALEA BLOK AD 12, KEDOYA SEL., KEC. KB. JERUK, KOTA JAKARTA BARAT, DAERAH KHUSUS IBUKOTA JAKARTA 11520",,,,,,,,False,,,KEBON JERUK,KEDOYA SELATAN
rth-27bb4c700d86,TAMAN ANEKA ELOK BLOK A 11,,,Jakarta Barat,"JL. KEDOYA AZALEA BLOK A 11, KEDOYA SEL., KEC. KB. JERUK, KOTA JAKARTA BARAT, DAERAH KHUSUS IBUKOTA JAKARTA 11520",,,,,,,,False,,,KEBON JERUK,KEDOYA SELATAN
rth-a2c57db5d5b6,TAMAN SUNRISE GARDEN RW 05 ( I ),,,Jakarta Barat,"JL. SURYA MULIA, RT.11/RW.5, KEDOYA UTARA, KEC. KB. JERUK, KOTA JAKARTA BARAT, DAERAH KHUSUS IBUKOTA JAKARTA 11520",,,,,,,,False,,,KEBON JERUK,KEDOYA UTARA
rth-bbff70686b0e,TAMAN SUNRISE GARDEN RW 05 ( II ),,,Jakarta Barat,"JL. SURYA MULIA, RT.11/RW.5, KEDOYA UTARA, KEC. KB. JERUK, KOTA JAKARTA BARAT, DAERAH KHUSUS IBUKOTA JAKARTA 11520",,,,,,,,False,,,KEBON JERUK,KEDOYA UTARA
rth-b464160f64c5,TAMAN COSMOS,,,Jakarta Barat,"JL. TAMAN COSMOS, RT.6/RW.7, KEDOYA UTARA, KEC. KB. JERUK, KOTA JAKARTA BARAT, DAERAH KHUSUS IBUKOTA JAKARTA 11520",,,,,,,,False,,,KEBON JERUK,KEDOYA UTARA
rth-366acf104ce1,TAMAN RW. 04 KEDOYA UTARA,,,Jakarta Barat,"JL. KOMP. GREEN GARDEN RW.4, KEDOYA UTARA, KEC. KB. JERUK, KOTA JAKARTA BARAT, DAERAH KHUSUS IBUKOTA JAKARTA 11520",,,,,,,,False,,,KEBON JERUK,KEDOYA UTARA
rth-66bd6c912133,TAMAN GREEN GARDEN,,,Jakarta Barat,"JL. RAYA BLOK M KOMPLEK GREEN GARDEN RW 010, KEDOYA UTARA, KEBON JERUK, JAKARTA BARAT",,,,,,,,False,,,KEBON JERUK,KEDOYA UTARA
rth-b9ca6f5695c3,KEBUN BIBIT VILLA KELAPA DUA,,,Jakarta Barat,"JL. RAYA KLP. DUA, RT.1/RW.2, KLP. DUA, KEC. KB. JERUK, KOTA JAKARTA BARAT, DAERAH KHUSUS IBUKOTA JAKARTA 11550",,,,,,,,False,,,KEBON JERUK,KELAPA DUA
rth-4d5cb87b0d82,JALUR HIJAU JL. PANJANG DR LM KEDOYA COSMOD S/D REL KERETA API,,,Jakarta Barat,JH. JL. PANJANG DR LM KEDOYA COSMOD S/D REL KERETA API,,,,,,,,False,,,KEBON JERUK,KEDOYA UTARA
rth-441bd24557e7,JALUR HIJAU FO PESING ATAS DAN BAWAH DR REL KERETA API S/D LM TB. ANGKE,,,Jakarta Barat,JH. FO PESING ATAS DAN BAWAH DR REL KERETA API S/D LM TB. ANGKE,,,,,,,,False,,,KEBON JERUK,
rth-9bb81aacfbad,JALUR HIJAU JL. MANGGA RAYA KEL. KEDOYA UTARA KEC. KEBON JERUK,,,Jakarta Barat,JH. JL. MANGGA RAYA KEL. KEDOYA UTARA KEC. KEBON JERUK,,,,,,,,False,,,KEBON JERUK,KEDOYA UTARA
rth-29d12b2516a1,JALUR HIJAU JL. RATU KAMBOJA (KEDOYA COSMOS),,,Jakarta Barat,JH. JL. RATU KAMBOJA (KEDOYA COSMOS),,,,,,,,False,,,KEBON JERUK,
rth-48f900353892,SEGITIGA PULAU JL. IMAM BONJOL DAN BAK-BAK DEPAN KEDUBES THAILAND,,,Jakarta Pusat,SEGITIGA PULAU JL. IMAM BONJOL DAN BAK-BAK DEPAN KEDUBES THAILAND,,,,,,,,False,,,MENTENG,
rth-c9895f8a47cc,JALUR MEDIAN JL. DIPONEGORO,,,Jakarta Pusat,JALUR MEDIAN JL. DIPONEGORO,,,,,,,,False,,,MENTENG,
rth-276a9c1c163a,TAMAN SEGITIGA JL. BOROBUDUR UJUNG,,,Jakarta Pusat,JL. BOROBUDUR UJUNG,,,,,,,,False,,,MENTENG,PASAR BARU
rth-8e29f9df8f66,JH JL. KIMIA,,,Jakarta Pusat,JH JL. KIMIA,,,,,,,,False,,,MENTENG,PEGANGSAAN
rth-781cc26fc79c,TAMAN JL. TAMBAK (MEDIAN),,,Jakarta Pusat,JL. TAMBAK (MEDIAN),,,,,,,,False,,,MENTENG,PEGANGSAAN
rth-8c86febd49b0,TAMAN SEGITIGA MATRAMAN (TAMBAK),,,Jakarta Pusat,TAMAN SEGITIGA MATRAMAN (TAMBAK),,,,,,,,False,,,MENTENG,PEGANGSAAN
rth-d48ed09d6fa6,JH JL. PEGANGSAAN TIMUR DAN PULAU-PULAU (BAWAH REL KA CIKINI DEPAN MEGARIA SD METROPOL),,,Jakarta Pusat,JH JL. PEGANGSAAN TIMUR DAN PULAU-PULAU (BAWAH REL KA CIKINI DEPAN MEGARIA SD METROPOL),,,,,,,,False,,,MENTENG,PEGANGSAAN
rth-2e8ce4f072ed,JH JL. PENATARAN,,,Jakarta Pusat,JH JL. PENATARAN,,,,,,,,False,,,MENTENG,PEGANGSAAN
rth-7979f6e283da,PULAU JL. AMIR HAMZAH,,,Jakarta Pusat,PULAU JL. AMIR HAMZAH,,,,,,,,False,,,MENTENG,PEGANGSAAN
rth-5f8dc36bca86,TAMAN BONANG,,,Jakarta Pusat,"JL. BONANG 27-5, RT.6/RW.9, PD. BAMBU, KEC. DUREN SAWIT, KOTA JAKARTA TIMUR, DAERAH KHUSUS IBUKOTA JAKARTA 13430",,,,,,,,False,,,MENTENG,PEGANGSAAN
rth-2f80561e1b79,TAMAN KIMIA,,,Jakarta Pusat,"JL. TAMAN KIMIA, RT.10/RW.1, PEGANGSAAN, MENTENG, CENTRAL JAKARTA CITY, JAKARTA 10320",,,,,,,,False,,,MENTENG,PEGANGSAAN
rth-012ab7906320,TAMAN SEGITIGA INDUSTRI,,,Jakarta Pusat,TAMAN SEGITIGA INDUSTRI,,,,,,,,False,,,SAWAH BESAR,GUNUNG SAHARI UTARA
rth-6bfa1f47e60d,TAMAN SEGITIGA POS POL (RAJAWALI),,,Jakarta Pusat,TAMAN SEGITIGA POS POL (RAJAWALI),,,,,,,,False,,,SAWAH BESAR,GUNUNG SAHARI UTARA
rth-6a29d35b4f87,JH JL. INDUSTRI & SEGITIGA JH JL. INDUSTRI,,,Jakarta Pusat,JH JL. INDUSTRI & SEGITIGA JH JL. INDUSTRI,,,,,,,,False,,,SAWAH BESAR,GUNUNG SAHARI UTARA
rth-85666b24ddba,JH JL. GUNUNG SAHARI RAYA,,,Jakarta Pusat,JH JL. GUNUNG SAHARI RAYA,,,,,,,,False,,,SAWAH BESAR,GUNUNG SAHARI UTARA
rth-646cf3fec9eb,JH JL. RAJAWALI SELATAN,,,Jakarta Pusat,JH JL. RAJAWALI SELATAN,,,,,,,,False,,,SAWAH BESAR,GUNUNG SAHARI UTARA
rth-68d0adf96b7c,JH JL. KARANG ANYAR RAYA,,,Jakarta Pusat,JH JL. KARANG ANYAR RAYA,,,,,,,,False,,,SAWAH BESAR,KARANG ANYAR
rth-c6e3eee39134,JH BAWAH REL KA DEPAN KANTOR KECAMATAN SAWAH BESAR,,,Jakarta Pusat,JH BAWAH REL KA DEPAN KANTOR KECAMATAN SAWAH BESAR,,,,,,,,False,,,SAWAH BESAR,KARANG ANYAR
rth-263fc6e23e05,TAMAN DEPAN KECAMATAN SAWAH BESAR,,,Jakarta Pusat,"JL. KARANG ANYAR NO.12, RT.14/RW.9, KARANG ANYAR, KECAMATAN SAWAH BESAR, KOTA JAKARTA PUSAT, DAERAH KHUSUS IBUKOTA JAKARTA 10740",,,,,,,,False,,,SAWAH BESAR,KARANG ANYAR
rth-b90709230ec3,JH JL. KARTINI RAYA,,,Jakarta Pusat,JH JL. KARTINI RAYA,,,,,,,,False,,,SAWAH BESAR,KARTINI
rth-fabd36e24b88,TAMAN SEGITIGA MANGGA BESAR (SAMPING BHAKTI HUSADA),,,Jakarta Pusat,TAMAN SEGITIGA MANGGA BESAR (SAMPING BHAKTI HUSADA),,,,,,,,False,,,SAWAH BESAR,MANGGA DUA SELATAN
rth-2b6c2ba889dc,JH JL. JEMBATAN MERAH,,,Jakarta Pusat,JH JL. JEMBATAN MERAH,,,,,,,,False,,,SAWAH BESAR,MANGGA DUA SELATAN
rth-963d1423f14e,JH JL. PANGERAN JAYAKARTA SISI KANAN KIRI,,,Jakarta Pusat,JH JL. PANGERAN JAYAKARTA SISI KANAN KIRI,,,,,,,,False,,,SAWAH BESAR,MANGGA DUA SELATAN
rth-dd32e329f3c9,JH JL. PANGERAN JAYAKARTA (MEDIAN),,,Jakarta Pusat,JH JL. PANGERAN JAYAKARTA (MEDIAN),,,,,,,,False,,,SAWAH BESAR,MANGGA DUA SELATAN
rth-35a1a0c73024,"JH JL. MANGGA BESAR RAYA (KANAN KIRI, DEPAN EKSOTIS, DEPAN SEKOLAH BUDI MULIA) & SEGITIGA MANGGA BESAR",,,Jakarta Pusat,"JH JL. MANGGA BESAR RAYA (KANAN KIRI, DEPAN EKSOTIS, DEPAN SEKOLAH BUDI MULIA) & SEGITIGA MANGGA BESAR",,,,,,,,False,,,SAWAH BESAR,MANGGA DUA SELATAN
rth-b42ce4bb1dc7,JH JL. MANGGA DUA DALAM,,,Jakarta Pusat,JH JL. MANGGA DUA DALAM,,,,,,,,False,,,SAWAH BESAR,MANGGA DUA SELATAN
rth-daab7d883017,TAMAN PANGERAN JAYAKARTA,,,Jakarta Pusat,"JL. PANGERAN JAYAKARTA, RT.7/RW.7, MANGGA DUA SELATAN., KECAMATAN SAWAH BESAR, KOTA JAKARTA PUSAT, DAERAH KHUSUS IBUKOTA JAKARTA 10730",,,,,,,,False,,,SAWAH BESAR,MANGGA DUA SELATAN
rth-14ef7a70839e,SEGITIGA ANGKASA PURA,,,Jakarta Pusat,SEGITIGA ANGKASA PURA,,,,,,,,False,,,SAWAH BESAR,
rth-11660af0821e,JH JL. TIANGSENG,,,Jakarta Pusat,JH JL. TIANGSENG,,,,,,,,False,,,SAWAH BESAR,
rth-a2fe2dd74de1,JH JL. PEJAMBON (MEDIAN DAN PINGGIR) DAN SEGITIGA DEPAN GAMBIR DAN PEDESTRIAN DEPAN GEREJA IMANUEL,,,Jakarta Pusat,JH JL. PEJAMBON (MEDIAN DAN PINGGIR) DAN SEGITIGA DEPAN GAMBIR DAN PEDESTRIAN DEPAN GEREJA IMANUEL,,,,,,,,False,,,SAWAH BESAR,
rth-7707c202b6e7,PULAU JL. KEMENTRIAN KEUANGAN,,,Jakarta Pusat,PULAU JL. KEMENTRIAN KEUANGAN,,,,,,,,False,,,SAWAH BESAR,
rth-a128b5b534fc,JALUR HIJAU JL. KEBAYORAN BARU,,,Jakarta Selatan,JALUR HIJAU JL. KEBAYORAN BARU,,,,,,,,False,,,KEBAYORAN BARU,
rth-24a811e8b2be,JALUR HIJAU JL. HANG TUAH VII,,,Jakarta Selatan,JALUR HIJAU JL. HANG TUAH VII,,,,,,,,False,,,KEBAYORAN BARU,
rth-cd5c1ffa927e,JALUR HIJAU JL. PATIUNUS,,,Jakarta Selatan,JALUR HIJAU JL. PATIUNUS,,,,,,,,False,,,KEBAYORAN BARU,
rth-031e0060cae5,JALUR HIJAU JL. HANG JEBAT,,,Jakarta Selatan,JALUR HIJAU JL. HANG JEBAT,,,,,,,,False,,,KEBAYORAN BARU,
rth-7266835ea4a1,JALUR HIJAU JL. HANG TUAH,,,Jakarta Selatan,JALUR HIJAU JL. HANG TUAH,,,,,,,,False,,,KEBAYORAN BARU,
rth-fa23453bb7ca,TAMAN PULO PULO JL. BARITO DAN KRAMAT PELA (3 TITIK),,,Jakarta Selatan,TAMAN PULO PULO JL. BARITO DAN KRAMAT PELA (3 TITIK),,,,,,,,False,,,KEBAYORAN BARU,
rth-90ceeeddbc82,TAMAN PULO - PULO JL. GANDARIA I - JL. GANDARIA TENGAH III,,,Jakarta Selatan,TAMAN PULO - PULO JL. GANDARIA I - JL. GANDARIA TENGAH III,,,,,,,,False,,,KEBAYORAN BARU,
rth-4392ab03afd2,TAMAN PULO - PULO JL. GANDARIA I - JL. GANDARIA 3 (SISI TAMAN PURING),,,Jakarta Selatan,TAMAN PULO - PULO JL. GANDARIA I - JL. GANDARIA 3 (SISI TAMAN PURING),,,,,,,,False,,,KEBAYORAN BARU,
rth-edd1bdd52295,TAMAN JL. GANDARIA I - JL. KH. M SHAFI'I HADZANI (2 LOKASI),,,Jakarta Selatan,TAMAN JL. GANDARIA I - JL. KH. M SHAFI'I HADZANI (2 LOKASI),,,,,,,,False,,,KEBAYORAN BARU,
rth-2084fa20bcf7,TAMAN PULAU - PULAU JL. BARITO - JL. KRAMAT PELA,,,Jakarta Selatan,TAMAN PULAU - PULAU JL. BARITO - JL. KRAMAT PELA,,,,,,,,False,,,KEBAYORAN BARU,
rth-79727a8dbd2b,TAMAN PULAU - PULAU JL. KYAI MAJA - JL. LAUSER,,,Jakarta Selatan,TAMAN PULAU - PULAU JL. KYAI MAJA - JL. LAUSER,,,,,,,,False,,,KEBAYORAN BARU,
rth-123e10abda8b,JALUR HIJAU JL. LANGSAT,,,Jakarta Selatan,JALUR HIJAU JL. LANGSAT,,,,,,,,False,,,KEBAYORAN BARU,
rth-a50fcbada1b8,JALUR HIJAU JL. BARITO PINGGIR KALI,,,Jakarta Selatan,JALUR HIJAU JL. BARITO PINGGIR KALI,,,,,,,,False,,,KEBAYORAN BARU,
rth-a939262b52f0,JALUR HIJAU JL. PINGGIR KALI KOMP. PERURI,,,Jakarta Selatan,JALUR HIJAU JL. PINGGIR KALI KOMP. PERURI,,,,,,,,False,,,KEBAYORAN BARU,
rth-3c178fe3d5ec,JALUR HIJAU JL. BARITO SAYAP IBU,,,Jakarta Selatan,JALUR HIJAU JL. BARITO SAYAP IBU,,,,,,,,False,,,KEBAYORAN BARU,
rth-818fa1767f14,JALUR HIJAU JL. PERCETAKAN,,,Jakarta Selatan,JALUR HIJAU JL. PERCETAKAN,,,,,,,,False,,,KEBAYORAN BARU,
rth-6b5ce8007e36,JALUR HIJAU JL. GANDARIA TERUSAN,,,Jakarta Selatan,JALUR HIJAU JL. GANDARIA TERUSAN,,,,,,,,False,,,KEBAYORAN BARU,
rth-51c125faf819,JALUR HIJAU JL. LAMANDAU,,,Jakarta Selatan,JALUR HIJAU JL. LAMANDAU,,,,,,,,False,,,KEBAYORAN BARU,
rth-4b01eb0b7daa,JALUR HIJAU JL. HADZAMI,,,Jakarta Selatan,JALUR HIJAU JL. HADZAMI,,,,,,,,False,,,KEBAYORAN BARU,
rth-b96ef44196cb,JALUR HIJAU JL. TIRTAYASA,,,Jakarta Selatan,JALUR HIJAU JL. TIRTAYASA,,,,,,,,False,,,KEBAYORAN BARU,
rth-1ef806886a8d,JALUR HIJAU JL. WIJAYA I,,,Jakarta Selatan,JALUR HIJAU JL. WIJAYA I,,,,,,,,False,,,KEBAYORAN BARU,
rth-c6297ae52aad,UNDERPASS JL. PATTIMURA-JL. S. HASANUDIN,,,Jakarta Selatan,UNDERPASS JL. PATTIMURA-JL. S. HASANUDIN,,,,,,,,False,,,KEBAYORAN BARU,
rth-47d8f61ad82c,JALUR HIJAU JL. MELAWAI,,,Jakarta Selatan,JALUR HIJAU JL. MELAWAI,,,,,,,,False,,,KEBAYORAN BARU,
rth-558d2c1622b3,JALUR HIJAU JL. PANGLIMA POLIM III,,,Jakarta Selatan,JALUR HIJAU JL. PANGLIMA POLIM III,,,,,,,,False,,,KEBAYORAN BARU,
rth-ab2b3af964f0,JALUR HIJAU JL. WIJAYA XVI,,,Jakarta Selatan,JALUR HIJAU JL. WIJAYA XVI,,,,,,,,False,,,KEBAYORAN BARU,
rth-1704090d00f6,JALUR HIJAU JL. HASANUDDIN TIMUR,,,Jakarta Selatan,JALUR HIJAU JL. HASANUDDIN TIMUR,,,,,,,,False,,,KEBAYORAN BARU,
rth-272f72863927,PULAU JALAN DEPAN KAV. MENPAN JL. PATTIMURA,,,Jakarta Selatan,JL. PATTIMURA,,,,,,,,False,,,KEBAYORAN BARU,
rth-9d4d92be0115,TAMAN WIJAYA EKS SPBU/ TMN. CIPAKU,,,Jakarta Selatan,"JL. WIJAYA I RT 01/002, KEL. PETOGOGAN, KEC. KEBAYORAN BARU. JAKARTA SELATAN",,,,,,,,False,,,KEBAYORAN BARU,PETOGOGAN
rth-4db88c2f6ffe,TAMAN WIJAYA TRAFO,,,Jakarta Selatan,"JL. WIJAYA I NO.30, RT.1/RW.2, PETOGOGAN, KEC. KBY. BARU, KOTA JAKARTA SELATAN, DAERAH KHUSUS IBUKOTA JAKARTA 12170",,,,,,,,False,,,KEBAYORAN BARU,PETOGOGAN
rth-a53b2d7d7b77,TAMAN CISANGGIRI,,,Jakarta Selatan,"JL. CISANGGIRI V 7-17, RT.5/RW.4, PETOGOGAN, KEC. KBY. BARU, KOTA JAKARTA SELATAN, DAERAH KHUSUS IBUKOTA JAKARTA 12170",,,,,,,,False,,,KEBAYORAN BARU,PETOGOGAN
rth-d7c1e02fe67e,TAMAN CILILIN,,,Jakarta Selatan,"JL. CILILIN III 12-2, RT.14/RW.6, PETOGOGAN, KEC. KBY. BARU, KOTA JAKARTA SELATAN, DAERAH KHUSUS IBUKOTA JAKARTA 12170",,,,,,,,False,,,KEBAYORAN BARU,PETOGOGAN
rth-c4a1344d0ab6,TAMAN CIBULAN IV,,,Jakarta Selatan,"JL. CIBULAN IV, RT.5/RW.6, PETOGOGAN, KEC. KBY. BARU, KOTA JAKARTA SELATAN, DAERAH KHUSUS IBUKOTA JAKARTA 12170",,,,,,,,False,,,KEBAYORAN BARU,PETOGOGAN
rth-c21745e6b483,JALUR HIJAU JL. RASAMALA,,,Jakarta Selatan,JL. RASAMALA,,,,,,,,False,,,TEBET,MENTENG DALAM
rth-f1323c8acbba,TAMAN F.O. CASABLANCA,,,Jakarta Selatan,F.O. CASABLANCA,,,,,,,,False,,,TEBET,MENTENG DALAM
rth-83e193aa449d,JALUR HIJAU JL. DR.SOEPOMO,,,Jakarta Selatan,JL. DR.SOEPOMO,,,,,,,,False,,,TEBET,MENTENG DALAM
rth-77ecafce1bac,PULAU-PULAU JALAN PATUNG PANCORAN (SISI TEBET),,,Jakarta Selatan,PULAU-PULAU JALAN PATUNG PANCORAN (SISI TEBET),,,,,,,,False,,,TEBET,MENTENG DALAM
rth-9e8f9ec233e3,JL. JAYA MANDALA RAYA,,,Jakarta Selatan,JL. JAYA MANDALA RAYA,,,,,,,,False,,,TEBET,MENTENG DALAM
rth-ec82d76b4b95,JALUR JL. CASABLANCA,,,Jakarta Selatan,JL. CASABLANCA,,,,,,,,False,,,TEBET,MENTENG DALAM
rth-8b07655af8b5,JPO JL. CASABLANCA (2 JPO),,,Jakarta Selatan,JPO JL. CASABLANCA (2 JPO),,,,,,,,False,,,TEBET,MENTENG DALAM
rth-1559e5bd1849,TAMAN KOMPLEK KEUANGAN I,,,Jakarta Selatan,"JL. PROF. DR. SOEPOMO, RT.1/RW.2, MENTENG DALAM, KEC. TEBET, KOTA JAKARTA SELATAN, DAERAH KHUSUS IBUKOTA JAKARTA 12870",,,,,,,,False,,,TEBET,MENTENG DALAM
rth-212a20795158,"RPTRA JL. FLAMBOYAN RAYA RT 11/10 ,",rptra,RPTRA,Jakarta Selatan,"JL. MENTENG DALAM, RT.11/RW.10, MENTENG DALAM, KEC. TEBET, KOTA JAKARTA SELATAN, DAERAH KHUSUS IBUKOTA JAKARTA 12870",,,,,,,,False,,,TEBET,MENTENG DALAM
rth-93c31397678e,RTH PATRA KUNINGAN UJUNG/TAMAN RASAMALA,,,Jakarta Selatan,"JL. PATRA KUNINGAN UJUNG XI RT 006 RW 013 KEL. MENTENG DALAM KEC. TEBET, JAKARTA SELATAN",,,,,,,,False,,,TEBET,MENTENG DALAM
rth-8fdcaa431e0a,JPO JL. LAPANGAN ROOS (1 JPO),,,Jakarta Selatan,JPO JL. LAPANGAN ROOS (1 JPO),,,,,,,,False,,,TEBET,
rth-f5277fc49e22,FLY OVER (ATAS) DAN 1 JPO JL. KP.MELAYU,,,Jakarta Selatan,FLY OVER (ATAS) DAN 1 JPO JL. KP.MELAYU,,,,,,,,False,,,TEBET,
rth-057d11fcbd0f,TAMAN RAWA BILAL,,,Jakarta Selatan,"JL. TEBET BARAT DALAM RAYA RT 08/02 , KEL. TEBET BARAT, KEC. TEBET.",,,,,,,,False,,,TEBET,PASAR MANGGIS
rth-d05b3c7660eb,JL. MANGGARAI UTARA 1,,,Jakarta Selatan,JL. MANGGARAI UTARA 1,,,,,,,,False,,,TEBET,TEBET
rth-eaafa0f79d10,JL. MANGGARAI UTARA 2,,,Jakarta Selatan,JL. MANGGARAI UTARA 2,,,,,,,,False,,,TEBET,TEBET
rth-35c3b5a13f02,JALUR HIJAU MT HARYONO SISI TEBET,,,Jakarta Selatan,JL. MT HARYONO SISI TEBET,,,,,,,,False,,,TEBET,TEBET BARAT
rth-2314085a0429,TAMAN MADRASAH TEBET BARAT,,,Jakarta Selatan,"JL. TEBET BARAT II E 5, RT 005/ 002, KEL. TEBET BARAT KEC. TEBET,",,,,,,,,False,,,TEBET,TEBET BARAT
rth-b5fb5cb46cec,TAMAN TEBET,,,Jakarta Selatan,"JL. TEBET BARAT II E, RT 005/ 002, KEL. TEBET BARAT KEC. TEBET,",,,,,,,,False,,,TEBET,TEBET BARAT
rth-53853f4fbcba,TAMAN PULE,,,Jakarta Selatan,"JL. TEBET BARAT VI/K RT 11/04, KEL. TEBET BARAT,",,,,,,,,False,,,TEBET,TEBET BARAT
rth-4967eace40a0,TAMAN PATUNDUAN,,,Jakarta Selatan,"JL. TEBET BARAT VII F, RT.1/RW.4, TEBET BAR., KEC. TEBET,",,,,,,,,False,,,TEBET,TEBET BARAT
rth-973b5a223296,TAMAN SENO BARU,,,Jakarta Selatan,"JL. TEBET BARAT XI, RT.8/RW.5, TEBET BAR., KEC. TEBET, KOTA JAKARTA SELATAN, DAERAH KHUSUS IBUKOTA JAKARTA 12810",,,,,,,,False,,,TEBET,TEBET BARAT
rth-ae787d84e844,TAMAN SENO LAMA,,,Jakarta Selatan,"JL. TEBET BARAT RAYA, RT.1/RW.10, TEBET BAR., KEC. TEBET, KOTA JAKARTA SELATAN, DAERAH KHUSUS IBUKOTA JAKARTA 12819",,,,,,,,False,,,TEBET,TEBET BARAT
rth-6575d3e84f25,TAMAN SENO KECIL,,,Jakarta Selatan,"JL. TEBET BARAT RAYA, RT.1/RW.10, TEBET BAR., KEC. TEBET, KOTA JAKARTA SELATAN, DAERAH KHUSUS IBUKOTA JAKARTA 12820",,,,,,,,False,,,TEBET,TEBET BARAT
rth-966be4eaa059,TAMAN PERDAPA,,,Jakarta Selatan,"RT.4/RW.1, TEBET BAR., KEC. TEBET, KOTA JAKARTA SELATAN, DAERAH KHUSUS IBUKOTA JAKARTA 12810",,,,,,,,False,,,TEBET,TEBET BARAT
rth-db4f3e4bdca8,TAMAN TEBET BARAT VI,,,Jakarta Selatan,"JL. TEBET BARAT DALAM VI D 1-3, RT.6/RW.4, TEBET BAR., KEC. TEBET (TAMAN GELORA)",,,,,,,,False,,,TEBET,TEBET BARAT
rth-d1ff6fa8ecb2,TAMAN TEBET BARAT I/C,,,Jakarta Selatan,"TEBET BARAT I C,KELURAHAN TEBET BARAT, KECAMATAN TEBET, JAKARTA SELATAN",,,,,,,,False,,,TEBET,TEBET BARAT
rth-07b8b7df2217,TAMAN TAWES I,,,Jakarta Selatan,"JL. TEBET BARAT DALAM RAYA NO.1E, RT.14/RW.3, TEBET BAR., KEC. TEBET, KOTA JAKARTA SELATAN, DAERAH KHUSUS IBUKOTA JAKARTA 12810",,,,,,,,False,,,TEBET,TEBET BARAT
rth-4e8f10b5ac55,TAMAN TAWES II,,,Jakarta Selatan,"JL. TEBET BARAT DALAM RAYA NO.1E, RT.14/RW.3, TEBET BAR., KEC. TEBET, KOTA JAKARTA SELATAN, DAERAH KHUSUS IBUKOTA JAKARTA 12810",,,,,,,,False,,,TEBET,TEBET BARAT
rth-728e561f720e,TAMAN PERSATUAN,,,Jakarta Selatan,"JL. TEBET BARAT DALAM II C, RT.2/ 3, KEL.TEBET BARAT KEC. TEBET, JAKARTA SELATAN",,,,,,,,False,,,TEBET,TEBET BARAT
rth-cdf94e7fa630,TAMAN KERAMAT,,,Jakarta Selatan,"JL. TEBET BARAT III C RT.9/ 3, KEL. TEBET BARAT KEC. TEBET, JAKARTA SELATAN",,,,,,,,False,,,TEBET,TEBET BARAT
rth-f68e000bd947,TAMAN GARUDA,,,Jakarta Selatan,"JL. TEBET BARAT DALAM IVB NO.21, RT.16/RW.6, KEL. TEBET BARAT KEC. TEBET.",,,,,,,,False,,,TEBET,TEBET BARAT
rth-7b07bec5270b,JALUR HIJAU JL. PANJANG DR FO. KEBON JERUK S/D LM KEDOYA COSMOS,,,Jakarta Barat,JH. JL. PANJANG DR FO. KEBON JERUK S/D LM KEDOYA COSMOS,,,,,,,,False,,,KEBON JERUK,KEDOYA SELATAN
rth-a6ea145ed762,JALUR HIJAU PULAU-PULAU DEPAN APARTEMEN KEDOYA,,,Jakarta Barat,JH. PULAU-PULAU DEPAN APARTEMEN KEDOYA,,,,,,,,False,,,KEBON JERUK,KEDOYA SELATAN
rth-15aa0be88215,JALUR HIJAU SEGITIGA DEPAN APARTEMEN KEDOYA,,,Jakarta Barat,JH. SEGITIGA DEPAN APARTEMEN KEDOYA,,,,,,,,False,,,KEBON JERUK,
rth-bbc831535198,JALUR HIJAU JL. KEDOYA PILAR,,,Jakarta Barat,JH. JL. KEDOYA PILAR,,,,,,,,False,,,KEBON JERUK,
rth-afd3d0f9cc71,JALUR HIJAU JL. DEPAN PANTI SOSIAL KEDOYA SELATAN,,,Jakarta Barat,JH. JL. DEPAN PANTI SOSIAL KEDOYA SELATAN,,,,,,,,False,,,KEBON JERUK,KEDOYA SELATAN
rth-2bda497d80bb,JALUR HIJAU PULAU-PULAU KEL. KEDOYA SELATAN,,,Jakarta Barat,JH. PULAU-PULAU KEL. KEDOYA SELATAN,,,,,,,,False,,,KEBON JERUK,
rth-57aa2c108ce2,JALUR HIJAU DEPAN GEREJA GKI JL. PANJANG,,,Jakarta Barat,JH. DEPAN GEREJA GKI JL. PANJANG,,,,,,,,False,,,KEBON JERUK,
rth-742d8c31ae29,JALUR HIJAU JL. PANJANG DR JL. E (JL. H. DOMANG) S/D FO. KEBON JERUK,,,Jakarta Barat,JH. JL. PANJANG DR JL. E (JL. H. DOMANG) S/D FO. KEBON JERUK,,,,,,,,False,,,KEBON JERUK,
rth-e3b2266c99f3,JALUR HIJAU FO. KEBON JERUK,,,Jakarta Barat,JH. FO. KEBON JERUK,,,,,,,,False,,,KEBON JERUK,
rth-3c9fc7226cdf,JALUR HIJAU SEPARATOR DAN SEGITIGA PULAU JALAN JL. PANJANG,,,Jakarta Barat,JH. SEPARATOR DAN SEGITIGA PULAU JALAN JL. PANJANG,,,,,,,,False,,,KEBON JERUK,
rth-9e22c9d8e666,JALUR HIJAU JL. LAPANGAN BOLA,,,Jakarta Barat,JH. JL. LAPANGAN BOLA,,,,,,,,False,,,KEBON JERUK,
rth-667bf0fce976,JALUR HIJAU JL. RAYA PERJUANGAN,,,Jakarta Barat,JH. JL. RAYA PERJUANGAN,,,,,,,,False,,,KEBON JERUK,
rth-bf11c4784c7f,JALUR HIJAU SEGITIGA JL. ARJUNA SELATAN,,,Jakarta Barat,JH. SEGITIGA JL. ARJUNA SELATAN,,,,,,,,False,,,KEBON JERUK,KELAPA DUA
rth-f9df3a6a6f17,JALUR HIJAU SEGITIGA POS PENGUMBEN,,,Jakarta Barat,JH. SEGITIGA POS PENGUMBEN,,,,,,,,False,,,KEBON JERUK,
rth-545c5d457c0e,JALUR HIJAU JL. PANJANG DR KALI S/D JL. E (JL. H. DOMANG),,,Jakarta Barat,JH. JL. PANJANG DR KALI S/D JL. E (JL. H. DOMANG),,,,,,,,False,,,KEBON JERUK,
rth-291f3d45f060,JALUR HIJAU JL. KEBON RAYA,,,Jakarta Barat,JH. JL. KEBON RAYA,,,,,,,,False,,,KEBON JERUK,
rth-a8223b032b54,JALUR HIJAU JL. ARJUNA UTARA,,,Jakarta Barat,JH. JL. ARJUNA UTARA,,,,,,,,False,,,KEBON JERUK,
rth-c45c6ba21246,JALUR HIJAU JL. PANJANG DR LM POS PENGUMBEN S/D KALI,,,Jakarta Barat,JH. JL. PANJANG DR LM POS PENGUMBEN S/D KALI,,,,,,,,False,,,KEBON JERUK,
rth-d57715827a7d,JALUR HIJAU JL. PANJANG DR RS. PERMATA HIJAU S/D LM POS PENGUMBEN,,,Jakarta Barat,JH. JL. PANJANG DR RS. PERMATA HIJAU S/D LM POS PENGUMBEN,,,,,,,,False,,,KEBON JERUK,
rth-38333957f0c1,JALUR HIJAU AMENITIES DAN SISI TOL JL. S. PARMAN (LAMPU MERAH SLIPI - LAMPU MERAH TOMANG),,,Jakarta Barat,JL. S. PARMAN (LAMPU MERAH SLIPI - LAMPU MERAH TOMANG),,,,,,,,False,,,KEBON JERUK,SLIPI
rth-2cc9f83792a6,KOLONG TOL SLIPI,,,Jakarta Barat,KOLONG TOL SLIPI,,,,,,,,False,,,KEBON JERUK,SLIPI
rth-8b4b32760120,"JALUR HIJAU TEPIAN AIR KALI MOOKERVART (DARI JL. PANJANG S/D SIMPANG RING ROAD, JAKARTA BARAT)",,,Jakarta Barat,"JL. PANJANG S/D SIMPANG RING ROAD, JAKARTA BARAT)",,,,,,,,False,,,KEBON JERUK,SUKABUMI SELATAN
rth-0c00de7390a8,TAMAN MELUR,,,Jakarta Barat,"JL. RAYA KB. JERUK NO.2, RT.2/RW.6, SUKABUMI UTARA, KEC. KB. JERUK, KOTA JAKARTA BARAT, DAERAH KHUSUS IBUKOTA JAKARTA 11540",,,,,,,,False,,,KEBON JERUK,SUKABUMI UTARA
rth-ef15758b306f,TAMAN ALFA INDAH BLOK A.2,,,Jakarta Barat,"JL. TAMAN ALFA INDAH BLOK A2, RW.7, JOGLO, KEC. KEMBANGAN, KOTA JAKARTA BARAT, DAERAH KHUSUS IBUKOTA JAKARTA 11640",,,,,,,,False,,,KEMBANGAN,JOGLO
rth-48d7d15fb865,TAMAN ALFA INDAH BLOK A.19,,,Jakarta Barat,"JL. TAMAN ALFA INDAH BLOK A19, RW.7, JOGLO, KEC. KEMBANGAN, KOTA JAKARTA BARAT, DAERAH KHUSUS IBUKOTA JAKARTA 11640",,,,,,,,False,,,KEMBANGAN,JOGLO
rth-6f29cb876186,TAMAN ALFA INDAH BLOK B.4,,,Jakarta Barat,"JL. TAMAN ALFA INDAH BLOK B4, RW.7, JOGLO, KEC. KEMBANGAN, KOTA JAKARTA BARAT, DAERAH KHUSUS IBUKOTA JAKARTA 11640",,,,,,,,False,,,KEMBANGAN,JOGLO
rth-97a9adb53f53,TAMAN ALFA INDAH BLOK B.18,,,Jakarta Barat,"JL. TAMAN ALFA INDAH BLOK B18, RW.7, JOGLO, KEC. KEMBANGAN, KOTA JAKARTA BARAT, DAERAH KHUSUS IBUKOTA JAKARTA 11640",,,,,,,,False,,,KEMBANGAN,JOGLO
rth-af7bba3c9377,TAMAN ALFA INDAH BLOK F,,,Jakarta Barat,"JL. TAMAN ALFA INDAH BLOK F, RW.7, JOGLO, KEC. KEMBANGAN, KOTA JAKARTA BARAT, DAERAH KHUSUS IBUKOTA JAKARTA 11640",,,,,,,,False,,,KEMBANGAN,JOGLO
rth-98c0e288da4f,TAMAN KOMPLEK MEGA KEBON JERUK,,,Jakarta Barat,"JL. REGENSI KEBON JERUK, RW.9, JOGLO, KEC. KEMBANGAN, KOTA JAKARTA BARAT, DAERAH KHUSUS IBUKOTA JAKARTA 11640",,,,,,,,False,,,KEMBANGAN,JOGLO
rth-c5ab69712ce7,TAMAN PINTU AIR (MEDIAN JL. JUANDA),,,Jakarta Pusat,TAMAN PINTU AIR (MEDIAN JL. JUANDA),,,,,,,,False,,,SAWAH BESAR,
rth-d11f9e75dd88,TAMAN SEGITIGA SENEN RAYA (KALILIO I),,,Jakarta Pusat,TAMAN SEGITIGA SENEN RAYA (KALILIO I),,,,,,,,False,,,SAWAH BESAR,
rth-7ef9097302bf,TAMAN SEGITIGA BUDI UTOMO,,,Jakarta Pusat,TAMAN SEGITIGA BUDI UTOMO,,,,,,,,False,,,SAWAH BESAR,PASAR BARU
rth-0bf92ae6ae65,JH JL. SURATMO,,,Jakarta Pusat,JH JL. SURATMO,,,,,,,,False,,,SAWAH BESAR,PASAR BARU
rth-db54713e25d6,JH JL. LAPANGAN BANTENG TIMUR,,,Jakarta Pusat,JH JL. LAPANGAN BANTENG TIMUR,,,,,,,,False,,,SAWAH BESAR,PASAR BARU
rth-32e75c2ad638,JH JL. PERWIRA SISI ISTIQLAL,,,Jakarta Pusat,JH JL. PERWIRA SISI ISTIQLAL,,,,,,,,False,,,SAWAH BESAR,PASAR BARU
rth-bf2270afe160,ISTIQLAL SISI PINTU AIR,,,Jakarta Pusat,ISTIQLAL SISI PINTU AIR,,,,,,,,False,,,SAWAH BESAR,PASAR BARU
rth-c33ed180a21c,JH JL. KATHEDRAL (SISI ISTIQLAL),,,Jakarta Pusat,JH JL. KATHEDRAL (SISI ISTIQLAL),,,,,,,,False,,,SAWAH BESAR,PASAR BARU
rth-e3d34aa26cbc,JH JALAN BAWAH REL (SISI BELAKANG ISTIQLAL),,,Jakarta Pusat,JH JALAN BAWAH REL (SISI BELAKANG ISTIQLAL),,,,,,,,False,,,SAWAH BESAR,PASAR BARU
rth-e423a621b156,JH JL. PERWIRA SISI SMP 4 S/D JL. TAMAN PEJAMBON (KANAN KIRI),,,Jakarta Pusat,JH JL. PERWIRA SISI SMP 4 S/D JL. TAMAN PEJAMBON (KANAN KIRI),,,,,,,,False,,,SAWAH BESAR,PASAR BARU
rth-abdad73381d7,JH JL. LAPANGAN BANTENG UTARA TERMASUK PEDESTRIAN (SISI KANTOR POS S/D GEREJA KATEDRAL),,,Jakarta Pusat,JH JL. LAPANGAN BANTENG UTARA TERMASUK PEDESTRIAN (SISI KANTOR POS S/D GEREJA KATEDRAL),,,,,,,,False,,,SAWAH BESAR,PASAR BARU
rth-b23f300ae12a,JH JL. KATHEDRAL (SISI GEREJA KATEDRAL),,,Jakarta Pusat,JH JL. KATHEDRAL (SISI GEREJA KATEDRAL),,,,,,,,False,,,SAWAH BESAR,PASAR BARU
rth-a215c8c29150,JH JL. POS DAN JL. KESENIAN,,,Jakarta Pusat,JH JL. POS DAN JL. KESENIAN,,,,,,,,False,,,SAWAH BESAR,PASAR BARU
rth-c2ed5ee55cfd,JH PINGGIR KALI PASAR BARU (DEPAN TUGU ADIPURA) S/D JH JL. DR. SUTOMO (KANAN-KIRI),,,Jakarta Pusat,JH PINGGIR KALI PASAR BARU (DEPAN TUGU ADIPURA) S/D JH JL. DR. SUTOMO (KANAN-KIRI),,,,,,,,False,,,SAWAH BESAR,PASAR BARU
rth-b67878c84746,JH JL. PASAR BARU TIMUR,,,Jakarta Pusat,JH JL. PASAR BARU TIMUR,,,,,,,,False,,,SAWAH BESAR,PASAR BARU
rth-4f72eab4493a,SEGITIGA DAN PULAU JALAN SEKITAR LAPANGAN BANTENG,,,Jakarta Pusat,SEGITIGA DAN PULAU JALAN SEKITAR LAPANGAN BANTENG,,,,,,,,False,,,SAWAH BESAR,PASAR BARU
rth-1a1a3916b667,JH JL. LAPANGAN BANTENG SELATAN TERMASUK PEDESTRIAN DAN TAMAN BOROBUDUR,,,Jakarta Pusat,JH JL. LAPANGAN BANTENG SELATAN TERMASUK PEDESTRIAN DAN TAMAN BOROBUDUR,,,,,,,,False,,,SAWAH BESAR,PASAR BARU
rth-3d51952c0973,JH JL. SAMANHUDI,,,Jakarta Pusat,JH JL. SAMANHUDI,,,,,,,,False,,,SAWAH BESAR,PASAR BARU
rth-a45c0f77f5b9,TAMAN SEGITIGA POS POL (KATEDRAL),,,Jakarta Pusat,TAMAN SEGITIGA POS POL (KATEDRAL),,,,,,,,False,,,SAWAH BESAR,PASAR BARU
rth-20a600622d98,TAMAN MEDIAN BUDI UTOMO,,,Jakarta Pusat,TAMAN MEDIAN BUDI UTOMO,,,,,,,,False,,,SAWAH BESAR,PASAR BARU
rth-ce3978812b02,TAMAN ADIPURA KENCANA,,,Jakarta Pusat,"JL. KATEDRAL, PASAR BARU, SAWAH BARU, JAKARTA PUSAT",,,,,,,,False,,,SAWAH BESAR,PASAR BARU
rth-289b830154db,TAMAN JL. DR. WAHIDIN,,,Jakarta Pusat,"JL. DR. WAHIDIN I, PS. BARU, KECAMATAN SAWAH BESAR, KOTA JAKARTA PUSAT, DAERAH KHUSUS IBUKOTA JAKARTA 10710",,,,,,,,False,,,SAWAH BESAR,PASAR BARU
rth-93376c1919cb,TAMAN ARCADIA,,,Jakarta Pusat,JL. TIANGSENG RT03/RW 06,,,,,,,,False,,,SAWAH BESAR,PASAR BARU
rth-1a775e62a13e,"POT2 DAN PERGOLA DI PINGGIR KALI JL. PASAR BARU (JL. POS, JL. ANTARA, JL. PASAR BARU TIMUR)",,,Jakarta Pusat,"JL. PASAR BARU, RT.15, PS. BARU, KECAMATAN SAWAH BESAR, KOTA JAKARTA PUSAT, DAERAH KHUSUS IBUKOTA JAKARTA 10710",,,,,,,,False,,,SAWAH BESAR,PASAR BARU
rth-00504ab24f19,TAMAN LAPANGAN BANTENG,,,Jakarta Pusat,JL. LAPANGAN BANTENG UTARA,,,,,,,,False,,,SAWAH BESAR,PASAR BARU
rth-2a2467b2e3bf,TAMAN SEGITIGA SENEN RAYA (KALILIO),,,Jakarta Pusat,TAMAN SEGITIGA SENEN RAYA (KALILIO),,,,,,,,False,,,SAWAH BESAR,SENEN
rth-441a737beb28,JH JL. PASAR SENEN,,,Jakarta Pusat,JH JL. PASAR SENEN,,,,,,,,False,,,SENEN,BUNGUR
rth-539a32ca5c7a,JH JL. STASIUN SENEN,,,Jakarta Pusat,JH JL. STASIUN SENEN,,,,,,,,False,,,SENEN,BUNGUR
rth-c41c9c7b4e04,JH JL. BUNGUR BESAR,,,Jakarta Pusat,JH JL. BUNGUR BESAR,,,,,,,,False,,,SENEN,BUNGUR
rth-c65d19c301ed,TAMAN INTERAKTIF BUNGUR RW. 07A,,,Jakarta Pusat,"JL. BUNGUR 3 KEL. BUNGUR KEC. SENEN, JAKARTA PUSAT",,,,,,,,False,,,SENEN,BUNGUR
rth-4808ceb86d50,TAMAN KWITANG UJUNG TIMUR,,,Jakarta Pusat,"JL. KWITANG TIMUR KEL. BUNGUR KEC. SENEN, JAKARTA PUSAT",,,,,,,,False,,,SENEN,BUNGUR
rth-e48b1906c691,TAMAN INTERAKTIF BUNGUR RW. 07B,,,Jakarta Pusat,"JL. BUNGUR 3 KEL. BUNGUR KEC. SENEN, JAKARTA PUSAT",,,,,,,,False,,,SENEN,BUNGUR
rth-cf3f8dc64aa1,RTH KALIBARU TIMUR,,,Jakarta Pusat,"JL. KALIBARU TIMUR DALAM NO.1, RT.9/RW.6, BUNGUR, KEC. SENEN, KOTA JAKARTA PUSAT, DAERAH KHUSUS IBUKOTA JAKARTA 10460",,,,,,,,False,,,SENEN,BUNGUR
rth-c374fa277fdb,TAMAN DARMAWANGSA IX,,,Jakarta Selatan,"JL. DARMAWANGSA IX RT 005/ 001 KEL. PULO, KEC. KEBAYORAN BARU. JAKARTA SELATAN",,,,,,,,False,,,KEBAYORAN BARU,PULO
rth-b55b9ea05c53,TAMAN KERBAU GAJAH,,,Jakarta Selatan,"JL. DARMAWANGSA VI, RT.5/RW.1, PULO, KEC. KBY. BARU, KOTA JAKARTA SELATAN, DAERAH KHUSUS IBUKOTA JAKARTA 12160",,,,,,,,False,,,KEBAYORAN BARU,PULO
rth-afd074ad0481,TAMAN RADIUS,,,Jakarta Selatan,"JL. TAMAN JL. DARMAWANGSA RAYA, RT.8/RW.1, PULO, KEBAYORAN BARU, SOUTH JAKARTA CITY, JAKARTA 12160",,,,,,,,False,,,KEBAYORAN BARU,PULO
rth-df6e3141c879,TAMAN DARMAWANGSA TANGGUL,,,Jakarta Selatan,"JL. DHARMAWANGSA RAYA NO.6 RT 06/02, PULO, KEC. KBY. BARU, KOTA JAKARTA SELATAN, DAERAH KHUSUS IBUKOTA JAKARTA 12160",,,,,,,,False,,,KEBAYORAN BARU,PULO
rth-d403cf72e06a,TAMAN DARMAWANGSA TERUSAN,,,Jakarta Selatan,"JL. DARMAWANGSA RAYA, RT.4/RW.1, PULO, KEC. KBY. BARU, KOTA JAKARTA SELATAN, DAERAH KHUSUS IBUKOTA JAKARTA 12160",,,,,,,,False,,,KEBAYORAN BARU,PULO
rth-420368d3f2d8,TAMAN BRAWIJAYA IB,,,Jakarta Selatan,"JL. PRAPANCA RAYA NO.103, RT.9/RW.4, KUNINGAN, CIPETE UTARA, KEC. KBY. BARU, KOTA JAKARTA SELATAN, DAERAH KHUSUS IBUKOTA JAKARTA 12150",,,,,,,,False,,,KEBAYORAN BARU,PULO
rth-e0c5769b6df1,TAMAN PANGUDI LUHUR,,,Jakarta Selatan,"JL. PRAPANCA II NO.25, RT.5/RW.3, PULO, KEC. KBY. BARU, KOTA JAKARTA SELATAN, DAERAH KHUSUS IBUKOTA JAKARTA 12160",,,,,,,,False,,,KEBAYORAN BARU,PULO
rth-31b2ed8ab08b,TAMAN PRAPANCA IV,,,Jakarta Selatan,"JL. PULO RAYA III, RT.2/RW.3, PULO, KEC. KBY. BARU, KOTA JAKARTA SELATAN, DAERAH KHUSUS IBUKOTA JAKARTA 12170",,,,,,,,False,,,KEBAYORAN BARU,PULO
rth-1c493038f5d3,TAMAN PULO/PANGKALAN TAXI,,,Jakarta Selatan,"JL. BRAWIJAYA XIII 8, RT.2/RW.3, PULO, KEC. KBY. BARU, KOTA JAKARTA SELATAN, DAERAH KHUSUS IBUKOTA JAKARTA 12160",,,,,,,,False,,,KEBAYORAN BARU,PULO
rth-99f601c4ab55,TAMAN DARMAWANGSA VIII,,,Jakarta Selatan,"JL. DHARMAWANGSA VIII, RT.5/RW.3, PULO, KEC. KBY. BARU, KOTA JAKARTA SELATAN, DAERAH KHUSUS IBUKOTA JAKARTA 12160",,,,,,,,False,,,KEBAYORAN BARU,PULO
rth-638cbd1e9825,TAMAN BRAWIJAYA,,,Jakarta Selatan,"JL. BRAWIJAYA RAYA 4, RT.2/RW.3, PULO, KEC. KBY. BARU, KOTA JAKARTA SELATAN, DAERAH KHUSUS IBUKOTA JAKARTA 12160",,,,,,,,False,,,KEBAYORAN BARU,PULO
rth-8a94820afb3a,TAMAN BRAWIJAYA VII,,,Jakarta Selatan,"JL. BRAWIJAYA VII TAMAN 3-7, RT.3/RW.3, PULO, KEC. KBY. BARU, KOTA JAKARTA SELATAN, DAERAH KHUSUS IBUKOTA JAKARTA 12160",,,,,,,,False,,,KEBAYORAN BARU,PULO
rth-f4c915108e5b,TAMAN KURA - KURA,,,Jakarta Selatan,"JL. DARMAWANGSA-X NO.7, RT.1/RW.2, PULO, KEC. KBY. BARU, KOTA JAKARTA SELATAN, DAERAH KHUSUS IBUKOTA JAKARTA 12160",,,,,,,,False,,,KEBAYORAN BARU,PULO
rth-3f707302b6a4,TAMAN SUREN TURI,,,Jakarta Selatan,"JL. SUREN RT 3/6 , KEL. RAWA BARAT, KEC. KEBAYORAN BARU. JAKARTA SELATAN",,,,,,,,False,,,KEBAYORAN BARU,RAWA BARAT
rth-e1312734b128,TAMAN CINIRU,,,Jakarta Selatan,"JALAN CINIRU, RT.5/RW.3, RW. BAR., KEC. KEBAYORAN BARU. JAKARTA SELATAN",,,,,,,,False,,,KEBAYORAN BARU,RAWA BARAT
rth-7e28eeae27e6,TAMAN CIBEBER,,,Jakarta Selatan,"JL. CIBEBER I 21-27, RT.3/RW.3, RW. BAR., KEC. KBY. BARU, KOTA JAKARTA SELATAN, DAERAH KHUSUS IBUKOTA JAKARTA 12180",,,,,,,,False,,,KEBAYORAN BARU,RAWA BARAT
rth-d64f3a9c8ce9,TAMAN LAKSANA,,,Jakarta Selatan,"JL. LAKSANA I NO.6, RT.6/RW.6, RW. BAR., KEC. KBY. BARU, KOTA JAKARTA SELATAN, DAERAH KHUSUS IBUKOTA JAKARTA 12180",,,,,,,,False,,,KEBAYORAN BARU,RAWA BARAT
rth-3806d3f61716,TAMAN BHAKTI,,,Jakarta Selatan,"JL. BAKTI 6, RT.1/RW.6, RW. BAR., KEC. KBY. BARU, KOTA JAKARTA SELATAN,",,,,,,,,False,,,KEBAYORAN BARU,SELONG
rth-fb4cb4250bfe,TAMAN EKS. SPBU SENOPATI/ TMN. SURYO,,,Jakarta Selatan,"JL. SURYO NO.8, RT.10/RW.3, RW. BAR., KEC. KBY. BARU, KOTA JAKARTA SELATAN,",,,,,,,,False,,,KEBAYORAN BARU,SELONG
rth-6793ec0369d4,TAMAN PULT / TAMAN RADEN PATAH,,,Jakarta Selatan,"JL. PATTIMURA, RT 002/001 KEL. SELONG, KEC. KEBAYORAN BARU. JAKARTA SELATAN",,,,,,,,False,,,KEBAYORAN BARU,SELONG
rth-e1b2f9b2a9d2,TAMAN DAHA/ SMU 82,,,Jakarta Selatan,"JL. DAHA 1, RT 001/001 KEL. SELONG KEC. KEBAYORAN BARU. JAKARTA SELATAN",,,,,,,,False,,,KEBAYORAN BARU,SELONG
rth-6ab4f7440088,TAMAN SRIWIJAYA,,,Jakarta Selatan,"JL. SRIWIJAYA I, RT 004/001 KEL. SELONG, KEC. KEBAYORAN BARU JAKARTA SELATAN",,,,,,,,False,,,KEBAYORAN BARU,SELONG
rth-37f2a439f4f1,TAMAN PULO BANGKENG,,,Jakarta Selatan,"JL. PULO BANGKENG RT 001/002 KEL. SELONG, KEC. KEBAYORAN BARU. JAKARTA SELATAN",,,,,,,,False,,,KEBAYORAN BARU,SELONG
rth-b9189dfcd083,TAMAN SANJAYA,,,Jakarta Selatan,JL. SANJAYA KEL.SELONG KEC. KEBAYORAN BARU. JAKARTA SELATAN,,,,,,,,False,,,KEBAYORAN BARU,SELONG
rth-1f1688529c78,TAMAN SANJAYA I,,,Jakarta Selatan,JL. TAMAN SENJAYA RT3 / RW 2 KEL.SELONG KEC. KEBAYORAN BARU. JAKARTA SELATAN,,,,,,,,False,,,KEBAYORAN BARU,SELONG
rth-67754d33abdd,TAMAN SANJAYA II,,,Jakarta Selatan,"JL. MULAWARMAN 16-14, RT.5/RW.2, SELONG, KEC. KBY. BARU, KOTA JAKARTA SELATAN, DAERAH KHUSUS IBUKOTA JAKARTA 12110",,,,,,,,False,,,KEBAYORAN BARU,SELONG
rth-6847b5180093,TAMAN GUNAWARMAN SISI BARAT,,,Jakarta Selatan,"JL. GUNAWARMAN BARAT RT 03/03, KEL. SELONG, KEC. KEBAYORAN BARU. JAKARTA SELATAN",,,,,,,,False,,,KEBAYORAN BARU,SELONG
rth-e730cf67250b,TAMAN GUNAWARMAN SISI TIMUR,,,Jakarta Selatan,"JL. GUNAWARMAN TIMUR RT 06/ 02, KEL. SELONG, KEC. KEBAYORAN BARU. JAKARTA SELATAN",,,,,,,,False,,,KEBAYORAN BARU,SELONG
rth-10e56a2bfff7,TAMAN GELORA I,,,Jakarta Selatan,"JL. TEBET BARAT VI/J, KEL. TEBET BARAT, KEC. TEBET",,,,,,,,False,,,TEBET,TEBET BARAT
rth-49bc941f322e,TAMAN GELORA II,,,Jakarta Selatan,"JL. TEBET BARAT VI/J, KEL. TEBET BARAT, KEC. TEBET",,,,,,,,False,,,TEBET,TEBET BARAT
rth-be547592276c,TAMAN TEBET BARAT,,,Jakarta Selatan,"JL. TEBET BARAT II E NO.5, RT.5/RW.2, TEBET BAR., KEC. TEBET, KOTA JAKARTA SELATAN, DAERAH KHUSUS IBUKOTA JAKARTA 12810",,,,,,,,False,,,TEBET,TEBET BARAT
rth-e41d7e0d86f7,TAMAN TUNGGAL,,,Jakarta Selatan,"JL. TEBET BARAT DALAM V B RT.7/RW.3, TEBET BAR., KEC. TEBET, KOTA JAKARTA SELATAN",,,,,,,,False,,,TEBET,TEBET BARAT
rth-f32ecd423f99,TAMAN TEBET (TAMAN TEBET ECOPARK),,,Jakarta Selatan,"JL. TEBET BARAT RAYA, RT.1/RW.10, TEBET BARAT",,,,,,,,False,,,TEBET,TEBET BARAT
rth-a604b9859d7c,TAMAN TEBET MAS,,,Jakarta Selatan,"JL. REGENSI TEBET MAS RT.8/RW.2, TEBET BAR., KEC. TEBET, KOTA JAKARTA SELATAN",,,,,,,,False,,,TEBET,TEBET BARAT
rth-dcc0bce03010,JALUR HIJAU JL. TEBET RAYA,,,Jakarta Selatan,JL. TEBET RAYA,,,,,,,,False,,,TEBET,TEBET TIMUR
rth-3c7c46b8f225,JALUR HIJAU JL. TEBET TIMUR DALAM RAYA,,,Jakarta Selatan,JL. TEBET TIMUR DALAM RAYA,,,,,,,,False,,,TEBET,TEBET TIMUR
rth-96bb06c45a3e,JALUR HIJAU JL. TEBET TIMUR RAYA,,,Jakarta Selatan,JL. TEBET TIMUR RAYA,,,,,,,,False,,,TEBET,TEBET TIMUR
rth-e45ea73d3051,TAMAN MANDALA,,,Jakarta Selatan,"RT.4/RW.2, TEBET TIM., KEC. TEBET, KOTA JAKARTA SELATAN (RPTRA TAMAN MANDALA)",,,,,,,,False,,,TEBET,TEBET TIMUR
rth-008667cecbcf,TAMAN BUDHI,,,Jakarta Selatan,"JL. TEBET TIMUR DALAM VI J 31-51, RT.3/RW.6, TEBET TIM., KEC. TEBET,",,,,,,,,False,,,TEBET,TEBET TIMUR
rth-c615dd0632e3,TAMAN HASYIM,,,Jakarta Selatan,"JL. TEBET TIMUR DALAM X/C, RT 3/8 KEL. TEBET TIMUR, KEC. TEBET.",,,,,,,,False,,,TEBET,TEBET TIMUR
rth-2a6809493fa0,TAMAN NILAM,,,Jakarta Selatan,"JL. TEBET TIMUR DALAM VIII , RT.5/.9, KEL. TEBET TIMUR, KEC. TEBET,",,,,,,,,False,,,TEBET,TEBET TIMUR
rth-8f26faf404ba,TAMAN TEBET TIMUR DALAM (VII/F),,,Jakarta Selatan,"JL. TEBET TIMUR DALAM VII F RT.6/.6, KEL. TEBET TIMUR KEC. TEBET, KOTA JAKARTA SELATAN",,,,,,,,False,,,TEBET,TEBET TIMUR
rth-7f40183205dc,TAMAN TEBET TIMUR DALAM VII G,,,Jakarta Selatan,JL. TEBET TIMUR DALAM VIIG KEL. TEBET TIMUR,,,,,,,,False,,,TEBET,TEBET TIMUR
rth-6565abd1455f,TAMAN TEBET TIMUR DALAM VI G,,,Jakarta Selatan,"JL. TEBET TIMUR DALAM VII G, RT.6/RW.6, TEBET TIM., KEC. TEBET, KOTA JAKARTA SELATAN,",,,,,,,,False,,,TEBET,TEBET TIMUR
rth-90216456dbfa,TAMAN TEBET TIMUR DALAM VI E,,,Jakarta Selatan,JL.TEBET TIMUR DALAM TEBET,,,,,,,,False,,,TEBET,TEBET TIMUR
rth-a37a2c2549a5,TAMAN HASBAH,,,Jakarta Selatan,"JL. TEBET TIMUR DALAM V RT 4/ 5,KEL. TEBET TIMUR KEC. TEBET, KOTA JAKARTA SELATAN",,,,,,,,False,,,TEBET,TEBET TIMUR
rth-6d6900c92412,TAMAN TEBET TIMUR DALAM V A,,,Jakarta Selatan,JL. TEBET TIMUR DALAM VA KEL. TEBET TIMUR,,,,,,,,False,,,TEBET,TEBET TIMUR
rth-15903d840e2b,TAMAN TELADAN,,,Jakarta Selatan,"JL. TEBET TIMUR DALAM IV G NO.14, RT.1/RW.11, TEBET TIM., KEC. TEBET,",,,,,,,,False,,,TEBET,TEBET TIMUR
rth-7fae36d386fd,TAMAN BAKTI,,,Jakarta Selatan,"JL. TEBET TIMUR II A, RT.08/RW.5, KEL. TEBET TIM., KEC. TEBET",,,,,,,,False,,,TEBET,TEBET TIMUR
rth-7213ca04ee09,TAMAN BERDIKARI,,,Jakarta Selatan,"JL. TEBET TIMUR DALAM V A, RT.4/RW.5, TEBET TIM., KEC. TEBET, KOTA JAKARTA SELATAN, DAERAH KHUSUS IBUKOTA JAKARTA 12820",,,,,,,,False,,,TEBET,TEBET TIMUR
rth-c75b9e4ae899,TAMAN MARATHON,,,Jakarta Selatan,"JL. TEBET TIMUR DALAM I B, RT.7/RW.4, TEBET TIM., KEC. TEBET,",,,,,,,,False,,,TEBET,TEBET TIMUR
rth-7019d7eba6b8,TAMAN TRIKORA (TEBET TIMUR DALAM (VIII/M)),,,Jakarta Selatan,"JL. TEBET TIMUR DALAM RAYA, RW.5, TEBET TIM., KEC. TEBET, KOTA JAKARTA SELATAN, DAERAH KHUSUS IBUKOTA JAKARTA 12820",,,,,,,,False,,,TEBET,TEBET TIMUR
rth-631c17643a14,RPTRA TAMAN HONDA JL. TEBET TIMUR RAYA RT 10/10,rptra,RPTRA,Jakarta Selatan,"JALAN TEBET TIMUR RAYA NO.10, RT.1/RW.10, TEBET TIM., KEC. TEBET, KOTA JAKARTA SELATAN",,,,,,,,False,,,TEBET,TEBET TIMUR
rth-bf53c0b4852b,TAMAN AISYIYAH,,,Jakarta Selatan,"JL. TEBET TIMUR DALAM VIII M NO.11, RT.1/RW.9, TEBET TIM., KEC. TEBET, KOTA JAKARTA SELATAN,",,,,,,,,False,,,TEBET,TEBET TIMUR
rth-0d4e67672918,TAMAN AGAS,,,Jakarta Selatan,"JL. TEBET TIMUR DLM X A RT.2/RW.8, TEBET TIM., KEC. TEBET, KOTA JAKARTA SELATAN",,,,,,,,False,,,TEBET,TEBET TIMUR
rth-221c953b4af8,TAMAN RTH CAKUNG,,,Jakarta Timur,"JL. ANGKASA 1 NO.48, RT.5/RW.3, UJUNG MENTENG, KEC. CAKUNG, KOTA JAKARTA TIMUR, DAERAH KHUSUS IBUKOTA JAKARTA 13960",,,,,,,,False,,,CAKUNG,CAKUNG BARAT
rth-9c68e6358fb4,TAMAN BAUHINIA,,,Jakarta Timur,"JL. RAYA CAKUNG CILINGCING BARAT NO.70, RT.9/RW.4, CAKUNG BAR., KEC. CAKUNG, KOTA JAKARTA TIMUR, DAERAH KHUSUS IBUKOTA JAKARTA 13910",,,,,,,,False,,,CAKUNG,CAKUNG BARAT
rth-bb60561b026f,RTH JL. ARTERI BKT RT. 005 RW. 07,,,Jakarta Timur,"JL. ARTERI BANJIR KANAL TIMUR RT. 005 RW. 07, KEL. CAKUNG TIMUR, KEC. CAKUNG, JAKARTA TIMU",,,,,,,,False,,,CAKUNG,CAKUNG TIMUR
rth-f17e7b04f185,TAMAN JOGLO BLOK D,,,Jakarta Barat,"JL AL-MUBAROK III RW.8, JOGLO, KEMBANGAN, WEST JAKARTA CITY, JAKARTA 11640",,,,,,,,False,,,KEMBANGAN,JOGLO
rth-8a33fd9a2fe8,TAMAN JOGLO BLOK F,,,Jakarta Barat,"JL AL-MUBAROK III RW.8, JOGLO, KEMBANGAN, WEST JAKARTA CITY, JAKARTA 11640",,,,,,,,False,,,KEMBANGAN,JOGLO
rth-94243eb58bf2,TAMAN JOGLO BLOK E,,,Jakarta Barat,"JL AL-MUBAROK III RW.8, JOGLO, KEMBANGAN, WEST JAKARTA CITY, JAKARTA 11640",,,,,,,,False,,,KEMBANGAN,JOGLO
rth-9dbaa7e26ba3,TAMAN JOGLO BLOK M,,,Jakarta Barat,"JL AL-MUBAROK III RW.8, JOGLO, KEMBANGAN, WEST JAKARTA CITY, JAKARTA 11640",,,,,,,,False,,,KEMBANGAN,JOGLO
rth-cfeab3089bb1,TAMAN JOGLO BLOK R,,,Jakarta Barat,"JL AL-MUBAROK III RW.8, JOGLO, KEMBANGAN, WEST JAKARTA CITY, JAKARTA 11640",,,,,,,,False,,,KEMBANGAN,JOGLO
rth-911aa7cfa35c,TAMAN JOGLO BLOK Z,,,Jakarta Barat,"JL AL-MUBAROK III RW.8, JOGLO, KEMBANGAN, WEST JAKARTA CITY, JAKARTA 11640",,,,,,,,False,,,KEMBANGAN,JOGLO
rth-eddd12aa5758,TAMAN KOMPLEK KOPKAMTIB,,,Jakarta Barat,"RT.7/RW.2, JOGLO, KEMBANGAN, WEST JAKARTA CITY, JAKARTA 11640",,,,,,,,False,,,KEMBANGAN,JOGLO
rth-5080f45ea134,TAMAN KOMPLEK PEMADAM KEBAKARAN,,,Jakarta Barat,"JL. JOGLO RAYA JL. BUNTU NO.9, RT.9/RW.2, JOGLO, KEC. KEMBANGAN, KOTA JAKARTA BARAT, DAERAH KHUSUS IBUKOTA JAKARTA 11640",,,,,,,,False,,,KEMBANGAN,JOGLO
rth-3d3968d2d580,TAMAN BELAKANG KELURAHAN JOGLO,,,Jakarta Barat,"JL. JOGLO RAYA NO.1, RT.5/RW.8, JOGLO, KEC. KEMBANGAN, KOTA JAKARTA BARAT, DAERAH KHUSUS IBUKOTA JAKARTA 11640",,,,,,,,False,,,KEMBANGAN,JOGLO
rth-18950afd1907,HUTAN KOTA KEMBANGAN UTARA,,,Jakarta Barat,"JL. HUTAN KOTA NO.11, RT.11/RW.5, KEDOYA UTARA, KEC. KEMBANGAN, JAKARTA, DAERAH KHUSUS IBUKOTA JAKARTA 11520",,,,,,,,False,,,KEMBANGAN,KEMBANGAN UTARA
rth-2a711f309aa9,TAMAN BPN,,,Jakarta Barat,"RT.1/RW.3, NORTH KEMBANGAN, KEMBANGAN, WEST JAKARTA CITY, JAKARTA 11610",,,,,,,,False,,,KEMBANGAN,KEMBANGAN SELATAN
rth-bb3c6a4e5f24,TAMAN BTN I,,,Jakarta Barat,"JL. KEMBANGAN BARU NO.7, RT.7/RW.3, KEMBANGAN UTARA, KEC. KEMBANGAN, KOTA JAKARTA BARAT, DAERAH KHUSUS IBUKOTA JAKARTA 11610",,,,,,,,False,,,KEMBANGAN,KEMBANGAN SELATAN
rth-382bb64737ea,TAMAN BTN II,,,Jakarta Barat,"JL. KEMBANGAN BARU NO.7, RT.7/RW.3, KEMBANGAN UTARA, KEC. KEMBANGAN, KOTA JAKARTA BARAT, DAERAH KHUSUS IBUKOTA JAKARTA 11610",,,,,,,,False,,,KEMBANGAN,KEMBANGAN SELATAN
rth-395321d2015e,TAMAN PURI INDAH BLOK C6,,,Jakarta Barat,"JL. KEMBANG HARUM VI NO.5, RT.5/RW.4, KEMBANGAN SEL., KEC. KEMBANGAN, KOTA JAKARTA BARAT, DAERAH KHUSUS IBUKOTA JAKARTA 11610",,,,,,,,False,,,KEMBANGAN,KEMBANGAN SELATAN
rth-2cd7fcb7c752,"TAMAN PURI INDAH BLOK R10, BLOK F3",,,Jakarta Barat,"JL. KEMBANG HARUM BLOK R10, BLOK F3 RT.5/RW.4, KEMBANGAN SEL., KEC. KEMBANGAN, KOTA JAKARTA BARAT, DAERAH KHUSUS IBUKOTA JAKARTA 11610",,,,,,,,False,,,KEMBANGAN,KEMBANGAN SELATAN
rth-66e73213b297,TAMAN PURI INDAH BLOK D3,,,Jakarta Barat,"JL. KEMBANG HARUM BLOK D3 RT.5/RW.4, KEMBANGAN SEL., KEC. KEMBANGAN, KOTA JAKARTA BARAT, DAERAH KHUSUS IBUKOTA JAKARTA 11610",,,,,,,,False,,,KEMBANGAN,KEMBANGAN SELATAN
rth-b61195a210f7,TAMAN PURI INDAH BLOK E2,,,Jakarta Barat,"JL. KEMBANG HARUM BLOK E2 RT.5/RW.4, KEMBANGAN SEL., KEC. KEMBANGAN, KOTA JAKARTA BARAT, DAERAH KHUSUS IBUKOTA JAKARTA 11610",,,,,,,,False,,,KEMBANGAN,KEMBANGAN SELATAN
rth-06035d73745b,TAMAN PURI INDAH BLOK B1,,,Jakarta Barat,"JL. KEMBANG HARUM BLOK B1 RT.5/RW.4, KEMBANGAN SEL., KEC. KEMBANGAN, KOTA JAKARTA BARAT, DAERAH KHUSUS IBUKOTA JAKARTA 11610",,,,,,,,False,,,KEMBANGAN,KEMBANGAN SELATAN
rth-74b791f19b16,TAMAN PURI INDAH BLOK B2,,,Jakarta Barat,"JL. KEMBANG HARUM BLOK B2 RT.5/RW.4, KEMBANGAN SEL., KEC. KEMBANGAN, KOTA JAKARTA BARAT, DAERAH KHUSUS IBUKOTA JAKARTA 11610",,,,,,,,False,,,KEMBANGAN,KEMBANGAN SELATAN
rth-59a70df498a8,TAMAN PURI INDAH BLOK B7,,,Jakarta Barat,"JL. KEMBANG HARUM BLOK B7, RT.5/RW.4, KEMBANGAN SEL., KEC. KEMBANGAN, KOTA JAKARTA BARAT, DAERAH KHUSUS IBUKOTA JAKARTA 11610",,,,,,,,False,,,KEMBANGAN,KEMBANGAN SELATAN
rth-5306d066296d,TAMAN PURI INDAH BLOK D,,,Jakarta Barat,"JL. KEMBANG HARUM BLOK D, RT.5/RW.4, KEMBANGAN SEL., KEC. KEMBANGAN, KOTA JAKARTA BARAT, DAERAH KHUSUS IBUKOTA JAKARTA 11610",,,,,,,,False,,,KEMBANGAN,KEMBANGAN SELATAN
rth-1c097d66fbb1,TAMAN PURI INDAH BLOK A1,,,Jakarta Barat,"JL. KEMBANG HARUM BLOK A1 RT.5/RW.4, KEMBANGAN SEL., KEC. KEMBANGAN, KOTA JAKARTA BARAT, DAERAH KHUSUS IBUKOTA JAKARTA 11610",,,,,,,,False,,,KEMBANGAN,KEMBANGAN SELATAN
rth-02de64d83967,TAMAN PURI INDAH BLOK A9,,,Jakarta Barat,"JL. KEMBANG HARUM BLOK A9, RT.5/RW.4, KEMBANGAN SEL., KEC. KEMBANGAN, KOTA JAKARTA BARAT, DAERAH KHUSUS IBUKOTA JAKARTA 11610",,,,,,,,False,,,KEMBANGAN,KEMBANGAN SELATAN
rth-ca2a1df54350,TAMAN KENCANA INDAH I,,,Jakarta Barat,"JL. KENCANA INDAH, RW.7, KEMBANGAN SEL., KEC. KEMBANGAN, KOTA JAKARTA BARAT, DAERAH KHUSUS IBUKOTA JAKARTA 11610",,,,,,,,False,,,KEMBANGAN,KEMBANGAN SELATAN
rth-3b030ec097ed,TAMAN KOMP. WALIKOTA JAK-BAR BLOK C,,,Jakarta Barat,"JL. PURI ASRI, RT.2/RW.2, KEMBANGAN SEL., KEC. KEMBANGAN, KOTA JAKARTA BARAT, DAERAH KHUSUS IBUKOTA JAKARTA 11610",,,,,,,,False,,,KEMBANGAN,KEMBANGAN SELATAN
rth-77c8204299a9,"JH FO SENEN (UNDERPASS), FO SENEN (ATAS)",,,Jakarta Pusat,"JH FO SENEN (UNDERPASS), FO SENEN (ATAS)",,,,,,,,False,,,SENEN,CIKINI
rth-929a9f9baa9a,JH UNDERPASS MATRAMAN,,,Jakarta Pusat,JH UNDERPASS MATRAMAN,,,,,,,,False,,,SENEN,KENARI
rth-e1762a6dce5d,JH UNDERPASS PRAMUKA,,,Jakarta Pusat,JH UNDERPASS PRAMUKA,,,,,,,,False,,,SENEN,KENARI
rth-12ec8ae7d361,TAMAN SEGITIGA RADEN SALEH,,,Jakarta Pusat,TAMAN SEGITIGA RADEN SALEH,,,,,,,,False,,,SENEN,KENARI
rth-27af1debc79d,JH JL. KRAMAT RAYA (DARI PASAR KENARI SD SIMPANG LIMA SENEN),,,Jakarta Pusat,JH JL. KRAMAT RAYA (DARI PASAR KENARI SD SIMPANG LIMA SENEN),,,,,,,,False,,,SENEN,KENARI
rth-0040af7d3c12,JH JL. SALEMBA RAYA (DARI PEREMPATAN PRAMUKA-SALEMBA SD PASAR KENARI),,,Jakarta Pusat,JH JL. SALEMBA RAYA (DARI PEREMPATAN PRAMUKA-SALEMBA SD PASAR KENARI),,,,,,,,False,,,SENEN,KENARI
rth-b33e3ad15f95,TAMAN DIPONEGORO,,,Jakarta Pusat,"JL. PANGERAN DIPONEGORO NO.76, RT.2/RW.6, KENARI, KEC. SENEN, KOTA JAKARTA PUSAT, DAERAH KHUSUS IBUKOTA JAKARTA 10430",,,,,,,,False,,,SENEN,KENARI
rth-fdf50114fd24,JH JL. KRAMAT RAYA (JALUR TENGAH/MEDIAN),,,Jakarta Pusat,JH JL. KRAMAT RAYA (JALUR TENGAH/MEDIAN),,,,,,,,False,,,SENEN,KRAMAT
rth-bf24b8b023b3,JH JL. KRAMAT RAYA (JALUR PEDESTRIAN),,,Jakarta Pusat,JH JL. KRAMAT RAYA (JALUR PEDESTRIAN),,,,,,,,False,,,SENEN,KRAMAT
rth-895e0cd5e174,TAMAN KACAPIRING,,,Jakarta Pusat,JL. KACA PIRING RT 13/01,,,,,,,,False,,,SENEN,KRAMAT
rth-34971219f7f4,TAMAN TONGKANG,,,Jakarta Pusat,"JL. TONGKANG RW.1, KRAMAT, KEC. SENEN, KOTA JAKARTA PUSAT, DAERAH KHUSUS IBUKOTA JAKARTA 10450",,,,,,,,False,,,SENEN,KRAMAT
rth-320bb996eb7a,TAMAN KRAMAT PULO,,,Jakarta Pusat,"JL. KRAMAT PULO RT.7/RW.2, KRAMAT, KEC. SENEN, KOTA JAKARTA PUSAT, DAERAH KHUSUS IBUKOTA JAKARTA 10450",,,,,,,,False,,,SENEN,KRAMAT
rth-2dc5fd5c1b7c,JH JL. KEMBANG PACAR,,,Jakarta Pusat,JH JL. KEMBANG PACAR,,,,,,,,False,,,SENEN,
rth-5eb3a0f1f6c8,JH JL. SALEMBA RAYA (JALUR MEDIAN),,,Jakarta Pusat,JH JL. SALEMBA RAYA (JALUR MEDIAN),,,,,,,,False,,,SENEN,
rth-eb29a942391f,JH JL. SALEMBA RAYA (JALUR PEDESTRIAN),,,Jakarta Pusat,JH JL. SALEMBA RAYA (JALUR PEDESTRIAN),,,,,,,,False,,,SENEN,
rth-784553af2b71,JH JL. KRAMAT V,,,Jakarta Pusat,JH JL. KRAMAT V,,,,,,,,False,,,SENEN,
rth-8066a3a4990d,JH JL. KRAMAT IV,,,Jakarta Pusat,JH JL. KRAMAT IV,,,,,,,,False,,,SENEN,
rth-5e9e897600fa,JH JL. KRAMAT VII,,,Jakarta Pusat,JH JL. KRAMAT VII,,,,,,,,False,,,SENEN,
rth-e6ca21bb77d2,JH TANAH TINGGI BARAT (GALUR) DAN FO GALUR ATAS,,,Jakarta Pusat,JH TANAH TINGGI BARAT (GALUR) DAN FO GALUR ATAS,,,,,,,,False,,,SENEN,
rth-6ac47cfc8862,JH TEPIAN KALI SENTIONG SISI KEC. SENEN,,,Jakarta Pusat,JH TEPIAN KALI SENTIONG SISI KEC. SENEN,,,,,,,,False,,,SENEN,
rth-ad7ae317cd58,JH JL. TONGKANG,,,Jakarta Pusat,JH JL. TONGKANG,,,,,,,,False,,,SENEN,
rth-6b18553be26a,JH JL. KWITANG TIMUR,,,Jakarta Pusat,JH JL. KWITANG TIMUR,,,,,,,,False,,,SENEN,
rth-e6538e5922a5,"JH. FO PRAMUKA DEPAN DEPSOS, FO TAMBAK ATAS DAN BAWAH",,,Jakarta Pusat,"JH. FO PRAMUKA DEPAN DEPSOS, FO TAMBAK ATAS DAN BAWAH",,,,,,,,False,,,SENEN,PASEBAN
rth-f4e79aa4c14c,JH JL. KRAMAT SAWAH,,,Jakarta Pusat,JH JL. KRAMAT SAWAH,,,,,,,,False,,,SENEN,PASEBAN
rth-ebfa4a6c244b,TAMAN SEGITIGA MENCOS,,,Jakarta Pusat,TAMAN SEGITIGA MENCOS,,,,,,,,False,,,SENEN,PASEBAN
rth-5cd151e94cc4,TAMAN JL. DIPONEGORO,,,Jakarta Pusat,"JL. PANGERAN DIPONEGORO 74, RT.9/RW.2, PEGANGSAAN, KEC. MENTENG, KOTA JAKARTA PUSAT, DAERAH KHUSUS IBUKOTA JAKARTA 10320",,,,,,,,False,,,SENEN,PEGANGSAAN
rth-33dae353c2da,"PULAU-PULAU SENEN, SEGITIGA KURMA, SEGITIGA POS POLISI, SEGITIGA ATRIUM",,,Jakarta Pusat,"PULAU-PULAU SENEN, SEGITIGA KURMA, SEGITIGA POS POLISI, SEGITIGA ATRIUM",,,,,,,,False,,,SENEN,SENEN
rth-625c1a2782d7,JH UNDERPASS SENEN (BAK-BAK KUPINGAN/BOUGENVIL DAN BAK2 MEDIAN UNDERPASS),,,Jakarta Pusat,JH UNDERPASS SENEN (BAK-BAK KUPINGAN/BOUGENVIL DAN BAK2 MEDIAN UNDERPASS),,,,,,,,False,,,SENEN,SENEN
rth-1dfe775dca86,JH JL. KRAMAT BUNDER,,,Jakarta Pusat,JH JL. KRAMAT BUNDER,,,,,,,,False,,,SENEN,SENEN
rth-fac7b2fafc4a,JH KUPINGAN UNDERPASS SENEN,,,Jakarta Pusat,JH KUPINGAN UNDERPASS SENEN,,,,,,,,False,,,SENEN,SENEN
rth-ef04473bcd19,JH JL. ABDUL RAHMAN SALEH,,,Jakarta Pusat,JH JL. ABDUL RAHMAN SALEH,,,,,,,,False,,,SENEN,SENEN
rth-4e931304c87a,JH JL. KALILIO SENEN DAN SEGITIGA,,,Jakarta Pusat,JH JL. KALILIO SENEN DAN SEGITIGA,,,,,,,,False,,,SENEN,SENEN
rth-657117df63b8,TAMAN SEGITIGA DEPAN HOTEL OASIS AMIR,,,Jakarta Pusat,TAMAN SEGITIGA DEPAN HOTEL OASIS AMIR,,,,,,,,False,,,SENEN,SENEN
rth-4ae06bc67bf3,JH JL. PRAMUKA SARI (PINGGIR KALI CILIWUNG) KEL. KENARI,,,Jakarta Pusat,JH JL. PRAMUKA SARI (PINGGIR KALI CILIWUNG) KEL. KENARI,,,,,,,,False,,,SENEN,SENEN
rth-ec2179087e53,TAMAN DAKSA,,,Jakarta Selatan,"JL. DAKSA IV RT 06/02, KEL. SELONG, KEC. KEBAYORAN BARU. JAKARTA SELATAN",,,,,,,,False,,,KEBAYORAN BARU,SELONG
rth-74bd3d2af5a2,TAMAN BELITUNG,,,Jakarta Selatan,"JL. BALITUNG III NO.21, RT.6/RW.3, SELONG, KEC. KBY. BARU, KOTA JAKARTA SELATAN, DAERAH KHUSUS IBUKOTA JAKARTA 12110",,,,,,,,False,,,KEBAYORAN BARU,SELONG
rth-da99355f27dd,TAMAN RAJASA,,,Jakarta Selatan,"JL. RAJASA NO.9, RT.9/RW.3, SELONG, KEC. KBY. BARU, KOTA JAKARTA SELATAN, DAERAH KHUSUS IBUKOTA JAKARTA 12110",,,,,,,,False,,,KEBAYORAN BARU,SELONG
rth-b9b1a960baa5,TAMAN RAGATNATA,,,Jakarta Selatan,"JL. KERTANEGARA JS.18.03 SELONG KEBAYORAN BARU JAKARTA SELATAN DKI JAKARTA, RT.9/RW.3, SELONG, KEC. KBY. BARU, KOTA JAKARTA SELATAN, DAERAH KHUSUS IBUKOTA JAKARTA 12110",,,,,,,,False,,,KEBAYORAN BARU,SELONG
rth-05adf777aab3,TAMAN EMPU SENDOK DALAM,,,Jakarta Selatan,"JL. SENOPATI NO.49, RT.8/RW.3, SELONG, KEC. KBY. BARU, KOTA JAKARTA SELATAN, DAERAH KHUSUS IBUKOTA JAKARTA 12190",,,,,,,,False,,,KEBAYORAN BARU,SELONG
rth-35f900c7ecd6,TAMAN EMPU SENDOK LUAR,,,Jakarta Selatan,"JL. TAMAN MPU SENDOK NO.8, RT.8/RW.3, SELONG, KEC. KBY. BARU, KOTA JAKARTA SELATAN, DAERAH KHUSUS IBUKOTA JAKARTA 12110",,,,,,,,False,,,KEBAYORAN BARU,SELONG
rth-a5e76587469b,TAMAN CEMARA,,,Jakarta Selatan,"JL. BAKTI NO.22, RT.1/RW.6, SELONG, KEC. KBY. BARU, KOTA JAKARTA SELATAN, DAERAH KHUSUS IBUKOTA JAKARTA 12180",,,,,,,,False,,,KEBAYORAN BARU,SELONG
rth-036017b62399,TAMAN JENGGALA/ GALUH,,,Jakarta Selatan,"JL. TAMAN JENGGALA, RT.5/RW.1, SELONG, KEC. KBY. BARU, KOTA JAKARTA SELATAN, DAERAH KHUSUS IBUKOTA JAKARTA 12110",,,,,,,,False,,,KEBAYORAN BARU,SELONG
rth-01bbfcb6794a,TAMAN MATARAM TIMUR,,,Jakarta Selatan,"JL. MATARAM RAYA, RT.2/RW.1, SELONG, KEC. KBY. BARU, KOTA JAKARTA SELATAN, DAERAH KHUSUS IBUKOTA JAKARTA 12110",,,,,,,,False,,,KEBAYORAN BARU,SELONG
rth-21f99f77d6db,TAMAN MATARAM,,,Jakarta Selatan,"JL. SISINGAMANGARAJA NO.2, SELONG, KEC. KBY. BARU",,,,,,,,False,,,KEBAYORAN BARU,SELONG
rth-398210cf3fc1,TAMAN TULODONG BAWAH,,,Jakarta Selatan,"JL. TULODONG BAWAH I, RT.3/RW.1, SENAYAN, KEC. KBY. BARU, KOTA JAKARTA SELATAN, DAERAH KHUSUS IBUKOTA JAKARTA 12190",,,,,,,,False,,,KEBAYORAN BARU,SENAYAN
rth-6049025987d3,TAMAN TULODONG BAWAH IV,,,Jakarta Selatan,"JL. TULODONG BAWAH IV, KEL. SENAYAN, KEC. KEBAYORAN BARU. JAKARTA SELATAN",,,,,,,,False,,,KEBAYORAN BARU,SENAYAN
rth-fd2532a69246,TAMAN DARMAJAYA (WIDYA CANDRA),,,Jakarta Selatan,"JL. WIDYA CHANDRA V, SENAYAN, KEC. KBY. BARU, KOTA JAKARTA SELATAN, DAERAH KHUSUS IBUKOTA JAKARTA 12190",,,,,,,,False,,,KEBAYORAN BARU,SENAYAN
rth-10a476c2a97f,TAMAN WIDYA CANDRA,,,Jakarta Selatan,"JL. WIDYA CHANDRA X NO.11, RT.7/RW.1, SENAYAN, KEC. KBY. BARU, KOTA JAKARTA SELATAN, DAERAH KHUSUS IBUKOTA JAKARTA 12190",,,,,,,,False,,,KEBAYORAN BARU,SENAYAN
rth-c281cd3c972a,JALAN LAYANG NON TOL (DEPAN CAREFOUR S/D ITC CIPULIR),,,Jakarta Selatan,JALAN LAYANG NON TOL (DEPAN CAREFOUR S/D ITC CIPULIR),,,,,,,,False,,,KEBAYORAN LAMA,CIPULIR
rth-2ff71acf81b1,JALUR HIJAU JL. PERMATA HIJAU SIMPRUG,,,Jakarta Selatan,JALUR HIJAU JL. PERMATA HIJAU SIMPRUG,,,,,,,,False,,,KEBAYORAN LAMA,GROGOL SELATAN
rth-30b94da84ea7,TAMAN LPH / TAMAN LINGKAR PUTERI HIJAU,,,Jakarta Selatan,"JL. LINGKAR PUTERI HIJAU NO. 21 RT. 10 RW. 005, KELURAHAN GROGOL SELATAN, KECAMATAN KEBAYORAN LAMA, JAKARTA SELATAN",,,,,,,,False,,,KEBAYORAN LAMA,GROGOL SELATAN
rth-ef0f93bfbf86,TAMAN TEUKU NYAK ARIEF,,,Jakarta Selatan,"JL. TEUKU NYAK ARIEF, RT.7/RW.8, GROGOL SEL., KEC. KBY. LAMA, KOTA JAKARTA SELATAN, DAERAH KHUSUS IBUKOTA JAKARTA 12220",,,,,,,,False,,,KEBAYORAN LAMA,GROGOL SELATAN
rth-758cb73f0039,TAMAN JIBAN,,,Jakarta Selatan,"JL. JIBAN, RT.8/RW.1, GROGOL SEL., KEC. KBY. LAMA, KOTA JAKARTA SELATAN, DAERAH KHUSUS IBUKOTA JAKARTA 12220",,,,,,,,False,,,KEBAYORAN LAMA,GROGOL SELATAN
rth-7da3209ddc5d,TAMAN BAWAH FO PUTRI HIJAU,,,Jakarta Selatan,"JL. TENTARA PELAJAR, RT.7/ 8, KEL. GROGOL SELATAN KEC. KEBAYORAN LAMA, JAKARTA SELATAN,",,,,,,,,False,,,KEBAYORAN LAMA,GROGOL SELATAN
rth-af3bae25e65e,"TM. SEGITIGA PERMATA HIJAU,",,,Jakarta Selatan,"JL. PERMATA HIJAU, RT.4/ .2, KEL. GROGOL UTARA, KEC. KEBAYORAN LAMA, KOTA JAKARTA SELATAN",,,,,,,,False,,,KEBAYORAN LAMA,GROGOL SELATAN
rth-ab0287e95fc7,JALUR HIJAU JL. PERMATA HIJAU,,,Jakarta Selatan,JALUR HIJAU JL. PERMATA HIJAU,,,,,,,,False,,,KEBAYORAN LAMA,GROGOL UTARA
rth-e9189d9df63e,FLY OVER PERMATA HIJAU,,,Jakarta Selatan,FLY OVER PERMATA HIJAU,,,,,,,,False,,,KEBAYORAN LAMA,GROGOL UTARA
rth-525244cf0246,TAMAN MELATI,,,Jakarta Selatan,"JL. PULO MELATI IV NO.14, RT.1/ 16, KEL. GROGOL UTARA, KEC. KEBAYORAN LAMA,. JAKARTA SELATAN",,,,,,,,False,,,KEBAYORAN LAMA,GROGOL UTARA
rth-7bae962faf2d,RTH RAYA CACING,,,Jakarta Timur,"JL. CAKUNG CILINCING RT 008 RW 005 KEL. CAKUNG TIMUR KEC. CAKUNG, JAKARTA TIMUR",,,,,,,,False,,,CAKUNG,CAKUNG TIMUR
rth-0ee0b1fc14a3,RTH PENGGILINGAN RW 05,,,Jakarta Timur,"RW 05 KEL. DUKUH, KEC. KRAMAT JATI",,,,,,,,False,,,CAKUNG,DUKUH
rth-0208e7a8a56e,JH. JL. SENTRA PRIMER BARU DAN LERENG JEMBATAN PULOGEBANG,,,Jakarta Timur,JH. JL. SENTRA PRIMER BARU DAN LERENG JEMBATAN PULOGEBANG,,,,,,,,False,,,CAKUNG,
rth-1a407d88182a,AMENITIS JH. JL. DR. SOEMARNO,,,Jakarta Timur,AMENITIS JH. JL. DR. SOEMARNO,,,,,,,,False,,,CAKUNG,
rth-d8d9f4192723,JH. BOJONG RANGKONG PEMANCINGAN/DEPAN TERMINAL,,,Jakarta Timur,JH. BOJONG RANGKONG PEMANCINGAN/DEPAN TERMINAL,,,,,,,,False,,,CAKUNG,
rth-ee995b39223c,JH. JL. ELOK PENGGILINGAN,,,Jakarta Timur,JH. JL. ELOK PENGGILINGAN,,,,,,,,False,,,CAKUNG,
rth-391046f50061,JH. JL. RADJIMAN,,,Jakarta Timur,JH. JL. RADJIMAN,,,,,,,,False,,,CAKUNG,
rth-c898ae2a8eaa,JH. JL. RAYA BEKASI / PULO-PULO KELUAR TOL CAKUNG,,,Jakarta Timur,JH. JL. RAYA BEKASI / PULO-PULO KELUAR TOL CAKUNG,,,,,,,,False,,,CAKUNG,
rth-ce0e6537aee9,JH. JL. SISI TOL BARAT / KOMARUDIN / PUTARAN SILALAHI,,,Jakarta Timur,JH. JL. SISI TOL BARAT / KOMARUDIN / PUTARAN SILALAHI,,,,,,,,False,,,CAKUNG,
rth-efa71c3c601d,JALUR HIJAU TEPIAN AIR KANAL BANJIR TIMUR (BEKASI RAYA S.D MARUNDA),,,Jakarta Timur,JALUR HIJAU TEPIAN AIR KANAL BANJIR TIMUR (BEKASI RAYA S.D MARUNDA),,,,,,,,False,,,CAKUNG,
rth-62d326a3f445,HUTAN KOTA ANEKA ELOK,,,Jakarta Timur,JL. PENGGILINGAN ELOK,,,,,,,,False,,,CAKUNG,PENGGILINGAN
rth-3a6ad7dd2f5b,RTH TAMAN PULO INDAH,,,Jakarta Timur,"JL. RAYA PENGGILINGAN, CAKUNG, JAKARTA TIMUR,",,,,,,,,False,,,CAKUNG,PENGGILINGAN
rth-f8d6c999c3a9,TAMAN RTH PENGGILINGAN,,,Jakarta Timur,"JL. KP. JEMB. NO.5, RT.5/RW.14, PENGGILINGAN, KEC. CAKUNG, KOTA JAKARTA TIMUR, DAERAH KHUSUS IBUKOTA JAKARTA 13940",,,,,,,,False,,,CAKUNG,PENGGILINGAN
rth-1fc3d03eec19,TAMAN RTH KAMPUNG PADAENGAN PENGGILINGAN,,,Jakarta Timur,"KAMPUNG PADAENGAN PENGGILINGAN, KELURAHAN PENGGILINGAN, KECAMATAN CAKUNG, JAKARTA TIMUR",,,,,,,,False,,,CAKUNG,PENGGILINGAN
rth-b71d89e3aa2f,TAMAN KAMBOJA,,,Jakarta Timur,"JL. KAMBOJA NO.26, RT.1/RW.11, KALIDERES, KEC. KALIDERES, KOTA JAKARTA BARAT, DAERAH KHUSUS IBUKOTA JAKARTA 11840",,,,,,,,False,,,CAKUNG,PENGGILINGAN
rth-56715bbf1be0,TAMAN PULO LESTARI,,,Jakarta Timur,"RT 004 RW 007, KEL. PENGGILINGAN, KEC. CAKUNG, JAKARTA TIMUR",,,,,,,,False,,,CAKUNG,PENGGILINGAN
rth-ee9662eda08d,RTH PENGGILINGAN RW 08,,,Jakarta Timur,"KP. PEDAENGAN RT 004 RW 008 KEL. PENGGILINGAN KEC. CAKUNG, JAKARTA TIMUR",,,,,,,,False,,,CAKUNG,PENGGILINGAN
rth-f7bf7528d4bf,HUTAN KOTA PULOGEBANG,,,Jakarta Timur,JL. PULOGEBANG RT 003 RW 004 KEL. PULOGEBANG KEC. CAKUNG JAKARTA TIMUR,,,,,,,,False,,,CAKUNG,PULO GEBANG
rth-3133c8f49e31,HUTAN KOTA SAWO KECIK,,,Jakarta Timur,JL. SAWO KECIK / JL. SAWAH RT 005 RW 08 KEL. PULO GEBANG KEC. CAKUNG JAKARTA TIMUR,,,,,,,,False,,,CAKUNG,PULO GEBANG
rth-d1c0c2152cc8,RTH JL. PULO GEBANG INDAH RT 003 RW 006,,,Jakarta Timur,"JL. PULO GEBANG INDAH RT 003 RW 006, KEL. PULO GEBANG, KEC. CAKUNG, JAKARTA TIMUR",,,,,,,,False,,,CAKUNG,PULO GEBANG
rth-6dd8f2e19be1,TAMAN ELOK,,,Jakarta Timur,"JL. RENGAS ELOK 1 NO.35 A3, RT.1/RW.9, PULO GEBANG, CAKUNG, EAST JAKARTA CITY, JAKARTA 13950",,,,,,,,False,,,CAKUNG,PULO GEBANG
rth-d37db281eee1,TAMAN CASIA,,,Jakarta Timur,"JL. PG INDAH NO.18, RT.3/RW.11, PULO GEBANG, KEC. CAKUNG, KOTA JAKARTA TIMUR, DAERAH KHUSUS IBUKOTA JAKARTA 13950",,,,,,,,False,,,CAKUNG,PULO GEBANG
rth-ca00b6bdd21e,TAMAN TERMINAL PULOGEBANG,,,Jakarta Timur,"JL. SEJAJAR, JL. TOL LKR. TIMUR JL. RAYA PULO GEBANG NO.1, RT.11/RW.3, CAKUNG TIM., KEC. CAKUNG, KOTA JAKARTA TIMUR, DAERAH KHUSUS IBUKOTA JAKARTA 13910",,,,,,,,False,,,CAKUNG,PULO GEBANG
rth-938eaef28f2a,TAMAN ARES - DEPAN PTUN,,,Jakarta Timur,"JL. PULO GEBANG NO.8, RT.9/RW.8, PULO GEBANG, KEC. CAKUNG, KOTA JAKARTA TIMUR, DAERAH KHUSUS IBUKOTA JAKARTA 13950",,,,,,,,False,,,CAKUNG,PULO GEBANG
rth-4625bc8e192c,TAMAN CAKUNG,,,Jakarta Timur,"JL. INSPEKSI KANAL TIM. NO.53, PULO GEBANG, KEC. CAKUNG, KOTA JAKARTA TIMUR, DAERAH KHUSUS IBUKOTA JAKARTA 13950",,,,,,,,False,,,CAKUNG,PULO GEBANG
rth-0c1264d85b51,RTH JL. PULO GEBANG RT. 009 RW. 05,,,Jakarta Timur,JL. PULO GEBANG RT. 009 RW. 05,,,,,,,,False,,,CAKUNG,PULO GEBANG
rth-40cf92799866,RTH RAWA KUNING (TAMAN RAWA KUNING INDAH),,,Jakarta Timur,"JL. RAWA KUNING, KEL. PULO GEBANG, KEC. CAKUNG, JAKARTA TIMUR",,,,,,,,False,,,CAKUNG,PULO GEBANG
rth-def0b99f7580,RTH GG. MASJID PULOGEBANG,,,Jakarta Timur,"GANG MESJID RT 003 RW 004 KEL. PULO GEBANG KEC. CAKUNG, JAKARTA TIMUR",,,,,,,,False,,,CAKUNG,PULO GEBANG
rth-7b7b9d772d97,RTH JL. DR. RAJIMAN RT. 015 RW. 04 / TPU RAWA TERATE,,,Jakarta Timur,JL. DR. RAJIMAN RT. 015 RW. 04,,,,,,,,False,,,CAKUNG,RAWA TERATE
rth-1d247fe69685,HUTAN KOTA UJUNG MENTENG,,,Jakarta Timur,"JL. AKASIA, RT.2/RW.3, UJUNG MENTENG, KEC. CAKUNG, KOTA JAKARTA TIMUR, DAERAH KHUSUS IBUKOTA JAKARTA 13960",,,,,,,,False,,,CAKUNG,UJUNG MENTENG
rth-6d0a2a8d8ce0,"TAMAN OASIS, DAAN MOGOT",,,Jakarta Barat,"JL. SEKRETARIS NO.8, RT.8/RW.1, TJ. DUREN UTARA, KEC. GROGOL PETAMBURAN, KOTA JAKARTA BARAT, DAERAH KHUSUS IBUKOTA JAKARTA 11470",,,,,,,,False,,,GROGOL PETAMBURAN,TANJUNG DUREN UTARA
rth-ae4cb4dc5a5d,RTH JL. DAAN MOGOT NO.15 RT 006 RW 001,,,Jakarta Barat,"JL. DAAN MOGOT NO. 14-15 RT 006 RW 001 KEL. TANJUNG DUREN UTARA KEC. PETAMBURAN, JAKARTA BARAT",,,,,,,,False,,,GROGOL PETAMBURAN,TANJUNG DUREN UTARA
rth-aa804e18e12e,RTH JL. DAAN MOGOT NO.14 RT 006 RW 001,,,Jakarta Barat,"JL. DAAN MOGOT NO. 14 RT 006 RW 001 KEL. TANJUNG DUREN UTARA KEC. PETAMBURAN, JAKARTA BARAT",,,,,,,,False,,,GROGOL PETAMBURAN,TANJUNG DUREN UTARA
rth-4a8fd501f460,FLY OVER TOMANG (ATAS - BAWAH),,,Jakarta Barat,FLY OVER TOMANG (ATAS - BAWAH),,,,,,,,False,,,GROGOL PETAMBURAN,TOMANG
rth-30b0095a3a8b,UNDER PASS TOMANG,,,Jakarta Barat,UNDER PASS TOMANG,,,,,,,,False,,,GROGOL PETAMBURAN,TOMANG
rth-c840fc5a5048,TAMAN PERMATA,,,Jakarta Barat,"JL. PERMATA NO.1A, RT.10/RW.9, TOMANG, KEC. GROGOL PETAMBURAN, KOTA JAKARTA BARAT, DAERAH KHUSUS IBUKOTA JAKARTA 11440",,,,,,,,False,,,GROGOL PETAMBURAN,TOMANG
rth-7bbc1339aac6,TAMAN KOMP. BAPPENAS,,,Jakarta Barat,"JL. GELONG BARU UTARA 2, TOMANG",,,,,,,,False,,,GROGOL PETAMBURAN,TOMANG
rth-0fc142a9a357,TAMAN PULO MACAN,,,Jakarta Barat,"JL. PULO MACAN V, RT.14/RW.5, TOMANG, GROGOL PETAMBURAN, JAKARTA BARAT, JAKARTA 11440",,,,,,,,False,,,GROGOL PETAMBURAN,TOMANG
rth-f62ce0eb9c6b,TAMAN RASA SAYANG (DEDICATED),,,Jakarta Barat,"JL. RASA SAYANG JL. E NO.1, RT.1/RW.8, WIJAYA KUSUMA, KEC. GROGOL PETAMBURAN, KOTA JAKARTA BARAT, DAERAH KHUSUS IBUKOTA JAKARTA 11460",,,,,,,,False,,,GROGOL PETAMBURAN,WIJAYA KESUMA
rth-b5c99dff3a44,TAMAN BERINGIN DALAM,,,Jakarta Barat,"JL. BERINGIN 4, RT.3/RW.11, KALIDERES, KEC. KALIDERES, KOTA JAKARTA BARAT, DAERAH KHUSUS IBUKOTA JAKARTA 11840",,,,,,,,False,,,KALI DERES,KALIDERES
rth-bb664b18ec51,"TAMAN CITRA GARDEN 1, BLOK A.2",,,Jakarta Barat,"TAMAN INDAH 3, BLOK A.2, KALIDERES, KEC. KALIDERES, KOTA JAKARTA BARAT, DAERAH KHUSUS IBUKOTA JAKARTA 11840",,,,,,,,False,,,KALI DERES,KALIDERES
rth-43f3558f359e,"TAMAN CITRA GARDEN 1, BLOK A.13",,,Jakarta Barat,"TAMAN INDAH 3, BLOK A.13, KALIDERES, KEC. KALIDERES, KOTA JAKARTA BARAT, DAERAH KHUSUS IBUKOTA JAKARTA 11840",,,,,,,,False,,,KALI DERES,KALIDERES
rth-44360c280696,"TAMAN CITRA GARDEN 1, BLOK B.11",,,Jakarta Barat,"JL. BUKIT ASRI RT.6/RW.16, KALIDERES, KEC. KALIDERES, KOTA JAKARTA BARAT, DAERAH KHUSUS IBUKOTA JAKARTA 11840",,,,,,,,False,,,KALI DERES,KALIDERES
rth-5125d7b5b2fa,"TAMAN CITRA GARDEN 1, BLOK C.4",,,Jakarta Barat,"JL. BUKIT ASRI RT.6/RW.16, KALIDERES, KEC. KALIDERES, KOTA JAKARTA BARAT, DAERAH KHUSUS IBUKOTA JAKARTA 11840",,,,,,,,False,,,KALI DERES,KALIDERES
rth-1161faa22f63,"TAMAN CITRA GARDEN 1, BLOK C.12",,,Jakarta Barat,"JL. BUKIT ASRI RT.6/RW.16, KALIDERES, KEC. KALIDERES, KOTA JAKARTA BARAT, DAERAH KHUSUS IBUKOTA JAKARTA 11840",,,,,,,,False,,,KALI DERES,KALIDERES
rth-7fd426263a46,"TAMAN CITRA GARDEN 1, BLOK E.4",,,Jakarta Barat,"JL. BUKIT ASRI RT.6/RW.16, KALIDERES, KEC. KALIDERES, KOTA JAKARTA BARAT, DAERAH KHUSUS IBUKOTA JAKARTA 11841",,,,,,,,False,,,KALI DERES,KALIDERES
rth-f03a0d0c3e57,"TAMAN CITRA GARDEN 1, BLOK F.5",,,Jakarta Barat,"JL. BUKIT ASRI RT.6/RW.16, KALIDERES, KEC. KALIDERES, KOTA JAKARTA BARAT, DAERAH KHUSUS IBUKOTA JAKARTA 11842",,,,,,,,False,,,KALI DERES,KALIDERES
rth-2d0b1da3dab5,"TAMAN CITRA GARDEN 1, BLOK G.4",,,Jakarta Barat,"JL. BUKIT ASRI RT.6/RW.16, KALIDERES, KEC. KALIDERES, KOTA JAKARTA BARAT, DAERAH KHUSUS IBUKOTA JAKARTA 11843",,,,,,,,False,,,KALI DERES,KALIDERES
rth-0beeb83aea50,"TAMAN CITRA GARDEN 1, BLOK H.3",,,Jakarta Barat,"JL. BUKIT ASRI RT.6/RW.16, KALIDERES, KEC. KALIDERES, KOTA JAKARTA BARAT, DAERAH KHUSUS IBUKOTA JAKARTA 11844",,,,,,,,False,,,KALI DERES,KALIDERES
rth-219a1c1b50e0,"TAMAN CITRA GARDEN 1, BLOK I.3",,,Jakarta Barat,"JL. BUKIT ASRI RT.6/RW.16, KALIDERES, KEC. KALIDERES, KOTA JAKARTA BARAT, DAERAH KHUSUS IBUKOTA JAKARTA 11845",,,,,,,,False,,,KALI DERES,KALIDERES
rth-c2de93ee92dc,RTH KP. GOMBOL (TAMAN GOMBOL PAYA),,,Jakarta Barat,"KP. GOMBOL PAYA RT 007 RW 013 KEL. KALIDERES KEC. KALIDERES, JAKARTA BARAT",,,,,,,,False,,,KALI DERES,KALIDERES
rth-1b57da28cc6f,RTH PETA SELATAN,,,Jakarta Barat,"JL. PETA SELATAN RT 007 RW 011 KEL. KALIDERES KEC. KALIDERES, JAKARTA BARAT",,,,,,,,False,,,KALI DERES,KALIDERES
rth-1227b4fe3722,TAMAN RT. 01/06 KAMAL,,,Jakarta Barat,"RT. 01/06,KEL. KAMAL, KEC. KALIDERES, KOTA JAKARTA BARAT, DAERAH KHUSUS IBUKOTA JAKARTA",,,,,,,,False,,,KALI DERES,KAMAL
rth-b9293095c27a,TAMAN RT. 01/08 KAMAL,,,Jakarta Barat,"RT. 01/08,KEL. KAMAL, KEC. KALIDERES, KOTA JAKARTA BARAT, DAERAH KHUSUS IBUKOTA JAKARTA",,,,,,,,False,,,KALI DERES,KAMAL
rth-78d3b78d5369,TAMAN RT. 09/03 KAMAL,,,Jakarta Barat,"RT. 09/03,KEL. KAMAL, KEC. KALIDERES, KOTA JAKARTA BARAT, DAERAH KHUSUS IBUKOTA JAKARTA",,,,,,,,False,,,KALI DERES,KAMAL
rth-067811ce553c,TAMAN RT. 10/03 KAMAL,,,Jakarta Barat,"RT. 10/03,KEL. KAMAL, KEC. KALIDERES, KOTA JAKARTA BARAT, DAERAH KHUSUS IBUKOTA JAKARTA",,,,,,,,False,,,KALI DERES,KAMAL
rth-66f3bfa6d8d5,TAMAN UTAMA RAYA (DEDICATED),,,Jakarta Barat,"JL. UTAMA RAYA NO.41-47, RT.9/RW.2, CENGKARENG BAR., KECAMATAN CENGKARENG, KOTA JAKARTA BARAT, DAERAH KHUSUS IBUKOTA JAKARTA 11730",,,,,,,,False,,,CENGKARENG,CENGKARENG BARAT
rth-f6318023bbd5,TAMAN BERINGIN,,,Jakarta Barat,"JL. BERINGIN I, RT.4/RW.5, WEST CENGKARENG, CENGKARENG, WEST JAKARTA CITY, JAKARTA 11730",,,,,,,,False,,,CENGKARENG,CENGKARENG BARAT
rth-1ee8d2552642,TAMAN MELATI,,,Jakarta Barat,"JL. PULO MELATI IV NO.14, RT.1/ 16, KEL. GROGOL UTARA, KEC. KEBAYORAN LAMA,. JAKARTA SELATAN",,,,,,,,False,,,CENGKARENG,CENGKARENG BARAT
rth-b045123e81e2,TAMAN AA,,,Jakarta Barat,"JL. AA 2, RT.6/RW.2, CENGKARENG BAR., KECAMATAN CENGKARENG, KOTA JAKARTA BARAT, DAERAH KHUSUS IBUKOTA JAKARTA 11730",,,,,,,,False,,,CENGKARENG,CENGKARENG BARAT
rth-c2d3dd9b6cfa,TAMAN ANGGREK,,,Jakarta Barat,"JL. H. MUHI, RT 08/12 KEL. BINTARO, KEC. PESANGGRAHAN. JAKARTA SELATAN",,,,,,,,False,,,CENGKARENG,CENGKARENG BARAT
rth-f4aba0f8bc9d,TAMAN PUSPA RAYA,,,Jakarta Barat,"JL. PUSPA III NO.19, RT.11/RW.4, KAPUK, KECAMATAN CENGKARENG, KOTA JAKARTA BARAT, DAERAH KHUSUS IBUKOTA JAKARTA 11720",,,,,,,,False,,,CENGKARENG,CENGKARENG TIMUR
rth-de8307605690,TAMAN SERUNI,,,Jakarta Barat,"BLOK DAHLIA, JL. RUMAH SUSUN CENGKARENG INDAH NO.7, RT.7/RW.14, EAST CENGKARENG, CENGKARENG, WEST JAKARTA CITY, JAKARTA 11730",,,,,,,,False,,,CENGKARENG,CENGKARENG TIMUR
rth-c5a91073ebb9,"TAMAN PUSPA I, III S/D V",,,Jakarta Barat,"JL. PUSPA III NO.19, RT.11/RW.4, KAPUK, KECAMATAN CENGKARENG, KOTA JAKARTA BARAT, DAERAH KHUSUS IBUKOTA JAKARTA 11720",,,,,,,,False,,,CENGKARENG,CENGKARENG TIMUR
rth-2038423c9eae,TAMAN MASJID,,,Jakarta Barat,"JL. MESJID VI, RT.9/RW.5, CENGKARENG BAR., KECAMATAN CENGKARENG, KOTA JAKARTA BARAT, DAERAH KHUSUS IBUKOTA JAKARTA 11730",,,,,,,,False,,,CENGKARENG,CENGKARENG TIMUR
rth-0fee1eba5283,TAMAN JERUK BALI. RW 06,,,Jakarta Barat,"JL. JERUK BALI, RT.7/RW.6, DURI KEPA, KEC. KB. JERUK, KOTA JAKARTA BARAT, DAERAH KHUSUS IBUKOTA JAKARTA 11510",,,,,,,,False,,,CENGKARENG,DURI KEPA
rth-bb71869ac8de,TAMAN BLOK E5 KOMPLEK KOSAMBI BARU,,,Jakarta Barat,"KOMPLEK KOSAMBI BARU BLOK E5, DURI KOSAMBI, KECAMATAN CENGKARENG, KOTA JAKARTA BARAT, DAERAH KHUSUS IBUKOTA JAKARTA 11750",,,,,,,,False,,,CENGKARENG,DURI KOSAMBI
rth-04eed420aa21,TAMAN BLOK A2 KOMPLEK KOSAMBI BARU,,,Jakarta Barat,"KOMPLEK KOSAMBI BARU BLOK A2 , DURI KOSAMBI, KECAMATAN CENGKARENG, KOTA JAKARTA BARAT, DAERAH KHUSUS IBUKOTA JAKARTA 11750",,,,,,,,False,,,CENGKARENG,DURI KOSAMBI
rth-e0a8f7905ad0,TAMAN WIJAYA KUSUMA,,,Jakarta Barat,"JL. WIJAYA KUSUMA, RT.14/RW.7, SUKAPURA, CILINCING, NORTH JAKARTA CITY, JAKARTA 14140",,,,,,,,False,,,CENGKARENG,DURI KOSAMBI
rth-8b6e2fa9cdb9,TAMAN BLOK A11 KOMPLEK KOSAMBI BARU,,,Jakarta Barat,"KOMPLEK KOSAMBI BARU BLOK A11 , DURI KOSAMBI, KECAMATAN CENGKARENG, KOTA JAKARTA BARAT, DAERAH KHUSUS IBUKOTA JAKARTA 11750",,,,,,,,False,,,CENGKARENG,DURI KOSAMBI
rth-dcc581791ece,TAMAN BLOK B6 KOMPLEK KOSAMBI BARU,,,Jakarta Barat,"KOMPLEK KOSAMBI BARU BLOK B6 , DURI KOSAMBI, KECAMATAN CENGKARENG, KOTA JAKARTA BARAT, DAERAH KHUSUS IBUKOTA JAKARTA 11750",,,,,,,,False,,,CENGKARENG,DURI KOSAMBI
rth-caba0d39547d,TAMAN BLOK F3 KOMPLEK KOSAMBI BARU,,,Jakarta Barat,"KOMPLEK KOSAMBI BARU BLOK F3 , DURI KOSAMBI, KECAMATAN CENGKARENG, KOTA JAKARTA BARAT, DAERAH KHUSUS IBUKOTA JAKARTA 11750",,,,,,,,False,,,CENGKARENG,DURI KOSAMBI
rth-b59267248fe3,RTH DURI KOSAMBI,,,Jakarta Barat,"JL. DURI KOSAMBI NO. 17 KEL. KOSAMBI KEC. CENGKARENG, JAKARTA BARAT",,,,,,,,False,,,CENGKARENG,DURI KOSAMBI
rth-c4ea3232213c,TAMAN PULIR,,,Jakarta Barat,"RT.1/RW.8, DURI KOSAMBI, KECAMATAN CENGKARENG, KOTA JAKARTA BARAT, DAERAH KHUSUS IBUKOTA JAKARTA 11750",,,,,,,,False,,,CENGKARENG,DURI KOSAMBI
rth-f00c5762069b,TAMAN AKASIA,,,Jakarta Barat,"JL. AKASIA RAYA, RT.14/RW.12, KAPUK, KECAMATAN CENGKARENG, KOTA JAKARTA BARAT, DAERAH KHUSUS IBUKOTA JAKARTA 11720",,,,,,,,False,,,CENGKARENG,KAPUK
rth-bdd7da07abbe,TAMAN JATI RAYA,,,Jakarta Barat,"JL. JATI RAYA 27, RT.9/RW.12, KAPUK, KECAMATAN CENGKARENG, KOTA JAKARTA BARAT, DAERAH KHUSUS IBUKOTA JAKARTA 11720",,,,,,,,False,,,CENGKARENG,KAPUK
rth-ed1b452ce198,TAMAN DAHLIA,,,Jakarta Barat,"JL. DAHLIA RAYA 5-1, RT.9/RW.9, KAPUK, KECAMATAN CENGKARENG, KOTA JAKARTA BARAT, DAERAH KHUSUS IBUKOTA JAKARTA 11720",,,,,,,,False,,,CENGKARENG,KAPUK
rth-dda01e50a923,TAMAN MELATI I,,,Jakarta Barat,"JL. TAMAN NUSA INDAH, RT.10/RW.9, KAPUK, KECAMATAN CENGKARENG, KOTA JAKARTA BARAT, DAERAH KHUSUS IBUKOTA JAKARTA 11720",,,,,,,,False,,,CENGKARENG,KAPUK
rth-a978b1d78fba,TAMAN MELATI II (TAMAN KODOK),,,Jakarta Barat,"JL. TAMAN NUSA INDAH NO.58B, RT.5/RW.9, KAPUK, KECAMATAN CENGKARENG, KOTA JAKARTA BARAT, DAERAH KHUSUS IBUKOTA JAKARTA 11720",,,,,,,,False,,,CENGKARENG,KAPUK
rth-4c2b578b82ef,TAMAN KAMAL,,,Jakarta Barat,"JL. SAHABAT NO.45, RT.2/RW.3, KAMAL, KEC. KALIDERES, KOTA JAKARTA BARAT, DAERAH KHUSUS IBUKOTA JAKARTA 11810",,,,,,,,False,,,KALI DERES,KAMAL
rth-f9095d93f343,RTH KP. BELAKANG,,,Jakarta Barat,"KAMPUNG BELAKANG RT 003 RW 003 KEL. KAMAL KEC. KALIDERES, JAKARTA BARAT",,,,,,,,False,,,KALI DERES,KAMAL
rth-3207ba9bc4e3,RTH LINGKUNGAN III RT 11 RW 03 (TAMAN CAMBEL II),,,Jakarta Barat,"JL. LINGKUNGAN III RT 011 RW 003 KEL. KAMAL KEC. KALIDERES, JAKARTA BARAT",,,,,,,,False,,,KALI DERES,KAMAL
rth-1d34499cd046,JALUR HIJAU MEDIAN JL. DAAN MOGOT DR SUMUR BOR S/D BATAS KOTA,,,Jakarta Barat,JH. MEDIAN JL. DAAN MOGOT DR SUMUR BOR S/D BATAS KOTA,,,,,,,,False,,,KALI DERES,KALIDERES
rth-6515ad93c512,JALUR HIJAU PINGGIR KALI MOOKERVART DR SUMUR BOR S/D BATAS KOTA,,,Jakarta Barat,JH. PINGGIR KALI MOOKERVART DR SUMUR BOR S/D BATAS KOTA,,,,,,,,False,,,KALI DERES,KALIDERES
rth-4d7f1241ec2a,JALUR HIJAU SEGITIGA JL. PETA SELATAN,,,Jakarta Barat,JH. SEGITIGA JL. PETA SELATAN,,,,,,,,False,,,KALI DERES,
rth-e52c2754a87a,JALUR HIJAU JL. SUMUR BOR,,,Jakarta Barat,JH. JL. SUMUR BOR,,,,,,,,False,,,KALI DERES,
rth-f4aba4741eae,JALUR HIJAU JL. UTAN JATI,,,Jakarta Barat,JH. JL. UTAN JATI,,,,,,,,False,,,KALI DERES,
rth-789d8f8e526e,TAMAN KOMPLEK KEBERSIHAN I,,,Jakarta Barat,"JL. BAMBU LARANGAN NO.05/05, RT.1/RW.19, PEGADUNGAN, KEC. KALIDERES, KOTA JAKARTA BARAT, DAERAH KHUSUS IBUKOTA JAKARTA 11830",,,,,,,,False,,,KALI DERES,PEGADUNGAN
rth-cf0f6aa66b85,TAMAN KOMPLEK KEBERSIHAN II,,,Jakarta Barat,"JL. BAMBU LARANGAN NO.05/05, RT.1/RW.19, PEGADUNGAN, KEC. KALIDERES, KOTA JAKARTA BARAT, DAERAH KHUSUS IBUKOTA JAKARTA 11830",,,,,,,,False,,,KALI DERES,PEGADUNGAN
rth-034d2ccbf9d5,TAMAN KOMPLEK KEBERSIHAN III,,,Jakarta Barat,"JL. BINA SERASIH, RT.5/RW.17, PEGADUNGAN, KEC. KALIDERES, KOTA JAKARTA BARAT, DAERAH KHUSUS IBUKOTA JAKARTA 11830",,,,,,,,False,,,KALI DERES,PEGADUNGAN
rth-ad94df9efaa3,"TAMAN CITRA GARDEN 3, BLOK B.7",,,Jakarta Barat,"RW.13, PEGADUNGAN, KALIDERES, WEST JAKARTA CITY, JAKARTA 11831",,,,,,,,False,,,KALI DERES,PEGADUNGAN
rth-e19565c5c566,"TAMAN CITRA GARDEN 3, BLOK C.3",,,Jakarta Barat,"RW.13, PEGADUNGAN, KALIDERES, WEST JAKARTA CITY, JAKARTA 11832",,,,,,,,False,,,KALI DERES,PEGADUNGAN
rth-3cf7601cbc94,"TAMAN CITRA GARDEN 3, BLOK C.8",,,Jakarta Barat,"RW.13, PEGADUNGAN, KALIDERES, WEST JAKARTA CITY, JAKARTA 11833",,,,,,,,False,,,KALI DERES,PEGADUNGAN
rth-5bde9d20e727,"TAMAN CITRA GARDEN 3, BLOK D.8",,,Jakarta Barat,"RW.13, PEGADUNGAN, KALIDERES, WEST JAKARTA CITY, JAKARTA 11834",,,,,,,,False,,,KALI DERES,PEGADUNGAN
rth-0b5901ab1fff,"TAMAN CITRA GARDEN 3, BLOK F.2",,,Jakarta Barat,"RW.13, PEGADUNGAN, KALIDERES, WEST JAKARTA CITY, JAKARTA 11836",,,,,,,,False,,,KALI DERES,PEGADUNGAN
rth-f3625025faae,"TAMAN CITRA GARDEN3 EXT., BLOK A.12",,,Jakarta Barat,"RW.13, PEGADUNGAN, KALIDERES, WEST JAKARTA CITY, JAKARTA 11837",,,,,,,,False,,,KALI DERES,PEGADUNGAN
rth-269eb0aefd74,"TAMAN CITRA GARDEN3 EXT., BLOK A.14",,,Jakarta Barat,"RW.13, PEGADUNGAN, KALIDERES, WEST JAKARTA CITY, JAKARTA 11838",,,,,,,,False,,,KALI DERES,PEGADUNGAN
rth-5c5807d60d46,"TAMAN CITRA GARDEN3 EXT., BLOK B.12",,,Jakarta Barat,"RW.13, PEGADUNGAN, KALIDERES, WEST JAKARTA CITY, JAKARTA 11839",,,,,,,,False,,,KALI DERES,PEGADUNGAN
rth-53140aa7dc55,"TAMAN CITRA GARDEN3 EXT., BLOK B.25",,,Jakarta Barat,"RW.13, PEGADUNGAN, KALIDERES, WEST JAKARTA CITY, JAKARTA 11840",,,,,,,,False,,,KALI DERES,PEGADUNGAN
rth-4b5ab0c5fe0d,"TAMAN CITRA GARDEN3 EXT., BLOK E.6",,,Jakarta Barat,"RW.13, PEGADUNGAN, KALIDERES, WEST JAKARTA CITY, JAKARTA 11841",,,,,,,,False,,,KALI DERES,PEGADUNGAN
rth-5a7c607cb97f,"TAMAN CITRA GARDEN3 EXT., BLOK E.12",,,Jakarta Barat,"RW.13, PEGADUNGAN, KALIDERES, WEST JAKARTA CITY, JAKARTA 11842",,,,,,,,False,,,KALI DERES,PEGADUNGAN
rth-900c4d864ed7,"TAMAN CITRA GARDEN3 EXT., BLOK F.1",,,Jakarta Barat,"RW.13, PEGADUNGAN, KALIDERES, WEST JAKARTA CITY, JAKARTA 11843",,,,,,,,False,,,KALI DERES,PEGADUNGAN
rth-7229a3024030,"TAMAN CITRA GARDEN 5, BLOK E.7",,,Jakarta Barat,"CITRA GARDEN 5, BLOK E.7 KEC. KALIDERES,PEGADUNGAN , KOTA JAKARTA BARAT, DAERAH KHUSUS IBUKOTA JAKARTA 11810",,,,,,,,False,,,KALI DERES,PEGADUNGAN
rth-600f6e7a342f,TAMAN SUMUR BOR,,,Jakarta Barat,"JL. KEMUNING RAYA RT.1/RW.11, WEST CENGKARENG, CENGKARENG, WEST JAKARTA CITY, JAKARTA 11830",,,,,,,,False,,,KALI DERES,PEGADUNGAN
rth-20a5f57b360f,TAMAN BAMBU LARANGAN,,,Jakarta Barat,"RT.1/RW.11, PEGADUNGAN, KALIDERES, WEST JAKARTA CITY, JAKARTA 11830",,,,,,,,False,,,KALI DERES,PEGADUNGAN
rth-e8ae2fb0c281,TAMAN RT. 08/02 PEGADUNGAN,,,Jakarta Barat,"RT. 08/02, PEGADUNGAN, KALIDERES, WEST JAKARTA CITY, JAKARTA 11830",,,,,,,,False,,,KALI DERES,PEGADUNGAN
rth-3678ba733f66,TAMAN RT. 09/02 PEGADUNGAN,,,Jakarta Barat,"RT. 09/02, PEGADUNGAN, KALIDERES, WEST JAKARTA CITY, JAKARTA 11830",,,,,,,,False,,,KALI DERES,PEGADUNGAN
rth-28ebd3a42535,"TAMAN CITRA GARDEN 2, BLOK H.6",,,Jakarta Barat,"CITRA GARDEN 2, BLOK H.6 , PEGADUNGAN, KALIDERES, WEST JAKARTA CITY, JAKARTA 11830",,,,,,,,False,,,KALI DERES,PEGADUNGAN
rth-23c591d0d68a,"TAMAN CITRA GARDEN 2, BLOK I.3",,,Jakarta Barat,"CITRA GARDEN 2, BLOK I.3 , PEGADUNGAN, KALIDERES, WEST JAKARTA CITY, JAKARTA 11830",,,,,,,,False,,,KALI DERES,PEGADUNGAN
rth-4ba73f473e6e,"RTH JL. SAMPING KOSAMBI BARU RW. 09 DAN RW. 10 KELURAHAN DURI KOSAMBI, KECAMATAN CENGKARENG",,,Jakarta Barat,"RTH JL. SAMPING KOSAMBI BARU RW. 09 DAN RW. 10 KELURAHAN DURI KOSAMBI, KECAMATAN CENGKARENG",,,,,,,,False,,,CENGKARENG,DURI KOSAMBI
rth-3f628985b508,JALUR HIJAU PEDONGKELAN SISI BARAT CENGKARENG DRAIN DR JL. DAAN MOGOT S/D JEMB. KP AMBON,,,Jakarta Barat,JH. PEDONGKELAN SISI BARAT CENGKARENG DRAIN DR JL. DAAN MOGOT S/D JEMB. KP AMBON,,,,,,,,False,,,CENGKARENG,
rth-40727e286d48,JALUR HIJAU JL. PETERNAKAN I,,,Jakarta Barat,JH. JL. PETERNAKAN I,,,,,,,,False,,,CENGKARENG,
rth-226d289d3329,JALUR HIJAU JL. PEDONGKELAN SISI TIMUR CENGKARENG DRAIN DARI JEMB. KP AMBON S/D JL. DAAN MOGOT,,,Jakarta Barat,JH. JL. PEDONGKELAN SISI TIMUR CENGKARENG DRAIN DARI JEMB. KP AMBON S/D JL. DAAN MOGOT,,,,,,,,False,,,CENGKARENG,RAWA BUAYA
rth-7382a2cf7bfd,JALUR HIJAU JL. OUTER RINGROAD SISI TIMUR DR JL. BOJONG RAYA S/D LM CENGKARENG,,,Jakarta Barat,JH. JL. OUTER RINGROAD SISI TIMUR DR JL. BOJONG RAYA S/D LM CENGKARENG,,,,,,,,False,,,CENGKARENG,
rth-0250ff255801,JALUR HIJAU PINGGIR KALI MOOKERVART DR CENGKARENG DRAIN S/D LM CENGKARENG,,,Jakarta Barat,JH. PINGGIR KALI MOOKERVART DR CENGKARENG DRAIN S/D LM CENGKARENG,,,,,,,,False,,,CENGKARENG,RAWA BUAYA
rth-1724feb8039e,JALUR HIJAU FLY OVER RAWA BUAYA (ATAS DAN BAWAH),,,Jakarta Barat,JH. FLY OVER RAWA BUAYA (ATAS DAN BAWAH),,,,,,,,False,,,CENGKARENG,
rth-e55afc87b3af,JALUR HIJAU JL. RAWA BUAYA,,,Jakarta Barat,JH. JL. RAWA BUAYA,,,,,,,,False,,,CENGKARENG,
rth-41b2e76f1ab9,JALUR HIJAU JL. TAMAN JERUK RAYA,,,Jakarta Barat,JH. JL. TAMAN JERUK RAYA,,,,,,,,False,,,CENGKARENG,
rth-e98bbe098484,JALUR HIJAU JL. KAMAL RAYA SISI BARAT,,,Jakarta Barat,JH. JL. KAMAL RAYA SISI BARAT,,,,,,,,False,,,CENGKARENG,
rth-4c619ff749dc,JALUR HIJAU FO. CENGKARENG (ATAS DAN BAWAH),,,Jakarta Barat,JH. FO. CENGKARENG (ATAS DAN BAWAH),,,,,,,,False,,,CENGKARENG,CENGAKRENG BARAT
rth-127914eea504,JALUR HIJAU MEDIAN JL. DAAN MOGOT DR LAMPU MERAH CENGKARENG S/D SUMUR BOR,,,Jakarta Barat,JH. MEDIAN JL. DAAN MOGOT DR LAMPU MERAH CENGKARENG S/D SUMUR BOR,,,,,,,,False,,,CENGKARENG,CENGAKRENG BARAT
rth-4d85413cb921,JALUR HIJAU PINGGIR KALI MOOKERVART DR LM CENGKARENG S/D SUMUR BOR,,,Jakarta Barat,JH. PINGGIR KALI MOOKERVART DR LM CENGKARENG S/D SUMUR BOR,,,,,,,,False,,,CENGKARENG,
rth-120cad2b1071,JALUR HIJAU JL. KAMAL RAYA SISI TIMUR DR JL. KAPUK CENGKARENG S/D LM CENGKARENG,,,Jakarta Barat,JH. JL. KAMAL RAYA SISI TIMUR DR JL. KAPUK CENGKARENG S/D LM CENGKARENG,,,,,,,,False,,,CENGKARENG,
rth-c764530a966a,JALUR HIJAU MEDIAN JL. DAAN MOGOT DR CENGKARENG DRAIN S/D LAMPU MERAH CENGKARENG.,,,Jakarta Barat,JH. MEDIAN JL. DAAN MOGOT DR CENGKARENG DRAIN S/D LAMPU MERAH CENGKARENG.,,,,,,,,False,,,CENGKARENG,
rth-4078101dc45a,JALUR HIJAU KALI MOOKERVART DR LM. JL. PANJANG S/D CENGKARENG DRAIN,,,Jakarta Barat,JH. KALI MOOKERVART DR LM. JL. PANJANG S/D CENGKARENG DRAIN,,,,,,,,False,,,CENGKARENG,
rth-0c0f1807c869,JALUR HIJAU MEDIAN JL. DAAN MOGOT DR FO. PESING S/D CENGKARENG DRAIN,,,Jakarta Barat,JH. MEDIAN JL. DAAN MOGOT DR FO. PESING S/D CENGKARENG DRAIN,,,,,,,,False,,,CENGKARENG,
rth-42f299f66b5a,JALUR HIJAU FO PESING ATAS DAN BAWAH DR LM TB. ANGKE S/D LM. JL. PANJANG,,,Jakarta Barat,JH. FO PESING ATAS DAN BAWAH DR LM TB. ANGKE S/D LM. JL. PANJANG,,,,,,,,False,,,CENGKARENG,
rth-80f638ad1cd8,JALUR HIJAU MENUJU RUSUN PESAKIH,,,Jakarta Barat,JH. MENUJU RUSUN PESAKIH,,,,,,,,False,,,CENGKARENG,RAWA BUAYA
rth-a7fbef71dd47,HUTAN KOTA RAWA BUAYA,,,Jakarta Barat,"JL. AL BARKAH UJUNG NO.15, RT.10/RW.3, RW. BUAYA, KECAMATAN CENGKARENG, KOTA JAKARTA BARAT, DAERAH KHUSUS IBUKOTA JAKARTA 11740",,,,,,,,False,,,CENGKARENG,RAWA BUAYA
rth-612f6ef0fd01,HUTAN KOTA RAWA BUAYA B,,,Jakarta Barat,"KEL. RAWA BUAYA, KEC. CENGKARENG, JAKARTA BARAT",,,,,,,,False,,,CENGKARENG,RAWA BUAYA
rth-1ff1786df400,TAMAN JERUK RAYA,,,Jakarta Barat,"JL. TAMAN JERUK RAYA NO.10, RT.10/RW.6, RW. BUAYA, KECAMATAN CENGKARENG, KOTA JAKARTA BARAT, DAERAH KHUSUS IBUKOTA JAKARTA 11740",,,,,,,,False,,,CENGKARENG,RAWA BUAYA
rth-e3a1456fbee9,TAMAN BUNCIS,,,Jakarta Barat,"JL. BUNCIS I 2-6, RT.4/RW.7, RW. BUAYA, KECAMATAN CENGKARENG, KOTA JAKARTA BARAT, DAERAH KHUSUS IBUKOTA JAKARTA 11740",,,,,,,,False,,,CENGKARENG,RAWA BUAYA
rth-99281fa53174,TAMAN BELIMBING,,,Jakarta Barat,"JL. BOJONG INDAH RAYA NO.RT.7, RW. BUAYA, KECAMATAN CENGKARENG, KOTA JAKARTA BARAT, DAERAH KHUSUS IBUKOTA JAKARTA 11740",,,,,,,,False,,,CENGKARENG,RAWA BUAYA
rth-b83d5c85fc0a,TAMAN PAKIS RW. 07 (TAMAN PAKIS RAYA),,,Jakarta Barat,"JL. PAKIS RAYA 12-7, RT.16/RW.7, RW. BUAYA, KECAMATAN CENGKARENG, KOTA JAKARTA BARAT, DAERAH KHUSUS IBUKOTA JAKARTA 11740",,,,,,,,False,,,CENGKARENG,RAWA BUAYA
rth-a0408084454f,TAMAN BAWANG MERAH,,,Jakarta Barat,"JL. BAWANG MERAH III NO.6, RT.6/RW.7, RW. BUAYA, KECAMATAN CENGKARENG, KOTA JAKARTA BARAT, DAERAH KHUSUS IBUKOTA JAKARTA 11740",,,,,,,,False,,,CENGKARENG,RAWA BUAYA
rth-22d931e0980d,TAMAN HANOMAN,,,Jakarta Barat,"JL. HANOMAN IV 17-15, RT.4/RW.9, RW. BUAYA, KECAMATAN CENGKARENG, KOTA JAKARTA BARAT, DAERAH KHUSUS IBUKOTA JAKARTA 11740",,,,,,,,False,,,CENGKARENG,RAWA BUAYA
rth-9aa086193da6,"TAMAN CITRA GARDEN 2, BLOK M.3",,,Jakarta Barat,"CITRA GARDEN 2, BLOKM.3 , PEGADUNGAN, KALIDERES, WEST JAKARTA CITY, JAKARTA 11830",,,,,,,,False,,,KALI DERES,PEGADUNGAN
rth-733c59c0ff57,"TAMAN CITRA GARDEN 2, BLOK N.2",,,Jakarta Barat,"CITRA GARDEN 2, BLOK N.2 , PEGADUNGAN, KALIDERES, WEST JAKARTA CITY, JAKARTA 11830",,,,,,,,False,,,KALI DERES,PEGADUNGAN
rth-035a0b01dea2,"TAMAN CITRA GARDEN 2, BLOK O.5",,,Jakarta Barat,"CITRA GARDEN 2, BLOK O.5 , PEGADUNGAN, KALIDERES, WEST JAKARTA CITY, JAKARTA 11830",,,,,,,,False,,,KALI DERES,PEGADUNGAN
rth-073935064857,"TAMAN CITRA GARDEN 2, BLOK P.10",,,Jakarta Barat,"CITRA GARDEN 2, BLOK P.10, PEGADUNGAN, KALIDERES, WEST JAKARTA CITY, JAKARTA 11830",,,,,,,,False,,,KALI DERES,PEGADUNGAN
rth-d0d7048c8f0c,"TAMAN CITRA GARDEN 2 EXT., BLOK BB.2",,,Jakarta Barat,"CITRA GARDEN 2 EXT., BLOK BB.2 , PEGADUNGAN, KALIDERES, WEST JAKARTA CITY, JAKARTA 11830",,,,,,,,False,,,KALI DERES,PEGADUNGAN
rth-793384c72b03,"TAMAN CITRA GARDEN 2 EXT., BLOK BB.3",,,Jakarta Barat,"CITRA GARDEN 2 EXT., BLOK BB.3 , PEGADUNGAN, KALIDERES, WEST JAKARTA CITY, JAKARTA 11830",,,,,,,,False,,,KALI DERES,PEGADUNGAN
rth-884696a3ee70,"TAMAN CITRA GARDEN 2 EXT., BLOK BB.5",,,Jakarta Barat,"CITRA GARDEN 2 EXT., BLOK BB.5 , PEGADUNGAN, KALIDERES, WEST JAKARTA CITY, JAKARTA 11830",,,,,,,,False,,,KALI DERES,PEGADUNGAN
rth-5878f30e38e0,"TAMAN CITRA GARDEN 2 EXT., BLOK BC.2",,,Jakarta Barat,"CITRA GARDEN 2 EXT., BLOK BC.2 , PEGADUNGAN, KALIDERES, WEST JAKARTA CITY, JAKARTA 11830",,,,,,,,False,,,KALI DERES,PEGADUNGAN
rth-83d696c2f902,"TAMAN CITRA GARDEN 2 EXT., BLOK BD.1",,,Jakarta Barat,"CITRA GARDEN 2 EXT., BLOK BD.1 , PEGADUNGAN, KALIDERES, WEST JAKARTA CITY, JAKARTA 11830",,,,,,,,False,,,KALI DERES,PEGADUNGAN
rth-cae9a20adda3,"TAMAN CITRA GARDEN 2 EXT., BLOK BE.2",,,Jakarta Barat,"CITRA GARDEN 2 EXT., BLOK BE.2 , PEGADUNGAN, KALIDERES, WEST JAKARTA CITY, JAKARTA 11830",,,,,,,,False,,,KALI DERES,PEGADUNGAN
rth-17a513d7e577,"TAMAN CITRA GARDEN 2 EXT., BLOK BE.3",,,Jakarta Barat,"CITRA GARDEN 2 EXT., BLOK BE.3 , PEGADUNGAN, KALIDERES, WEST JAKARTA CITY, JAKARTA 11830",,,,,,,,False,,,KALI DERES,PEGADUNGAN
rth-ac3b5cbb0162,"TAMAN CITRA GARDEN 2 EXT., BLOK BF.1",,,Jakarta Barat,"CITRA GARDEN 2 EXT., BLOK BF.1 , PEGADUNGAN, KALIDERES, WEST JAKARTA CITY, JAKARTA 11830",,,,,,,,False,,,KALI DERES,PEGADUNGAN
rth-66bfc3590cb7,"TAMAN CITRA GARDEN 2 EXT., BLOK BF.2",,,Jakarta Barat,"CITRA GARDEN 2 EXT., BLOK BF.2 , PEGADUNGAN, KALIDERES, WEST JAKARTA CITY, JAKARTA 11830",,,,,,,,False,,,KALI DERES,PEGADUNGAN
rth-bb0b1cd22ccc,"TAMAN CITRA GARDEN 2 EXT., BLOK BF.3",,,Jakarta Barat,"CITRA GARDEN 2 EXT., BLOK BF.3 , PEGADUNGAN, KALIDERES, WEST JAKARTA CITY, JAKARTA 11830",,,,,,,,False,,,KALI DERES,PEGADUNGAN
rth-6692892a7802,"TAMAN CITRA GARDEN 2 EXT., BLOK BG.1",,,Jakarta Barat,"CITRA GARDEN 2 EXT., BLOK BG.1 , PEGADUNGAN, KALIDERES, WEST JAKARTA CITY, JAKARTA 11830",,,,,,,,False,,,KALI DERES,PEGADUNGAN
rth-b08bc0e6f7f4,"TAMAN CITRA GARDEN 2 EXT., BLOK BG.7",,,Jakarta Barat,"CITRA GARDEN 2 EXT., BLOK BG.7 , PEGADUNGAN, KALIDERES, WEST JAKARTA CITY, JAKARTA 11830",,,,,,,,False,,,KALI DERES,PEGADUNGAN
rth-f928f5a99935,"TAMAN CITRA GARDEN 2 EXT., BLOK BH.1.B",,,Jakarta Barat,"CITRA GARDEN 2 EXT., BLOK BH.1.B , PEGADUNGAN, KALIDERES, WEST JAKARTA CITY, JAKARTA 11830",,,,,,,,False,,,KALI DERES,PEGADUNGAN
rth-f6f8ccb3e1bd,"TAMAN CITRA GARDEN 2 EXT., BLOK BH.3",,,Jakarta Barat,"CITRA GARDEN 2 EXT., BLOKBH.3 , PEGADUNGAN, KALIDERES, WEST JAKARTA CITY, JAKARTA 11830",,,,,,,,False,,,KALI DERES,PEGADUNGAN
rth-6dd46080d4ec,"TAMAN CITRA GARDEN 2 EXT., BLOK BH.7",,,Jakarta Barat,"CITRA GARDEN 2 EXT., BLOK BH.7 , PEGADUNGAN, KALIDERES, WEST JAKARTA CITY, JAKARTA 11830",,,,,,,,False,,,KALI DERES,PEGADUNGAN
rth-a5faaabbf012,"TAMAN CITRA GARDEN 2 EXT., BLOK BH.8",,,Jakarta Barat,"CITRA GARDEN 2 EXT., BLOK BH.8 , PEGADUNGAN, KALIDERES, WEST JAKARTA CITY, JAKARTA 11830",,,,,,,,False,,,KALI DERES,PEGADUNGAN
rth-c4573b4295f8,"TAMAN CITRA GARDEN 2 EXT., BLOK BI.7",,,Jakarta Barat,"CITRA GARDEN 2 EXT., BLOK BI.7 , PEGADUNGAN, KALIDERES, WEST JAKARTA CITY, JAKARTA 11830",,,,,,,,False,,,KALI DERES,PEGADUNGAN
rth-193ee60d9214,"TAMAN CITRA GARDEN 2 EXT., BLOK BI.8",,,Jakarta Barat,"CITRA GARDEN 2 EXT., BLOK BI.8 , PEGADUNGAN, KALIDERES, WEST JAKARTA CITY, JAKARTA 11830",,,,,,,,False,,,KALI DERES,PEGADUNGAN
rth-3ae7e02b4d83,"TAMAN CITRA GARDEN 2 EXT., BLOK BJ.4",,,Jakarta Barat,"CITRA GARDEN 2 EXT., BLOK BJ.4 , PEGADUNGAN, KALIDERES, WEST JAKARTA CITY, JAKARTA 11830",,,,,,,,False,,,KALI DERES,PEGADUNGAN
rth-5bcaf5be72cf,"TAMAN CITRA GARDEN 2 EXT., BLOK BJ.6",,,Jakarta Barat,"CITRA GARDEN 2 EXT., BLOK BJ.4 , PEGADUNGAN, KALIDERES, WEST JAKARTA CITY, JAKARTA 11830",,,,,,,,False,,,KALI DERES,PEGADUNGAN
rth-165f2b84b909,"TAMAN CITRA GARDEN 2 EXT., BLOK BK.1",,,Jakarta Barat,"CITRA GARDEN 2 EXT., BLOK BK.1 , PEGADUNGAN, KALIDERES, WEST JAKARTA CITY, JAKARTA 11830",,,,,,,,False,,,KALI DERES,PEGADUNGAN
rth-08ae63d9fb34,"TAMAN CITRA GARDEN 2 EXT., BLOK BK.3",,,Jakarta Barat,"CITRA GARDEN 2 EXT., BLOK BK.3 , PEGADUNGAN, KALIDERES, WEST JAKARTA CITY, JAKARTA 11830",,,,,,,,False,,,KALI DERES,PEGADUNGAN
rth-7b5c5e007674,"TAMAN CITRA GARDEN 2 EXT., BUNDARAN",,,Jakarta Barat,"CITRA GARDEN 2 EXT., BUNDARAN , PEGADUNGAN, KALIDERES, WEST JAKARTA CITY, JAKARTA 11830",,,,,,,,False,,,KALI DERES,PEGADUNGAN
rth-d3992645c995,TAMAN IRIGASI PEGADUNGAN,,,Jakarta Barat,"RT 007/001 KEL. PEGADUNGAN KEC. KALIDERES, JAKARTA BARAT",,,,,,,,False,,,KALI DERES,PEGADUNGAN
rth-f79380114ea7,TAMAN PERUMAHAN CARINA SAYANG,,,Jakarta Barat,"JL. KACANG TANAH RAYA, RT.17/RW.4, RW. BUAYA, KECAMATAN CENGKARENG, KOTA JAKARTA BARAT, DAERAH KHUSUS IBUKOTA JAKARTA 11740",,,,,,,,False,,,CENGKARENG,RAWA BUAYA
rth-af86f8afbfb5,TAMAN JERUK RAYA RW. 05,,,Jakarta Barat,"JL. TAMAN JERUK RAYA RW.5, RW. BUAYA, KECAMATAN CENGKARENG, KOTA JAKARTA BARAT, DAERAH KHUSUS IBUKOTA JAKARTA 11740",,,,,,,,False,,,CENGKARENG,RAWA BUAYA
rth-7af3956a2932,"TAMAN DEPAN PD. PASAR JAYA, BOJONG",,,Jakarta Barat,"JL. CABE RAWIT RAYA, RT.9/RW.6, RW. BUAYA, KECAMATAN CENGKARENG, KOTA JAKARTA BARAT, DAERAH KHUSUS IBUKOTA JAKARTA 11740",,,,,,,,False,,,CENGKARENG,RAWA BUAYA
rth-08cda65bcdfe,TAMAN WADUK BOJONG,,,Jakarta Barat,"JL. TELAGA BOJONG 19-21, RT.2/RW.6, RW. BUAYA, KECAMATAN CENGKARENG, KOTA JAKARTA BARAT, DAERAH KHUSUS IBUKOTA JAKARTA 11740",,,,,,,,False,,,CENGKARENG,RAWA BUAYA
rth-6613620c579d,TAMAN SALAM,,,Jakarta Barat,"JL. JATI MURNI NO.56, RT.3/ 2, KEL. JATI PADANG, KEC. PS. MINGGU, KOTA JAKARTA SELATAN",,,,,,,,False,,,CENGKARENG,RAWA BUAYA
rth-093876abeb52,TAMAN BAMBU BETUNG,,,Jakarta Barat,JL. BAMBU BETUNG 5 NO. 21 (BAMBU BETUNG 5) JAKARTA BARAT,,,,,,,,False,,,CENGKARENG,RAWA BUAYA
rth-cb485d9f3998,TAMAN SHINTA,,,Jakarta Barat,"JL. SHINTA RAYA, RW. BUAYA, KECAMATAN CENGKARENG, KOTA JAKARTA BARAT, DAERAH KHUSUS IBUKOTA JAKARTA 11740",,,,,,,,False,,,CENGKARENG,RAWA BUAYA
rth-e7945518d504,TAMAN SUGRIWA,,,Jakarta Barat,"JL. SUGRIWA RAYA, RT.16/RW.4, RW. BUAYA, KECAMATAN CENGKARENG, KOTA JAKARTA BARAT, DAERAH KHUSUS IBUKOTA JAKARTA 11740",,,,,,,,False,,,CENGKARENG,RAWA BUAYA
rth-0ebebb7fd665,TAMAN WIBISANA,,,Jakarta Barat,"JL. WIBISANA RAYA NO.6, RT.5/RW.9, RW. BUAYA, KECAMATAN CENGKARENG, KOTA JAKARTA BARAT, DAERAH KHUSUS IBUKOTA JAKARTA 11740",,,,,,,,False,,,CENGKARENG,RAWA BUAYA
rth-ba2dab577e24,TAMAN KOMPLEK KEBERSIHAN,,,Jakarta Barat,"JL. KOMP. KEBERSIHAN 31-12, RT.8/RW.4, TEGAL ALUR, KEC. KALIDERES, KOTA JAKARTA BARAT, DAERAH KHUSUS IBUKOTA JAKARTA 11820",,,,,,,,False,,,CENGKARENG,TEGAL ALUR
rth-31c945e9934e,TAMAN EMPANG GROGOL (DEDICATED),,,Jakarta Barat,"JL. DR. SEMERU 2 NO.45, RT.9/RW.9, GROGOL, KEC. GROGOL PETAMBURAN, KOTA JAKARTA BARAT, DAERAH KHUSUS IBUKOTA JAKARTA 11450",,,,,,,,False,,,GROGOL PETAMBURAN,GROGOL
rth-93c06672f57b,TAMAN SUSILO III.B,,,Jakarta Barat,"JL. DR. SUSILO RAYA, RT.5/RW.5, GROGOL, KEC. GROGOL PETAMBURAN, KOTA JAKARTA BARAT, DAERAH KHUSUS IBUKOTA JAKARTA 11450",,,,,,,,False,,,GROGOL PETAMBURAN,GROGOL
rth-e0ce68e7c055,TAMAN HADIAH UTAMA III E,,,Jakarta Barat,"JL. HADIAH UTAMA 3E 1286-1288, RT.2/RW.2, JELAMBAR, KEC. GROGOL PETAMBURAN, KOTA JAKARTA BARAT, DAERAH KHUSUS IBUKOTA JAKARTA 11460",,,,,,,,False,,,GROGOL PETAMBURAN,JELAMBAR
rth-4f988e09c275,TAMAN HADIAH UTAMA IV A,,,Jakarta Barat,"JL. JELAMBAR MADYA IV, RT.9/RW.10, JELAMBAR, KEC. GROGOL PETAMBURAN, KOTA JAKARTA BARAT, DAERAH KHUSUS IBUKOTA JAKARTA 11460",,,,,,,,False,,,GROGOL PETAMBURAN,JELAMBAR
rth-792f528aee5d,TAMAN JELAMBAR MADYA V,,,Jakarta Barat,"JL. JELAMBAR MADYA V 761-760, RW.10, JELAMBAR, KEC. GROGOL PETAMBURAN, KOTA JAKARTA BARAT, DAERAH KHUSUS IBUKOTA JAKARTA 11460",,,,,,,,False,,,GROGOL PETAMBURAN,JELAMBAR
rth-08cfeb3e13d2,TAMAN HADIAH UTAMA V,,,Jakarta Barat,"JL. HADIAH V BLOK D13 NO.1138A, RT.7/RW.1, JELAMBAR, KEC. GROGOL PETAMBURAN, KOTA JAKARTA BARAT, DAERAH KHUSUS IBUKOTA JAKARTA 11460",,,,,,,,False,,,GROGOL PETAMBURAN,JELAMBAR
rth-a8a38c745219,TAMAN HADIAH UTAMA RAYA,,,Jakarta Barat,"JL. HADIAH UTAMA RAYA, RT.11/RW.1, JELAMBAR, GROGOL PETAMBURAN, WEST JAKARTA CITY, JAKARTA 11460",,,,,,,,False,,,GROGOL PETAMBURAN,JELAMBAR
rth-f5f29d943a73,TAMAN SATRIA III,,,Jakarta Barat,"JL. SATRIA III, RT.4/RW.4, JELAMBAR, KEC. GROGOL PETAMBURAN, KOTA JAKARTA BARAT, DAERAH KHUSUS IBUKOTA JAKARTA 11460",,,,,,,,False,,,GROGOL PETAMBURAN,JELAMBAR
rth-1fd46cac70de,TAMAN JELAMBAR MADYA TIMUR II,,,Jakarta Barat,"JL. JELAMBAR MADYA TIMUR II BLOK A. II NO.106, RT.2/RW.9, JELAMBAR, KEC. GROGOL PETAMBURAN, KOTA JAKARTA BARAT, DAERAH KHUSUS IBUKOTA JAKARTA 11460",,,,,,,,False,,,GROGOL PETAMBURAN,JELAMBAR
rth-388778396d15,TAMAN HADIAH UTAMA I,,,Jakarta Barat,"JL. HADIAH UTAMA 1, RT.10/RW.1, JELAMBAR, KEC. GROGOL PETAMBURAN, KOTA JAKARTA BARAT, DAERAH KHUSUS IBUKOTA JAKARTA 11460",,,,,,,,False,,,GROGOL PETAMBURAN,JELAMBAR
rth-e73c1f2293ee,TAMAN KAVLING POLRI BLOK C,,,Jakarta Barat,"JL. HADIAH UTAMA RAYA, RT.4/RW.2, JELAMBAR, GROGOL PETAMBURAN, WEST JAKARTA CITY, JAKARTA 11460",,,,,,,,False,,,GROGOL PETAMBURAN,JELAMBAR
rth-7fab2da6046f,TAMAN JELAMBAR MADYA RAYA,,,Jakarta Barat,"JL. JELAMBAR MADYA 1239-1241, RT.1, JELAMBAR, KEC. GROGOL PETAMBURAN, KOTA JAKARTA BARAT, DAERAH KHUSUS IBUKOTA JAKARTA 11460",,,,,,,,False,,,GROGOL PETAMBURAN,JELAMBAR
rth-fb4cae937d64,"TAMAN JELAMBAR MADYA BARAT I,II,III",,,Jakarta Barat,"JL. JELAMBAR MADYA BARAT I, RT.13/RW.9, JELAMBAR, KEC. GROGOL PETAMBURAN, KOTA JAKARTA BARAT, DAERAH KHUSUS IBUKOTA JAKARTA 11460",,,,,,,,False,,,GROGOL PETAMBURAN,JELAMBAR
rth-595daf363bdd,TAMAN JELAMBAR BARU IX,,,Jakarta Barat,"JL. JELAMBAR BARU IX, JELAMBAR, KEC. GROGOL PETAMBURAN, KOTA JAKARTA BARAT, DAERAH KHUSUS IBUKOTA JAKARTA 11460",,,,,,,,False,,,GROGOL PETAMBURAN,JELAMBAR
rth-0041212c1657,TAMAN MASJID AL-AMANAH,,,Jakarta Barat,"JL. JELAMBAR MADYA UTARA NO.2, RT.9/RW.2, JELAMBAR, KEC. GROGOL PETAMBURAN, KOTA JAKARTA BARAT, DAERAH KHUSUS IBUKOTA JAKARTA 11460",,,,,,,,False,,,GROGOL PETAMBURAN,JELAMBAR
rth-2ced3d5b0708,TAMAN PAKUWON XVII F,,,Jakarta Barat,"JL. JELAMBAR SELATAN XVII-F NO.5, RT.7/RW.9, JELAMBAR BARU, KEC. GROGOL PETAMBURAN, KOTA JAKARTA BARAT, DAERAH KHUSUS IBUKOTA JAKARTA 11460",,,,,,,,False,,,GROGOL PETAMBURAN,JELAMBAR BARU
rth-4a1d0cc0202c,TAMAN PAKUWON XVII G,,,Jakarta Barat,"JL. JELAMBAR SELATAN XVII-G RT.8/RW.9, JELAMBAR BARU, GROGOL PETAMBURAN, WEST JAKARTA CITY, JAKARTA 11460",,,,,,,,False,,,GROGOL PETAMBURAN,JELAMBAR BARU
rth-d8d3743d453e,TAMAN JELAMBAR UTARA RW. 05,,,Jakarta Barat,"JL. JELAMBAR UTARA, RT.2/RW.5, JELAMBAR BARU, KEC. GROGOL PETAMBURAN, KOTA JAKARTA BARAT, DAERAH KHUSUS IBUKOTA JAKARTA 11460",,,,,,,,False,,,GROGOL PETAMBURAN,JELAMBAR BARU
rth-44be43eab6a4,JALUR HIJAU FLY OVER TANJUNG DUREN,,,Jakarta Barat,JH. FLY OVER TANJUNG DUREN,,,,,,,,False,,,GROGOL PETAMBURAN,
rth-c760b7b32668,JALUR HIJAU JL. LONTAR UJUNG,,,Jakarta Barat,JH. JL. LONTAR UJUNG,,,,,,,,False,,,GROGOL PETAMBURAN,
rth-74c0e90db0e5,JALUR HIJAU PINGGIR KALI SEKRETARIS JL. LONTAR,,,Jakarta Barat,JH. PINGGIR KALI SEKRETARIS JL. LONTAR,,,,,,,,False,,,GROGOL PETAMBURAN,
rth-7040411b0c5e,JALUR HIJAU PINGGIR KALI SEKRETARIS JL. TANJUNG DUREN BARAT,,,Jakarta Barat,JH. PINGGIR KALI SEKRETARIS JL. TANJUNG DUREN BARAT,,,,,,,,False,,,GROGOL PETAMBURAN,TANJUNG DUREN UTARA
rth-a82172398e00,JALUR HIJAU MEDIAN JL. DAAN MOGOT DR GROGOL S/D JL. DAAN MOGOT 1,,,Jakarta Barat,JH. MEDIAN JL. DAAN MOGOT DR GROGOL S/D JL. DAAN MOGOT 1,,,,,,,,False,,,GROGOL PETAMBURAN,TANJUNG DUREN UTARA
rth-43dd4be6938f,JALUR HIJAU JL. S. PARMAN SISI BARAT DR TOMANG S/D DEPAN CITRALAND,,,Jakarta Barat,JH. JL. S. PARMAN SISI BARAT DR TOMANG S/D DEPAN CITRALAND,,,,,,,,False,,,GROGOL PETAMBURAN,TANJUNG DUREN UTARA
rth-e4b4117a53e2,JALUR HIJAU FLY OVER TOMANG (BAWAH),,,Jakarta Barat,JH. FLY OVER TOMANG (BAWAH),,,,,,,,False,,,GROGOL PETAMBURAN,
rth-fc12fe958cb8,JALUR HIJAU PINGGIR KALI SEKRETARIS DR JL. TAMAN DAAN MOGOT S/D WADUK TOMANG,,,Jakarta Barat,JH. PINGGIR KALI SEKRETARIS DR JL. TAMAN DAAN MOGOT S/D WADUK TOMANG,,,,,,,,False,,,GROGOL PETAMBURAN,TANJUNG DUREN UTARA
rth-1d5a6661d73a,JALUR HIJAU SEGITIGA JL. TANJUNG DUREN RAYA,,,Jakarta Barat,JH. SEGITIGA JL. TANJUNG DUREN RAYA,,,,,,,,False,,,GROGOL PETAMBURAN,
rth-70939c985171,JALUR HIJAU EX. SPBU JL. KYAI TAPA,,,Jakarta Barat,JH. EX. SPBU JL. KYAI TAPA,,,,,,,,False,,,GROGOL PETAMBURAN,GROGOL
rth-5808aacf2ebf,JALUR HIJAU BELAKANG TERMINAL GROGOL,,,Jakarta Barat,JH. BELAKANG TERMINAL GROGOL,,,,,,,,False,,,GROGOL PETAMBURAN,GROGOL
rth-cc90fa1f7274,JALUR HIJAU JL. LOAP RAMP GROGOL,,,Jakarta Barat,JH. JL. LOAP RAMP GROGOL,,,,,,,,False,,,GROGOL PETAMBURAN,GROGOL
rth-de13678d9040,JALUR HIJAU BAWAH FO GROGOL JL. LATUMENTEN,,,Jakarta Barat,JH. BAWAH FO GROGOL JL. LATUMENTEN,,,,,,,,False,,,GROGOL PETAMBURAN,GROGOL
rth-3c3c5129670d,JALUR HIJAU MEDIAN JL. LATUMENTEN DR LM GROGOL S/D JEMBATAN BESI,,,Jakarta Barat,JH. MEDIAN JL. LATUMENTEN DR LM GROGOL S/D JEMBATAN BESI,,,,,,,,False,,,GROGOL PETAMBURAN,GROGOL
rth-5e02c252dadc,JALUR HIJAU JL. LATUMENTEN KOLONG TOL BANDARA (PINTU TOL WADUK GROGOL),,,Jakarta Barat,JH. JL. LATUMENTEN KOLONG TOL BANDARA (PINTU TOL WADUK GROGOL),,,,,,,,False,,,GROGOL PETAMBURAN,GROGOL
rth-b0a8d8e72b29,JALUR HIJAU MEDIAN JL. KYAI TAPA,,,Jakarta Barat,JH. MEDIAN JL. KYAI TAPA,,,,,,,,False,,,GROGOL PETAMBURAN,GROGOL
rth-200c3fee16f2,JALUR HIJAU JL. KYAI TAPA (SISI UTARA),,,Jakarta Barat,JH. JL. KYAI TAPA (SISI UTARA),,,,,,,,False,,,GROGOL PETAMBURAN,GROGOL
rth-175a0fea4095,JALUR HIJAU JL. MAKALIWE,,,Jakarta Barat,JH. JL. MAKALIWE,,,,,,,,False,,,GROGOL PETAMBURAN,GROGOL
rth-d285ee02c2b6,JALUR HIJAU JL. NURDIN,,,Jakarta Barat,JH. JL. NURDIN,,,,,,,,False,,,GROGOL PETAMBURAN,
rth-c2fce56ecbd9,JALUR HIJAU JL. RAWA BAHAGIA,,,Jakarta Barat,JH. JL. RAWA BAHAGIA,,,,,,,,False,,,GROGOL PETAMBURAN,GROGOL
rth-853cf970a2f5,JALUR HIJAU JL. SEMERU,,,Jakarta Barat,JH. JL. SEMERU,,,,,,,,False,,,GROGOL PETAMBURAN,GROGOL
rth-3c4a54fcc302,JALUR HIJAU JL. SUSILO I,,,Jakarta Barat,JH. JL. SUSILO I,,,,,,,,False,,,GROGOL PETAMBURAN,GROGOL
rth-3da24b4db389,JALUR HIJAU JL. SUSILO RAYA,,,Jakarta Barat,JH. JL. SUSILO RAYA,,,,,,,,False,,,GROGOL PETAMBURAN,JATI PULO
rth-9e3ba46f6dcf,JALUR HIJAU VIADUCK TOMANG,,,Jakarta Barat,JH. VIADUCK TOMANG,,,,,,,,False,,,GROGOL PETAMBURAN,TOMANG
rth-eb35f56458e4,JALUR HIJAU JL. KYAI TAPA (SISI SELATAN),,,Jakarta Barat,JH. JL. KYAI TAPA (SISI SELATAN),,,,,,,,False,,,GROGOL PETAMBURAN,
rth-5deaa87faac3,JALUR HIJAU JL. S. PARMAN SISI TIMUR DR GROGOL S/D TOMANG,,,Jakarta Barat,JH. JL. S. PARMAN SISI TIMUR DR GROGOL S/D TOMANG,,,,,,,,False,,,GROGOL PETAMBURAN,TOMANG
rth-cfd169aa10d9,JALUR HIJAU SEGITIGA JL. TOMANG RAYA (SISI UTARA DAN SELATAN),,,Jakarta Barat,JH. SEGITIGA JL. TOMANG RAYA (SISI UTARA DAN SELATAN),,,,,,,,False,,,GROGOL PETAMBURAN,TOMANG
rth-52b376b647a5,JALUR HIJAU JL. GELONG BARU UTARA,,,Jakarta Barat,JH. JL. GELONG BARU UTARA,,,,,,,,False,,,GROGOL PETAMBURAN,
rth-5d98f012890f,JALUR HIJAU SEGITIGA JL. S. PARMAN DEPAN LM. TOMANG,,,Jakarta Barat,JH. SEGITIGA JL. S. PARMAN DEPAN LM. TOMANG,,,,,,,,False,,,GROGOL PETAMBURAN,
rth-b9a72d40beaa,JALUR HIJAU SEGITIGA JL. S. PARMAN DEPAN TRISAKTI,,,Jakarta Barat,JH. SEGITIGA JL. S. PARMAN DEPAN TRISAKTI,,,,,,,,False,,,GROGOL PETAMBURAN,WIJAYA KUSUMA
rth-d9a2c961a424,JALUR HIJAU MEDIAN JL. TUBAGUS ANGKE DR. JL. WIJAYA II S/D LM. PESING,,,Jakarta Barat,JH. MEDIAN JL. TUBAGUS ANGKE DR. JL. WIJAYA II S/D LM. PESING,,,,,,,,False,,,GROGOL PETAMBURAN,WIJAYA KUSUMA
rth-74e98286e439,JALUR HIJAU PINGGIR KALI JL. TB. ANGKE DR JL. WIJAYA II S/D LM. PESING,,,Jakarta Barat,JH. PINGGIR KALI JL. TB. ANGKE DR JL. WIJAYA II S/D LM. PESING,,,,,,,,False,,,GROGOL PETAMBURAN,
rth-cfaa386f49a1,JALUR HIJAU FO PESING ATAS DAN BAWAH KOMPLEK MANDIRI SAMPAI DENGAN REL KERETA API,,,Jakarta Barat,JH. FO PESING ATAS DAN BAWAH KOMPLEK MANDIRI SAMPAI DENGAN REL KERETA API,,,,,,,,False,,,GROGOL PETAMBURAN,JELAMBAR BARU
rth-85d80c8d2891,JALUR HIJAU MEDIAN JL. TUBAGUS ANGKE DR. JALAN TOL LINGKAR DALAM S/D JL. WIJAYA II,,,Jakarta Barat,JH. MEDIAN JL. TUBAGUS ANGKE DR. JALAN TOL LINGKAR DALAM S/D JL. WIJAYA II,,,,,,,,False,,,GROGOL PETAMBURAN,JELAMBAR BARU
rth-ea1c0e7b6810,JALUR HIJAU PINGGGIR KALI JL. TUBAGUS ANGKE DR. JALAN TOL LINGKAR DALAM S/D JL. WIJAYA II,,,Jakarta Barat,JH. PINGGGIR KALI JL. TUBAGUS ANGKE DR. JALAN TOL LINGKAR DALAM S/D JL. WIJAYA II,,,,,,,,False,,,GROGOL PETAMBURAN,JELAMBAR
rth-5a2d0faf0e39,JALUR HIJAU JL. LATUMENTEN KOLONG TOL SEMPURNA,,,Jakarta Barat,JH. JL. LATUMENTEN KOLONG TOL SEMPURNA,,,,,,,,False,,,GROGOL PETAMBURAN,JELAMBAR
rth-d9e991aa1e93,JALUR HIJAU MEDIAN JL. DAAN MOGOT DR JL. DAAN MOGOT 1 S/D FLY OVER PESING,,,Jakarta Barat,JH. MEDIAN JL. DAAN MOGOT DR JL. DAAN MOGOT 1 S/D FLY OVER PESING,,,,,,,,False,,,GROGOL PETAMBURAN,JELAMBAR
rth-0dc147ef13f4,JALUR HIJAU TEPIAN AIR KALI GROGOL LATUMENTEN JAKARTA BARAT,,,Jakarta Barat,JH. TEPIAN AIR KALI GROGOL LATUMENTEN JAKARTA BARAT,,,,,,,,False,,,GROGOL PETAMBURAN,TANJUNG DUREN SELATAN
rth-90c52ff56947,TAMAN WAYES SEPUTIH,,,Jakarta Barat,"JL. WAY SEPUTIH 20-18, RT.4/RW.1, TJ. DUREN SEL., KEC. GROGOL PETAMBURAN, KOTA JAKARTA BARAT, DAERAH KHUSUS IBUKOTA JAKARTA 11470",,,,,,,,False,,,GROGOL PETAMBURAN,TANJUNG DUREN SELATAN
rth-0de8deb3e182,TAMAN TJG. DUREN SELATAN III,,,Jakarta Barat,"JL. TANJUNG DUREN SELATAN III NO.2, RT.3/RW.2, TJ. DUREN SEL., KEC. GROGOL PETAMBURAN, KOTA JAKARTA BARAT, DAERAH KHUSUS IBUKOTA JAKARTA 11470",,,,,,,,False,,,GROGOL PETAMBURAN,TANJUNG DUREN SELATAN
rth-c89ec8339510,TAMAN DELIMA I,,,Jakarta Barat,"JL. DELIMA I RW.5, SOUTH TANJUNG DUREN, GROGOL PETAMBURAN, WEST JAKARTA CITY, JAKARTA",,,,,,,,False,,,GROGOL PETAMBURAN,TANJUNG DUREN SELATAN
rth-2041c2517c88,TAMAN MANGGIS III,,,Jakarta Barat,"JL. MANGGIS NO.10, RT.4/RW.4, TJ. DUREN SEL., KEC. GROGOL PETAMBURAN, KOTA JAKARTA BARAT, DAERAH KHUSUS IBUKOTA JAKARTA 11470",,,,,,,,False,,,GROGOL PETAMBURAN,TANJUNG DUREN SELATAN
rth-c6360fb935b8,TAMAN MANGGIS XIX,,,Jakarta Barat,"JL. MANGGIS, RT.11/RW.4, SOUTH TANJUNG DUREN, GROGOL PETAMBURAN, WEST JAKARTA CITY, JAKARTA 11470",,,,,,,,False,,,GROGOL PETAMBURAN,TANJUNG DUREN SELATAN
rth-485356e446e1,TAMAN DELIMA IV,,,Jakarta Barat,"JL. DELIMA IV NO.16, RT.14/RW.5, TJ. DUREN SEL., KEC. GROGOL PETAMBURAN, KOTA JAKARTA BARAT, DAERAH KHUSUS IBUKOTA JAKARTA 11470",,,,,,,,False,,,GROGOL PETAMBURAN,TANJUNG DUREN SELATAN
rth-d567ba0ac7af,TAMAN TJG. DUREN SELATAN I,,,Jakarta Barat,"JL. TANJUNG DUREN SELATAN I, RW.2, SOUTH TANJUNG DUREN, GROGOL PETAMBURAN, WEST JAKARTA CITY, JAKARTA",,,,,,,,False,,,GROGOL PETAMBURAN,TANJUNG DUREN SELATAN
rth-c91280630bca,TAMAN LONTAR TIMUR,,,Jakarta Barat,"JL. LONTAR TIMUR 22-14, RT.16/RW.6, TJ. DUREN UTARA, KEC. GROGOL PETAMBURAN, KOTA JAKARTA BARAT, DAERAH KHUSUS IBUKOTA JAKARTA 11470",,,,,,,,False,,,GROGOL PETAMBURAN,TANJUNG DUREN UTARA
rth-07df2c7b69b3,TAMAN MENTENG II,,,Jakarta Barat,"JL. MENTENG 2, RT.12/RW.7, TJ. DUREN UTARA, KEC. GROGOL PETAMBURAN, KOTA JAKARTA BARAT, DAERAH KHUSUS IBUKOTA JAKARTA 11470",,,,,,,,False,,,GROGOL PETAMBURAN,TANJUNG DUREN UTARA
rth-de4ed2d5cbfd,TAMAN DUKUH BARAT V (LONTAR),,,Jakarta Barat,"JL. DUKU BARAT V NO.15-19, RT.10/RW.7, TJ. DUREN UTARA, KEC. GROGOL PETAMBURAN, KOTA JAKARTA BARAT, DAERAH KHUSUS IBUKOTA JAKARTA 11470",,,,,,,,False,,,GROGOL PETAMBURAN,TANJUNG DUREN UTARA
rth-2824398f209b,TAMAN DUKUH II,,,Jakarta Barat,"JL. DUKUH II NO.21, RT.5/RW.7, TJ. DUREN UTARA, KEC. GROGOL PETAMBURAN, KOTA JAKARTA BARAT, DAERAH KHUSUS IBUKOTA JAKARTA 11470",,,,,,,,False,,,GROGOL PETAMBURAN,TANJUNG DUREN UTARA
rth-8ccfc758710b,TAMAN TANJUNG DUREN UTARA III E,,,Jakarta Barat,"JL. TANJUNG DUREN UTARA IIIE NO.111E, RT.10/RW.3, TJ. DUREN UTARA, KEC. GROGOL PETAMBURAN, KOTA JAKARTA BARAT, DAERAH KHUSUS IBUKOTA JAKARTA 11470",,,,,,,,False,,,GROGOL PETAMBURAN,TANJUNG DUREN UTARA
rth-429786bd1c91,TAMAN TJG. DUREN UTARA VIII,,,Jakarta Barat,"JL. TAMAN APEL VIII 104, RT.10/RW.3, TJ. DUREN UTARA, KEC. GROGOL PETAMBURAN, KOTA JAKARTA BARAT, DAERAH KHUSUS IBUKOTA JAKARTA 11470",,,,,,,,False,,,GROGOL PETAMBURAN,TANJUNG DUREN UTARA
rth-10387f3a61fd,TAMAN TJG. DUREN UTARA VII B/C,,,Jakarta Barat,"JL. TANJUNG DUREN UTARA VIIB NO.498, RT.3/RW.3, TJ. DUREN UTARA, KEC. GROGOL PETAMBURAN, KOTA JAKARTA BARAT, DAERAH KHUSUS IBUKOTA JAKARTA 11470",,,,,,,,False,,,GROGOL PETAMBURAN,TANJUNG DUREN UTARA
rth-55cb00707edf,TAMAN TJG. DUREN UTARA II C,,,Jakarta Barat,"JL. TANJUNG DUREN UTARA 2A NO.391, RT.11/RW.2, TJ. DUREN UTARA, KEC. GROGOL PETAMBURAN, KOTA JAKARTA BARAT, DAERAH KHUSUS IBUKOTA JAKARTA 11470",,,,,,,,False,,,GROGOL PETAMBURAN,TANJUNG DUREN UTARA
rth-d69c8151dc4c,TAMAN TANJUNG DUREN UTARA III B/C,,,Jakarta Barat,"JL. TANJUNG DUREN UTARA IIIB NO.254, RT.8/RW.3, TJ. DUREN UTARA, KEC. GROGOL PETAMBURAN, KOTA JAKARTA BARAT, DAERAH KHUSUS IBUKOTA JAKARTA 11470",,,,,,,,False,,,GROGOL PETAMBURAN,TANJUNG DUREN UTARA
rth-3bad939ffd21,TAMAN TANJUNG DUREN UTARA VI A/B,,,Jakarta Barat,"JL. TANJUNG DUREN RAYA NO.2, RW.2, TJ. DUREN UTARA, KEC. GROGOL PETAMBURAN, KOTA JAKARTA BARAT, DAERAH KHUSUS IBUKOTA JAKARTA 11470",,,,,,,,False,,,GROGOL PETAMBURAN,TANJUNG DUREN UTARA
rth-22c405f7035f,TAMAN EKS. POLSEK TANJUNG DUREN,,,Jakarta Barat,"JL. TANJUNG DUREN UTARA 3 NO.302, RT.11/RW.2, TJ. DUREN UTARA, GROGOL PETAMBURAN, KOTA JAKARTA BARAT, DAERAH KHUSUS IBUKOTA JAKARTA 11470, INDONESIA.",,,,,,,,False,,,GROGOL PETAMBURAN,TANJUNG DUREN UTARA
rth-a6b04b2d3236,TAMAN RAMBUTAN,,,Jakarta Barat,"JL. SADAR II NO.23, RT.2/RW.2, CIGANJUR, KEC. JAGAKARSA, KOTA JAKARTA SELATAN",,,,,,,,False,,,GROGOL PETAMBURAN,TANJUNG DUREN UTARA
rth-df7639a130bf,JH. JL. INSPEKSI SINDANG,,,Jakarta Utara,JH. JL. INSPEKSI SINDANG,,,,,,,,False,,,KOJA,RAWABADAK UTARA
rth-f299d624ac51,TAMAN RAWA BADAK UTARA,,,Jakarta Utara,"RT.3/RW.11, RAWABADAK UTARA, KEC. KOJA, JKT UTARA, DAERAH KHUSUS IBUKOTA JAKARTA 14230",,,,,,,,False,,,KOJA,RAWABADAK UTARA
rth-6aa35d6b253b,RPTRA RADAR PEMBANGUNAN,rptra,RPTRA,Jakarta Utara,"JL. INSPEKSI KALI SUNTER, RT.5/RW.3, RAWABADAK UTARA, KEC. KOJA, JKT UTARA, DAERAH KHUSUS IBUKOTA JAKARTA 14230",,,,,,,,False,,,KOJA,RAWABADAK UTARA
rth-c452901c529f,RPTRA BOGASARI,rptra,RPTRA,Jakarta Utara,"JL. RAWABINANGUN VIII NO.23, RT.12/RW.8, RAWABADAK UTARA, KEC. KOJA, JKT UTARA, DAERAH KHUSUS IBUKOTA JAKARTA 14230",,,,,,,,False,,,KOJA,RAWABADAK UTARA
rth-64901cd165c9,TAMAN EKS SPBU YOS SUDARSO,,,Jakarta Utara,"JL. YOS SUDARSO NO.152, RT.3/RW.14, RAWABADAK UTARA, KEC. KOJA, JKT UTARA, DAERAH KHUSUS IBUKOTA JAKARTA 14230",,,,,,,,False,,,KOJA,RAWABADAK UTARA
rth-9a7bfec3f233,TAMAN JL. LUNAS,,,Jakarta Utara,"JL. LUNAS NO.366, RT.4/RW.1, RAWABADAK UTARA, KEC. KOJA, JKT UTARA, DAERAH KHUSUS IBUKOTA JAKARTA 14230",,,,,,,,False,,,KOJA,RAWABADAK UTARA
rth-feb718591ab3,TAMAN JANUR KUNING RT 005/010,,,Jakarta Utara,"JL. JANUR KUNING 50-16, RT.5/RW.10, RAWABADAK UTARA, KEC. KOJA, JKT UTARA, DAERAH KHUSUS IBUKOTA JAKARTA 14230",,,,,,,,False,,,KOJA,RAWABADAK UTARA
rth-2e0b74fc446f,TAMAN ALUR LAUT,,,Jakarta Utara,"JL. ALUR LAUT, RW.6, RAWABADAK UTARA, KEC. KOJA, JKT UTARA, DAERAH KHUSUS IBUKOTA JAKARTA 14230",,,,,,,,False,,,KOJA,RAWABADAK UTARA
rth-db63fc942af2,TAMAN MELUR JL. INSPEKSI SAL / CPG SINDANG,,,Jakarta Utara,"JL. INSPEKSI ,RW.10, SUKAPURA, KEC. CILINCING, JKT UTARA, DAERAH KHUSUS IBUKOTA JAKARTA 14250",,,,,,,,False,,,KOJA,SUKA PURA
rth-9170296f9f3e,RPTRA TAMAN WALANG,rptra,RPTRA,Jakarta Utara,"JL. WALANG BARU RAYA RT.002/RW.015 KEL. TUGU UTARA, KEC. KOJA, JAKARTA UTARA 14260 DAERAH KHUSUS IBUKOTA JAKARTA 14260",,,,,,,,False,,,KOJA,TUGU UTARA
rth-af00e3de53dd,RPTRA PERMATA (TAMAN TOAR),rptra,RPTRA,Jakarta Utara,"JL. BERLIAN NO.II, RT.5/RW.16, TUGU UTARA, KEC. KOJA, JKT UTARA, DAERAH KHUSUS IBUKOTA JAKARTA 14260",,,,,,,,False,,,KOJA,TUGU UTARA
rth-58ab0eec9689,TAMAN LONTAR,,,Jakarta Utara,"JL. LONTAR TAMAN, RW.5, TUGU UTARA, KEC. KOJA, JKT UTARA, DAERAH KHUSUS IBUKOTA JAKARTA 14260",,,,,,,,False,,,KOJA,TUGU UTARA
rth-d4a22aee4c48,TAMAN PALEM,,,Jakarta Utara,"JL. KOMP. IMIGRASI NO.1, RT.1/RW.2, TUGU UTARA, KEC. KOJA, JKT UTARA, DAERAH KHUSUS IBUKOTA JAKARTA 14260",,,,,,,,False,,,KOJA,TUGU UTARA
rth-c0f20ab96c59,TAMAN KOMP. UKA,,,Jakarta Utara,"JL. KOMP. UKA RW.8, TUGU UTARA, KEC. KOJA, JKT UTARA, DAERAH KHUSUS IBUKOTA JAKARTA 14260",,,,,,,,False,,,KOJA,TUGU UTARA
rth-e6dd5d2cd709,TAMAN JL. MANGGA,,,Jakarta Utara,"JL. MANGGA, RW.2, TUGU UTARA, KEC. KOJA, JKT UTARA, DAERAH KHUSUS IBUKOTA JAKARTA 14260",,,,,,,,False,,,KOJA,TUGU UTARA
rth-c85c32d8ac66,TAMAN KELAPA MUDA,,,Jakarta Utara,"JL. KELAPA MUDA I NO.8, RT.8/RW.7, TUGU UTARA, KEC. KOJA, JKT UTARA, DAERAH KHUSUS IBUKOTA JAKARTA 14260",,,,,,,,False,,,KOJA,TUGU UTARA
rth-946cdf0771fc,RPTRA TUGU PERMAI,rptra,RPTRA,Jakarta Utara,"JL. KOMP. TUGU PERMAI NO.14, RT.14/RW.2, TUGU UTARA, KEC. KOJA, JKT UTARA, DAERAH KHUSUS IBUKOTA JAKARTA 14260",,,,,,,,False,,,KOJA,TUGU UTARA
rth-95f6c3e55a4f,TAMAN GOR TUGU UTARA,,,Jakarta Utara,"RT.7/RW.9, TUGU UTARA, KOJA, JAKARTA UTARA, JAKARTA 14260",,,,,,,,False,,,KOJA,TUGU UTARA
rth-f936a15b5e3d,TAMAN BLOK M,,,Jakarta Utara,JL. NYIUR MELAMBAI,,,,,,,,False,,,KOJA,TUGU UTARA
rth-65574d1c9ca7,TAMAN JL. MAWAR VII RT.05/06 (KEL. TUGU UTARA KEC. KOJA),,,Jakarta Utara,"JL. MAWAR VII, RT.05/RW.6, TUGU UTARA, KEC. KOJA, JKT UTARA, DAERAH KHUSUS IBUKOTA JAKARTA 14260",,,,,,,,False,,,KOJA,TUGU UTARA
rth-f1604fe17853,TAMAN GG. CC,,,Jakarta Utara,"GG. CC, TUGU UTARA, KOJA",,,,,,,,False,,,KOJA,TUGU UTARA
rth-3f43b2d4ec1b,RPTRA AMANAH ISLAMIC,rptra,RPTRA,Jakarta Utara,"JL. KRAMAT JAYA RAYA, RW.1, TUGU UTARA, KEC. KOJA, JKT UTARA, DAERAH KHUSUS IBUKOTA JAKARTA 14260",,,,,,,,False,,,KOJA,TUGU UTARA
rth-9f30e58bd590,JL. ANCOL TIMUR (DR KETEL S/D JEMBATAN GOYANG),,,Jakarta Utara,JL. ANCOL TIMUR (DR KETEL S/D JEMBATAN GOYANG),,,,,,,,False,,,PADEMANGAN,ANCOL
rth-9f747d3a532b,JH. JL. KAMPUNG BANDAN KEL. ANCOL,,,Jakarta Utara,JH. JL. KAMPUNG BANDAN KEL. ANCOL,,,,,,,,False,,,PADEMANGAN,ANCOL
rth-427739e2557a,JH. JL. KRAPU DAN JL. LODAN (DARI PELABUHAN SUNDA KELAPA S/D LAMPU MERAH ANCOL),,,Jakarta Utara,JH. JL. KRAPU DAN JL. LODAN (DARI PELABUHAN SUNDA KELAPA S/D LAMPU MERAH ANCOL),,,,,,,,False,,,PADEMANGAN,ANCOL
rth-8a9fd6d4d0b6,JL. MANGGA DUA (DARI LAMPU MERAH S/D PASAR PAGI,,,Jakarta Utara,JL. MANGGA DUA (DARI LAMPU MERAH S/D PASAR PAGI,,,,,,,,False,,,PADEMANGAN,ANCOL
rth-fb68c49ee453,TAMAN KOMP. TRANSMIGRASI,,,Jakarta Utara,JL. TRANSMIGRASI,,,,,,,,False,,,PADEMANGAN,ANCOL
rth-684787126116,TAMAN KAMPUNG MUKA,,,Jakarta Utara,"JL. RE MARTADINATA NO. 1 RT. 007 RW. 004 KEL. ANCOL, KEC. PADEMANGAN, JAKARTA UTARA",,,,,,,,False,,,PADEMANGAN,ANCOL
rth-b83a240683ff,"JH. JL. GUNUNG SAHARI (DARI PINTU KERETA API S/D PEREMPATAN LAMPU MERAH ANCOL), JH. JL. MANGGA DUA RAYA",,,Jakarta Utara,"JH. JL. GUNUNG SAHARI (DARI PINTU KERETA API S/D PEREMPATAN LAMPU MERAH ANCOL), JH. JL. MANGGA DUA RAYA",,,,,,,,False,,,PADEMANGAN,
rth-064bc7861e73,JALUR HIJAU TEPIAN AIR KALI ANCOL JL. RE MARTADINATA (DEPAN TIJA) SISI SELATAN,,,Jakarta Utara,JL. RE MARTADINATA (DEPAN TIJA) SISI SELATAN,,,,,,,,False,,,PADEMANGAN,
rth-82cefbe20cbb,JALUR HIJAU TEPIAN AIR SISI PINTU TOL ANCOL TIMUR JL. RE. MARTADINATA DAN MEDIAN - JALUR HIJAU TEPIAN AIR JL. LODAN TIMUR SISI SELATAN,,,Jakarta Utara,JL. RE. MARTADINATA DAN MEDIAN - JALUR HIJAU TEPIAN AIR JL. LODAN TIMUR SISI SELATAN,,,,,,,,False,,,PADEMANGAN,
rth-f91fb07b4188,JL. R.E MARTADINATA (DARI PULAU- PULAU RE MARTADINATA S/D LAMPU MERAH GUNUNG SAHARI),,,Jakarta Utara,JL. R.E MARTADINATA (DARI PULAU- PULAU RE MARTADINATA S/D LAMPU MERAH GUNUNG SAHARI),,,,,,,,False,,,PADEMANGAN,PADEMANGAN BARAT
rth-439da6e43a74,JL. GUNUNG SAHARI (DARI LAMPU MERAH MANGGA DUA S/D PEREMPATAN RE. MARTADINATA),,,Jakarta Utara,JL. GUNUNG SAHARI (DARI LAMPU MERAH MANGGA DUA S/D PEREMPATAN RE. MARTADINATA),,,,,,,,False,,,PADEMANGAN,PADEMANGAN BARAT
rth-aac7016e244d,JH. MEDIAN JL GUNUNG SAHARI (REL KA MASPION S/D PERTIGAAN JL. RE MARTADINATA,,,Jakarta Utara,JH. MEDIAN JL GUNUNG SAHARI (REL KA MASPION S/D PERTIGAAN JL. RE MARTADINATA,,,,,,,,False,,,PADEMANGAN,PADEMANGAN BARAT
rth-d5e6cff336fd,JH. JL. HIDUP BARU,,,Jakarta Utara,JH. JL. HIDUP BARU,,,,,,,,False,,,PADEMANGAN,PADEMANGAN BARAT
rth-31e48f78c8d4,TAMAN RW 13 GUNUNG SAHARI,,,Jakarta Utara,JL. BUDI MULIA UTARA RT 01 RW 013 NO. 17 KELURAHAN PADEMANGAN BARAT KECAMATAN PADEMANGAN,,,,,,,,False,,,PADEMANGAN,PADEMANGAN BARAT
rth-11a18fe13f85,TAMAN MNJ KECAMATAN PADEMANGAN,,,Jakarta Utara,"JL. BUDI MULIA NO.1, RT.11/RW.12, PADEMANGAN BAR., KEC. PADEMANGAN, JKT UTARA, DAERAH KHUSUS IBUKOTA JAKARTA 14420",,,,,,,,False,,,PADEMANGAN,PADEMANGAN BARAT
rth-61417d87ea0e,RPTRA BUDI MULYA,rptra,RPTRA,Jakarta Utara,"JL. BUDI MULIA, RT.11/RW.11, PADEMANGAN BAR., KEC. PADEMANGAN, JKT UTARA, DAERAH KHUSUS IBUKOTA JAKARTA 14420",,,,,,,,False,,,PADEMANGAN,PADEMANGAN BARAT
rth-16c00fbcd769,JH. JL. PADEMANGAN RAYA (KALIMATI),,,Jakarta Utara,JH. JL. PADEMANGAN RAYA (KALIMATI),,,,,,,,False,,,PADEMANGAN,PADEMANGAN TIMUR
rth-d442dc19db5e,RPTRA PATIMURA,rptra,RPTRA,Jakarta Utara,"JL. PADEMANGAN TIMUR VIII RT.08/RW.10, PADEMANGAN TIM., KEC. PADEMANGAN, JKT UTARA, DAERAH KHUSUS IBUKOTA JAKARTA 14410",,,,,,,,False,,,PADEMANGAN,PADEMANGAN TIMUR
rth-ebda3c91704c,TAMAN KOMP. PEMADAM KEBAKARAN,,,Jakarta Utara,KOMPLEK PEMADAM KEBAKARAN JL. PADEMANGAN IX RT 002 RW 010 KELURAHAN PADEMANGAN TIMUR KECAMATAN PADEMANGAN,,,,,,,,False,,,PADEMANGAN,PADEMANGAN TIMUR
rth-f87f8535f004,SEGITIGA KAMAL MUARA,,,Jakarta Utara,SEGITIGA KAMAL MUARA,,,,,,,,False,,,PENJARINGAN,KAMAL MUARA
rth-eb35a6a12ff3,TAMAN MENUJU PASAR IKAN KAMAL MUARA,,,Jakarta Utara,"JL KAMAL MUARA RW 4 KEC. PENJARINGAN, JKT UTARA, DAERAH KHUSUS IBUKOTA JAKARTA",,,,,,,,False,,,PENJARINGAN,KAMAL MUARA
rth-3629b37bb325,RPTRA KAMAL BAHARI,rptra,RPTRA,Jakarta Utara,"JL. KAMAL MUARA, RT.7/RW.1, KAMAL MUARA, KEC. PENJARINGAN, JKT UTARA, DAERAH KHUSUS IBUKOTA JAKARTA 14470",,,,,,,,False,,,PENJARINGAN,KAMAL MUARA
rth-ab283cf49361,KAWASAN HUTAN MANGROVE ANGKE KAPUK (HUTAN LINDUNG DAN HUTAN PRODUKSI),,,Jakarta Utara,"JALAN KATAMARAN INDAH 1 RT.7, RT.1/RW.7, KAPUK MUARA, KEC. PENJARINGAN, JKT UTARA, DAERAH KHUSUS IBUKOTA JAKARTA 14460",,,,,,,,False,,,PENJARINGAN,KAPUK MUARA
rth-3d06a5407a8b,RPTRA VILLA KAPUK MAS 2,rptra,RPTRA,Jakarta Utara,"JL. VIKAMAS BAR. 3 NO.4, RT.4/RW.3, KAPUK MUARA, KEC. PENJARINGAN, JKT UTARA, DAERAH KHUSUS IBUKOTA JAKARTA 14460",,,,,,,,False,,,PENJARINGAN,KAPUK MUARA
rth-2a4e2f47925f,JH. JL. BANDENGAN UTARA-SELATAN S/D JL. BANDENGAN TERUSAN,,,Jakarta Utara,JH. JL. BANDENGAN UTARA-SELATAN S/D JL. BANDENGAN TERUSAN,,,,,,,,False,,,PENJARINGAN,PEJAGALAN
rth-06876121af2e,JH. KOLONG FLY OVER JEMBATAN II DAN III,,,Jakarta Utara,JH. KOLONG FLY OVER JEMBATAN II DAN III,,,,,,,,False,,,PENJARINGAN,PEJAGALAN
rth-13184548df7e,JH. PULAU-PULAU JALAN HARMONI MAS,,,Jakarta Utara,JH. PULAU-PULAU JALAN HARMONI MAS,,,,,,,,False,,,PENJARINGAN,PEJAGALAN
rth-ae6282d832b1,JH. JL. PLUIT KARANG KARYA I,,,Jakarta Utara,JH. JL. PLUIT KARANG KARYA I,,,,,,,,False,,,PENJARINGAN,PEJAGALAN
rth-c58c75a28298,TAMAN RT 003 / RW 013,,,Jakarta Utara,"JL.TELUK GONG KAVING, RT.3/RW.13, PEJAGALAN, KEC. PENJARINGAN, JKT UTARA, DAERAH KHUSUS IBUKOTA JAKARTA 14450",,,,,,,,False,,,PENJARINGAN,PEJAGALAN
rth-dad06fa56297,TAMAN BONCEL,,,Jakarta Utara,"JL. KURA NO.11 RT.11/RW.12, PEJAGALAN, KEC. PENJARINGAN, JKT UTARA, DAERAH KHUSUS IBUKOTA JAKARTA 14450",,,,,,,,False,,,PENJARINGAN,PEJAGALAN
rth-9a05f7869c24,TAMAN RT 08 / RW 13,,,Jakarta Utara,"RW.13, PEJAGALAN, KEC. PENJARINGAN, JKT UTARA, DAERAH KHUSUS IBUKOTA JAKARTA",,,,,,,,False,,,PENJARINGAN,PEJAGALAN
rth-6359159b9158,TAMAN RT 005 / RW 013,,,Jakarta Utara,"JL. TLK. NIMBUNG NO.25, RT.5/RW.13, PEJAGALAN, KEC. PENJARINGAN, JKT UTARA, DAERAH KHUSUS IBUKOTA JAKARTA 14450",,,,,,,,False,,,PENJARINGAN,PEJAGALAN
rth-fb9a2014f169,TAMAN BETOK,,,Jakarta Utara,"JL. LUNDU NO.12, RT.3/RW.8, PEJAGALAN, KEC. PENJARINGAN, JKT UTARA, DAERAH KHUSUS IBUKOTA JAKARTA 14450",,,,,,,,False,,,PENJARINGAN,PEJAGALAN
rth-b7d5b88376b8,RPTRA DHARMA SUCI,rptra,RPTRA,Jakarta Utara,"JL JEMBATAN 3 KEL PEJAGALAN, KEC PENJARINGAN",,,,,,,,False,,,PENJARINGAN,PEJAGALAN
rth-75e238e4fac8,TAMAN HUTAN KOTA PENJARINGAN,,,Jakarta Utara,"JL. KEPANDUAN II, RT.7/RW.16, PEJAGALAN, KEC. PENJARINGAN, JKT UTARA, DAERAH KHUSUS IBUKOTA JAKARTA 14450",,,,,,,,False,,,PENJARINGAN,PEJAGALAN
rth-1fc1d90c09db,TAMAN KALIJODO,,,Jakarta Utara,"JALAN KEPANDUAN II, KELURAHAN PEJAGALAN",,,,,,,,False,,,PENJARINGAN,PEJAGALAN
rth-26f57e2c2220,TAMAN JEMBATAN TIGA (CSR),,,Jakarta Utara,"JL. RAYA JEMBATAN TIGA (KEBON PISANG), KEL. PEJAGALAN, KEC. PENJARINGAN, JAKARTA UTARA",,,,,,,,False,,,PENJARINGAN,PEJAGALAN
rth-65a8dfc612d6,JH. PULAU-PULAU TAMAN PERAHU,,,Jakarta Utara,JH. PULAU-PULAU TAMAN PERAHU,,,,,,,,False,,,PENJARINGAN,PENJARINGAN
rth-144250e70899,JH. JL GALANGAN VOC,,,Jakarta Utara,JH. JL GALANGAN VOC,,,,,,,,False,,,PENJARINGAN,PENJARINGAN
rth-4595b469b248,JH KALI PAKIN DAN KALI KRUKUT,,,Jakarta Utara,JH KALI PAKIN DAN KALI KRUKUT,,,,,,,,False,,,PENJARINGAN,PENJARINGAN
rth-ab489167c81e,JH. JL PLUIT RAYA 1,,,Jakarta Utara,JH. JL PLUIT RAYA 1,,,,,,,,False,,,PENJARINGAN,PENJARINGAN
rth-310c26c8e457,JH. JL. PLUIT KARANG KARYA I,,,Jakarta Utara,JH. JL. PLUIT KARANG KARYA I,,,,,,,,False,,,PENJARINGAN,PENJARINGAN
rth-fb2fd2beada7,JH. JL. GEDONG PANJANG,,,Jakarta Utara,JH. JL. GEDONG PANJANG,,,,,,,,False,,,PENJARINGAN,PENJARINGAN
rth-6f030ea86f62,JH. JL. JEMBATAN III,,,Jakarta Utara,JH. JL. JEMBATAN III,,,,,,,,False,,,PENJARINGAN,PENJARINGAN
rth-4c792cb0e865,JH. JL. PLUIT SELATAN RAYA,,,Jakarta Utara,JH. JL. PLUIT SELATAN RAYA,,,,,,,,False,,,PENJARINGAN,PENJARINGAN
rth-0017e12fb558,JH. JL. MITRA BAHARI,,,Jakarta Utara,JH. JL. MITRA BAHARI,,,,,,,,False,,,PENJARINGAN,PENJARINGAN
rth-e6fe1bed0fba,JH. JL. PLUIT KARANG UTARA,,,Jakarta Utara,JH. JL. PLUIT KARANG UTARA,,,,,,,,False,,,PENJARINGAN,PENJARINGAN
rth-cd49cf3c85b3,TAMAN KAKAP,,,Jakarta Utara,"JL KAKAP KEL PENJARINGAN, KEC. PENJARINGAN, JKT UTARA, DAERAH KHUSUS IBUKOTA JAKARTA",,,,,,,,False,,,PENJARINGAN,PENJARINGAN
rth-2989bc1cda7e,TAMAN RUSUN MUARA BARU,,,Jakarta Utara,"JL MUARA BARU RW.17, PENJARINGAN, KEC. PENJARINGAN, JKT UTARA, DAERAH KHUSUS IBUKOTA JAKARTA",,,,,,,,False,,,PENJARINGAN,PENJARINGAN
rth-02f335879e8a,TAMAN RUSUN PENJARINGAN,,,Jakarta Utara,"JALAN TANJUNG WANGI RUMAH SUSUN PENJARINGAN TOWER C, RT.5/RW.6, PENJARINGAN, KEC. PENJARINGAN, JKT UTARA, DAERAH KHUSUS IBUKOTA JAKARTA 14440",,,,,,,,False,,,PENJARINGAN,PENJARINGAN
rth-e2a4b9683438,RPTRA PENJARINGAN INDAH,rptra,RPTRA,Jakarta Utara,"JL. BANDENGAN UTARA NO.80, RT.9/RW.16, PENJARINGAN, KEC. PENJARINGAN, JKT UTARA, DAERAH KHUSUS IBUKOTA JAKARTA 14440",,,,,,,,False,,,PENJARINGAN,PENJARINGAN
rth-07966cc2ae9f,RPTRA MUARA INDAH,rptra,RPTRA,Jakarta Utara,"JL MUARA BARU RW.17, PENJARINGAN, KEC. PENJARINGAN, JKT UTARA, DAERAH KHUSUS IBUKOTA JAKARTA",,,,,,,,False,,,PENJARINGAN,PENJARINGAN
rth-b476d8eae8d8,JH. JL. PLUIT TIMUR RAYA,,,Jakarta Utara,JH. JL. PLUIT TIMUR RAYA,,,,,,,,False,,,PENJARINGAN,PLUIT
rth-1a8b7f533cf3,JH. JL. PLUIT UTARA RAYA,,,Jakarta Utara,JH. JL. PLUIT UTARA RAYA,,,,,,,,False,,,PENJARINGAN,PLUIT
rth-bbbec625f8e4,JH. JL. ALI SADIKIN,,,Jakarta Utara,JH. JL. ALI SADIKIN,,,,,,,,False,,,PENJARINGAN,PLUIT
rth-32a93070f384,JH. BANTARA KALI JL. PLUIT BARAT,,,Jakarta Utara,JH. BANTARA KALI JL. PLUIT BARAT,,,,,,,,False,,,PENJARINGAN,PLUIT
rth-4908e9ee4f4a,JH. JL. PLUIT RAYA II,,,Jakarta Utara,JH. JL. PLUIT RAYA II,,,,,,,,False,,,PENJARINGAN,PLUIT
rth-6ee0de488980,JH. JL.PLUIT KARANG BARAT,,,Jakarta Utara,JH. JL.PLUIT KARANG BARAT,,,,,,,,False,,,PENJARINGAN,PLUIT
rth-9b8b962e3864,JH. JL. PLUIT INDAH,,,Jakarta Utara,JH. JL. PLUIT INDAH,,,,,,,,False,,,PENJARINGAN,PLUIT
rth-6d6650956f66,JH. JL. PLUIT SELATAN RAYA (ARAH PINTU TOL 3 KE BANDARA),,,Jakarta Utara,JH. JL. PLUIT SELATAN RAYA (ARAH PINTU TOL 3 KE BANDARA),,,,,,,,False,,,PENJARINGAN,PLUIT
rth-55d2d771d8eb,TAMAN KARANG JELITA,,,Jakarta Utara,"JL. PLUIT KARANG JELITA 6 27, RT.5/RW.3, PLUIT, KEC. PENJARINGAN, JKT UTARA, DAERAH KHUSUS IBUKOTA JAKARTA 14450",,,,,,,,False,,,PENJARINGAN,PLUIT
rth-49768cadb5dc,TAMAN MUARA ANGKE,,,Jakarta Utara,"JL MUARA ANGKE JALAN DERMAGA 1 BAWAL PUTIH DEPAN KANTOR RW11, RT.22/RW.11, PLUIT, KEC. PENJARINGAN, JKT UTARA, DAERAH KHUSUS IBUKOTA JAKARTA 14450",,,,,,,,False,,,PENJARINGAN,PLUIT
rth-717cf6cca254,RPTRA ANGKE INTERAKTIF,rptra,RPTRA,Jakarta Utara,"JL. KERAPU 2 NO.25, RT.6/RW.1, PLUIT, KEC. PENJARINGAN, JKT UTARA, DAERAH KHUSUS IBUKOTA JAKARTA 14450",,,,,,,,False,,,PENJARINGAN,PLUIT
rth-5a0b161d2193,RPTRA JAKPRO ASRI,rptra,RPTRA,Jakarta Utara,"JL. PLUIT KARANG UTARA NO.12, RT.12/RW.3, PLUIT, KEC. PENJARINGAN, JKT UTARA, DAERAH KHUSUS IBUKOTA JAKARTA 14450",,,,,,,,False,,,PENJARINGAN,PLUIT
rth-cf73a020da87,TAMAN KARANG ELOK 3 KEC. PENJARINGAN,,,Jakarta Utara,"JL. KARANG ELOK 3, RT.10/RW.17, PLUIT, PENJARINGAN, NORTH JAKARTA CITY, JAKARTA",,,,,,,,False,,,PENJARINGAN,PLUIT
rth-1c84490d4e08,TAMAN WADUK PLUIT,,,Jakarta Utara,"JL. PLUIT TIMUR RAYA NO.12, RT.6/RW.5, PLUIT, KEC. PENJARINGAN, JKT UTARA, DAERAH KHUSUS IBUKOTA JAKARTA 14450",,,,,,,,False,,,PENJARINGAN,PLUIT
rth-a5d61c0ed24c,JH. MEDIAN JL. BUGIS (DEPAN PUSKESMAS),,,Jakarta Utara,JH. MEDIAN JL. BUGIS (DEPAN PUSKESMAS),,,,,,,,False,,,TANJUNG PRIOK,KEBON BAWANG
rth-9e0381ba6218,JH. JL. YOS SUDARSO SISI BARAT,,,Jakarta Utara,JH. JL. YOS SUDARSO SISI BARAT,,,,,,,,False,,,TANJUNG PRIOK,KEBON BAWANG
rth-e3e0bb0a3f43,JALAN SWASEMBADA MULAI KELURAHAN KEBON BAWANG S/D PASAR PELITA,,,Jakarta Utara,JALAN SWASEMBADA MULAI KELURAHAN KEBON BAWANG S/D PASAR PELITA,,,,,,,,False,,,TANJUNG PRIOK,KEBON BAWANG
rth-39e10a035fee,RPTRA BAWANG PUTIH,rptra,RPTRA,Jakarta Utara,"JL. KEBON BAWANG VII NO.18, RT.3/RW.6, KB. BAWANG, KEC. TJ. PRIOK, JKT UTARA, DAERAH KHUSUS IBUKOTA JAKARTA 14320",,,,,,,,False,,,TANJUNG PRIOK,KEBON BAWANG
rth-4c04b26385df,HUTAN KOTA WADUK SUNTER UTARA (HUTAN KOTA WADUK CINCIN),,,Jakarta Utara,"JL. DANAU BISMA NO.10, RT.10/RW.9, PAPANGGO, KEC. TJ. PRIOK, JKT UTARA, DAERAH KHUSUS IBUKOTA JAKARTA 14340",,,,,,,,False,,,TANJUNG PRIOK,PAPANGO
rth-22c8b1708fe0,JH. JL. BISMA RAYA KEL. PAPANGGO,,,Jakarta Utara,JH. JL. BISMA RAYA KEL. PAPANGGO,,,,,,,,False,,,TANJUNG PRIOK,PAPANGO
rth-fc6d960d60fa,TAMAN PAPANGGO II (INTERAKSI SOSIAL) GG. PAPANGGO II.C RT.006 RW.03 KEL. PAPANGGO,,,Jakarta Utara,"GG. PAPANGGO II.C RT.006 RW.03 KEL. PAPANGGO , TANJUNG PRIOK, JAKARTA UTARA",,,,,,,,False,,,TANJUNG PRIOK,PAPANGO
rth-c30c4b92eae9,TAMAN PAPANGGO III (INTERAKSI SOSIAL),,,Jakarta Utara,"JL. PAPANGO 3C, RT.5/RW.4, PAPANGGO, TANJUNG PRIOK, NORTH JAKARTA CITY, JAKARTA 14340",,,,,,,,False,,,TANJUNG PRIOK,PAPANGO
rth-18d33d46147b,TAMAN BISMA,,,Jakarta Utara,"JL BISMA 20, RT 008/009, KEL. PAPANGGO, KEC. TANJUNG PRIOK, JAKARTA UTARA",,,,,,,,False,,,TANJUNG PRIOK,PAPANGO
rth-df962114ab74,TAMAN BISMA 1 BLOK B2,,,Jakarta Utara,"JL BISMA 1, KEL PAPANGGO, KEC TANJUNG PRIOK, JAKARTA UTARA",,,,,,,,False,,,TANJUNG PRIOK,PAPANGO
rth-2ed67b6d38e5,TAMAN BISMA 8 BLOK B13 RW 010,,,Jakarta Utara,"JL BISMA 8, KEL PAPANGGO, KEC TANJUNG PRIOK JAKARTA UTARA",,,,,,,,False,,,TANJUNG PRIOK,PAPANGO
rth-9ee0a157ee71,RPTRA GREEN BISMA,rptra,RPTRA,Jakarta Utara,"JL. BISMA 21 NO.9, RT.10/RW.9, PAPANGGO, KEC. TJ. PRIOK, JKT UTARA, DAERAH KHUSUS IBUKOTA JAKARTA 14340",,,,,,,,False,,,TANJUNG PRIOK,PAPANGO
rth-04d201922c5b,RPTRA MANGGALA BISMA,rptra,RPTRA,Jakarta Utara,"JL. BISMA 3 NO.7, RT.5/RW.10, PAPANGGO, KEC. TJ. PRIOK, JKT UTARA, DAERAH KHUSUS IBUKOTA JAKARTA 14340",,,,,,,,False,,,TANJUNG PRIOK,PAPANGO
rth-4573bf9ab466,RTH DANAU ASRI SELATAN,,,Jakarta Utara,"JL. DANAU ASRI SELATAN, KEL. SUNTER JAYA, KEC. TANJUNG PRIOK, JAKARTA UTARA",,,,,,,,False,,,TANJUNG PRIOK,ROROTAN
rth-01065df49063,JH. MEDIAN JL. YOS SUDARSO DAN SISI BARAT,,,Jakarta Utara,JH. MEDIAN JL. YOS SUDARSO DAN SISI BARAT,,,,,,,,False,,,TANJUNG PRIOK,SUNGAI BAMBU
rth-50c02b244908,JH. MEDIAN JL. YOS SUDARSO DAN SISI BARAT LANJUTAN,,,Jakarta Utara,JH. MEDIAN JL. YOS SUDARSO DAN SISI BARAT,,,,,,,,False,,,TANJUNG PRIOK,SUNGAI BAMBU
rth-90fef777ffd3,TAMAN FO WARAKAS,,,Jakarta Utara,"JL. WARAKAS RAYA NO.1, SUNGAI BAMBU, KEC. TJ. PRIOK, JKT UTARA, DAERAH KHUSUS IBUKOTA JAKARTA 14370",,,,,,,,False,,,TANJUNG PRIOK,SUNGAI BAMBU
rth-a9018f2e2155,TAMAN GORONTALO,,,Jakarta Utara,"JL. GORONTALO RAYA, SUNGAI BAMBU, KEC. TJ. PRIOK, JKT UTARA, DAERAH KHUSUS IBUKOTA JAKARTA 14330",,,,,,,,False,,,TANJUNG PRIOK,SUNGAI BAMBU
rth-8cad8f2d59e1,TAMAN KOL TOL SUNGAI BAMBU,,,Jakarta Utara,"JL SUNGAI BAMBU, KEL. SUNGAI BAMBU, KEC. TJ. PRIOK, JKT UTARA, DAERAH KHUSUS IBUKOTA JAKARTA",,,,,,,,False,,,TANJUNG PRIOK,SUNGAI BAMBU
rth-2216f10b23a1,TAMAN KOL. TOL JATI,,,Jakarta Utara,"JL. JATI RAYA 10, RT.10/RW.6, SUNGAI BAMBU, KEC. TJ. PRIOK, JKT UTARA, DAERAH KHUSUS IBUKOTA JAKARTA 14330",,,,,,,,False,,,TANJUNG PRIOK,SUNGAI BAMBU
rth-0c02d0a33aad,RPTRA SUNGAI BAMBU,rptra,RPTRA,Jakarta Utara,"JL. JATI RAYA, RT.10/RW.6, SUNGAI BAMBU, KEC. TJ. PRIOK, JKT UTARA, DAERAH KHUSUS IBUKOTA JAKARTA 14330",,,,,,,,False,,,TANJUNG PRIOK,SUNGAI BAMBU
rth-0a38a760fc39,JH JL. DANAU SUNTER BARAT (DARI PERTIGAAN JUBILLE S/D PERTIGAAN JL. RE. MARTADINATA),,,Jakarta Utara,JH JL. DANAU SUNTER BARAT (DARI PERTIGAAN JUBILLE S/D PERTIGAAN JL. RE. MARTADINATA),,,,,,,,False,,,TANJUNG PRIOK,SUNTER AGUNG
rth-e0ff8d0e72b3,JH. JL. AGUNG BARAT 1 S/D JL. DANAU AGUNG 1,,,Jakarta Utara,JH. JL. AGUNG BARAT 1 S/D JL. DANAU AGUNG 1,,,,,,,,False,,,TANJUNG PRIOK,SUNTER AGUNG
rth-5a43243d000b,JH. JL. AGUNG UTARA 2,,,Jakarta Utara,JH. JL. AGUNG UTARA 2,,,,,,,,False,,,TANJUNG PRIOK,SUNTER AGUNG
rth-564c0be154ee,JH. JL. DANAU AGUNG 2 S/D JL. AGUNG INDAH 3 (AGUNG TENGAH),,,Jakarta Utara,JH. JL. DANAU AGUNG 2 S/D JL. AGUNG INDAH 3 (AGUNG TENGAH),,,,,,,,False,,,TANJUNG PRIOK,SUNTER AGUNG
rth-1dd996248aa6,JH. JL. DANAU SUNTER UTARA (SUNTER C),,,Jakarta Utara,JH. JL. DANAU SUNTER UTARA (SUNTER C),,,,,,,,False,,,TANJUNG PRIOK,SUNTER AGUNG
rth-6767f1d8581c,JH. JL. GRIYA UTAMA,,,Jakarta Utara,JH. JL. GRIYA UTAMA,,,,,,,,False,,,TANJUNG PRIOK,SUNTER AGUNG
rth-58d648cd4b41,JH. JL. SUNTER KARYA UTARA,,,Jakarta Utara,JH. JL. SUNTER KARYA UTARA,,,,,,,,False,,,TANJUNG PRIOK,SUNTER AGUNG
rth-5e8f7451caa5,JH. JL. SUNTER KARYA UTARA 1,,,Jakarta Utara,JH. JL. SUNTER KARYA UTARA 1,,,,,,,,False,,,TANJUNG PRIOK,SUNTER AGUNG
rth-2d192e1eeee4,JH JL. SUNTER PERMAI RAYA S/D JL. SUNTER GARDEN (DARI PERTIGAAN BMW S/D PERTIGAAN JL. DANAU SUNTER UTARA),,,Jakarta Utara,JH JL. SUNTER PERMAI RAYA S/D JL. SUNTER GARDEN (DARI PERTIGAAN BMW S/D PERTIGAAN JL. DANAU SUNTER UTARA),,,,,,,,False,,,TANJUNG PRIOK,SUNTER AGUNG
rth-67c5722b1380,RTH SUNTER JAYA,,,Jakarta Utara,RTH SUNTER JAYA,,,,,,,,False,,,TANJUNG PRIOK,SUNTER AGUNG
rth-81698452b4a0,TAMAN GOR SUNTER,,,Jakarta Utara,"JALAN TAMAN TIRTA SUNTER 1 NO.9, RT.8/RW.14, SUNTER JAYA, TJ. PRIOK, JAKARTA UTARA, DKI JAKARTA 14360",,,,,,,,False,,,TANJUNG PRIOK,SUNTER AGUNG
rth-d0a88d740d0c,TAMAN BLOK E RW.13,,,Jakarta Utara,"JL SUNTER KARYA SELATAN I, RT.4/RW.13, SUNTER AGUNG, KEC. TJ. PRIOK, JKT UTARA",,,,,,,,False,,,TANJUNG PRIOK,SUNTER AGUNG
rth-b07b5757211f,TAMAN POSGIRO DANAU AGUNG TENGAH 2,,,Jakarta Utara,"JL. DANAU AGUNG 2, RT.8/RW.16, SUNTER AGUNG, KEC. TJ. PRIOK, JKT UTARA, DAERAH KHUSUS IBUKOTA JAKARTA 14350",,,,,,,,False,,,TANJUNG PRIOK,SUNTER AGUNG
rth-2636992eb732,TAMAN RW. 13 KEL. SUNTER AGUNG,,,Jakarta Utara,"JL. SUNTER KARYA UTARA III 13, RT.13/RW.13, SUNTER AGUNG, KEC. TJ. PRIOK, JKT UTARA, DAERAH KHUSUS IBUKOTA JAKARTA 14350",,,,,,,,False,,,TANJUNG PRIOK,SUNTER AGUNG
rth-88db7fbd945b,TAMAN JL. DANAU SUNTER UTARA RW 020 KEL. SUNTER AGUNG,,,Jakarta Utara,"JL. GRIYA AYU, RW 020. KEL. SUNTER AGUNG, KEC. TANJUNG PRIOK, JAKARTA UTARA",,,,,,,,False,,,TANJUNG PRIOK,SUNTER AGUNG
rth-6bcaa1f01c84,TAMAN POSPOL KAV. 17,,,Jakarta Utara,"JL. NUSANTARA 5 BLOK I NO.18, RT.10/RW.17, SUNTER AGUNG, KEC. TJ. PRIOK, JKT UTARA, DAERAH KHUSUS IBUKOTA JAKARTA 14350",,,,,,,,False,,,TANJUNG PRIOK,SUNTER AGUNG
rth-d8bdd4061543,TAMAN JL. NUSANTARA 2 RW.017 KEL. SUNTER AGUNG,,,Jakarta Utara,JL. NUSANTARA 2 RW.017 KEL. SUNTER AGUNG,,,,,,,,False,,,TANJUNG PRIOK,SUNTER AGUNG
rth-8e654ed7d487,RPTRA SUTRA INDAH 2,rptra,RPTRA,Jakarta Utara,"JL. SUNTER KARYA TIMUR RAYA NO.17, RT.18/RW.13, SUNTER AGUNG, KEC. TJ. PRIOK, JKT UTARA, DAERAH KHUSUS IBUKOTA JAKARTA 14350",,,,,,,,False,,,TANJUNG PRIOK,SUNTER AGUNG
rth-7ff6793badae,RPTRA SUTRA INDAH 3,rptra,RPTRA,Jakarta Utara,"JL. AGUNG UTARA 5 NO.14-16, RT.5/RW.9, SUNTER AGUNG, KEC. TJ. PRIOK, JKT UTARA, DAERAH KHUSUS IBUKOTA JAKARTA 14350",,,,,,,,False,,,TANJUNG PRIOK,SUNTER AGUNG
rth-c230e871a360,RPTRA SUTRA INDAH 4,rptra,RPTRA,Jakarta Utara,"JL. AGUNG PERMAI 4 NO.13-15, RT.2/RW.11, SUNTER AGUNG, KEC. TJ. PRIOK, JKT UTARA, DAERAH KHUSUS IBUKOTA JAKARTA 14350",,,,,,,,False,,,TANJUNG PRIOK,SUNTER AGUNG
rth-cf2ce8b3d170,RPTRA SUTRA INDAH 1,rptra,RPTRA,Jakarta Utara,"JL. SUNTER KARYA SEL. II NO.9, RT.9/RW.13, SUNTER AGUNG, KEC. TJ. PRIOK, JKT UTARA, DAERAH KHUSUS IBUKOTA JAKARTA 14350",,,,,,,,False,,,TANJUNG PRIOK,SUNTER AGUNG
rth-8abb90921730,RPTRA KAMPUNG INDAH LESTARI,rptra,RPTRA,Jakarta Utara,"JL. ANCOL SEL. II NO.37, RT.7/RW.7, SUNTER AGUNG, KEC. TJ. PRIOK, JKT UTARA, DAERAH KHUSUS IBUKOTA JAKARTA 14350",,,,,,,,False,,,TANJUNG PRIOK,SUNTER AGUNG
rth-335aecf2553d,RPTRA SUNTER MUARA,rptra,RPTRA,Jakarta Utara,"JL. SUNTER MUARA BARU, RT.15/RW.5, SUNTER AGUNG, KEC. TJ. PRIOK, JKT UTARA, DAERAH KHUSUS IBUKOTA JAKARTA 14350",,,,,,,,False,,,TANJUNG PRIOK,SUNTER AGUNG
rth-3183d4f7e821,TAMAN BLOK I RW 16 KEC. TANJUNG PRIOK,,,Jakarta Utara,"BLOK I RW 16, SUNTER AGUNG, TANJUNG PRIOK",,,,,,,,False,,,TANJUNG PRIOK,SUNTER AGUNG
rth-8d749a89188e,TAMAN JL. PARADISE 20 RW 19 KEC. TANJUNG PRIOK,,,Jakarta Utara,"JL. PARADISE 20 , RT.11/RW.19, SUNTER AGUNG, KEC. TJ. PRIOK, JKT UTARA, DAERAH KHUSUS IBUKOTA JAKARTA 14350",,,,,,,,False,,,TANJUNG PRIOK,SUNTER AGUNG
rth-1fb133163890,TAMAN SEKNEG SUNTER AGUNG KEC. TANJUNG PRIOK,,,Jakarta Utara,"KOMP. SEKNEG, SUNTER AGUNG, TANJUNGPRIOK",,,,,,,,False,,,TANJUNG PRIOK,SUNTER AGUNG
rth-9c863e1bf92d,JH. MEDIAN JL. YOS SUDARSO DAN SISI BARAT,,,Jakarta Utara,JH. MEDIAN JL. YOS SUDARSO DAN SISI BARAT,,,,,,,,False,,,TANJUNG PRIOK,SUNTER JAYA
rth-71d70af7ae4e,JH. JL. DANAU SUNTER UTARA (SUNTER C),,,Jakarta Utara,JH. JL. DANAU SUNTER UTARA (SUNTER C),,,,,,,,False,,,TANJUNG PRIOK,SUNTER JAYA
rth-eb33af43fd27,JH. JL. DANAU SUNTER SELATAN (DARI PEREMPATAN LAMPU MERAH SUNTER C S/D PERTIGAAN LAMPU MERAH JUBILLE),,,Jakarta Utara,JH. JL. DANAU SUNTER SELATAN (DARI PEREMPATAN LAMPU MERAH SUNTER C S/D PERTIGAAN LAMPU MERAH JUBILLE),,,,,,,,False,,,TANJUNG PRIOK,SUNTER JAYA
rth-4a26e3e5bf1d,"JH. JL. SUNTER JAYA TIMUR, JL H. AMSIR",,,Jakarta Utara,"JH. JL. SUNTER JAYA TIMUR, JL H. AMSIR",,,,,,,,False,,,TANJUNG PRIOK,SUNTER JAYA
rth-62f44a04b867,JH. JL. MITRA SUNTER BOULEVARD,,,Jakarta Utara,JH. JL. MITRA SUNTER BOULEVARD,,,,,,,,False,,,TANJUNG PRIOK,SUNTER JAYA
rth-663322e304e9,JH. JL. DANAU INDAH RAYA,,,Jakarta Utara,JH. JL. DANAU INDAH RAYA,,,,,,,,False,,,TANJUNG PRIOK,SUNTER JAYA
rth-022709c8d469,JH. JL. SUNTER KEMAYORAN,,,Jakarta Utara,JH. JL. SUNTER KEMAYORAN,,,,,,,,False,,,TANJUNG PRIOK,SUNTER JAYA
rth-c7002ae6ddbc,JH. JL. TAMAN SUNTER INDAH,,,Jakarta Utara,JH. JL. TAMAN SUNTER INDAH,,,,,,,,False,,,TANJUNG PRIOK,SUNTER JAYA
rth-3c8cc42f00f8,JL. DANAU PERMAI RAYA SISI BARAT DAN TIMUR,,,Jakarta Utara,JL. DANAU PERMAI RAYA SISI BARAT DAN TIMUR,,,,,,,,False,,,TANJUNG PRIOK,SUNTER JAYA
rth-1c8f6ee5dafa,JH. JL. DANAU SUNTER SELATAN (DARI PEREMPATAN LM SUNTER C S/D PERTIGAAN LM JUBILLE),,,Jakarta Utara,JH. JL. DANAU SUNTER SELATAN (DARI PEREMPATAN LAMPU MERAH SUNTER C S/D PERTIGAAN LAMPU MERAH JUBILLE),,,,,,,,False,,,TANJUNG PRIOK,SUNTER JAYA
rth-2f02319a912c,JH. JL. DANAU SUNTER SELATAN SISI TIMUR,,,Jakarta Utara,JH. JL. DANAU SUNTER SELATAN SISI TIMUR,,,,,,,,False,,,TANJUNG PRIOK,SUNTER JAYA
rth-ce7b3677e041,KOMPLEK KESEHATAN SUNTER JAYA,,,Jakarta Utara,"JL. BINGKESMAS NO.7, RT.4/RW.4, KEL. SUNTER JAYA, KEC. TJ. PRIOK, JKT UTARA, DAERAH KHUSUS IBUKOTA JAKARTA 14360",,,,,,,,False,,,TANJUNG PRIOK,SUNTER JAYA
rth-c5cb31aa0713,TAMAN KOMPLEKS DKI SUNTER JAYA,,,Jakarta Utara,"JL. INSTALKES X, RW 03, SUNTER JAYA, KEC. TJ. PRIOK, JKT UTARA, DAERAH KHUSUS IBUKOTA JAKARTA 14360",,,,,,,,False,,,TANJUNG PRIOK,SUNTER JAYA
rth-8e3005a9009f,TAMAN RW 008 SUNTER JAYA,,,Jakarta Utara,"JL SUNTER MAS BARAT RT.2/RW.8, SUNTER JAYA, KEC. TJ. PRIOK, JKT UTARA, DAERAH KHUSUS IBUKOTA JAKARTA 14360",,,,,,,,False,,,TANJUNG PRIOK,SUNTER JAYA
rth-18bfe4735b0f,TAMAN RW 012 SUNTER JAYA,,,Jakarta Utara,"JL. ALAMANDA II, SUNTER JAYA, KEC. TJ. PRIOK, JKT UTARA, DAERAH KHUSUS IBUKOTA JAKARTA 14360",,,,,,,,False,,,TANJUNG PRIOK,SUNTER JAYA
rth-26683cbf262e,"TAMAN DANAU ASRI, RT. 07, RW. 13",,,Jakarta Utara,"JL. DANAU ASRI I 7-12, RT.7/RW.13, KEL. SUNTER JAYA, KEC. TJ. PRIOK, JKT UTARA",,,,,,,,False,,,TANJUNG PRIOK,SUNTER JAYA
rth-d04d4cedd779,RPTRA SUNTER JAYA,rptra,RPTRA,Jakarta Utara,"JL. BENTENGAN VI NO.1, RT.7/RW.5, SUNTER JAYA, KEC. TJ. PRIOK, JKT UTARA, DAERAH KHUSUS IBUKOTA JAKARTA 14360",,,,,,,,False,,,TANJUNG PRIOK,SUNTER JAYA
rth-d7720b75bc06,RPTRA DANAU SUNTER,rptra,RPTRA,Jakarta Utara,"JL. TELAGA MURNI 2 NO.1, RT.21/RW.1, SUNTER JAYA, KEC. TJ. PRIOK, JKT UTARA, DAERAH KHUSUS IBUKOTA JAKARTA 14360",,,,,,,,False,,,TANJUNG PRIOK,SUNTER JAYA
rth-520f3848f7db,RPTRA NIRMALA,rptra,RPTRA,Jakarta Utara,"JL. BINGKESMAS NO.7, RT.8/RW.4, SUNTER JAYA, JKT UTARA, DAERAH KHUSUS IBUKOTA JAKARTA 14350",,,,,,,,False,,,TANJUNG PRIOK,SUNTER JAYA
rth-bae37d93ab55,RPTRA PULO BESAR 1,rptra,RPTRA,Jakarta Utara,"JL. DANAU ELOK VI NO.13, RT.13/RW.11, SUNTER JAYA, KEC. TJ. PRIOK, JKT UTARA, DAERAH KHUSUS IBUKOTA JAKARTA 14360",,,,,,,,False,,,TANJUNG PRIOK,SUNTER JAYA
rth-2a8e1d554e92,RPTRA SUNTER HIJAU,rptra,RPTRA,Jakarta Utara,"KOMPLEK PERUMAHAN SUNTER HIJAU BLOK C3 & B3. JL. SUNTER KIRANA I, RT.4/RW.10, SUNTER JAYA, KEC. TJ. PRIOK, JKT UTARA, DAERAH KHUSUS IBUKOTA JAKARTA 14360",,,,,,,,False,,,TANJUNG PRIOK,SUNTER JAYA
rth-4bf411c0ec40,RPTRA SUNTER INDAH,rptra,RPTRA,Jakarta Utara,"JL. SUNTER INDAH VIII, RT.11/RW.12, SUNTER JAYA, KEC. TJ. PRIOK, JKT UTARA, DAERAH KHUSUS IBUKOTA JAKARTA 14360",,,,,,,,False,,,TANJUNG PRIOK,SUNTER JAYA
rth-4486a08b4ea8,RPTRA SUNTER MAS,rptra,RPTRA,Jakarta Utara,"JL. SUNTER MAS TIMUR A NO.1, RT.10/RW.8, SUNTER JAYA, KEC. TJ. PRIOK, JKT UTARA, DAERAH KHUSUS IBUKOTA JAKARTA 14360",,,,,,,,False,,,TANJUNG PRIOK,SUNTER JAYA
rth-9209f2a50802,RPTRA TUNAS HARAPAN,rptra,RPTRA,Jakarta Utara,"JL. H. AMSIR NO.23, RT.8/RW.3, SUNTER JAYA, KEC. TJ. PRIOK, JKT UTARA, DAERAH KHUSUS IBUKOTA JAKARTA 14360",,,,,,,,False,,,TANJUNG PRIOK,SUNTER JAYA
rth-63612b0053fb,TAMAN KOMPL. KEBERSIHAN,,,Jakarta Utara,JL. SUNTER JAYA BARAT,,,,,,,,False,,,TANJUNG PRIOK,SUNTER JAYA
rth-ff4315cb51d6,RTH DANAU ASRI SELATAN (TAMAN AL IKHLAS),,,Jakarta Utara,"JL. DANAU ASRI SELATAN, KEL. SUNTER JAYA, KEC. TANJUNG PRIOK, JAKARTA UTARA",,,,,,,,False,,,TANJUNG PRIOK,SUNTER JAYA
rth-676645869046,RTH KAMPUNG PULO BESAR,,,Jakarta Utara,"KP. PULO BESAR RT 02/11 KEL. SUNTER JAYA KEC. TANJUNG PRIOK, JAKARTA UTARA",,,,,,,,False,,,TANJUNG PRIOK,SUNTER JAYA
rth-aba0b164c2ac,TAMAN RW 014/RW12 SUNTER JAYA KEC. TANJUNG PRIOK,,,Jakarta Utara,RW 014/RW12 SUNTER JAYA KEC. TANJUNG PRIOK,,,,,,,,False,,,TANJUNG PRIOK,SUNTER JAYA
rth-55b7735aa382,TAMAN SUNTER KIRANA KEC. TANJUNG PRIOK,,,Jakarta Utara,"JL. SUNTER KIRANA 4, RT.15/RW.8, SUNTER JAYA, KEC. TJ. PRIOK, JKT UTARA, DAERAH KHUSUS IBUKOTA JAKARTA 14360",,,,,,,,False,,,TANJUNG PRIOK,SUNTER JAYA
rth-b5a1ff3ec120,TAMAN PULO BESAR ELOK,,,Jakarta Utara,"PULO BESAR ELOK, TANJUNG PRIOK, JAKARTA UTARA",,,,,,,,False,,,TANJUNG PRIOK,SUNTER JAYA
rth-cb77f3e18373,JH. JL. TENGGIRI DEPAN RS. SUKMUL,,,Jakarta Utara,JH. JL. TENGGIRI DEPAN RS. SUKMUL,,,,,,,,False,,,TANJUNG PRIOK,TANJUNG PRIUK
rth-857a81248630,SEGITIGA ENIM,,,Jakarta Utara,"JL TONGKOL, KEL TANJUNG PRIOK, KEC TANJUNG PRIOK, JAKARTA UTARA",,,,,,,,False,,,TANJUNG PRIOK,TANJUNG PRIUK
rth-2b86eaff58ca,TAMAN CUCUT / TONGKOL (BNI 46),,,Jakarta Utara,"JL. CUCUT NO.5, RT.5/RW.1, TJ. PRIOK, KEC. TJ. PRIOK, JKT UTARA, DAERAH KHUSUS IBUKOTA JAKARTA 14310",,,,,,,,False,,,TANJUNG PRIOK,TANJUNG PRIUK
rth-2f53262d59f3,TAMAN BAHARI,,,Jakarta Utara,"JL. TAMAN ST, RT.6/RW.12, TJ. PRIOK, KEC. TJ. PRIOK, JKT UTARA, DAERAH KHUSUS IBUKOTA JAKARTA 14310",,,,,,,,False,,,TANJUNG PRIOK,TANJUNG PRIUK
rth-404154dc8940,TAMAN POS POLISI ENGGANO,,,Jakarta Utara,"JL. ENGGANO, TJ. PRIOK, KEC. TJ. PRIOK, JKT UTARA, DAERAH KHUSUS IBUKOTA JAKARTA 14310",,,,,,,,False,,,TANJUNG PRIOK,TANJUNG PRIUK
rth-9ad9884482a9,SEGITIGA TERMINAL TANJUNG PRIOK,,,Jakarta Utara,"JL. TAMAN ST. NO.6, RT.6/RW.8, TJ. PRIOK, KEC. TJ. PRIOK, JKT UTARA, DAERAH KHUSUS IBUKOTA JAKARTA 14310",,,,,,,,False,,,TANJUNG PRIOK,TANJUNG PRIUK
rth-1f64add03f7a,SEGITIGA ENGGANO (DKT.TERMINAL),,,Jakarta Utara,"JL. TAMAN ST., RT.6/RW.12, TJ. PRIOK, KEC. TJ. PRIOK, JKT UTARA, DAERAH KHUSUS IBUKOTA JAKARTA 14310",,,,,,,,False,,,TANJUNG PRIOK,TANJUNG PRIUK
rth-d707c06b5bf0,JALAN WARAKAS RAYA MULAI PASAR BAHARI S/D KOLONG TOL,,,Jakarta Utara,JALAN WARAKAS RAYA MULAI PASAR BAHARI S/D KOLONG TOL,,,,,,,,False,,,TANJUNG PRIOK,WARAKAS
rth-18cd29609d7c,JH. JL. PRAMUKA RAYA S.D UNDERPASS ATAS/BAWAH/DEPAN BPKP,,,Jakarta Timur,JH. JL. PRAMUKA RAYA S.D UNDERPASS ATAS/BAWAH/DEPAN BPKP,,,,,,,,False,,,MATRAMAN,
rth-2dde17bf0b68,JH. JL. AHMAD YANI,,,Jakarta Timur,JH. JL. AHMAD YANI,,,,,,,,False,,,MATRAMAN,
rth-bc97b9b26581,JH. LERENG JL. AHMAD YANI (STM),,,Jakarta Timur,JH. LERENG JL. AHMAD YANI (STM),,,,,,,,False,,,MATRAMAN,
rth-8332c7c24f3a,JH. JL. PRAMUKA BAKTI,,,Jakarta Timur,JH. JL. PRAMUKA BAKTI,,,,,,,,False,,,MATRAMAN,
rth-5efb183b78f5,TAMAN SIMPANG UKU,,,Jakarta Timur,JL. UTAN KAYU RAYA NO. 68 RT 012 RW 05 KEL. UTAN KAYU UTARA KEC. MATRAMAN,,,,,,,,False,,,MATRAMAN,UTAN KAYU SELATAN
rth-6ddc7df166f1,TAMAN BROMBEK,,,Jakarta Timur,"JL. KELAPA SAWIT 2 , JAKARTA TIMUR , MATRAMAN , UTAN KAYU SELATAN",,,,,,,,False,,,MATRAMAN,UTAN KAYU SELATAN
rth-715a78f6a6c2,TAMAN GALUR I,,,Jakarta Timur,"JL. GALUR SARI BARAT 2 , JAKARTA TIMUR , MATRAMAN , UTAN KAYU UTARA",,,,,,,,False,,,MATRAMAN,UTAN KAYU SELATAN
rth-6739b6bc77fe,TAMAN KAMPUNG BARU,,,Jakarta Timur,"JL. KAMPUNG BARU RW 010, KEL. KEMBANGAN UTARA, KEC. KEMBANGAN, JAKARTA BARAT",,,,,,,,False,,,PASAR REBO,BARU
rth-e95ff8b3c81d,TAMAN PENDIDIKAN,,,Jakarta Timur,"JL. PENDIDIKAN III-TAMAN KENARI SLAMET RIYADI, CIJANTUNG, PASAR REBO, JAKARTA TIMUR, RT.2/RW.4, CIJANTUNG, KEC. PS. REBO, JAKARTA, DAERAH KHUSUS IBUKOTA JAKARTA 13770",,,,,,,,False,,,PASAR REBO,CIJANTUNG
rth-87802519eea3,HUTAN KOTA KOMPLEK KOPASSUS CIJANTUNG,,,Jakarta Timur,"KOMPLEKS KOPASSUS JL RA. FADILLAH, CIJANTUNG, PASAR REBO, RT.6/RW.6, GEDONG, KEC. PS. REBO, KOTA JAKARTA TIMUR, DAERAH KHUSUS IBUKOTA JAKARTA 13760",,,,,,,,False,,,PASAR REBO,GEDONG
rth-0cb1fb9dab8c,TAMAN RW 04 KEL. GEDONG,,,Jakarta Timur,"RW 04, GEDONG, PASAR REBO",,,,,,,,False,,,PASAR REBO,GEDONG
rth-d68a77a5179b,TAMAN TANJUNG TIMUR,,,Jakarta Timur,"JL. TB SIMATUPANG, GEDONG, KEC. PS. REBO, KOTA JAKARTA TIMUR, DAERAH KHUSUS IBUKOTA JAKARTA 13760",,,,,,,,False,,,PASAR REBO,GEDONG
rth-1c8909c8a7c3,TAMAN SUSU BENDERA,,,Jakarta Timur,"JL. TB SIMATUPANG 101, RW.11, GEDONG, KEC. PS. REBO, KOTA JAKARTA TIMUR, DAERAH KHUSUS IBUKOTA JAKARTA 13760",,,,,,,,False,,,PASAR REBO,GEDONG
rth-82bfa4fb3ed8,TAMAN TRIKORA,,,Jakarta Timur,"JL. TB SIMATUPANG, RT.2/RW.11, GEDONG, KEC. PS. REBO, KOTA JAKARTA TIMUR, DAERAH KHUSUS IBUKOTA JAKARTA 13760",,,,,,,,False,,,PASAR REBO,GEDONG
rth-1b2375bf72d3,TAMAN RTH KALISARI,,,Jakarta Timur,"JL. TEGALSARI, KEL. KALISARI, PASAR REBO, JAKARTA TIMUR",,,,,,,,False,,,PASAR REBO,KALISARI
rth-d6f4335599da,"FO PASAR REBO & TB. SIMATUPANG, CONDET, DAN TRIKORA",,,Jakarta Timur,"FO PASAR REBO & TB. SIMATUPANG, CONDET, DAN TRIKORA",,,,,,,,False,,,PASAR REBO,
rth-4762dcb2e6d6,"JH. JL. SEDERHANA, JL. KESEHATAN, JL. MAHONI",,,Jakarta Timur,"JH. JL. SEDERHANA, JL. KESEHATAN, JL. MAHONI",,,,,,,,False,,,PASAR REBO,
rth-d21564670569,JH. JL. RADAR RAYA,,,Jakarta Timur,JH. JL. RADAR RAYA,,,,,,,,False,,,PASAR REBO,
rth-1522c69cdb6d,JH. JL. KALI SARI,,,Jakarta Timur,JH. JL. KALI SARI,,,,,,,,False,,,PASAR REBO,
rth-4cc31c390a09,JH. JL. RAYA BOGOR,,,Jakarta Timur,JH. JL. RAYA BOGOR,,,,,,,,False,,,PASAR REBO,
rth-8f5c5fa46b77,TAMAN DELONIX,,,Jakarta Timur,"JL. TIPAR, JAKARTA TIMUR",,,,,,,,False,,,PASAR REBO,PEKAYON
rth-b45bebd33bb0,TAMAN RTH JL. KOPI RT.006 RW.03 / TAMAN KOPI,,,Jakarta Timur,"JL. KOPI NO.RT 06, RT.3/RW.7, PEKAYON, KEC. PS. REBO, KOTA JAKARTA TIMUR, DAERAH KHUSUS IBUKOTA JAKARTA 13710",,,,,,,,False,,,PASAR REBO,PEKAYON
rth-697744ae464f,TAMAN PULO ASEM UTARA VI,,,Jakarta Timur,"JL. PULO ASEM UTARA VI 14-5, RT.14/RW.1, JATI, KEC. PULO GADUNG, KOTA JAKARTA TIMUR, DAERAH KHUSUS IBUKOTA JAKARTA 13220",,,,,,,,False,,,PULO GADUNG,JATI
rth-d4e0281a8934,TAMAN GABUS,,,Jakarta Timur,"JL. GABUS RW.6, JATI, KEC. PULO GADUNG, KOTA JAKARTA TIMUR, DAERAH KHUSUS IBUKOTA JAKARTA 13220",,,,,,,,False,,,PULO GADUNG,JATI
rth-94292dd618dd,TAMAN KEPITING,,,Jakarta Timur,"JL. KEPITING I NO.6, RT.6/RW.6, JATI, KEC. PULO GADUNG, KOTA JAKARTA TIMUR, DAERAH KHUSUS IBUKOTA JAKARTA 13220",,,,,,,,False,,,PULO GADUNG,JATI
rth-f5fdeac087c8,TAMAN NILAM RAYA,,,Jakarta Timur,"JL. NILAM RAYA NO.10, RT.2/RW.6, JATI, KEC. PULO GADUNG, KOTA JAKARTA TIMUR, DAERAH KHUSUS IBUKOTA JAKARTA 13220",,,,,,,,False,,,PULO GADUNG,JATI
rth-931dc3a71ab6,TAMAN LELE,,,Jakarta Timur,"JL. LELE 3 NO.31, RT.10/RW.6, JATI, KEC. PULO GADUNG, KOTA JAKARTA TIMUR, DAERAH KHUSUS IBUKOTA JAKARTA 13220",,,,,,,,False,,,PULO GADUNG,JATI
rth-eec22083cf6a,TAMAN JL. MASKOKI,,,Jakarta Timur,"JL. MAS KOKI RAYA, RT.3/RW.5, JATI, KEC. PULO GADUNG, KOTA JAKARTA TIMUR, DAERAH KHUSUS IBUKOTA JAKARTA 13220",,,,,,,,False,,,PULO GADUNG,JATI
rth-a45be4a9ec47,TAMAN BETOK,,,Jakarta Timur,"JL. LUNDU NO.12, RT.3/RW.8, PEJAGALAN, KEC. PENJARINGAN, JKT UTARA, DAERAH KHUSUS IBUKOTA JAKARTA 14450",,,,,,,,False,,,PULO GADUNG,JATI
rth-d8632e6177d9,TAMAN BANDENG II,,,Jakarta Timur,"JL. BANDENG II RW.5, JATI, KEC. PULO GADUNG, KOTA JAKARTA TIMUR, DAERAH KHUSUS IBUKOTA JAKARTA 13220",,,,,,,,False,,,PULO GADUNG,JATI
rth-54481b5743fd,TAMAN BANDENG III,,,Jakarta Timur,"JL. BANDENG III NO.13, RT.14/RW.5, JATI, KEC. PULO GADUNG, KOTA JAKARTA TIMUR, DAERAH KHUSUS IBUKOTA JAKARTA 13220",,,,,,,,False,,,PULO GADUNG,JATI
rth-ce629616500b,TAMAN LODAN V,,,Jakarta Timur,"JL. LODAN V NO.9, RT.7/RW.5, JATI, KEC. PULO GADUNG, KOTA JAKARTA TIMUR, DAERAH KHUSUS IBUKOTA JAKARTA 13220",,,,,,,,False,,,PULO GADUNG,JATI
rth-8f024e3145ab,TAMAN DUYUNG III,,,Jakarta Timur,"JL. DUYUNG III 21-23, RT.12/RW.8, JATI, KEC. PULO GADUNG, KOTA JAKARTA TIMUR, DAERAH KHUSUS IBUKOTA JAKARTA 13220",,,,,,,,False,,,PULO GADUNG,JATI
rth-b054155d92b7,TAMAN DUYUNG II,,,Jakarta Timur,"JL. DUYUNG II NO.12-1, RT.13/RW.8, JATI, KEC. PULO GADUNG, KOTA JAKARTA TIMUR, DAERAH KHUSUS IBUKOTA JAKARTA 13220",,,,,,,,False,,,PULO GADUNG,JATI
rth-2d992e4bda86,TAMAN PULO ASEM IV,,,Jakarta Timur,"JL. PULO ASEM, RT.2/RW.1, JATI, KEC. PULO GADUNG, KOTA JAKARTA TIMUR, DAERAH KHUSUS IBUKOTA JAKARTA 13220",,,,,,,,False,,,PULO GADUNG,JATI
rth-1905e1427b64,TAMAN PULO ASEM TIMUR VII,,,Jakarta Timur,"JL. PULO ASEM TIMUR VII, RT.6/RW.2, JATI, KEC. PULO GADUNG, KOTA JAKARTA TIMUR, DAERAH KHUSUS IBUKOTA JAKARTA 13220",,,,,,,,False,,,PULO GADUNG,JATI
rth-759d1c9d35c5,"RTH JL RAYA BEKASI KM 16, KELURAHAN JATINEGARA KAUM, KECAMATAN PULOGADUNG (JAKA PARK)",,,Jakarta Timur,"JL RAYA BEKASI KM 16, KELURAHAN JATINEGARA KAUM, KECAMATAN PULOGADUNG",,,,,,,,False,,,PULO GADUNG,JATINEGARA KAUM
rth-a771f4b5c0ac,TAMAN RTH JATINEGARA KAUM,,,Jakarta Timur,"RT 001 RW 005, PULO GADUNG, JATINEGARA",,,,,,,,False,,,PULO GADUNG,JATINEGARA KAUM
rth-b92c8b05eb16,TAMAN CAKALANG,,,Jakarta Timur,"JL. TAMAN CAKALANG NO.17, RT.7/RW.8, JATI, PULO GADUNG, EAST JAKARTA CITY, JAKARTA 13220",,,,,,,,False,,,PULO GADUNG,JATINEGARA KAUM
rth-18ccb7cb12e9,TAMAN TENER,,,Jakarta Timur,"JL. TENER, RT.13/RW.11, KAYU PUTIH, KEC. PULO GADUNG, KOTA JAKARTA TIMUR, DAERAH KHUSUS IBUKOTA JAKARTA 13210",,,,,,,,False,,,PULO GADUNG,KAYU PUTIH
rth-83bb41764acb,TAMAN AT-TAUBAH,,,Jakarta Timur,"JL. PULO MAS BARAT 5 , JAKARTA TIMUR , PULO GADUNG , KAYU PUTIH",,,,,,,,False,,,PULO GADUNG,KAYU PUTIH
rth-b665845ba3d9,TAMAN PINTAR,,,Jakarta Timur,"JL. WARINGIN RAYA, RT.4/RW.10, KAYU PUTIH, KEC. PULO GADUNG, KOTA JAKARTA TIMUR,",,,,,,,,False,,,PULO GADUNG,KAYU PUTIH
rth-879b81f52c96,TAMAN KUSEN,,,Jakarta Timur,"JL. KUSEN RW.2, KAYU PUTIH, KEC. PULO GADUNG, KOTA JAKARTA TIMUR, DAERAH KHUSUS IBUKOTA JAKARTA 13210",,,,,,,,False,,,PULO GADUNG,KAYU PUTIH
rth-aa5b32cee37f,TAMAN AMPI,,,Jakarta Timur,"JL. TENER NO.1, RT.1/RW.11, KAYU PUTIH, KEC. PULO GADUNG, KOTA JAKARTA TIMUR, DAERAH KHUSUS IBUKOTA JAKARTA 13210",,,,,,,,False,,,PULO GADUNG,KAYU PUTIH
rth-2a82b516fe6e,JH. PEMUDA,,,Jakarta Timur,JH. PEMUDA,,,,,,,,False,,,PULO GADUNG,
rth-19e7a96e9220,"JH. KAYU PUTIH RAYA, LRT VELODROME",,,Jakarta Timur,"JH. KAYU PUTIH RAYA, LRT VELODROME",,,,,,,,False,,,PULO GADUNG,
rth-d055487ed9fc,JH. LERENG A. YANI DAN LERENG PISANGAN BARU/LAMA,,,Jakarta Timur,JH. LERENG A. YANI DAN LERENG PISANGAN BARU/LAMA,,,,,,,,False,,,PULO GADUNG,
rth-30cf732d988a,JH. JL. BANGUNAN TIMUR DAN BARAT,,,Jakarta Timur,JH. JL. BANGUNAN TIMUR DAN BARAT,,,,,,,,False,,,PULO GADUNG,
rth-de9c8747b0b7,"JH. TANAH MAS RAYA, TANAH MAS I",,,Jakarta Timur,"JH. TANAH MAS RAYA, TANAH MAS I",,,,,,,,False,,,PULO GADUNG,
rth-4ba4f73623f6,"JH. KAYU PUTIH TENGAH, PULONANGKA TIMUR",,,Jakarta Timur,"JH. KAYU PUTIH TENGAH, PULONANGKA TIMUR",,,,,,,,False,,,PULO GADUNG,
rth-fed05ffe0620,JH. KAYU PUTIH UTARA,,,Jakarta Timur,JH. KAYU PUTIH UTARA,,,,,,,,False,,,PULO GADUNG,
rth-4b5ce1fad9f6,JH. JL. PERINTIS KEMERDEKAAN,,,Jakarta Timur,JH. JL. PERINTIS KEMERDEKAAN,,,,,,,,False,,,PULO GADUNG,
rth-d39aedfc39d8,JH. JL. JATINEGARA KAUM,,,Jakarta Timur,JH. JL. JATINEGARA KAUM,,,,,,,,False,,,PULO GADUNG,
rth-740501ac8f7f,"JH. JL. BALAI PUSTAKA TIMUR, JL.BALAI PUSTAKA BARU RAYA",,,Jakarta Timur,"JH. JL. BALAI PUSTAKA TIMUR, JL.BALAI PUSTAKA BARU RAYA",,,,,,,,False,,,PULO GADUNG,
rth-e099c663704a,JH. CIPINANG BARU RAYA,,,Jakarta Timur,JH. CIPINANG BARU RAYA,,,,,,,,False,,,PULO GADUNG,
rth-6dbfe25066ba,JH. FO KLENDER,,,Jakarta Timur,JH. FO KLENDER,,,,,,,,False,,,PULO GADUNG,
rth-7d67e8383b1c,"JH. CIPINANG BARU BUNDER, RAWAMANGUN MUKA, PERSAHABATAN RAYA",,,Jakarta Timur,"JH. CIPINANG BARU BUNDER, RAWAMANGUN MUKA, PERSAHABATAN RAYA",,,,,,,,False,,,PULO GADUNG,
rth-02b3e2afe64b,"JH. PAUS, PERSERIKATAN, PENGAMBIRAN",,,Jakarta Timur,"JH. PAUS, PERSERIKATAN, PENGAMBIRAN",,,,,,,,False,,,PULO GADUNG,
rth-5e2d366e7198,JH. JL. AHMAD YANI,,,Jakarta Timur,JH. JL. AHMAD YANI,,,,,,,,False,,,PULO GADUNG,
rth-af7e299f3aa2,JH. KUPINGAN PEMUDA,,,Jakarta Timur,JH. KUPINGAN PEMUDA,,,,,,,,False,,,PULO GADUNG,
rth-68111855f724,JH. TENER,,,Jakarta Timur,JH. TENER,,,,,,,,False,,,PULO GADUNG,
rth-6f6498e7c7fb,JH. JL. BEKASI TIMUR RAYA DAN FLY OVER CIPINANG LONTAR,,,Jakarta Timur,JH. JL. BEKASI TIMUR RAYA DAN FLY OVER CIPINANG LONTAR,,,,,,,,False,,,PULO GADUNG,
rth-5ba2b60f75f3,JH. JL. BEKASI RAYA,,,Jakarta Timur,JH. JL. BEKASI RAYA,,,,,,,,False,,,PULO GADUNG,
rth-84e8d110c9ca,JH. JL. KEDONDONG,,,Jakarta Timur,JH. JL. KEDONDONG,,,,,,,,False,,,PULO GADUNG,
rth-6e5450d7a695,"JH. JL. CIPINANG BARU TIMUR, JL. PERSAHABATAN TIMUR",,,Jakarta Timur,"JH. JL. CIPINANG BARU TIMUR, JL. PERSAHABATAN TIMUR",,,,,,,,False,,,PULO GADUNG,
rth-3d7cbf8fed50,JH. JL. CIPINANG BARU UTARA,,,Jakarta Timur,JH. JL. CIPINANG BARU UTARA,,,,,,,,False,,,PULO GADUNG,
rth-7935ed0fc7b4,JH. JL. ALU-ALU,,,Jakarta Timur,JH. JL. ALU-ALU,,,,,,,,False,,,PULO GADUNG,
rth-dc93da29de37,JH. JL. WISMA JAYA,,,Jakarta Timur,JH. JL. WISMA JAYA,,,,,,,,False,,,PULO GADUNG,
rth-5eb0b423d41d,JH. JL. PERSAHABATAN UTARA,,,Jakarta Timur,JH. JL. PERSAHABATAN UTARA,,,,,,,,False,,,PULO GADUNG,
rth-27670d9c759c,JH. JL. PACUAN KUDA,,,Jakarta Timur,JH. JL. PACUAN KUDA,,,,,,,,False,,,PULO GADUNG,
rth-a8716bcd7d75,JH. JL. PULOMAS BARAT,,,Jakarta Timur,JH. JL. PULOMAS BARAT,,,,,,,,False,,,PULO GADUNG,
rth-9acd32f36778,JH. JL. PULOMAS RAYA,,,Jakarta Timur,JH. JL. PULOMAS RAYA,,,,,,,,False,,,PULO GADUNG,
rth-2eeef54b93a8,JH. JL. PULOMAS SELATAN,,,Jakarta Timur,JH. JL. PULOMAS SELATAN,,,,,,,,False,,,PULO GADUNG,
rth-3e95ccd4d862,JH. JL. PULOMAS TIMUR,,,Jakarta Timur,JH. JL. PULOMAS TIMUR,,,,,,,,False,,,PULO GADUNG,
rth-47b84371ad77,JH. SEGITIGA RAWAMANGUN MUKA,,,Jakarta Timur,JH. SEGITIGA RAWAMANGUN MUKA,,,,,,,,False,,,PULO GADUNG,
rth-691a5136eb86,JH. JL. LAYUR PENGGILINGAN,,,Jakarta Timur,JH. JL. LAYUR PENGGILINGAN,,,,,,,,False,,,PULO GADUNG,
rth-0d2461999bd3,TAMAN RTH PISANGAN TIMUR,,,Jakarta Timur,JL. MUGENI II,,,,,,,,False,,,PULO GADUNG,PISANGAN TIMUR
rth-e7a2bc28a41a,TAMAN EX. SPBU JL. AJMAD YANI,,,Jakarta Timur,"JL. AHMAD YANI, PISANGAN TIMUR",,,,,,,,False,,,PULO GADUNG,PISANGAN TIMUR
rth-0bcc853934bc,TAMAN KAYU MAS UTARA,,,Jakarta Timur,"JL. KAYU MAS UTARA, PULO GADUNG, JAKARTA TIMUR",,,,,,,,False,,,PULO GADUNG,PULO GADUNG
rth-e31cfa489e10,TAMAN KAYU MAS TENGAH VIII,,,Jakarta Timur,"JL. KAYU MAS TENGAH VIII, RT.5/RW.9, PULO GADUNG, KEC. PULO GADUNG, KOTA JAKARTA TIMUR, DAERAH KHUSUS IBUKOTA JAKARTA 13260",,,,,,,,False,,,PULO GADUNG,PULO GADUNG
rth-c140ed858d4a,"TAMAN PERHUBUNGAN I, II, III, IV, V, VI",,,Jakarta Timur,"JL. PERHUBUNGAN, RT.19/RW.6, JATI, KEC. PULO GADUNG, KOTA JAKARTA TIMUR, DAERAH KHUSUS IBUKOTA JAKARTA 13220",,,,,,,,False,,,PULO GADUNG,PULO GADUNG
rth-6615ae0be2a6,TAMAN BALAI PUSTAKA III,,,Jakarta Timur,"JL. BALAI PUSTAKA II NO.24-26, RT.2/RW.10, RAWAMANGUN, KEC. PULO GADUNG, KOTA JAKARTA TIMUR, DAERAH KHUSUS IBUKOTA JAKARTA 13220",,,,,,,,False,,,PULO GADUNG,RAWAMANGUN
rth-b23d9d10660b,TAMAN PKK SANGKRINI,,,Jakarta Timur,"JL. PEMUDA, RAWA MANGUN PULO GADUNG, JAKARTA TIMUR",,,,,,,,False,,,PULO GADUNG,RAWAMANGUN
rth-2236ca901443,TAMAN SAWO,,,Jakarta Timur,"JL. SAWO I 8, RT.10/RW.8, RAWAMANGUN, KEC. PULO GADUNG, KOTA JAKARTA TIMUR, DAERAH KHUSUS IBUKOTA JAKARTA 13220",,,,,,,,False,,,PULO GADUNG,RAWAMANGUN
rth-602a5dab1a04,TAMAN JUWED,,,Jakarta Timur,"JL. JUWED NO.18, RT.8/RW.9, RAWAMANGUN, KEC. PULO GADUNG, KOTA JAKARTA TIMUR, DAERAH KHUSUS IBUKOTA JAKARTA 13220",,,,,,,,False,,,PULO GADUNG,RAWAMANGUN
rth-976dad04f890,TAMAN KAYU JATI 5,,,Jakarta Timur,"JL. KAYU JATI V 16-12, RT.11/RW.5, RAWAMANGUN, KEC. PULO GADUNG, KOTA JAKARTA TIMUR, DAERAH KHUSUS IBUKOTA JAKARTA 13220",,,,,,,,False,,,PULO GADUNG,RAWAMANGUN
rth-277da266b5a9,TAMAN RAWAMANGUN MUKA BARAT,,,Jakarta Timur,"JL. R.MANGUN MUKA RAYA RW.14, RAWAMANGUN, KEC. PULO GADUNG, KOTA JAKARTA TIMUR, DAERAH KHUSUS IBUKOTA JAKARTA 13220",,,,,,,,False,,,PULO GADUNG,RAWAMANGUN
rth-366657cd3fc4,TAMAN TANAH MAS II,,,Jakarta Timur,"JL. TANAH MAS II RT.1/RW.1, KAYU PUTIH, PULO GADUNG, EAST JAKARTA CITY, JAKARTA",,,,,,,,False,,,PULO GADUNG,RAWAMANGUN
rth-c121396c6215,HUTAN KOTA CILINCING,,,Jakarta Utara,PEDONGKELAN RT 002 RW 09 KEL. CILINCING KEC. CILINCING JAKARTA UTARA,,,,,,,,False,,,CILINCING,CILINCING
rth-a155e322ba2a,JH. JL. SUNGAI LANDAK,,,Jakarta Utara,JH. JL. SUNGAI LANDAK,,,,,,,,False,,,CILINCING,CILINCING
rth-2f4253123bdc,TAMAN SUNGAI LANDAK / JL. BAKTI,,,Jakarta Utara,"JL. SUNGAI LANDAK 52-36, RT.10/RW.8, CILINCING, KEC. CILINCING, JKT UTARA, DAERAH KHUSUS IBUKOTA JAKARTA 14120",,,,,,,,False,,,CILINCING,CILINCING
rth-827a526177c6,TAMAN JANUR,,,Jakarta Utara,"JL. KLP. DUA NO.20, RT.16/RW.3, CILINCING, KEC. CILINCING, JKT UTARA, DAERAH KHUSUS IBUKOTA JAKARTA 14120",,,,,,,,False,,,CILINCING,CILINCING
rth-ef32b28febe6,RPTRA CILINCING BERSERI,rptra,RPTRA,Jakarta Utara,"JL. CILINCING LANDAK NO.25, RT.6/RW.8, CILINCING, KEC. CILINCING, JKT UTARA, DAERAH KHUSUS IBUKOTA JAKARTA 14120",,,,,,,,False,,,CILINCING,CILINCING
rth-4afdf9af3566,JH. HALTE TANAH MERDEKA,,,Jakarta Utara,JH. HALTE TANAH MERDEKA,,,,,,,,False,,,CILINCING,KALI BARU
rth-71549e31730a,JH. HALTE PURE DALAM,,,Jakarta Utara,JH. HALTE PURE DALAM,,,,,,,,False,,,CILINCING,KALI BARU
rth-c717fb143d4e,JH. JL. MARUNDA (SUNGAI TIRAM),,,Jakarta Utara,JH. JL. MARUNDA (SUNGAI TIRAM),,,,,,,,False,,,CILINCING,MARUNDA
rth-43472d9fd6ba,JH. PERTIGAAN STIP S/D RUMAH SIPITUNG DAN RUSUN MARUNDA,,,Jakarta Utara,JH. PERTIGAAN STIP S/D RUMAH SIPITUNG DAN RUSUN MARUNDA,,,,,,,,False,,,CILINCING,MARUNDA
rth-66104dfb0934,TAMAN KETAPANG,,,Jakarta Utara,"JL. KETAPANG, RT.7/RW.2, JATI PADANG, KEC. PS. MINGGU, KOTA JAKARTA SELATAN",,,,,,,,False,,,CILINCING,MARUNDA
rth-02e6c65feb2a,TAMAN SARANG BANGAU,,,Jakarta Utara,"JL. MARUNDA, JAKARTA UTARA",,,,,,,,False,,,CILINCING,MARUNDA
rth-8f0b18e2be7e,TAMAN MARUNDA RW 03 (RPTRA MUTIARA),,,Jakarta Utara,"JL. MARUNDA BARU, RT.7/RW.3, MARUNDA, KEC. CILINCING, JKT UTARA, DAERAH KHUSUS IBUKOTA JAKARTA 14150",,,,,,,,False,,,CILINCING,MARUNDA
rth-444bdc17e408,TAMAN MARUNDA PINGGIR KALI RW. 03,,,Jakarta Utara,"JL. MARUNDA BARU, RT.8/RW.5, MARUNDA, KEC. CILINCING, JKT UTARA, DAERAH KHUSUS IBUKOTA JAKARTA 14150",,,,,,,,False,,,CILINCING,MARUNDA
rth-6370aada0c0b,RPTRA SIRIH KUNING RUSUN MARUNDA,rptra,RPTRA,Jakarta Utara,"JL. RUSUN MARUNDA CLUSTER B NO.A9 RT 09, RT.9/RW.010, MARUNDA, KEC. CILINCING, JKT UTARA, DAERAH KHUSUS IBUKOTA JAKARTA 14150",,,,,,,,False,,,CILINCING,MARUNDA
rth-2ac8b82e07ce,RPTRA SI PITUNG RUSUN MARUNDA,rptra,RPTRA,Jakarta Utara,"JL. RUSUNAWA MARUNDA CLUSTER D , RT016, RT.9/RW.7, MARUNDA, KEC. CILINCING, JKT UTARA, DAERAH KHUSUS IBUKOTA JAKARTA 14150",,,,,,,,False,,,CILINCING,MARUNDA
rth-03c3b0db0975,RPTRA AL-ALAM,rptra,RPTRA,Jakarta Utara,"JL. RUSUNAWA MARUNDA CLUSTER C,BLOK C3 RT 12 RW 007,KEL, RT.3/RW.7, MARUNDA, KEC. CILINCING, JKT UTARA, DAERAH KHUSUS IBUKOTA JAKARTA 14150",,,,,,,,False,,,CILINCING,MARUNDA
rth-633c31a92fbb,RPTRA MANGROVE MARUNDA,rptra,RPTRA,Jakarta Utara,"JL. NAGRAK, RT.6/RW.4, MARUNDA, CILINCING, NORTH JAKARTA CITY, JAKARTA 14120",,,,,,,,False,,,CILINCING,MARUNDA
rth-60a1baf6588e,RPTRA GREEN RUSUN MARUNDA,rptra,RPTRA,Jakarta Utara,"JL. RUSUN MARUNDA CLUSTER B, RT.9/RW.1, MARUNDA, KEC. CILINCING, JKT UTARA, DAERAH KHUSUS IBUKOTA JAKARTA 14150",,,,,,,,False,,,CILINCING,MARUNDA
rth-54fee7b6bd9b,RPTRA GABUS PUCUNG RUSUN MARUNDA,rptra,RPTRA,Jakarta Utara,"JL. AKSES RUSUN, RT.7/RW.7, MARUNDA, KEC. CILINCING, JKT UTARA, DAERAH KHUSUS IBUKOTA JAKARTA 14150",,,,,,,,False,,,CILINCING,MARUNDA
rth-465b551f6bc4,TAMAN RUSUN MARUNDA,,,Jakarta Utara,"JL. AKSES RUSUN, RT.7/RW.7, MARUNDA, KEC. CILINCING, JKT UTARA, DAERAH KHUSUS IBUKOTA JAKARTA 14150",,,,,,,,False,,,CILINCING,MARUNDA
rth-5bec20e65258,RTH JL. SARANG BANGO RT. 005 RW. 04,,,Jakarta Utara,JL. SARANG BANGO RT. 005 RW. 04,,,,,,,,False,,,CILINCING,MARUNDA
rth-593d78c22c82,RPTRA MARUNDA BLOK C KEC. CILINCING,rptra,RPTRA,Jakarta Utara,"JL. MARUNDA BARU 3, RW.3, MARUNDA, KEC. CILINCING, JKT UTARA, DAERAH KHUSUS IBUKOTA JAKARTA 14150",,,,,,,,False,,,CILINCING,MARUNDA
rth-5c22984f0894,TAMAN BIDARA MAKMUR,,,Jakarta Utara,"JL. KAMPUNG BIDARA RT.004/ RW.01, KEL. MARUNDA, KEC. CILINCING",,,,,,,,False,,,CILINCING,MARUNDA
rth-9f88703c2693,RTH ROROTAN,,,Jakarta Utara,RTH ROROTAN,,,,,,,,False,,,CILINCING,MARUNDA
rth-6d4eab1dba80,RTH MALAKA I,,,Jakarta Utara,"JL. MALAKA I, KEL. ROROTAN, KEC. CILINCING, JAKARTA UTARA",,,,,,,,False,,,CILINCING,PEJAGALAN
rth-8b22376d5799,HUTAN KOTA ROROTAN,,,Jakarta Utara,"JL. ROROTAN RT. 08 RW. 012 KEL. ROROTAN, KEC. CILINCING, JAKARTA UTARA",,,,,,,,False,,,CILINCING,ROROTAN
rth-f2eb23ebbfb8,JH. JL. CACING RAYA SISI TIMUR DAN BARAT (DARI PERTIGAAN JL. CILINCING S/D FLY OVER KBN),,,Jakarta Utara,JH. JL. CACING RAYA SISI TIMUR DAN BARAT (DARI PERTIGAAN JL. CILINCING S/D FLY OVER KBN),,,,,,,,False,,,CILINCING,ROROTAN
rth-dd865a25ff74,JH. JL. ROROTAN (BABEK TNI),,,Jakarta Utara,JH. JL. ROROTAN (BABEK TNI),,,,,,,,False,,,CILINCING,ROROTAN
rth-9baf7f6c3d78,"TAMAN RW. 012 KEL. ROROTAN, JL. RAYA ROROTAN KP. MALAKA 1 GG 2 RT. 04 RW. 012, KEL. ROROTAN",,,Jakarta Utara,"JL. RAYA ROROTAN KP. MALAKA 1 GG 2 RT. 04 RW. 012, KEL. ROROTAN, KEC. CILINCING, JKT UTARA, DAERAH KHUSUS IBUKOTA JAKARTA",,,,,,,,False,,,CILINCING,ROROTAN
rth-a5012e187881,TAMAN BINTARO JALAN KARANG KENDAL (TAMAN BINTARO),,,Jakarta Utara,"JL. SUNGAI KENDAL GANG H.NAYU, RT.1/RW.8, ROROTAN, CILINCING, NORTH JAKARTA CITY, JAKARTA 14140",,,,,,,,False,,,CILINCING,ROROTAN
rth-d016c28e5b6c,RPTRA MALAKA ASRI,rptra,RPTRA,Jakarta Utara,"JL. MALAKA IV, RT.13/RW.6, ROROTAN, KEC. CILINCING, JKT UTARA, DAERAH KHUSUS IBUKOTA JAKARTA 14140",,,,,,,,False,,,CILINCING,ROROTAN
rth-d93c95bb09b7,RPTRA ROROTAN INDAH,rptra,RPTRA,Jakarta Utara,"JL. ROROTAN 10 NO.13, RT.4/RW.7, ROROTAN, KEC. CILINCING, JKT UTARA, DAERAH KHUSUS IBUKOTA JAKARTA 14140",,,,,,,,False,,,CILINCING,ROROTAN
rth-ec55e1726f41,TAMAN ROROTAN NUSA (TAMAN ROTANUSA),,,Jakarta Utara,"JL. ROROTAN (KP. KANDANG SAPI), KEL. ROROTAN, KEC. CILINCING, JAKARTA UTARA",,,,,,,,False,,,CILINCING,ROROTAN
rth-a41939ec7a05,TAMAN SUNGAI KENDAL,,,Jakarta Utara,"JL. KENDAL RW 008, KEL. ROROTAN, KEC. CILINCING, JAKARTA UTARA",,,,,,,,False,,,CILINCING,ROROTAN
rth-ae0dbfbf131a,RTH ROROTAN IX (EKS JALUR) (TAMAN MALAKA ASRI),,,Jakarta Utara,"JL. ROROTAN IX RT 010 RW 006 KEL. ROROTAN KEC. CILINCING, JAKARTA UTARA",,,,,,,,False,,,CILINCING,ROROTAN
rth-ed1666fabbb9,RTH ROROTAN IX,,,Jakarta Utara,JL. ROROTAN IX,,,,,,,,False,,,CILINCING,ROROTAN
rth-fe917ddd7b58,RTH JL. KP. MALAKA HB RT. 013 RW. 006,,,Jakarta Utara,JL. KP. MALAKA HB RT. 013 RW. 006,,,,,,,,False,,,CILINCING,ROROTAN
rth-c0a8ae4b10b4,RTH JL. ROROTAN IX KP. KANDANG SAPI RT. 004 RW. 07,,,Jakarta Utara,JL. ROROTAN IX KP. KANDANG SAPI RT. 004 RW. 07,,,,,,,,False,,,CILINCING,ROROTAN
rth-766c5a44dc08,RTH JL. MALAKA GREEN GARDEN RT 002 RW 05,,,Jakarta Utara,"JL. MALAKA GREEN GARDEN RT 002 RW 005, KEL. ROROTAN, KEC. CILINCING, JAKARTA UTARA",,,,,,,,False,,,CILINCING,ROROTAN
rth-6eda3c9cfd48,JH. JL. SUNGAI PROGO KEL. SEMPER BARAT,,,Jakarta Utara,JH. JL. SUNGAI PROGO KEL. SEMPER BARAT,,,,,,,,False,,,CILINCING,SEMPER BARAT
rth-efedd6d21f18,TAMAN ONDEL-ONDEL,,,Jakarta Utara,JL. TIPAR TIMUR RT 009 RW 004,,,,,,,,False,,,CILINCING,SEMPER BARAT
rth-ef7fdb072c45,TAMAN ANGIN PRAHARA,,,Jakarta Utara,"JL. ANGIN PRAHARA NO.55B, RT.3/RW.11, SEMPER BAR., KEC. CILINCING, JKT UTARA, DAERAH KHUSUS IBUKOTA JAKARTA 14130",,,,,,,,False,,,CILINCING,SEMPER BARAT
rth-6cbd2349cdf5,TAMAN PEMADAM KEBAKARAN RW. 017 (RPTRA SATRIA BIRU),,,Jakarta Utara,"JL. KOMP. PEMADAM KEBAKARAN NO.17, RT.5/RW.1, SEMPER BAR., KEC. CILINCING, JKT UTARA, DAERAH KHUSUS IBUKOTA JAKARTA 14130",,,,,,,,False,,,CILINCING,SEMPER BARAT
rth-6dfa337515ed,TAMAN TIPAR SELATAN RT. 05 RW. 14 (RPTRA GREEN RENGAS),,,Jakarta Utara,"JL. TIPAR SELATAN VII NO.29, RT.14/RW.5, SEMPER BAR., KEC. CILINCING, JKT UTARA, DAERAH KHUSUS IBUKOTA JAKARTA 14130",,,,,,,,False,,,CILINCING,SEMPER BARAT
rth-70d5e64ee7ac,TAMAN SENA RAYA (SEGITIGA YON AIR),,,Jakarta Utara,"JL SENA RAYA, ASRAMA YON ANG AIR / YON BEKANG-4/AIR, KEL, RNO, RT.1/RW.2, SEMPER BAR., KEC. CILINCING, JKT UTARA, DAERAH KHUSUS IBUKOTA JAKARTA 14130",,,,,,,,False,,,CILINCING,SEMPER BARAT
rth-264bf258b6af,TAMAN SENA II,,,Jakarta Utara,"JL. SENA RAYA, RT.5/RW.2, SEMPER BAR., KEC. CILINCING, JKT UTARA, DAERAH KHUSUS IBUKOTA JAKARTA 14130",,,,,,,,False,,,CILINCING,SEMPER BARAT
rth-1432eb45ef60,TAMAN INDRAGIRI (EX. RT 12 RW. 01),,,Jakarta Utara,"JL. SUNGAI INDRAGIRI III NO.12, RT.12/RW.1, SEMPER BAR., KEC. CILINCING, JKT UTARA, DAERAH KHUSUS IBUKOTA JAKARTA 14130",,,,,,,,False,,,CILINCING,SEMPER BARAT
rth-1b3ce4302c93,TAMAN TARUNA JAYA II,,,Jakarta Utara,"JL. BELIBIS VIII NO.13, RT.13/RW.4, SEMPER BAR., KEC. CILINCING, JKT UTARA, DAERAH KHUSUS IBUKOTA JAKARTA 14130",,,,,,,,False,,,CILINCING,SEMPER BARAT
rth-d4651814053f,TAMAN TARUNA SAMPING MESJID (RPTRA PESONA TIPAR),,,Jakarta Utara,"JL. TARUNA II NO.17, RT.12/RW.4, SEMPER BAR., KEC. CILINCING, JKT UTARA, DAERAH KHUSUS IBUKOTA JAKARTA 14130",,,,,,,,False,,,CILINCING,SEMPER BARAT
rth-4929b98b8f6d,TAMAN KAPUAS (EX. RT 06 RW 01),,,Jakarta Utara,"JL. MEMBRAMO NO.3, RT 015/001",,,,,,,,False,,,CILINCING,SEMPER BARAT
rth-fcfd65ee12d3,TAMAN BETING,,,Jakarta Utara,"JL. BETING SAWAH, SEMPER BARAT",,,,,,,,False,,,CILINCING,SEMPER BARAT
rth-2298f6a03808,TAMAN GRIYA LESTARI DEPAN POSPOL,,,Jakarta Utara,"JL. SUNGAI BRANTAS NO.13, RT.13/RW.1, SEMPER BAR., KEC. CILINCING, JKT UTARA, DAERAH KHUSUS IBUKOTA JAKARTA 14130",,,,,,,,False,,,CILINCING,SEMPER BARAT
rth-4987c28c9f68,TAMAN SAMPING KELURAHAN SEMPER BARAT (RPTRA INTILAND TEDUH),,,Jakarta Utara,"JL. KOMP. PEMADAM KEBAKARAN NO.71, RT.14/RW.1, SEMPER BAR., KEC. CILINCING, JKT UTARA, DAERAH KHUSUS IBUKOTA JAKARTA 14130",,,,,,,,False,,,CILINCING,SEMPER BARAT
rth-20197f64c14a,TAMAN SENA LANJUTAN (RPTRA TAMAN SENA),,,Jakarta Utara,"JL. SENA RAYA, RT.5/RW.2, SEMPER BAR., KEC. CILINCING, JKT UTARA, DAERAH KHUSUS IBUKOTA JAKARTA 14130",,,,,,,,False,,,CILINCING,SEMPER BARAT
rth-ad9a29c75453,RPTRA TIPAR ASRI,rptra,RPTRA,Jakarta Utara,"JL. TIPAR CAKUNG GG. BAROKAH, RT.1/RW.4, SEMPER BAR., KEC. CILINCING, JKT UTARA, DAERAH KHUSUS IBUKOTA JAKARTA 14130",,,,,,,,False,,,CILINCING,SEMPER BARAT
rth-54726b2e4c2e,RPTRA TRIPUTRA PERSADA HIJAU,rptra,RPTRA,Jakarta Utara,"GG. KUTILANG, RT.3/RW.3, SEMPER BAR., KEC. CILINCING, JKT UTARA, DAERAH KHUSUS IBUKOTA JAKARTA 14130",,,,,,,,False,,,CILINCING,SEMPER BARAT
rth-3f2a2f5fe317,RPTRA KAPUAS SEMPER BARAT,rptra,RPTRA,Jakarta Utara,"JL. S.KAPUAS II NO.756, RT.6/RW.1, SEMPER BAR., KEC. CILINCING, JKT UTARA, DAERAH KHUSUS IBUKOTA JAKARTA 14130",,,,,,,,False,,,CILINCING,SEMPER BARAT
rth-de5260e05932,RPTRA DUKUH MANIS,rptra,RPTRA,Jakarta Utara,"JL.PURE DALAM, RT.11/RW.15, SEMPER BAR., KEC. CILINCING, JKT UTARA, DAERAH KHUSUS IBUKOTA JAKARTA",,,,,,,,False,,,CILINCING,SEMPER BARAT
rth-8aa06d4d6a18,TAMAN RUSUN SEMPER BARAT,,,Jakarta Utara,"JL. BELIBIS V, RT.19/RW.4, SEMPER BAR., KEC. CILINCING, JKT UTARA, DAERAH KHUSUS IBUKOTA JAKARTA 14130",,,,,,,,False,,,CILINCING,SEMPER BARAT
rth-9ccfab6da421,TAMAN KOMP. KEBERSIHAN KEC. CILINCING,,,Jakarta Utara,JL. KOMP. KEBERSIHAN RT.003 RW.06,,,,,,,,False,,,CILINCING,SEMPER BARAT
rth-16e062284b47,TAMAN RUSUN KEBERSIHAN SEMPER BARAT KEC. CILINCING,,,Jakarta Utara,"JL. RUSUN KEBERSIHAN NO.11, RT.7/RW.4, SEMPER BAR., KEC. CILINCING, JKT UTARA, DAERAH KHUSUS IBUKOTA JAKARTA 14130",,,,,,,,False,,,CILINCING,SEMPER BARAT
rth-59e5e2665ce8,TAMAN TIPAR MODERN,,,Jakarta Utara,"JL. TIPAR CAKUNG RW 004, KEL. SEMPER BARAT, KEC. CILINCING",,,,,,,,False,,,CILINCING,SEMPER BARAT
rth-846c724b4d6e,HUTAN KOTA RAWA MALANG SEMPER TIMUR,,,Jakarta Utara,"JL. KMP RAWA MALANG RT. 005 RW. 010 KEL. SEMPER TIMUR, KEC. CILINCING, JAKARTA UTARA",,,,,,,,False,,,CILINCING,SEMPER TIMUR
rth-49f70a3dcf71,JH. JL. AKSES MARUNDA S/D JEMBATAN KANAL BANJIR TIMUR (KBT),,,Jakarta Utara,JH. JL. AKSES MARUNDA S/D JEMBATAN KANAL BANJIR TIMUR (KBT),,,,,,,,False,,,CILINCING,SEMPER TIMUR
rth-874af4384023,JH. CACING RAYA SISI TIMUR DAN BARAT (DARI PERTIGAAN JL. CILINCING S/D FLY OVER KBN),,,Jakarta Utara,JH. JL. CACING RAYA SISI TIMUR DAN BARAT (DARI PERTIGAAN JL. CILINCING S/D FLY OVER KBN),,,,,,,,False,,,CILINCING,SEMPER TIMUR
rth-13198e79ad7d,JH. PULO - PULO POLANTAS,,,Jakarta Utara,JH. PULO - PULO POLANTAS,,,,,,,,False,,,CILINCING,SEMPER TIMUR
rth-1cecd2cc5b06,JH. PULO - PULO TANAH MERDEKA 2,,,Jakarta Utara,JH. PULO - PULO TANAH MERDEKA 2,,,,,,,,False,,,CILINCING,SEMPER TIMUR
rth-f792fbb4e52b,JH. PULO - PULO TANAH MERDEKA 1,,,Jakarta Utara,JH. PULO - PULO TANAH MERDEKA 1,,,,,,,,False,,,CILINCING,SEMPER TIMUR
rth-1a7fe6c9f41e,"JL. KEBANTENAN IV RT. 008, RW. 006 KEL. SEMPER TIMUR, KEC. CILINCING, JAKARTA UTARA",,,Jakarta Utara,"JL. KEBANTENAN IV RT. 008, RW. 006 KEL. SEMPER TIMUR, KEC. CILINCING, JAKARTA UTARA",,,,,,,,False,,,CILINCING,SEMPER TIMUR
rth-6576c9239e0d,HUTAN KOTA SUKAPURA,,,Jakarta Utara,JL. RAYA TIPAR CAKUNG RT 07 RW 04 KEL. SUKAPURA KEC. CILINCING JAKARTA UTARA,,,,,,,,False,,,CILINCING,SUKA PURA
rth-4fe8c80722cd,TAMAN GADING GRIYA LESTARI,,,Jakarta Utara,"JL. LAKSDA YOS SUDARSO NO.27 - 29, RT.9/RW.9, SUKA PURA, CILINCING, RT.3/RW.5, SUKAPURA, KEC. CILINCING, JKT UTARA, DAERAH KHUSUS IBUKOTA JAKARTA 14140",,,,,,,,False,,,CILINCING,SUKA PURA
rth-11ff377e54ef,TAMAN RT. 02 RW 08 SUKAPURA / JL. TELUK LANGSA,,,Jakarta Utara,"JL. TLK. LANGSA 10, RT.1/RW.7, SUKAPURA, KEC. CILINCING, JKT UTARA, DAERAH KHUSUS IBUKOTA JAKARTA 14140",,,,,,,,False,,,CILINCING,SUKA PURA
rth-39e3e2140ac9,TAMAN MAJAPAHIT,,,Jakarta Utara,"JL. MAJAPAHIT, RT.14/RW.7, SUKAPURA, CILINCING, NORTH JAKARTA CITY, JAKARTA 14140",,,,,,,,False,,,CILINCING,SUKA PURA
rth-30970cb05c78,TAMAN CAMAR I,,,Jakarta Utara,"JL. CAMAR 1 KOMPLEK WALIKOTA NO.16, SUKAPURA, KEC. CILINCING, JKT UTARA, DAERAH KHUSUS IBUKOTA JAKARTA 14140",,,,,,,,False,,,CILINCING,SUKA PURA
rth-578ab11f609c,TAMAN CAMAR II,,,Jakarta Utara,"JL. CAMAR 2, RT.8/RW.6, SUKAPURA, KEC. CILINCING, JKT UTARA, DAERAH KHUSUS IBUKOTA JAKARTA 14140",,,,,,,,False,,,CILINCING,SUKA PURA
rth-b99d0ba140a4,TAMAN BEO,,,Jakarta Utara,"JL. BEO, RT.13/RW.6, SUKAPURA, CILINCING, NORTH JAKARTA CITY, JAKARTA 14140",,,,,,,,False,,,CILINCING,SUKA PURA
rth-9201e10b5a2f,TAMAN WIJAYA KUSUMA,,,Jakarta Utara,"JL. WIJAYA KUSUMA, RT.14/RW.7, SUKAPURA, CILINCING, NORTH JAKARTA CITY, JAKARTA 14140",,,,,,,,False,,,CILINCING,SUKA PURA
rth-17f6b15a7109,TAMAN ANOA LESTARI (RPTRA ANOA),,,Jakarta Utara,"JL. ANOA LESTARI 5 55-19, RW.9, SUKAPURA, KEC. CILINCING, JKT UTARA, DAERAH KHUSUS IBUKOTA JAKARTA 14140",,,,,,,,False,,,CILINCING,SUKA PURA
rth-ed27454a583d,RPTRA MANUNGGAL JUANG SUKAPURA,rptra,RPTRA,Jakarta Utara,"JL. MANUNGGAL JUANG II, SUKAPURA, KEC. CILINCING, JKT UTARA, DAERAH KHUSUS IBUKOTA JAKARTA 14140",,,,,,,,False,,,CILINCING,SUKA PURA
rth-03bf19aa6f95,RPTRA PINUS,rptra,RPTRA,Jakarta Utara,"JL. PINUS II NO.5, RT.12/RW.5, SUKAPURA, KEC. CILINCING, JKT UTARA, DAERAH KHUSUS IBUKOTA JAKARTA 14140",,,,,,,,False,,,CILINCING,SUKA PURA
rth-ad58e3c30168,PERUMAHAN GADING GRIYA LESTARI (LAHAN BLOK B1),,,Jakarta Utara,JL. GADING GRIYA LESTARI BLOK B1,,,,,,,,False,,,CILINCING,SUKA PURA
rth-0e14bc81f9ba,PERUMAHAN GADING GRIYA LESTARI (LAHAN BLOK A7),,,Jakarta Utara,JL. GADING GRIYA LESTARI BLOK A7,,,,,,,,False,,,CILINCING,SUKA PURA
rth-27232b0e33c8,PERUMAHAN GADING GRIYA LESTARI (LAHAN BLOK E4),,,Jakarta Utara,JL. GADING GRIYA LESTARI BLOK E4,,,,,,,,False,,,CILINCING,SUKA PURA
rth-51fc2a61376b,PERUMAHAN GADING GRIYA LESTARI (TANAH TAMAN BLOK B6),,,Jakarta Utara,JL. GADING GRIYA LESTARI BLOK B6,,,,,,,,False,,,CILINCING,SUKA PURA
rth-663be0ae094e,"TAMAN RW 011, KEL. SUKAPURA (PERUMAHAN GRAND ORCHAD)",,,Jakarta Utara,"JL. GRAND ORCHARD NO.9, RT.9/RW.1, SUKAPURA, KEC. CILINCING, JKT UTARA, DAERAH KHUSUS IBUKOTA JAKARTA 14140",,,,,,,,False,,,CILINCING,SUKA PURA
rth-8ef2c5a032be,JH. JL. BGR I,,,Jakarta Utara,JH. JL. BGR I,,,,,,,,False,,,KELAPA GADING,KELAPA GADING BARAT
rth-7c6fad59782f,JH. JL. BOULEVARD BARAT,,,Jakarta Utara,JH. JL. BOULEVARD BARAT,,,,,,,,False,,,KELAPA GADING,KELAPA GADING BARAT
rth-5b4a7b344ea5,JH. JL. PERINTIS KEMERDEKAAN SISI UTARA,,,Jakarta Utara,JH. JL. PERINTIS KEMERDEKAAN SISI UTARA,,,,,,,,False,,,KELAPA GADING,KELAPA GADING BARAT
rth-dc28647eadd9,JH. JL. PELEPAH RAYA,,,Jakarta Utara,JH. JL. PELEPAH RAYA,,,,,,,,False,,,KELAPA GADING,KELAPA GADING BARAT
rth-b324c3c1fbd2,JH. JL. YOS SUDARSO SISI TIMUR,,,Jakarta Utara,JH. JL. YOS SUDARSO SISI TIMUR,,,,,,,,False,,,KELAPA GADING,KELAPA GADING BARAT
rth-7653a71bcb85,JH. MEDIAN JL. PERINTIS KEMERDEKAAN,,,Jakarta Utara,JH. MEDIAN JL. PERINTIS KEMERDEKAAN,,,,,,,,False,,,KELAPA GADING,KELAPA GADING BARAT
rth-f4849824cbd2,RPTRA KITA BERSAUDARA,rptra,RPTRA,Jakarta Utara,"JL. JANUR ELOK VII NO.RT.12, RT.12/RW.11, KLP. GADING BAR., KEC. KLP. GADING, JKT UTARA, DAERAH KHUSUS IBUKOTA JAKARTA 14240",,,,,,,,False,,,KELAPA GADING,KELAPA GADING BARAT
rth-ff9262fdb347,TAMAN BAHARIWAN (TAMAN SEKAR GADING),,,Jakarta Utara,"JL. GADING RAYA NO.1, RT.1/RW.5, KLP. GADING BAR., KEC. KLP. GADING, JKT UTARA, DAERAH KHUSUS IBUKOTA JAKARTA 13230",,,,,,,,False,,,KELAPA GADING,KELAPA GADING BARAT
rth-710421fa44d4,TAMAN JALAN SENTOSA RW 10,,,Jakarta Utara,"JL. SENTOSA RW 10, KELAPA GADING BARAT",,,,,,,,False,,,KELAPA GADING,KELAPA GADING BARAT
rth-d1e442bde74e,TAMAN TELUK RATAI RAYA,,,Jakarta Utara,"JL. PENYENGAT 4 NO.23, RT.3/RW.3, WEST KELAPA GADING, KELAPA GADING, NORTH JAKARTA CITY, JAKARTA 14240",,,,,,,,False,,,KELAPA GADING,KELAPA GADING BARAT
rth-0cfbdcafc431,TAMAN TOYOTA,,,Jakarta Utara,TAMAN TOYOTA KEL. GADING BARAT KEC. KELAPA GADING,,,,,,,,False,,,KELAPA GADING,KELAPA GADING BARAT
rth-b82349f7ab36,TAMAN JALAN PRIHATIN RW 02,,,Jakarta Utara,"JL. PRIHATIN RW 02, KELAPA GADING, JAKARTA UTARA",,,,,,,,False,,,KELAPA GADING,KELAPA GADING BARAT
rth-ccec43491e7d,TAMAN SIAGA RW 03,,,Jakarta Utara,TAMAN SIAGA RW 03 KEL. GADING BARAT KEC. KELAPA GADING,,,,,,,,False,,,KELAPA GADING,KELAPA GADING BARAT
rth-48fb6aa3bbee,TAMAN BGR,,,Jakarta Utara,TAMAN BGR KEL. GADING BARAT KEC. KELAPA GADING,,,,,,,,False,,,KELAPA GADING,KELAPA GADING BARAT
rth-14deb8cc03b7,TAMAN PALEM RW. 06,,,Jakarta Utara,TAMAN PALEM RW 06 KEL GADING BARAT KEC. KELAPA GADING,,,,,,,,False,,,KELAPA GADING,KELAPA GADING BARAT
rth-0271ae1aab60,"PERUM. VILLA GADING INDAH BLOK T1, KEL. KELAPA GADING BARAT",,,Jakarta Utara,"PERUM. VILLA GADING INDAH BLOK T1, KEL. KELAPA GADING BARAT",,,,,,,,False,,,KELAPA GADING,KELAPA GADING BARAT
rth-6d4b0902fa14,"PERUM. VILLA GADING INDAH BLOK T2, KEL. KELAPA GADING BARAT",,,Jakarta Utara,"PERUM. VILLA GADING INDAH BLOK T2, KEL. KELAPA GADING BARAT",,,,,,,,False,,,KELAPA GADING,KELAPA GADING BARAT
rth-8186faf36f90,"PERUM. VILLA GADING INDAH BLOK T3, KEL. KELAPA GADING BARAT",,,Jakarta Utara,"PERUM. VILLA GADING INDAH BLOK T3, KEL. KELAPA GADING BARAT",,,,,,,,False,,,KELAPA GADING,KELAPA GADING BARAT
rth-8a6240e19eb4,"PERUM. VILLA GADING INDAH BLOK T4, KEL. KELAPA GADING BARAT",,,Jakarta Utara,"PERUM. VILLA GADING INDAH BLOK T4, KEL. KELAPA GADING BARAT",,,,,,,,False,,,KELAPA GADING,KELAPA GADING BARAT
rth-d6e861942010,"PERUM. VILLA GADING INDAH BLOK T5, KEL. KELAPA GADING BARAT",,,Jakarta Utara,"PERUM. VILLA GADING INDAH BLOK T5, KEL. KELAPA GADING BARAT",,,,,,,,False,,,KELAPA GADING,KELAPA GADING BARAT
rth-c9e626fe8d66,"PERUM. VILLA GADING INDAH BLOK T6, KEL. KELAPA GADING BARAT",,,Jakarta Utara,"PERUM. VILLA GADING INDAH BLOK T6, KEL. KELAPA GADING BARAT",,,,,,,,False,,,KELAPA GADING,KELAPA GADING BARAT
rth-cfb8d3362ad4,"PERUM. VILLA GADING INDAH BLOK T7, KEL. KELAPA GADING BARAT",,,Jakarta Utara,"PERUM. VILLA GADING INDAH BLOK T7, KEL. KELAPA GADING BARAT",,,,,,,,False,,,KELAPA GADING,KELAPA GADING BARAT
rth-7ba04812048e,"PERUM. VILLA GADING INDAH BLOK T8, KEL. KELAPA GADING BARAT",,,Jakarta Utara,"PERUM. VILLA GADING INDAH BLOK T8, KEL. KELAPA GADING BARAT",,,,,,,,False,,,KELAPA GADING,KELAPA GADING BARAT
rth-dda9657fae7c,"PERUM. VILLA GADING INDAH BLOK T9, KEL. KELAPA GADING BARAT",,,Jakarta Utara,"PERUM. VILLA GADING INDAH BLOK T9, KEL. KELAPA GADING BARAT",,,,,,,,False,,,KELAPA GADING,KELAPA GADING BARAT
rth-8d4018faae3f,"PERUM. VILLA GADING INDAH BLOK T10, KEL. KELAPA GADING BARAT",,,Jakarta Utara,"PERUM. VILLA GADING INDAH BLOK T10, KEL. KELAPA GADING BARAT",,,,,,,,False,,,KELAPA GADING,KELAPA GADING BARAT
rth-ce2fd75b8a96,"PERUM. VILLA GADING INDAH BLOK T11, KEL. KELAPA GADING BARAT",,,Jakarta Utara,"PERUM. VILLA GADING INDAH BLOK T11, KEL. KELAPA GADING BARAT",,,,,,,,False,,,KELAPA GADING,KELAPA GADING BARAT
rth-bb598a87b1cb,"PERUM. VILLA GADING INDAH BLOK T12, KEL. KELAPA GADING BARAT",,,Jakarta Utara,"PERUM. VILLA GADING INDAH BLOK T12, KEL. KELAPA GADING BARAT",,,,,,,,False,,,KELAPA GADING,KELAPA GADING BARAT
rth-4916230e180f,"PERUM. VILLA GADING INDAH BLOK T13, KEL. KELAPA GADING BARAT",,,Jakarta Utara,"PERUM. VILLA GADING INDAH BLOK T13, KEL. KELAPA GADING BARAT",,,,,,,,False,,,KELAPA GADING,KELAPA GADING BARAT
rth-2d4cd8529453,"PERUM. VILLA GADING INDAH BLOK T14, KEL. KELAPA GADING BARAT",,,Jakarta Utara,"PERUM. VILLA GADING INDAH BLOK T14, KEL. KELAPA GADING BARAT",,,,,,,,False,,,KELAPA GADING,KELAPA GADING BARAT
rth-191fe9b26d30,JH. MEDIAN JL. PERINTIS KEMERDEKAAN,,,Jakarta Utara,JH. MEDIAN JL. PERINTIS KEMERDEKAAN,,,,,,,,False,,,KELAPA GADING,KELAPA GADING TIMUR
rth-349ebe190f35,JH. JL. PERINTIS KEMERDEKAAN SISI UTARA S/D TERMINAL PULO GADUNG,,,Jakarta Utara,JH. JL. PERINTIS KEMERDEKAAN SISI UTARA S/D TERMINAL PULO GADUNG,,,,,,,,False,,,KELAPA GADING,KELAPA GADING TIMUR
rth-7617b0b5cc54,JL. BOULEVARD RAYA,,,Jakarta Utara,JL. BOULEVARD RAYA,,,,,,,,False,,,KELAPA GADING,KELAPA GADING TIMUR
rth-135e1be249cb,TAMAN ARUMBA,,,Jakarta Utara,JL. MANDOLIN,,,,,,,,False,,,KELAPA GADING,KELAPA GADING TIMUR
rth-d6e4a030f510,TAMAN MARAMBA,,,Jakarta Utara,JL. MARAMBA,,,,,,,,False,,,KELAPA GADING,KELAPA GADING TIMUR
rth-42dfddfbff7f,TAMAN TOPENG,,,Jakarta Utara,JL. BANGUN CIPTA SARANA - JL. TOPENG,,,,,,,,False,,,KELAPA GADING,KELAPA GADING TIMUR
rth-e8b2240d3a9f,TAMAN EDEN RW 06,,,Jakarta Utara,JL. PELEPAH ELOK III,,,,,,,,False,,,KELAPA GADING,KELAPA GADING TIMUR
rth-bbbd1b2281c6,RPTRA DEWI SINTA,rptra,RPTRA,Jakarta Utara,"JL. DEWI SHINTA NO.2, RT.2/RW.8, KLP. GADING TIM., KEC. KLP. GADING, JKT UTARA, DAERAH KHUSUS IBUKOTA JAKARTA 14240",,,,,,,,False,,,KELAPA GADING,KELAPA GADING TIMUR
rth-532c0e2dc23b,TAMAN MAENGKET,,,Jakarta Utara,"JL. MAENGKET, KELAPA GADING TIMUR",,,,,,,,False,,,KELAPA GADING,KELAPA GADING TIMUR
rth-2134019eae99,TAMAN GADING PUTIH,,,Jakarta Utara,"JL. GADING PUTIH RW. 02, KELAPA GADING TIMUR",,,,,,,,False,,,KELAPA GADING,KELAPA GADING TIMUR
rth-ee4897339ea2,TAMAN RW 13 KELAPA CENGKIR,,,Jakarta Utara,"JL. KELAPA CENGKIR BARAT IV, KELAPA GADING TIMUR",,,,,,,,False,,,KELAPA GADING,KELAPA GADING TIMUR
rth-82b1d92046ea,TAMAN JALAN PELEPAH INDAH,,,Jakarta Utara,"JL. PELEPAH INDAH, KELAPA GADING TIMUR",,,,,,,,False,,,KELAPA GADING,KELAPA GADING TIMUR
rth-c553037a0ed5,TAMAN GADING INDAH,,,Jakarta Utara,JL. TAMAN GADING INDAH,,,,,,,,False,,,KELAPA GADING,KELAPA GADING TIMUR
rth-078a3b114eb5,RPTRA BIRU LAUT KOMP. PERUMAHAN,rptra,RPTRA,Jakarta Utara,"JL. MERAH DELIMA 5-24, RT.9/RW.10, KLP. GADING TIM., KEC. KLP. GADING, JKT UTARA, DAERAH KHUSUS IBUKOTA JAKARTA 14240",,,,,,,,False,,,KELAPA GADING,KELAPA GADING TIMUR
rth-42d01cce0a73,TAMAN RW 11 (TAMAN JL. CENGKIR RW 11),,,Jakarta Utara,"JL. KELAPA CENGKIR BARAT IV 11, RT.5/RW.11, KLP. GADING TIM., KEC. KLP. GADING, JKT UTARA, DAERAH KHUSUS IBUKOTA JAKARTA 14240",,,,,,,,False,,,KELAPA GADING,KELAPA GADING TIMUR
rth-79b4beece33e,TAMAN LELE RW 06 (PELEPAH ELOK),,,Jakarta Utara,"JL. PELEPAH ELOK III, KELAPA GADING TIMUR",,,,,,,,False,,,KELAPA GADING,KELAPA GADING TIMUR
rth-c4dbb519d295,GOR YUDO,,,Jakarta Utara,"JALAN KELAPA PUAN RAYA BLOK EF 1 NO.1, KELAPA GADING, RW.13, KLP. GADING TIM., JAKARTA UTARA, JKT UTARA, DAERAH KHUSUS IBUKOTA JAKARTA 14240",,,,,,,,False,,,KELAPA GADING,KELAPA GADING TIMUR
rth-f5ea1adb33ef,RPTRA GADING HARMONI,rptra,RPTRA,Jakarta Utara,"JL. JANUR KUNING III, RT.9/RW.15, KLP. GADING TIM., KEC. KLP. GADING, JKT UTARA, DAERAH KHUSUS IBUKOTA JAKARTA 14240",,,,,,,,False,,,KELAPA GADING,KELAPA GADING TIMUR
rth-dde031ac5fab,TAMAN JANUR KUNING III KANTOR RW 015,,,Jakarta Utara,TAMAN JANUR KUNING III KANTOR RW 015 KEL. GADING TIMUR KEC. KELAPA GADING,,,,,,,,False,,,KELAPA GADING,KELAPA GADING TIMUR
rth-e7a5c2631311,RPTRA GADING TARIAN,rptra,RPTRA,Jakarta Utara,"JL. SERIMPI, RT.6/RW.7, KLP. GADING TIM., KEC. KLP. GADING, JKT UTARA, DAERAH KHUSUS IBUKOTA JAKARTA 14240",,,,,,,,False,,,KELAPA GADING,KELAPA GADING TIMUR
rth-158e3175142e,TAMAN JL. GADING ELOK RW 09 (KOPYOR),,,Jakarta Utara,JL. GADING ELOK RW 09,,,,,,,,False,,,KELAPA GADING,KELAPA GADING TIMUR
rth-d4efed39f8c0,JH. JL. ARTERI KELAPA GADING,,,Jakarta Utara,JH. JL. ARTERI KELAPA GADING,,,,,,,,False,,,KELAPA GADING,PEGANGSAAN DUA
rth-0b3e8b460d99,JH. JL. KELAPA NIAS RAYA,,,Jakarta Utara,JH. JL. KELAPA NIAS RAYA,,,,,,,,False,,,KELAPA GADING,PEGANGSAAN DUA
rth-181a5d04205a,JH. JL. TOROMPIO S/D JL. ACCORDION,,,Jakarta Utara,JH. JL. TOROMPIO S/D JL. ACCORDION,,,,,,,,False,,,KELAPA GADING,PEGANGSAAN DUA
rth-3b20a9224236,JH. JL. PEGANGSAAN DUA,,,Jakarta Utara,JH. JL. PEGANGSAAN DUA,,,,,,,,False,,,KELAPA GADING,PEGANGSAAN DUA
rth-7d3a4ef61746,JL KELAPA HIBRIDA,,,Jakarta Utara,JL KELAPA HIBRIDA,,,,,,,,False,,,KELAPA GADING,PEGANGSAAN DUA
rth-4a4331ce7af7,KOLONG LRT KELAPA GADING,,,Jakarta Utara,KOLONG LRT KELAPA GADING,,,,,,,,False,,,KELAPA GADING,PEGANGSAAN DUA
rth-58505283ea00,TAMAN MUSIK RAYA,,,Jakarta Utara,"JL. MUSIK RAYA, RT.7/RW.10, PEGANGSAAN DUA, KEC. KLP. GADING, JKT UTARA, DAERAH KHUSUS IBUKOTA JAKARTA 14250",,,,,,,,False,,,KELAPA GADING,PEGANGSAAN DUA
rth-4101e124466f,RPTRA BELLYRA,rptra,RPTRA,Jakarta Utara,"JL TASKA RW 010, KLP. GADING, KOTA JKT UTARA, KLP. GADING, KOTA JKT UTARA, RT.5/RW.2, PEGANGSAAN DUA, KEC. KLP. GADING, JKT UTARA, DAERAH KHUSUS IBUKOTA JAKARTA 14250",,,,,,,,False,,,KELAPA GADING,PEGANGSAAN DUA
rth-2d032e277c6d,TAMAN KELAPA PUAN I,,,Jakarta Utara,"JL. KELAPA PUAN TIMUR I 26-22, RT.1/RW.12, PEGANGSAAN DUA, KEC. KLP. GADING, JKT UTARA, DAERAH KHUSUS IBUKOTA JAKARTA 14250",,,,,,,,False,,,KELAPA GADING,PEGANGSAAN DUA
rth-77d9e4f4977c,RPTRA KELAPA PUAN,rptra,RPTRA,Jakarta Utara,"JL. KELAPA PUAN TIMUR V NO.12A, RT.5/RW.12, PEGANGSAAN DUA, KEC. KLP. GADING, JKT UTARA, DAERAH KHUSUS IBUKOTA JAKARTA 14250",,,,,,,,False,,,KELAPA GADING,PEGANGSAAN DUA
rth-55ab27bc8d2d,TAMAN BONGO IV,,,Jakarta Utara,JL. BONGO IV,,,,,,,,False,,,KELAPA GADING,PEGANGSAAN DUA
rth-f6c16ee0e862,TAMAN SIMPONI MAS / LUMBINI,,,Jakarta Utara,JL. LUMBINI,,,,,,,,False,,,KELAPA GADING,PEGANGSAAN DUA
rth-3406a5ec1c8b,RPTRA HAJI OYAR,rptra,RPTRA,Jakarta Utara,"JL. H. OYAR NO.75, RT.2/RW.2, PEGANGSAAN DUA, KEC. KLP. GADING, JKT UTARA, DAERAH KHUSUS IBUKOTA JAKARTA 14250",,,,,,,,False,,,KELAPA GADING,PEGANGSAAN DUA
rth-0bd821a03fa7,RPTRA GRIYA PRATAMA,rptra,RPTRA,Jakarta Utara,"JL. GRIYA PRATAMA VII NO.1, RT.8/RW.20, PEGANGSAAN DUA, KELAPA GADING, NORTH JAKARTA CITY, JAKARTA 14240",,,,,,,,False,,,KELAPA GADING,PEGANGSAAN DUA
rth-df0e67587ef0,"RPTRA KELAPA NIAS IX, RT. 09 RW. 17",rptra,RPTRA,Jakarta Utara,"JL. KELAPA NIAS IX NO.9, RT.7/RW.17, PEGANGSAAN DUA, KEC. KLP. GADING, JKT UTARA, DAERAH KHUSUS IBUKOTA JAKARTA 14250",,,,,,,,False,,,KELAPA GADING,PEGANGSAAN DUA
rth-25bbd1104dcc,TAMAN RW 014 (GADING ASRI 2),,,Jakarta Utara,JL. GADING ASRI 2,,,,,,,,False,,,KELAPA GADING,PEGANGSAAN DUA
rth-c783c4102c1f,RPTRA GADING HIBRIDA,rptra,RPTRA,Jakarta Utara,"JL. KELAPA HYBRIDA TIMUR, RT.10/RW.3, PEGANGSAAN DUA, KEC. KLP. GADING, JKT UTARA, DAERAH KHUSUS IBUKOTA JAKARTA 14250",,,,,,,,False,,,KELAPA GADING,PEGANGSAAN DUA
rth-8d6a6c194dfb,TAMAN RW 025 (GADING GRANDE),,,Jakarta Utara,TAMAN GRANDE PEGANGSAAN DUA KELAPA GADING,,,,,,,,False,,,KELAPA GADING,PEGANGSAAN DUA
rth-14b9847bc6a9,KEBUN BIBIT KELAPA GADING,,,Jakarta Utara,"RT.10/RW.15, PEGANGSAAN DUA, KELAPA GADING, JAKARTA UTARA",,,,,,,,False,,,KELAPA GADING,PEGANGSAAN DUA
rth-e35f34c05636,RPTRA PONDOK GADING,rptra,RPTRA,Jakarta Utara,"JL. PEGANGSAAN INDAH BAR. NO.5, RT.3/RW.16, PEGANGSAAN DUA, KEC. KLP. GADING, JKT UTARA, DAERAH KHUSUS IBUKOTA JAKARTA 14250",,,,,,,,False,,,KELAPA GADING,PEGANGSAAN DUA
rth-f037353e028a,RPTRA NKRI,rptra,RPTRA,Jakarta Utara,"JL. GADING INDAH UTARA X NO.12A, RT.27/RW.12, PEGANGSAAN DUA, KEC. KLP. GADING, JKT UTARA, DAERAH KHUSUS IBUKOTA JAKARTA 14250",,,,,,,,False,,,KELAPA GADING,PEGANGSAAN DUA
rth-40ce81865fd0,TAMAN SULUANG,,,Jakarta Utara,"JL. SULUANG, RT.5/RW.7, PEGANGSAAN DUA, KEC. KLP. GADING, JKT UTARA, DAERAH KHUSUS IBUKOTA JAKARTA 14240",,,,,,,,False,,,KELAPA GADING,PEGANGSAAN DUA
rth-939af625eac7,TAMAN PUSPA GADING,,,Jakarta Utara,PERUMAHAN PUSPA GADING JALAN PEGANGSAAN INDAH BARAT,,,,,,,,False,,,KELAPA GADING,PEGANGSAAN DUA
rth-afc76993e795,TAMAN INDAH BERSAMA,,,Jakarta Utara,"KAMPUNG RAWA INDAH RT. 003 RW. 003 KEL. PEGANGSAAN DUA, KEC. KEPALA GADING, JAKARTA UTARA",,,,,,,,False,,,KELAPA GADING,PEGANGSAAN DUA
rth-2fec5d4ff831,RTH JL. PEGANGSAAN DUA RT. 002 RW. 002,,,Jakarta Utara,JL. PEGANGSAAN DUA RT. 002 RW. 002,,,,,,,,False,,,KELAPA GADING,PEGANGSAAN DUA
rth-c4814cb1057d,RTH JL. PEGANGSAAN DUA NO. 68 B RT.003 RW.07,,,Jakarta Utara,JL. PEGANGSAAN DUA NO. 68 B RT.003 RW.07,,,,,,,,False,,,KELAPA GADING,PEGANGSAAN DUA
rth-e467295e8b68,TAMAN TROMPIO KEC. KELAPA GADING,,,Jakarta Utara,"JL. SULUANG, RT.5/RW.7, PEGANGSAAN DUA, KEC. KLP. GADING, JKT UTARA, DAERAH KHUSUS IBUKOTA JAKARTA 14240",,,,,,,,False,,,KELAPA GADING,PEGANGSAAN DUA
rth-177fd6743a03,TAMAN ACORDION KEC. KELAPA GADING,,,Jakarta Utara,"JL. ACORDION , RT.1/RW.20, PEGANGSAAN DUA, KEC. KLP. GADING, JKT UTARA, DAERAH KHUSUS IBUKOTA JAKARTA 14250",,,,,,,,False,,,KELAPA GADING,PEGANGSAAN DUA
rth-7c8a513cc2c6,JH. JL. CIKIJANG I S/D JL CIPEUCANG I (KALI KRESEK),,,Jakarta Utara,JH. JL. CIKIJANG I S/D JL CIPEUCANG I (KALI KRESEK),,,,,,,,False,,,KOJA,KOJA
rth-d3100cc08ecf,KOLONG TOL JL. JAMPEA,,,Jakarta Utara,KOLONG TOL JL. JAMPEA,,,,,,,,False,,,KOJA,KOJA
rth-25f07d15c45c,JH DAN MEDIAN JL. YOS SUDARSO SISI TIMUR (RAWA BADAK SELATAN),,,Jakarta Utara,JH. JL. YOS SUDARSO SISI TIMUR,,,,,,,,False,,,KOJA,RAWABADAK SELATAN
rth-c98d7a3b11b8,TAMAN PANDU KEPIL,,,Jakarta Utara,"JL. KEPIL NO.181, RT.5/RW.7, RAWABADAK SEL., KEC. KOJA, JKT UTARA, DAERAH KHUSUS IBUKOTA JAKARTA 14230",,,,,,,,False,,,KOJA,RAWABADAK SELATAN
rth-32a5b97b6e3e,RPTRA RASELA,rptra,RPTRA,Jakarta Utara,"JL. ALUR LAUT, RT.9/RW.5, SOUTH RAWABADAK, KOJA, NORTH JAKARTA CITY, JAKARTA 14230",,,,,,,,False,,,KOJA,RAWABADAK SELATAN
rth-9a65f4e56ed3,TAMAN GOR RBS,,,Jakarta Utara,"JL. ALUR LAUT NO.5A, RT.10/RW.4, RAWABADAK SEL., KEC. KOJA, JKT UTARA, DAERAH KHUSUS IBUKOTA JAKARTA 14230",,,,,,,,False,,,KOJA,RAWABADAK SELATAN
rth-13eb0c6444ea,JH JL. YOS SUDARSO SISI TIMUR (RAWA BADAK UTARA),,,Jakarta Utara,JH. JL. YOS SUDARSO SISI TIMUR,,,,,,,,False,,,KOJA,RAWABADAK UTARA
rth-874564408512,JH. JL. INSPEKSI RAWA BADAK UTARA/ INSPEKSI KALI SUNTER,,,Jakarta Utara,JH. JL. INSPEKSI RAWA BADAK UTARA/ INSPEKSI KALI SUNTER,,,,,,,,False,,,KOJA,RAWABADAK UTARA
