periode_data,wilayah,kecamatan,kelurahan,nama_rth,alamat_rth,jenis_rth
2024,KOTA ADM. JAKARTA PUSAT,SENEN,SENEN,TAMAN HKSN,"JL. PASAR SENEN, RW.3, SENEN, KEC. SENEN, KOTA JAKARTA PUSAT, DAERAH KHUSUS IBUKOTA JAKARTA 10410",TAMAN
2024,KOTA ADM. JAKARTA PUSAT,TAMAN SARI,KARANG ANYAR,TAMAN MAPHAR,"JL. KARANG ANYAR NO.22, RT.2/RW.2, KARANG ANYAR, KECAMATAN SAWAH BESAR, KOTA JAKARTA PUSAT, DAERAH KHUSUS IBUKOTA JAKARTA 10740",TAMAN
2024,KOTA ADM. JAKARTA PUSAT,TANAH ABANG,BENDUNGAN HILIR,JH JL. BENDUNGAN HILIR (BAK TANAMAN),JH JL. BENDUNGAN HILIR (BAK TANAMAN),JALUR HIJAU
2024,KOTA ADM. JAKARTA PUSAT,TANAH ABANG,BENDUNGAN HILIR,TAMAN JEMBATAN TINGGI FARMASI,TAMAN JEMBATAN TINGGI FARMASI,JALUR HIJAU
2024,KOTA ADM. JAKARTA PUSAT,TANAH ABANG,BENDUNGAN HILIR,TAMAN PENJERNIHAN (SEGITIGA) (DEKAT PERUMAHAN KEUANGAN),TAMAN PENJERNIHAN (SEGITIGA) (DEKAT PERUMAHAN KEUANGAN),JALUR HIJAU
2024,KOTA ADM. JAKARTA PUSAT,TANAH ABANG,BENDUNGAN HILIR,TAMAN LADOGI (JALUR),TAMAN LADOGI (JALUR),JALUR HIJAU
2024,KOTA ADM. JAKARTA PUSAT,TANAH ABANG,BENDUNGAN HILIR,JH PERENGAN/KUPINGAN FO SLIPI SISI UTARA & SEGITIGA PULO (POS POLISI) DAN SISI SELATAN JL. PEJOMPONGAN RAYA,JH PERENGAN/KUPINGAN FO SLIPI SISI UTARA & SEGITIGA PULO (POS POLISI) DAN SISI SELATAN JL. PEJOMPONGAN RAYA,JALUR HIJAU
2024,KOTA ADM. JAKARTA PUSAT,TANAH ABANG,BENDUNGAN HILIR,TAMAN PAM BARU,"JL. PAM BARU, TANAH ABANG, JAKARTA PUSAT",TAMAN
2024,KOTA ADM. JAKARTA PUSAT,TANAH ABANG,BENDUNGAN HILIR,TAMAN PEJOMPONGAN (ADMINISTRASI/LAN),"TAMAN LAN PEJOMPONGAN, JL. ADMINISTRASI NEGARA, BENDUNGAN HILIR, TANAH ABANG",TAMAN
2024,KOTA ADM. JAKARTA PUSAT,TANAH ABANG,BENDUNGAN HILIR,TAMAN DANAU BUYAN,"JL. D. BUYAN, RT.9/RW.3, BEND. HILIR, KECAMATAN TANAH ABANG, KOTA JAKARTA PUSAT, DAERAH KHUSUS IBUKOTA JAKARTA 10210",TAMAN
2024,KOTA ADM. JAKARTA PUSAT,TANAH ABANG,BENDUNGAN HILIR,TAMAN DANAU DAMPELAS,"JL. DANAU TOBA NO.85, RT.19/RW.4, BEND. HILIR, KECAMATAN TANAH ABANG, KOTA JAKARTA PUSAT, DAERAH KHUSUS IBUKOTA JAKARTA 10210",TAMAN
2024,KOTA ADM. JAKARTA PUSAT,TANAH ABANG,BENDUNGAN HILIR,TAMAN SINGKARAK,"JL. BENDUNGAN HILIR NO.24-25, RT.11/RW.3, BEND. HILIR, KECAMATAN TANAH ABANG, KOTA JAKARTA PUSAT",TAMAN
2024,KOTA ADM. JAKARTA PUSAT,TANAH ABANG,BENDUNGAN HILIR,TAMAN SITU AKSAN,"JL. SITU AKSAN, BENDUNGAN HILIR",TAMAN
2024,KOTA ADM. JAKARTA PUSAT,TANAH ABANG,BENDUNGAN HILIR,TAMAN PEJOMPONGAN (SATE JONO),"JL PEJOMPONGAN RAYA, BENDUNGAN HILIR",TAMAN
2024,KOTA ADM. JAKARTA PUSAT,TANAH ABANG,BENDUNGAN HILIR,TAMAN PAM LAMA,JALAN PAM LAMA KEL. BENDUNGAN HILIR KEC. TANAH ABANG,TAMAN
2024,KOTA ADM. JAKARTA PUSAT,TANAH ABANG,BENDUNGAN HILIR,TAMAN DANAU SEMAYANG,"JL DANAU SEMAYANG, BENDUNGAN HILIR, JAKARTA PUSAT",TAMAN
2024,KOTA ADM. JAKARTA PUSAT,TANAH ABANG,BENDUNGAN HILIR,TAMAN MAHALONA,"JL. DANAU MAHALONA, KEL. BENDUNGAN HILIR, KEC. TANAH ABANG, JAKARTA PUSAT",TAMAN
2024,KOTA ADM. JAKARTA PUSAT,TANAH ABANG,BENDUNGAN HILIR,TAMAN MEDARA,"TAMAN DANAU MEDARA, JL. DANAU MEDARA , JAKARTA PUSAT , TANAH ABANG , BENDUNGAN HILIR",TAMAN
2024,KOTA ADM. JAKARTA PUSAT,TANAH ABANG,BENDUNGAN HILIR,TAMAN SEMANGGI (GKBI),"JL. JEND. SUDIRMAN NO.28, RT.5/RW.2, BEND. HILIR, KECAMATAN TANAH ABANG, KOTA JAKARTA PUSAT, DAERAH KHUSUS IBUKOTA JAKARTA 10210",TAMAN
2024,KOTA ADM. JAKARTA PUSAT,TANAH ABANG,BENDUNGAN HILIR,TAMAN DANAU ASAHAN,"JL. BENDUNGAN ASAHAN KEL .BENDUNGAN HILIR KEC. TANAH ABANG, JAKARTA PUSAT.",TAMAN
2024,KOTA ADM. JAKARTA PUSAT,TANAH ABANG,BENDUNGAN HILIR,TAMAN BENDUNGAN JATILUHUR,"JL. TAMAN BEND. JATI LUHUR, RT.2/RW.2, BEND. HILIR, KECAMATAN TANAH ABANG, KOTA JAKARTA PUSAT",TAMAN
2024,KOTA ADM. JAKARTA PUSAT,TANAH ABANG,BENDUNGAN HILIR,TAMAN SEMANGGI,"JL. JEND. SUDIRMAN, RT.14/RW.1",TAMAN
2024,KOTA ADM. JAKARTA PUSAT,TANAH ABANG,CIDENG,JH SEGITIGA JATIBARU STASIUN (2020),JH SEGITIGA JATIBARU STASIUN (2020),JALUR HIJAU
2024,KOTA ADM. JAKARTA PUSAT,TANAH ABANG,GELORA,JH JALAN DEPAN MANGGALA WANABHAKTI,JH JALAN DEPAN MANGGALA WANABHAKTI,JALUR HIJAU
2024,KOTA ADM. JAKARTA PUSAT,TANAH ABANG,GELORA,JH JL. GELORA (LAPANGAN TEMBAK) DR DEPAN SMA 24 DAN PULAU SMA 24,JH JL. GELORA (LAPANGAN TEMBAK) DR DEPAN SMA 24 DAN PULAU SMA 24,JALUR HIJAU
2024,KOTA ADM. JAKARTA PUSAT,TANAH ABANG,GELORA,"JH JL. TENTARA PELAJAR, SEGITIGA PULAU JALAN DAN SISI PEDESTRIAN DARI STASIUN PALMERAH SAMPAI BAWAH FO SLIPI","JH JL. TENTARA PELAJAR, SEGITIGA PULAU JALAN DAN SISI PEDESTRIAN DARI STASIUN PALMERAH SAMPAI BAWAH FO SLIPI",JALUR HIJAU
2024,KOTA ADM. JAKARTA PUSAT,TANAH ABANG,GELORA,JH BAWAH FO SLIPI,JH BAWAH FO SLIPI,JALUR HIJAU
2024,KOTA ADM. JAKARTA PUSAT,TANAH ABANG,GELORA,JH JL. TENTARA PELAJAR (DEPAN KOMPAS GRAMEDIA PALMERAH),JH JL. TENTARA PELAJAR (DEPAN KOMPAS GRAMEDIA PALMERAH),JALUR HIJAU
2024,KOTA ADM. JAKARTA PUSAT,TANAH ABANG,GELORA,JALUR JL. GERBANG PEMUDA (MEDIAN DAN SISI GBK),JL. GERBANG PEMUDA,JALUR HIJAU
2024,KOTA ADM. JAKARTA PUSAT,TANAH ABANG,GELORA,JALUR HIJAU DEPAN GELORA / TVRI DARI KELURAHAN S/D TAMAN RIA,JALUR HIJAU DEPAN GELORA / TVRI DARI KELURAHAN S/D TAMAN RIA,JALUR HIJAU
2024,KOTA ADM. JAKARTA SELATAN,KEBAYORAN LAMA,GROGOL UTARA,TAMAN GROGOL UTARA RW.07,"JL. PERMATA HIJAU BOULEVARD BARAT, RW.13, GROGOL UTARA, KEC. KBY. LAMA, KOTA JAKARTA SELATAN, DAERAH KHUSUS IBUKOTA JAKARTA 12210",TAMAN
2024,KOTA ADM. JAKARTA SELATAN,KEBAYORAN LAMA,GROGOL UTARA,TAMAN FLUIS,JL KEMANDORAN FLUIS,TAMAN
2024,KOTA ADM. JAKARTA SELATAN,KEBAYORAN LAMA,GROGOL UTARA,TAMAN KENANGA,"JL. PULO KENANGA IV, RT.6/ 15, KEL. GROGOL UTARA, KEC. KEBAYORAN LAMA, JAKARTA SELATAN",TAMAN
2024,KOTA ADM. JAKARTA SELATAN,KEBAYORAN LAMA,GROGOL UTARA,TAMAN PIRUS PERMATA HIJAU,"JL. PIRUS BLOK C1 NO.2, RT.12/RW.10, NORTH GROGOL, KEBAYORAN LAMA, SOUTH JAKARTA CITY, JAKARTA 12210",TAMAN
2024,KOTA ADM. JAKARTA SELATAN,KEBAYORAN LAMA,GROGOL UTARA,TAMAN SEGITIGA BOULEVARD,"JALAN PERMATA HIJAU BLVD BARAT, RT.8/.13, KEL. GROGOL UTARA, KEC. KEBAYORAN LAMA, KOTA JAKARTA SELATAN",TAMAN
2024,KOTA ADM. JAKARTA SELATAN,KEBAYORAN LAMA,GROGOL UTARA,TAMAN SEGITIGA DEPAN HERO,"JL. PERMATA HIJAU BOULEVARD TIMUR, RT.4/.12, KEL. GROGOL UTARA, KEC. KEBAYORAN LAMA, KOTA JAKARTA SELATAN",TAMAN
2024,KOTA ADM. JAKARTA SELATAN,KEBAYORAN LAMA,GROGOL UTARA,TMN. BENDI TIMUR BAG. SELATAN,JL. BENDI UTAMA RT 02/ 10 KEL. KEBAYORAN LAMA UTARA KEC. KEBAYORAN LAMA. JAKARTA SELATAN ,TAMAN
2024,KOTA ADM. JAKARTA SELATAN,KEBAYORAN LAMA,GROGOL UTARA,RTH JL. KEMANDORAN I RT. 003 RW. 011 NO. 27,JL. KEMANDORAN I RT. 003 RW. 011 NO. 27,TAMAN
2024,KOTA ADM. JAKARTA SELATAN,KEBAYORAN LAMA,KEBAYORAN LAMA SELATAN,TAMAN JATAYU,JL. JATAYU RT 09/ 05 KEL. KEBAYORAN LAMA SELATAN KEC. KEBAYORAN LAMA. JAKARTA SELATAN,TAMAN
2024,KOTA ADM. JAKARTA SELATAN,KEBAYORAN LAMA,KEBAYORAN LAMA SELATAN,TAMAN PUTRI HIJAU (SISI REL KA),"L. LINGKARAN PUTRI HIJAU, RT.10/RW.5, GROGOL SEL., KEC. KBY. LAMA, KOTA JAKARTA SELATAN",TAMAN
2024,KOTA ADM. JAKARTA SELATAN,KEBAYORAN LAMA,KEBAYORAN LAMA SELATAN,RTH JATAYU,"GG. MASJID I, RT.9/RW.5, KBY. LAMA UTARA, KEC. KBY. LAMA,",TAMAN
2024,KOTA ADM. JAKARTA SELATAN,KEBAYORAN LAMA,KEBAYORAN LAMA SELATAN,RPTRA TAMAN BINA MARGA TANAH KUSIR RT 010/01,"JL. HARUN NO.32, RT.10/RW.1, KBY. LAMA SEL., KEC. KBY. LAMA, KOTA JAKARTA SELATAN, DAERAH KHUSUS IBUKOTA JAKARTA 12240",TAMAN
2024,KOTA ADM. JAKARTA SELATAN,KEBAYORAN LAMA,KEBAYORAN LAMA SELATAN,TAMAN KEBUN BIBIT BENDI,"JL. DELMAN UTAMA RT.2/ 10 KEL. KEBAYORAN LAMA SELATAN KEC. KEBAYORAN LAMA, JAKARTA SELATAN,",TAMAN
2024,KOTA ADM. JAKARTA SELATAN,KEBAYORAN LAMA,KEBAYORAN LAMA SELATAN,TAMAN KANTOR KECAMATAN KEBAYORAN LAMA,"JL. PRAJA NO.1, RT.5/RW.1, KBY. LAMA SEL., KEC. KBY. LAMA, KOTA JAKARTA SELATAN",TAMAN
2024,KOTA ADM. JAKARTA SELATAN,KEBAYORAN LAMA,KEBAYORAN LAMA SELATAN,RTH TANAH KUSIR III,"JL. TANAH KUSIR III RT 004 RW 009 KEL. KEBAYORAN LAMA SELATAN KEC. KEBAYORAN LAMA, JAKARTA SELATAN",TAMAN
2024,KOTA ADM. JAKARTA SELATAN,KEBAYORAN LAMA,KEBAYORAN LAMA SELATAN,TPU TANAH KUSIR II,"JALAN RAYA BINTARO, RT.2/RW.10, KBY. LAMA SEL., KEC. KBY. LAMA, KOTA JAKARTA SELATAN, DAERAH KHUSUS IBUKOTA JAKARTA 12241",TPU
2024,KOTA ADM. JAKARTA SELATAN,KEBAYORAN LAMA,KEBAYORAN LAMA UTARA,UNDERPASS GANDARIA CITY,UNDERPASS GANDARIA CITY,JALUR HIJAU
2024,KOTA ADM. JAKARTA SELATAN,KEBAYORAN LAMA,KEBAYORAN LAMA UTARA,TAMAN BENDI RAYA,"JL. BENDI RAYA, RT.5/RW.10, KBY. LAMA UTARA, KEC. KBY. LAMA, KOTA JAKARTA SELATAN, DAERAH KHUSUS IBUKOTA JAKARTA 12240",TAMAN
2024,KOTA ADM. JAKARTA SELATAN,KEBAYORAN LAMA,KEBAYORAN LAMA UTARA,TAMAN BENDI ELOK,"JL. DELMAN INDAH 4,5, KEL. KEBAYORAN LAMA UTARA, KEC. KEBAYORAN LAMA. JAKARTA SELATAN",TAMAN
2024,KOTA ADM. JAKARTA SELATAN,KEBAYORAN LAMA,KEBAYORAN LAMA UTARA,TAMAN BENDI,"JL. DELMAN UTAMA RT.2/.11, KEL. KEBAYORAN LAMA UTARA KEC. KEBAYORAN LAMA. JAKARTA SELATAN",TAMAN
2024,KOTA ADM. JAKARTA SELATAN,KEBAYORAN LAMA,KEBAYORAN LAMA UTARA,TAMAN KEBAYORAN LAMA UTARA,"JL. DELMAN INDAH IV RT 2/11, KEL. KEBAYORAN LAMA UTARA KEC. KEBAYORAN LAMA. JAKARTA SELATAN",TAMAN
2024,KOTA ADM. JAKARTA SELATAN,KEBAYORAN LAMA,KEBAYORAN LAMA UTARA,TAMAN DELMAN ASRI IV,"JL. DELMAN ASRI VI NO.74, RT.6/RW.11, KBY. LAMA UTARA, KEC. KBY. LAMA, KOTA JAKARTA SELATAN, DAERAH KHUSUS IBUKOTA JAKARTA 12240",TAMAN
2024,KOTA ADM. JAKARTA SELATAN,KEBAYORAN LAMA,KEBAYORAN LAMA UTARA,TAMAN RTH PANINGGARAN I/ TAMAN PENINGGARAN I,"JL. PENINGGARAN TIMUR I NO.92A, RT.4/RW.9, KBY. LAMA UTARA, KEC. KBY. LAMA, ",TAMAN
2024,KOTA ADM. JAKARTA SELATAN,KEBAYORAN LAMA,KEBAYORAN LAMA UTARA,TAMAN PENINGGARAN II,"JL.PENINGGARAN KEL.KEBAYORAN LAMA UTARA. JAKARTA SELATANRT.2/RW.9, KBY. LAMA UTARA, KEC. KBY. LAMA, KOTA JAKARTA SELATAN, DAERAH KHUSUS IBUKOTA JAKARTA 12240",TAMAN
2024,KOTA ADM. JAKARTA SELATAN,KEBAYORAN LAMA,KEBAYORAN LAMA UTARA,TAMAN JL. PENINGGARAN,"JL. PENINGGARAN RT 04/ 09 KEL, KEBAYORAN LAMA UTARA KEC. KEBAYORAN LAMA. JAKARTA SELATAN ",TAMAN
2024,KOTA ADM. JAKARTA SELATAN,KEBAYORAN LAMA,KEBAYORAN LAMA UTARA,TAMAN GANDARIA TRAFO,"JL. KH. MOH. SYAFI'I HADZAMI 15, RT.15/RW.6, KBY. LAMA UTARA, KEC. KBY. LAMA, KOTA JAKARTA SELATAN, DAERAH KHUSUS IBUKOTA JAKARTA 12240",TAMAN
2024,KOTA ADM. JAKARTA SELATAN,KEBAYORAN LAMA,KEBAYORAN LAMA UTARA,TAMAN SEGITIGA GANDARIA,"JL. ISKANDAR MUDA RT 15/06 KEL. KEBAYORAN LAMA UTARA, KEC. KEBAYORAN. LAMA, KOTA JAKARTA SELATAN,",TAMAN
2024,KOTA ADM. JAKARTA TIMUR,CAKUNG,UJUNG MENTENG,HUTAN KOTA KANDANG BESAR,KAMPUNG KANDANG BESAR RT.003 RW. 04 KEL. UJUNG MENTENG KEC. CAKUNG JAKARTA TIMUR,HUTAN
2024,KOTA ADM. JAKARTA TIMUR,CAKUNG,UJUNG MENTENG,HUTAN KOTA UJUNG MENTENG BARU,KAMPUNG KANDANG BESAR RT.003 RW. 02 KEL. UJUNG MENTENG KEC. CAKUNG JAKARTA TIMUR,HUTAN
2024,KOTA ADM. JAKARTA TIMUR,CAKUNG,UJUNG MENTENG,TAMAN UJUNG MENTENG,"JL. SATRIA, RT.6/RW.2, UJUNG MENTENG, KEC. CAKUNG, KOTA JAKARTA TIMUR, DAERAH KHUSUS IBUKOTA JAKARTA 13960",TAMAN
2024,KOTA ADM. JAKARTA TIMUR,CAKUNG,UJUNG MENTENG,RTH JL. SATRIA RT. 006 RW. 02,"JL. SATRIA RT 006 RW 002, KEL. UJUNG MENTENG, KEC. CAKUNG, JAKARTA TIMUR",TAMAN
2024,KOTA ADM. JAKARTA TIMUR,CAKUNG,UJUNG MENTENG,RTH PERUM RUKEM,"PERUM RUKEM JAYA, KEL. UJUNG MENTENG, KEC. CAKUNG, JAKARTA UTARA",TAMAN
2024,KOTA ADM. JAKARTA TIMUR,CIPAYUNG,BAMBU APUS,TAMAN KASIA,"JL. MANDOR HASAN, KELURAHAN BAMBU APUS, KECAMATAN CIPAYUNG, JAKARTA TIMUR",TAMAN
2024,KOTA ADM. JAKARTA TIMUR,CIPAYUNG,BAMBU APUS,RTH JL. DAMAI RAYA RT. 001 RW. 01 (TAMAN DAMAI RAYA),JL. DAMAI RAYA RT. 001 RW. 01,TAMAN
2024,KOTA ADM. JAKARTA TIMUR,CIPAYUNG,BAMBU APUS,RTH JL. PALEM KARTIKA NO. 21 RT 001 RW 002 (TAMAN BAKOEN PARK),JL. PALEM KARTIKA NO. 21 RT 001 RW 002,TAMAN
2024,KOTA ADM. JAKARTA TIMUR,CIPAYUNG,BAMBU APUS,TAMAN CALIANDRA (RPTRA GEBANG SARI),"JL. GEBANG SARI, RT.2/RW.5, BAMBU APUS, KEC. CIPAYUNG, KOTA JAKARTA TIMUR, DAERAH KHUSUS IBUKOTA JAKARTA 13890",TAMAN
2024,KOTA ADM. JAKARTA TIMUR,CIPAYUNG,BAMBU APUS,TAMAN MANDOR HASAN,"JL. MANDOR HASAN GG. AL-BARKAH NO.44A, RT.10/RW.1, BAMBU APUS, KEC. CIPAYUNG, KOTA JAKARTA TIMUR, DAERAH KHUSUS IBUKOTA JAKARTA 13840",TAMAN
2024,KOTA ADM. JAKARTA TIMUR,CIPAYUNG,BAMBU APUS,TAMAN PPA DEPSOS 1 DAN 2,"JL. P.P.A BLOK PAITEM NO.31, RT.5/RW.1, BAMBU APUS, KEC. CIPAYUNG, KOTA JAKARTA TIMUR, DAERAH KHUSUS IBUKOTA JAKARTA 13890",TAMAN
2024,KOTA ADM. JAKARTA TIMUR,CIPAYUNG,BAMBU APUS,RTH JL. PPA RT. 007 RW. 01,"JL. PPA RT 007 RW 001, KEL. BAMBU APUS, KEC. CIPAYUNG, JAKARTA TIMUR",TAMAN
2024,KOTA ADM. JAKARTA TIMUR,CIPAYUNG,CEGER,HUTAN KOTA INDRALOKA,JL. MANDOR HASAN (TAMAN INDRALOKA) KEL. CEGER KEC. CIPAYUNG JAKARTA TIMUR,HUTAN
2024,KOTA ADM. JAKARTA TIMUR,CIPAYUNG,CEGER,RTH TAMAN BLUNTAS JL. MANUNGGAL II,"JL. MANUNGGAL II NO.1, RT.3/RW.1, CEGER, KEC. CIPAYUNG, KOTA JAKARTA TIMUR, DAERAH KHUSUS IBUKOTA JAKARTA 13820",TAMAN
2024,KOTA ADM. JAKARTA TIMUR,CIPAYUNG,CEGER,TPU CEGER,"JL. PUSARA NO.82, RT.2/RW.5, CEGER, KEC. CIPAYUNG, KOTA JAKARTA TIMUR, DAERAH KHUSUS IBUKOTA JAKARTA 13820",TPU
2024,KOTA ADM. JAKARTA TIMUR,CIPAYUNG,CILANGKAP,TAMAN SETAPAK,"JL. SETAPAK RT.003 RW.004, KELURAHAN CILANGKAP, KECAMATAN CIPAYUNG, JAKARTA TIMUR",TAMAN
2024,KOTA ADM. JAKARTA TIMUR,CIPAYUNG,CILANGKAP,RTH TAMAN MELATI JL. ASSYAFIIYAH,"JL. TAMAN MELATI NO.5, RT.5/RW.3, CILANGKAP, KEC. CIPAYUNG, KOTA JAKARTA TIMUR, DAERAH KHUSUS IBUKOTA JAKARTA 13870",TAMAN
2024,KOTA ADM. JAKARTA TIMUR,CIPAYUNG,CILANGKAP,RTH JL. RAYA CILANGKAP RT. 002 RW. 05,"L. RAYA CILANGKAP RT 002 RW 005, KEL. CILANGKAP, KEC. CIPAYUNG, JAKARTA TIMUR (SAMPING TAMAN FLAMBOYAN)",TAMAN
2024,KOTA ADM. JAKARTA TIMUR,CIPAYUNG,CILANGKAP,RTH GIRI KENCANA,"JL. GIRI KENCANA, KEL. CILANGKAP, KEC. CIPAYUNG, JAKARTA TIMUR",TAMAN
2024,KOTA ADM. JAKARTA TIMUR,CIPAYUNG,CILANGKAP,RTH RAYA CILANGKAP RT 07 (TAMAN CILANGKAP SEJUK),"JL. SEJUK/GEREJA RT 007 RW 004 KEL. CILANGKAP KEC. CIPAYUNG, JAKARTA TIMUR",TAMAN
2024,KOTA ADM. JAKARTA TIMUR,CIPAYUNG,CILANGKAP,TAMAN CEMPAKA,"RW 10 MALAKA SARI, JL. CEMPAKA II , JAKARTA TIMUR , DUREN SAWIT",TAMAN
2024,KOTA ADM. JAKARTA TIMUR,CIPAYUNG,CIPAYUNG,HUTAN KOTA CIPAYUNG,JL. KAV DKI RT 007 RW 001 KEL. CIPAYUNG KEC. CIPAYUNG JAKARTA TIMUR,HUTAN
2024,KOTA ADM. JAKARTA TIMUR,CIPAYUNG,CIPAYUNG,TAMAN PINANG,"JL. PINANG, JAKARTA TIMUR",TAMAN
2024,KOTA ADM. JAKARTA TIMUR,CIPAYUNG,CIPAYUNG,RTH FLAMBOYAN,"JL. FLAMBOYAN, RT.9/RW.1, CIPAYUNG, KEC. CIPAYUNG, KOTA JAKARTA TIMUR, DAERAH KHUSUS IBUKOTA JAKARTA 13840",TAMAN
2024,KOTA ADM. JAKARTA TIMUR,CIPAYUNG,CIPAYUNG,TAMAN AKUSTIK,"JL. AKUSTIK NO.1, RT.5/RW.8, CIPAYUNG, KEC. CIPAYUNG, KOTA JAKARTA TIMUR, DAERAH KHUSUS IBUKOTA JAKARTA 13840",TAMAN
2024,KOTA ADM. JAKARTA TIMUR,CIPAYUNG,CIPAYUNG,TAMAN ALAMANDA,"JL. ALAMANDA 17, RT.9/RW.1, CIPAYUNG, KEC. CIPAYUNG, KOTA JAKARTA TIMUR, DAERAH KHUSUS IBUKOTA JAKARTA 13840",TAMAN
2024,KOTA ADM. JAKARTA TIMUR,CIPAYUNG,CIPAYUNG,TAMAN RTH CIPAYUNG,JL. PENGEMBANGAN RT. 07/01,TAMAN
2024,KOTA ADM. JAKARTA TIMUR,CIPAYUNG,CIPAYUNG,TAMAN BINA MARGA I,"JL. BINA MARGA RW.6, CIPAYUNG, KEC. CIPAYUNG, KOTA JAKARTA TIMUR, DAERAH KHUSUS IBUKOTA JAKARTA 13840",TAMAN
2024,KOTA ADM. JAKARTA TIMUR,CIPAYUNG,CIPAYUNG,TAMAN BINA MARGA II,"JL. BINA MARGA 11, RT.1/RW.5, CIPAYUNG, KEC. CIPAYUNG, KOTA JAKARTA TIMUR, DAERAH KHUSUS IBUKOTA JAKARTA 13840",TAMAN
2024,KOTA ADM. JAKARTA TIMUR,CIPAYUNG,CIPAYUNG,TAMAN BLOK N,JL. CENDANA RT. 02/08,TAMAN
2024,KOTA ADM. JAKARTA BARAT,KEMBANGAN,KEMBANGAN UTARA,TAMAN KOMP. WALIKOTA JAK-BAR BLOK D,"JL. KEMBANGAN RAYA, RW.2, KEMBANGAN UTARA, KEC. KEMBANGAN, KOTA JAKARTA BARAT, DAERAH KHUSUS IBUKOTA JAKARTA 11610",TAMAN
2024,KOTA ADM. JAKARTA BARAT,KEMBANGAN,KEMBANGAN UTARA,TAMAN KAMPUNG BARU,"JL. KAMPUNG BARU RW 010, KEL. KEMBANGAN UTARA, KEC. KEMBANGAN, JAKARTA BARAT",TAMAN
2024,KOTA ADM. JAKARTA BARAT,KEMBANGAN,KEMBANGAN UTARA,RTH JL. KAMPUNG BARU RT 006 RW 010,"KAMPUNG BARU RT 006 RW 010, KEL. KEMBANGAN UTARA, KEC. KEMBANGAN, JAKARTA BARAT",TAMAN
2024,KOTA ADM. JAKARTA BARAT,KEMBANGAN,KEMBANGAN UTARA,TPU BASMOL,"KEMBANGAN UTARA, KEC. KEMBANGAN, KOTA JAKARTA BARAT, DAERAH KHUSUS IBUKOTA JAKARTA",TPU
2024,KOTA ADM. JAKARTA BARAT,KEMBANGAN,MERUYA SELATAN,TAMAN KOMP. UNILEVER BLOK A,"KOMPLEK UNILEVER BLOK A RT.6/RW.5, MERUYA SEL., KEC. KEMBANGAN, KOTA JAKARTA BARAT, DAERAH KHUSUS IBUKOTA JAKARTA 11610",TAMAN
2024,KOTA ADM. JAKARTA BARAT,KEMBANGAN,MERUYA SELATAN,TAMAN KOMP. UNILEVER BLOK B,"KOMPLEK UNILEVER BLOK B, MERUYA SEL., KEC. KEMBANGAN, KOTA JAKARTA BARAT, DAERAH KHUSUS IBUKOTA JAKARTA 11610",TAMAN
2024,KOTA ADM. JAKARTA BARAT,KEMBANGAN,MERUYA UTARA,TAMAN KOMP. BPPT,"JL. TEKNOLOGI X NO.9A, RT.9/RW.3, MERUYA UTARA , KEMBANGAN, WEST JAKARTA CITY, JAKARTA 11620",TAMAN
2024,KOTA ADM. JAKARTA BARAT,KEMBANGAN,MERUYA UTARA,TAMAN KOMP ARIES PASAR,"JL. ARIES UTAMA NO.12, RT.12/RW.3, MERUYA UTARA, KEC. KEMBANGAN, KOTA JAKARTA BARAT, DAERAH KHUSUS IBUKOTA JAKARTA 11620",TAMAN
2024,KOTA ADM. JAKARTA BARAT,KEMBANGAN,MERUYA UTARA,TAMAN ARIES BLOK A.2,"JL. ARIES UTAMA BLOK A.2 RW.3, MERUYA UTARA, KEC. KEMBANGAN, KOTA JAKARTA BARAT, DAERAH KHUSUS IBUKOTA JAKARTA 11620",TAMAN
2024,KOTA ADM. JAKARTA BARAT,KEMBANGAN,MERUYA UTARA,TAMAN ARIES BLOK A.7,"JL. ARIES UTAMA BLOK A.7RW.3, MERUYA UTARA, KEC. KEMBANGAN, KOTA JAKARTA BARAT, DAERAH KHUSUS IBUKOTA JAKARTA 11620",TAMAN
2024,KOTA ADM. JAKARTA BARAT,KEMBANGAN,MERUYA UTARA,TAMAN ARIES BLOK A.9,"JL. ARIES UTAMA BLOK A.9 RW.3, MERUYA UTARA, KEC. KEMBANGAN, KOTA JAKARTA BARAT, DAERAH KHUSUS IBUKOTA JAKARTA 11620",TAMAN
2024,KOTA ADM. JAKARTA BARAT,KEMBANGAN,MERUYA UTARA,TAMAN ARIES BLOK D.8,"JL. ARIES UTAMA BLOK D.8 RW.3, MERUYA UTARA, KEC. KEMBANGAN, KOTA JAKARTA BARAT, DAERAH KHUSUS IBUKOTA JAKARTA 11620",TAMAN
2024,KOTA ADM. JAKARTA BARAT,KEMBANGAN,MERUYA UTARA,TAMAN ANGGREK DAHLIA SMP 215,"JL. MAWAR, RT.11/RW.4, TAMAN, MERUYA UTARA, KEC. KEMBANGAN, KOTA JAKARTA BARAT, DAERAH KHUSUS IBUKOTA JAKARTA 11620",TAMAN
2024,KOTA ADM. JAKARTA BARAT,KEMBANGAN,MERUYA UTARA,TAMAN KOMPLEKS ARIES BLOK F16,"JL. ARIES UTAMA  BLOK F16 RW.3, MERUYA UTARA, KEC. KEMBANGAN, KOTA JAKARTA BARAT, DAERAH KHUSUS IBUKOTA JAKARTA 11620",TAMAN
2024,KOTA ADM. JAKARTA BARAT,KEMBANGAN,MERUYA UTARA,TAMAN KOMPLEK MERUYA ILIR BLOK A.3,"JL TAMAN MERUYA ILIR A.3 RW 002, MERUYA UTARA, KEC. KEMBANGAN, KOTA JAKARTA BARAT, DAERAH KHUSUS IBUKOTA JAKARTA 11620",TAMAN
2024,KOTA ADM. JAKARTA BARAT,KEMBANGAN,MERUYA UTARA,TAMAN KOMPLEK MERUYA ILIR BLOK A.13,"JL TAMAN MERUYA ILIR A.13 RW 002, MERUYA UTARA, KEC. KEMBANGAN, KOTA JAKARTA BARAT, DAERAH KHUSUS IBUKOTA JAKARTA 11621",TAMAN
2024,KOTA ADM. JAKARTA BARAT,KEMBANGAN,MERUYA UTARA,TAMAN KOMPLEK MERUYA ILIR BLOK A.17,"JL TAMAN MERUYA ILIR A.17 RW 002, MERUYA UTARA, KEC. KEMBANGAN, KOTA JAKARTA BARAT, DAERAH KHUSUS IBUKOTA JAKARTA 11622",TAMAN
2024,KOTA ADM. JAKARTA BARAT,KEMBANGAN,MERUYA UTARA,TAMAN KOMPLEK MERUYA ILIR BLOK G,"JL TAMAN MERUYA ILIR BLOK G RW 002, MERUYA UTARA, KEC. KEMBANGAN, KOTA JAKARTA BARAT, DAERAH KHUSUS IBUKOTA JAKARTA 11623",TAMAN
2024,KOTA ADM. JAKARTA BARAT,KEMBANGAN,MERUYA UTARA,TAMAN MERUYA ILIR BLOK E,"JL PERMATA MERUYA ILIR BLOK E RW 004, MERUYA UTARA, KEC. KEMBANGAN, KOTA JAKARTA BARAT, DAERAH KHUSUS IBUKOTA JAKARTA 11623",TAMAN
2024,KOTA ADM. JAKARTA BARAT,KEMBANGAN,MERUYA UTARA,TAMAN MERUYA ILIR BLOK F1,"JL PERMATA MERUYA ILIR BLOK F1 RW 004, MERUYA UTARA, KEC. KEMBANGAN, KOTA JAKARTA BARAT, DAERAH KHUSUS IBUKOTA JAKARTA 11623",TAMAN
2024,KOTA ADM. JAKARTA BARAT,KEMBANGAN,MERUYA UTARA,TAMAN MERUYA ILIR BLOK F ( AL-AZHAR ),"JL PERMATA MERUYA ILIR BLOK F1 RW 004, MERUYA UTARA, KEC. KEMBANGAN, KOTA JAKARTA BARAT, DAERAH KHUSUS IBUKOTA JAKARTA 11623",TAMAN
2024,KOTA ADM. JAKARTA BARAT,KEMBANGAN,MERUYA UTARA,TAMAN MERUYA ILIR BLOK H,"JL PERMATA MERUYA ILIR BLOK H RW 004, MERUYA UTARA, KEC. KEMBANGAN, KOTA JAKARTA BARAT, DAERAH KHUSUS IBUKOTA JAKARTA 11623",TAMAN
2024,KOTA ADM. JAKARTA BARAT,KEMBANGAN,MERUYA UTARA,TAMAN MERUYA ILIR BLOK J,"JL PERMATA MERUYA ILIR BLOK E RW 004, MERUYA UTARA, KEC. KEMBANGAN, KOTA JAKARTA BARAT, DAERAH KHUSUS IBUKOTA JAKARTA 11623",TAMAN
2024,KOTA ADM. JAKARTA BARAT,KEMBANGAN,MERUYA UTARA,TAMAN MERUYA ILIR BLOK C (TAMAN NAGASARI),"JL PERMATA MERUYA ILIR BLOK C, RW 004, MERUYA UTARA, KEC. KEMBANGAN, KOTA JAKARTA BARAT, DAERAH KHUSUS IBUKOTA JAKARTA 11623",TAMAN
2024,KOTA ADM. JAKARTA BARAT,KEMBANGAN,MERUYA UTARA,TAMAN MERUYA ILIR BLOK D.1,"JL PERMATA MERUYA ILIR BLOK D1, RW 004, MERUYA UTARA, KEC. KEMBANGAN, KOTA JAKARTA BARAT, DAERAH KHUSUS IBUKOTA JAKARTA 11623",TAMAN
2024,KOTA ADM. JAKARTA PUSAT,TANAH ABANG,GELORA,JALUR JL. ASIA AFRIKA (MEDIAN DAN SISI GBK),JL. ASIA AFRIKA (MEDIAN DAN SISI GBK),JALUR HIJAU
2024,KOTA ADM. JAKARTA PUSAT,TANAH ABANG,GELORA,JALUR HIJAU PEDESTRIAN JL. ASIA AFRIKA SISI BARAT (HOTEL MULIA - DEPAN LAPANGAN GOLF),JALUR HIJAU PEDESTRIAN JL. ASIA AFRIKA SISI BARAT (HOTEL MULIA - DEPAN LAPANGAN GOLF),JALUR HIJAU
2024,KOTA ADM. JAKARTA PUSAT,TANAH ABANG,GONDANGDIA,JH JL. WAHID HASYIM SISI KEC. TANAH ABANG,JH JL. WAHID HASYIM SISI KEC. TANAH ABANG,JALUR HIJAU
2024,KOTA ADM. JAKARTA PUSAT,TANAH ABANG,KAMPUNG BALI,JH JL. ADHIMIX,JH JL. ADHIMIX,JALUR HIJAU
2024,KOTA ADM. JAKARTA PUSAT,TANAH ABANG,KAMPUNG BALI,JH JL. KEBON SIRIH DEPAN BI (PINGGIR KALI),JH JL. KEBON SIRIH DEPAN BI (PINGGIR KALI),JALUR HIJAU
2024,KOTA ADM. JAKARTA PUSAT,TANAH ABANG,KAMPUNG BALI,TAMAN JL. FAHRUDIN (JALUR),TAMAN JL. FAHRUDIN (JALUR),JALUR HIJAU
2024,KOTA ADM. JAKARTA PUSAT,TANAH ABANG,KAMPUNG BALI,TAMAN SEGITIGA KAMPUNG BALI,TAMAN SEGITIGA KAMPUNG BALI,JALUR HIJAU
2024,KOTA ADM. JAKARTA PUSAT,TANAH ABANG,KAMPUNG BALI,TAMAN FAHRUDIN (SEGITIGA),TAMAN FAHRUDIN (SEGITIGA),JALUR HIJAU
2024,KOTA ADM. JAKARTA PUSAT,TANAH ABANG,KAMPUNG BALI,TAMAN JAYANTI (SEGITIGA),TAMAN JAYANTI (SEGITIGA),JALUR HIJAU
2024,KOTA ADM. JAKARTA PUSAT,TANAH ABANG,KAMPUNG BALI,TAMAN BLOK F & G (SEGITIGA),TAMAN BLOK F & G (SEGITIGA),JALUR HIJAU
2024,KOTA ADM. JAKARTA PUSAT,TANAH ABANG,KAMPUNG BALI,FLY OVER JATIBARU (ATAS - BAWAH),"JL. JATI BARU RAYA NO.56/14, RT.11/RW.4, KP. BALI, KECAMATAN TANAH ABANG, KOTA JAKARTA PUSAT,",JALUR HIJAU
2024,KOTA ADM. JAKARTA PUSAT,TANAH ABANG,KAMPUNG BALI,JALUR HIJAU JL. KEBON SIRIH,JL. KEBON SIRIH,JALUR HIJAU
2024,KOTA ADM. JAKARTA PUSAT,TANAH ABANG,KAMPUNG BALI,TAMAN TANAH RENDAH,"JALAN TANAH RENDAH, KEL. KAMPUNG BALI, KEC. TANAH ABANG,",TAMAN
2024,KOTA ADM. JAKARTA PUSAT,TANAH ABANG,KARET TENGSIN,JH JL. KH MAS MANSYUR (DPN TPU PSBB DAN JALUR TENGAH DEPAN TPU KARET BIVAK).,JH JL. KH MAS MANSYUR (DPN TPU PSBB DAN JALUR TENGAH DEPAN TPU KARET BIVAK).,JALUR HIJAU
2024,KOTA ADM. JAKARTA PUSAT,TANAH ABANG,KARET TENGSIN,JH JL. MARGONO (SHANGRILLA),JH JL. MARGONO (SHANGRILLA),JALUR HIJAU
2024,KOTA ADM. JAKARTA PUSAT,TANAH ABANG,KARET TENGSIN,JH JL. PENJERNIHAN (EX. BEMO DAN MEDIAN PENJERNIHAN).,JH JL. PENJERNIHAN (EX. BEMO DAN MEDIAN PENJERNIHAN).,JALUR HIJAU
2024,KOTA ADM. JAKARTA PUSAT,TANAH ABANG,KARET TENGSIN,PULAU JALAN DEPAN BNI '46 DUKUH ATAS,PULAU JALAN DEPAN BNI '46 DUKUH ATAS,JALUR HIJAU
2024,KOTA ADM. JAKARTA PUSAT,TANAH ABANG,KARET TENGSIN,TPU PSBB,"JL. KARET PASAR BARU BARAT, KARET TENGSIN, TANAH ABANG",TPU
2024,KOTA ADM. JAKARTA PUSAT,TANAH ABANG,KARET TENGSIN,TPU KARET BIVAK,"JL. KARET PASAR BARU BARAT, KARET TENGSIN, TANAH ABANG",TPU
2024,KOTA ADM. JAKARTA PUSAT,TANAH ABANG,KEBON KACANG,TAMAN SEGITIGA PULAU JL. PASAR TANAH ABANG BLOK A DAN B (SEGITIGA) (UJUNG JL. KEBON SIRIH SEBERANG KFC),TAMAN SEGITIGA PULAU JL. PASAR TANAH ABANG BLOK A DAN B (SEGITIGA) (UJUNG JL. KEBON SIRIH SEBERANG KFC),JALUR HIJAU
2024,KOTA ADM. JAKARTA PUSAT,TANAH ABANG,KEBON KACANG,JH JL. KH MAS MANSYUR (DEPAN MASJID AL MAKMUR),JH JL. KH MAS MANSYUR (DEPAN MASJID AL MAKMUR),JALUR HIJAU
2024,KOTA ADM. JAKARTA PUSAT,TANAH ABANG,KEBON MELATI,JL. TENAGA LISTRIK,JL. TENAGA LISTRIK,JALUR HIJAU
2024,KOTA ADM. JAKARTA PUSAT,TANAH ABANG,KEBON MELATI,SEGITIGA KEBON KACANG,SEGITIGA KEBON KACANG,JALUR HIJAU
2024,KOTA ADM. JAKARTA PUSAT,TANAH ABANG,KEBON MELATI,JL. AWALUDIN IV,JL. AWALUDIN IV,JALUR HIJAU
2024,KOTA ADM. JAKARTA PUSAT,TANAH ABANG,KEBON MELATI,FLY OVER KARET (ATAS - BAWAH),"JL. DUKUH PINGGIR I NO.6, RT.6/RW.5, KB. MELATI, KECAMATAN TANAH ABANG, KOTA JAKARTA PUSAT, DAERAH KHUSUS IBUKOTA JAKARTA 10230",JALUR HIJAU
2024,KOTA ADM. JAKARTA PUSAT,TANAH ABANG,N/A,JH JL. MAS MANSYUR (FO PEJOMPONGAN - FO CASABLANKA) ATAS BAWAH,JH JL. MAS MANSYUR (FO PEJOMPONGAN - FO CASABLANKA) ATAS BAWAH,JALUR HIJAU
2024,KOTA ADM. JAKARTA PUSAT,TANAH ABANG,N/A,MEDIAN JL. JATIBARU RAYA (BAWAH SKY BRIDGE/TANAMAN RAMBAT),MEDIAN JL. JATIBARU RAYA (BAWAH SKY BRIDGE/TANAMAN RAMBAT),JALUR HIJAU
2024,KOTA ADM. JAKARTA PUSAT,TANAH ABANG,N/A,FO ( ATAS - BAWAH) DAN 6 JPO JL. JEND. SUDIRMAN,"JALAN JENDRAL SUDIRMAN, KEL. BENDUNGAN HILIR, KEC. TANAH ABANG, JAKARTA PUSAT",JALUR HIJAU
2024,KOTA ADM. JAKARTA PUSAT,TANAH ABANG,N/A,JALUR JL. JEND. SUDIRMAN,JALUR JL. JEND. SUDIRMAN,JALUR HIJAU
2024,KOTA ADM. JAKARTA PUSAT,TANAH ABANG,N/A,JALUR HIJAU MEDIAN JL. MH. THAMRIN,JALUR HIJAU MEDIAN JL. MH. THAMRIN,JALUR HIJAU
2024,KOTA ADM. JAKARTA PUSAT,TANAH ABANG,N/A,JALUR HIJAU AMENITIES JL. MH THAMRIN,JALUR HIJAU AMENITIES JL. MH THAMRIN,JALUR HIJAU
2024,KOTA ADM. JAKARTA PUSAT,TANAH ABANG,N/A,PULAU JL.TAMAN TANJUNG KARANG,PULAU JL.TAMAN TANJUNG KARANG,JALUR HIJAU
2024,KOTA ADM. JAKARTA SELATAN,KEBAYORAN LAMA,KEBAYORAN LAMA UTARA,TAMAN PRAJA,"JL. PRAJA 1, RT.4/RW.1, KBY. LAMA SEL., KEC. KBY. LAMA, KOTA JAKARTA SELATAN, DAERAH KHUSUS IBUKOTA JAKARTA 12240",TAMAN
2024,KOTA ADM. JAKARTA SELATAN,KEBAYORAN LAMA,KEBAYORAN LAMA UTARA,TAMAN MAKARYA I,"JL. CENDRAWASIH I, KEL. KEBAYORAN.LAMA SELATAN., KEC. KEBAYORAN LAMA, JAKARTA SELATAN",TAMAN
2024,KOTA ADM. JAKARTA SELATAN,KEBAYORAN LAMA,KEBAYORAN LAMA UTARA,TAMAN MAKARYA II,"JL. CENDRAWASIH I, RT 10/01 KEL. KEBAYORAN LAMA SELATAN KEC. KEBAYORAN LAMA. JAKARTA SELATAN",TAMAN
2024,KOTA ADM. JAKARTA SELATAN,KEBAYORAN LAMA,KEBAYORAN LAMA UTARA,TAMAN SEGITIGA TEUKU NYAK ARIEF,JL. TEUKU NYAK ARIEF,TAMAN
2024,KOTA ADM. JAKARTA SELATAN,KEBAYORAN LAMA,KEBAYORAN LAMA UTARA,TMN. BENDI TIMUR BAG. UTARA,JL. BENDI UTAMA RT 02/ 10 KEL. KEBAYORAN LAMA UTARA KEC. KEBAYORAN LAMA. JAKARTA SELATAN,TAMAN
2024,KOTA ADM. JAKARTA SELATAN,KEBAYORAN LAMA,KEBAYORAN LAMA UTARA,TMN. BENDI BARAT BAGIAN SELATAN,"JL. BENDI UTAMA, RT.8/RW.10, KEBAYORAN. LAMA UTARA, KEC. KEBAYORAN. LAMA, JAKARTA SELATAN",TAMAN
2024,KOTA ADM. JAKARTA SELATAN,KEBAYORAN LAMA,KEBAYORAN LAMA UTARA,TMN. BENDI BARAT BAGIAN UTARA,"JL. BENDI UTAMA, RT.8/RW.10, KEBAYORAN. LAMA UTARA, KEC. KEBAYORAN. LAMA, JAKARTA SELATAN",TAMAN
2024,KOTA ADM. JAKARTA SELATAN,KEBAYORAN LAMA,KEBAYORAN LAMA UTARA,RPTRA KEMANDORAN,"GG. SARMILI JL. KEMANDORAN VIII RT 005/11,",TAMAN
2024,KOTA ADM. JAKARTA SELATAN,KEBAYORAN LAMA,KEBAYORAN LAMA UTARA,TAMAN DELMAN ELOK,"JL. DELMAN ELOK V RT.2/RW.11, KBY. LAMA UTARA, KEC. KBY. LAMA, KOTA JAKARTA SELATAN",TAMAN
2024,KOTA ADM. JAKARTA SELATAN,KEBAYORAN LAMA,KEBAYORAN LAMA UTARA,TPU TANAH KUSIR I,"JALAN RAYA BINTARO, RT.2/RW.10, KBY. LAMA SEL., KEC. KBY. LAMA, KOTA JAKARTA SELATAN, DAERAH KHUSUS IBUKOTA JAKARTA 12240",TPU
2024,KOTA ADM. JAKARTA SELATAN,KEBAYORAN LAMA,LEBAK BULUS,UNDERPASS PASAR JUMAT,UNDERPASS PASAR JUMAT,JALUR HIJAU
2024,KOTA ADM. JAKARTA SELATAN,KEBAYORAN LAMA,MELAWAI,TAMAN BHINEKA TUNGGAL IKA,"JL. PANGLIMA POLIM II RT. 003 RW. 07, KELURAHAN MELAWAI, KECAMATAN KEBAYORAN LAMA, JAKARTA SELATAN",TAMAN
2024,KOTA ADM. JAKARTA SELATAN,KEBAYORAN LAMA,N/A,JALUR HIJAU JL. PINANG CENTRE,JALUR HIJAU JL. PINANG CENTRE,JALUR HIJAU
2024,KOTA ADM. JAKARTA SELATAN,KEBAYORAN LAMA,N/A,JALUR HIJAU JL. PERBATASAN JAKARTA-BANTEN,JALUR HIJAU JL. PERBATASAN JAKARTA-BANTEN,JALUR HIJAU
2024,KOTA ADM. JAKARTA SELATAN,KEBAYORAN LAMA,N/A,JALUR HIJAU JL. METRO PONDOK INDAH,JALUR HIJAU JL. METRO PONDOK INDAH,JALUR HIJAU
2024,KOTA ADM. JAKARTA SELATAN,KEBAYORAN LAMA,N/A,JALUR HIJAU JL. TANAH KUSIR,JALUR HIJAU JL. TANAH KUSIR,JALUR HIJAU
2024,KOTA ADM. JAKARTA SELATAN,KEBAYORAN LAMA,N/A,JALUR HIJAU JL. AL-HADZAMI,JALUR HIJAU JL. AL-HADZAMI,JALUR HIJAU
2024,KOTA ADM. JAKARTA SELATAN,KEBAYORAN LAMA,N/A,JALUR HIJAU JL. AL-HUDA,JALUR HIJAU JL. AL-HUDA,JALUR HIJAU
2024,KOTA ADM. JAKARTA SELATAN,KEBAYORAN LAMA,N/A,JALUR HIJAU JL. ISKANDARMUDA,JALUR HIJAU JL. ISKANDARMUDA,JALUR HIJAU
2024,KOTA ADM. JAKARTA SELATAN,KEBAYORAN LAMA,N/A,JALUR HIJAU JL. NYAK ARIEF,JALUR HIJAU JL. NYAK ARIEF,JALUR HIJAU
2024,KOTA ADM. JAKARTA SELATAN,KEBAYORAN LAMA,N/A,JALUR HIJAU JL. BATA PUTIH,JALUR HIJAU JL. BATA PUTIH,JALUR HIJAU
2024,KOTA ADM. JAKARTA SELATAN,KEBAYORAN LAMA,N/A,JALUR HIJAU JL. SIMPRUG GARDEN VIII,JALUR HIJAU JL. SIMPRUG GARDEN VIII,JALUR HIJAU
2024,KOTA ADM. JAKARTA SELATAN,KEBAYORAN LAMA,N/A,JALUR HIJAU JL. TENTARA PELAJAR,JALUR HIJAU JL. TENTARA PELAJAR,JALUR HIJAU
2024,KOTA ADM. JAKARTA SELATAN,KEBAYORAN LAMA,N/A,JALUR HIJAU JL. SUPENO,JALUR HIJAU JL. SUPENO,JALUR HIJAU
2024,KOTA ADM. JAKARTA SELATAN,KEBAYORAN LAMA,N/A,JALUR HIJAU JL. RA. KARTINI,JALUR HIJAU JL. RA. KARTINI,JALUR HIJAU
2024,KOTA ADM. JAKARTA SELATAN,KEBAYORAN LAMA,N/A,UNDERPASS KEBAYORAN LAMA (BINUS - SHOWROOM MOBIL MINI COOPER) 3 UNDERPASS,UNDERPASSS KEBAYORAN LAMA,JALUR HIJAU
2024,KOTA ADM. JAKARTA SELATAN,KEBAYORAN LAMA,PONDOK PINANG,UNDERPASS PONDOK INDAH,UNDERPASS PONDOK INDAH,JALUR HIJAU
2024,KOTA ADM. JAKARTA SELATAN,KEBAYORAN LAMA,PONDOK PINANG,KUPINGAN PONDOK PINANG,KUPINGAN PONDOK PINANG,JALUR HIJAU
2024,KOTA ADM. JAKARTA SELATAN,KEBAYORAN LAMA,PONDOK PINANG,UNDERPASS KARTINI,UNDERPASS KARTINI,JALUR HIJAU
2024,KOTA ADM. JAKARTA SELATAN,KEBAYORAN LAMA,PONDOK PINANG,RTH DUTA INDAH,"JL. DUTA INDAH I RT 001 RW 014 (DAHULU JL. SEKOLAH DUTA I RT 013 RW 004), KEL. PONDOK PINANG, KEC. KEBAYORAN LAMA, JAKARTA SELATAN",TAMAN
2024,KOTA ADM. JAKARTA SELATAN,KEBAYORAN LAMA,PONDOK PINANG,TAMAN H. MUHI RAYA,"JL. H. MUHI RAYA, RT.10/RW.4, PD. PINANG, KEC. KBY. LAMA, KOTA JAKARTA SELATAN, DAERAH KHUSUS IBUKOTA JAKARTA 12310",TAMAN
2024,KOTA ADM. JAKARTA TIMUR,CIPAYUNG,CIPAYUNG,TAMAN BLOK E1 DAN E2,"RT.10/RW.1, CIPAYUNG, KEC. CIPAYUNG, KOTA JAKARTA TIMUR, DAERAH KHUSUS IBUKOTA JAKARTA 13840",TAMAN
2024,KOTA ADM. JAKARTA TIMUR,CIPAYUNG,CIPAYUNG,TAMAN FLAMBOYAN 2,"JL. FLAMBOYAN P1 NO.15, RT.9/RW.1, CIPAYUNG, EAST JAKARTA CITY, JAKARTA 13840",TAMAN
2024,KOTA ADM. JAKARTA TIMUR,CIPAYUNG,CIPAYUNG,RTH BAMBU PETUNG,"JL. BAMBU PETUNG, KEL. BAMBU APUS, KEC. CIPAYUNG, JAKARTA TIMUR",TAMAN
2024,KOTA ADM. JAKARTA TIMUR,CIPAYUNG,CIPAYUNG,RTH CIPAYUNG (TAMAN CIPAYUNG ASRI) / TAMAN PAYUNG ASRI,"RW. 02, KEL. CIPAYUNG, KEC. CIPAYUNG, JAKARTA TIMUR",TAMAN
2024,KOTA ADM. JAKARTA TIMUR,CIPAYUNG,CIPAYUNG,RTH MASJID NURUL HIDAYAH,"JL. MESJID NURUL HIDAYAH KEL. CIPAYUNG KEC. CIPAYUNG, JAKARTA TIMUR RT 006 RW 006",TAMAN
2024,KOTA ADM. JAKARTA TIMUR,CIPAYUNG,CIPAYUNG,TPU CIPAYUNG,"JL. CIPAYUNG RAYA NO.60, RT.8/RW.3, CIPAYUNG, KEC. CIPAYUNG, KOTA JAKARTA TIMUR, DAERAH KHUSUS IBUKOTA JAKARTA 13840",TPU
2024,KOTA ADM. JAKARTA TIMUR,CIPAYUNG,LUBANG BUAYA,"RTH JL. KRAMAT III RT. 003 RW. 03, RT.004 RW.002 , RT. 007 , RW. 010","JL. KRAMAT III RT. 003 RW. 03, RT.004 RW.002 , RT. 007 , RW. 010, LUBANG BUAYA CIPAYUNG JAKARTA TIMUR",TAMAN
2024,KOTA ADM. JAKARTA TIMUR,CIPAYUNG,LUBANG BUAYA,TAMAN AL UMAR 1,"JL.MESJID AL UMAR RT.4/RW.12, LUBANG BUAYA, KEC. CIPAYUNG, KOTA JAKARTA TIMUR, DAERAH KHUSUS IBUKOTA JAKARTA 13810, INDONESIA",TAMAN
2024,KOTA ADM. JAKARTA TIMUR,CIPAYUNG,LUBANG BUAYA,TAMAN AL UMAR 2,"RT.2/RW.12, LUBANG BUAYA, KEC. CIPAYUNG, KOTA JAKARTA TIMUR, DAERAH KHUSUS IBUKOTA JAKARTA 13810, INDONESIA",TAMAN
2024,KOTA ADM. JAKARTA TIMUR,CIPAYUNG,LUBANG BUAYA,TAMAN KEMBANG SEPATU,"JL. PAGELARANG NO.25, RT.7/RW.1, LUBANG BUAYA, KEC. CIPAYUNG, KOTA JAKARTA TIMUR, DAERAH KHUSUS IBUKOTA JAKARTA 13880",TAMAN
2024,KOTA ADM. JAKARTA TIMUR,CIPAYUNG,LUBANG BUAYA,RTH JL. KRAMAT III RT. 004 RW. 02,"JL. KRAMAT III RT 004 RW 002, KEL. LUBANG BUAYA, KEC. CIPAYUNG, JAKARTA TIMUR",TAMAN
2024,KOTA ADM. JAKARTA TIMUR,CIPAYUNG,LUBANG BUAYA,RTH LUBANG BUAYA,"JL. PAGELARANG RT 005 RW 003, KEL. LUBANG BUAYA, KEC. CIPAYUNG, JAKARTA TIMUR",TAMAN
2024,KOTA ADM. JAKARTA TIMUR,CIPAYUNG,LUBANG BUAYA,RTH KRAMAT III,"JL. KRAMAT III RT 004 RW 002 KEL. LUBANG BUAYA KEC. CIPAYUNG, JAKARTA TIMUR",TAMAN
2024,KOTA ADM. JAKARTA TIMUR,CIPAYUNG,MALAKA SARI,TPU CILANGKAP,"JL. MALAKA II NO.3, RT.6/RW.6, MALAKA SARI, KEC. DUREN SAWIT, KOTA JAKARTA TIMUR, DAERAH KHUSUS IBUKOTA JAKARTA 13460",TPU
2024,KOTA ADM. JAKARTA TIMUR,CIPAYUNG,MUNJUL,HUTAN KOTA MUNJUL,"RT 005/RW.02 JL.RAYA MUNJUL, KELURAHAN MUNJUL KECAMATAN CIPAYUNG JAKARTA TIMUR",HUTAN
2024,KOTA ADM. JAKARTA TIMUR,CIPAYUNG,MUNJUL,RTH JL. RAYA MUNJUL RT. 002 RW. 002 NO. 99,"JL. MUNJUL NO. 99 RT 002 RW 002, KEL. MUNJUL, KEC. CIPAYUNG, JAKARTA TIMUR",TAMAN
2024,KOTA ADM. JAKARTA TIMUR,CIPAYUNG,MUNJUL,RTH JL. DUREN RT. 001 RW. 08,"JL. DUREN RT. 001 RW. 08, KEL. MUNJUL, KEC. CIPAYUNG, JAKARTA TIMUR",TAMAN
2024,KOTA ADM. JAKARTA TIMUR,CIPAYUNG,MUNJUL,RTH BUNTU JANKES (TAMAN SALAK KUNING),"JL. BUNTU (TERUSAN JANKES AD)/JL. JANKES RT 007 RW 002 KEL. MUNJUL KEC. CIPAYUNG, JAKARTA TIMUR",TAMAN
2024,KOTA ADM. JAKARTA TIMUR,CIPAYUNG,MUNJUL,TPU MUNJUL,"JL. MASJID AL-AKBAR NO.RT.02, RT.2/RW.1, MUNJUL, KEC. CIPAYUNG, KOTA JAKARTA TIMUR, DAERAH KHUSUS IBUKOTA JAKARTA 13850",TPU
2024,KOTA ADM. JAKARTA TIMUR,CIPAYUNG,N/A,JH. JL. BAMBU APUS,JH. JL. BAMBU APUS,JALUR HIJAU
2024,KOTA ADM. JAKARTA TIMUR,CIPAYUNG,N/A,JH. JL. CILANGKAP,JH. JL. CILANGKAP,JALUR HIJAU
2024,KOTA ADM. JAKARTA TIMUR,CIPAYUNG,N/A,JH. JL. AS SYAFIIAH (PEMELIHARAAN POHON),JH. JL. AS SYAFIIAH (PEMELIHARAAN POHON),JALUR HIJAU
2024,KOTA ADM. JAKARTA TIMUR,CIPAYUNG,N/A,JH. JL. CEGER (PEMELIHARAAN POHON),JH. JL. CEGER (PEMELIHARAAN POHON),JALUR HIJAU
2024,KOTA ADM. JAKARTA TIMUR,CIPAYUNG,N/A,JH. JL. GEMPOL (PEMELIHARAAN POHON),JH. JL. GEMPOL (PEMELIHARAAN POHON),JALUR HIJAU
2024,KOTA ADM. JAKARTA TIMUR,CIPAYUNG,N/A,JH. JL. CIPAYUNG (PEMELIHARAAN POHON),JH. JL. CIPAYUNG (PEMELIHARAAN POHON),JALUR HIJAU
2024,KOTA ADM. JAKARTA TIMUR,CIPAYUNG,N/A,"JH. JL. BINA MARGA, JH. JL. JAMBORE, JH. JL. RAYA CIPAYUNG",JH. JL. BINA MARGA,JALUR HIJAU
2024,KOTA ADM. JAKARTA TIMUR,CIPAYUNG,N/A,JH. JL. HANKAM UTARA,JH. JL. HANKAM UTARA,JALUR HIJAU
2024,KOTA ADM. JAKARTA TIMUR,CIPAYUNG,N/A,JH. JL. TMII PINTU 1,JH. JL. TMII PINTU 1,JALUR HIJAU
2024,KOTA ADM. JAKARTA TIMUR,CIPAYUNG,N/A,JH. JL. PONDOK RANGGON (PEMELIHARAAN POHON),JH. JL. PONDOK RANGGON (PEMELIHARAAN POHON),JALUR HIJAU
2024,KOTA ADM. JAKARTA TIMUR,CIPAYUNG,N/A,JH. MALAKA RAYA (PEMELIHARAAN POHON),JH. MALAKA RAYA (PEMELIHARAAN POHON),JALUR HIJAU
2024,KOTA ADM. JAKARTA TIMUR,CIPAYUNG,N/A,JH. JL. MUNJUL (PEMELIHARAAN POHON),JH. JL. MUNJUL (PEMELIHARAAN POHON),JALUR HIJAU
2024,KOTA ADM. JAKARTA BARAT,KEMBANGAN,MERUYA UTARA,TAMAN MERUYA ILIR BLOK D.2,"JL PERMATA MERUYA ILIR BLOK D.2, RW 004, MERUYA UTARA, KEC. KEMBANGAN, KOTA JAKARTA BARAT, DAERAH KHUSUS IBUKOTA JAKARTA 11623",TAMAN
2024,KOTA ADM. JAKARTA BARAT,KEMBANGAN,MERUYA UTARA,TAMAN MERUYA ILIR BLOK D.3,"JL PERMATA MERUYA ILIR BLOK D.3, RW 004, MERUYA UTARA, KEC. KEMBANGAN, KOTA JAKARTA BARAT, DAERAH KHUSUS IBUKOTA JAKARTA 11623",TAMAN
2024,KOTA ADM. JAKARTA BARAT,KEMBANGAN,MERUYA UTARA,TAMAN MERUYA ILIR BLOK B,"JL PERMATA MERUYA ILIR BLOK B, RW 004, MERUYA UTARA, KEC. KEMBANGAN, KOTA JAKARTA BARAT, DAERAH KHUSUS IBUKOTA JAKARTA 11623",TAMAN
2024,KOTA ADM. JAKARTA BARAT,KEMBANGAN,MERUYA UTARA,TAMAN BANTARAN KALI ARIES SISI TIMUR,"JL. ARIES UTAMA III 7-57, RT.7/RW.9, MERUYA UTARA, KEC. KEMBANGAN, KOTA JAKARTA BARAT, DAERAH KHUSUS IBUKOTA JAKARTA 11620",TAMAN
2024,KOTA ADM. JAKARTA BARAT,KEMBANGAN,MERUYA UTARA,TAMAN BANTARAN KALI ARIES SISI BARAT,"JL. ARIES UTAMA II, RT.5/RW.8, MERUYA UTARA, KEC. KEMBANGAN, KOTA JAKARTA BARAT, DAERAH KHUSUS IBUKOTA JAKARTA 11620",TAMAN
2024,KOTA ADM. JAKARTA BARAT,KEMBANGAN,MERUYA UTARA,TAMAN BLOK A KAVLING DKI,"KAVLING DKI, MERUYA BARAT",TAMAN
2024,KOTA ADM. JAKARTA BARAT,KEMBANGAN,KEMBANGAN SELATAN,JALUR HIJAU MEDIAN JL. PESANGGRAHAN DR LM PURI INDAH S/D FLY OVER,JH. MEDIAN JL. PESANGGRAHAN DR LM PURI INDAH S/D FLY OVER,JALUR HIJAU
2024,KOTA ADM. JAKARTA BARAT,KEMBANGAN,KEMBANGAN SELATAN,JALUR HIJAU SEGITIGA JL. PESANGGRAHAN,JH. SEGITIGA JL. PESANGGRAHAN,JALUR HIJAU
2024,KOTA ADM. JAKARTA BARAT,KEMBANGAN,KEMBANGAN SELATAN,JALUR HIJAU MEDIAN JL. PURI INDAH RAYA,JH. MEDIAN JL. PURI INDAH RAYA,JALUR HIJAU
2024,KOTA ADM. JAKARTA BARAT,KEMBANGAN,KEMBANGAN SELATAN,JALUR HIJAU SEGITIGA JL. PURI INDAH (PURI KEDOYA),JH. SEGITIGA JL. PURI INDAH (PURI KEDOYA),JALUR HIJAU
2024,KOTA ADM. JAKARTA BARAT,KEMBANGAN,KEMBANGAN SELATAN,JALUR HIJAU SEGITIGA JL. PURI INDAH (DEPAN PASAR PURI),JH. SEGITIGA JL. PURI INDAH (DEPAN PASAR PURI),JALUR HIJAU
2024,KOTA ADM. JAKARTA BARAT,KEMBANGAN,KEMBANGAN SELATAN,JALUR HIJAU JL. KEMBANGAN RAYA DAN JL. PURI PERMAI,JH. JL. KEMBANGAN RAYA DAN JL. PURI PERMAI,JALUR HIJAU
2024,KOTA ADM. JAKARTA BARAT,KEMBANGAN,KEMBANGAN SELATAN,JALUR HIJAU SEGITIGA SISI SELATAN JL. KEMBANGAN,JH. SEGITIGA SISI SELATAN JL. KEMBANGAN,JALUR HIJAU
2024,KOTA ADM. JAKARTA BARAT,KEMBANGAN,N/A,JALUR HIJAU PULAU-PULAU KEMBANGAN SISI SELATAN,JH. PULAU-PULAU KEMBANGAN SISI SELATAN,JALUR HIJAU
2024,KOTA ADM. JAKARTA BARAT,KEMBANGAN,KEMBANGAN SELATAN,JALUR HIJAU BELAKANG HYPERMART JL. KEMBANG MURNI TIMUR,JH. BELAKANG HYPERMART JL. KEMBANG MURNI TIMUR,JALUR HIJAU
2024,KOTA ADM. JAKARTA BARAT,KEMBANGAN,KEMBANGAN SELATAN,JALUR HIJAU JL. KEMBANG BARAT DAN TIMUR,JH. JL. KEMBANG BARAT DAN TIMUR,JALUR HIJAU
2024,KOTA ADM. JAKARTA BARAT,KEMBANGAN,KEMBANGAN SELATAN,JALUR HIJAU JL. PURI HARUM,JH. JL. PURI HARUM,JALUR HIJAU
2024,KOTA ADM. JAKARTA BARAT,KEMBANGAN,KEMBANGAN SELATAN,JALUR HIJAU JL. PURI ELOK,JH. JL. PURI ELOK,JALUR HIJAU
2024,KOTA ADM. JAKARTA BARAT,KEMBANGAN,KEMBANGAN SELATAN,JALUR HIJAU JL. PURI AYU,JH. JL. PURI AYU,JALUR HIJAU
2024,KOTA ADM. JAKARTA BARAT,KEMBANGAN,KEMBANGAN SELATAN,JALUR HIJAU JL. PURI MOLEK,JH. JL. PURI MOLEK,JALUR HIJAU
2024,KOTA ADM. JAKARTA BARAT,KEMBANGAN,KEMBANGAN SELATAN,JALUR HIJAU JL. PURI AYU 1,JH. JL. PURI AYU 1,JALUR HIJAU
2024,KOTA ADM. JAKARTA BARAT,KEMBANGAN,KEMBANGAN SELATAN,JALUR HIJAU JL. PURI MOLEK 1,JH. JL. PURI MOLEK 1,JALUR HIJAU
2024,KOTA ADM. JAKARTA BARAT,KEMBANGAN,KEMBANGAN SELATAN,JALUR HIJAU JL. KENCANA BARU,JALUR HIJAU JL. KENCANA BARU,JALUR HIJAU
2024,KOTA ADM. JAKARTA BARAT,KEMBANGAN,KEMBANGAN SELATAN,JALUR HIJAU MEDIAN JL. KEMBANG KEREP (JEMBATAN TOL),JALUR HIJAU MEDIAN JL. KEMBANG KEREP (JEMBATAN TOL),JALUR HIJAU
2024,KOTA ADM. JAKARTA BARAT,KEMBANGAN,MERUYA UTARA,JALUR HIJAU SISI TOL JL. PURI LINGKAR LUAR,JALUR HIJAU SISI TOL JL. PURI LINGKAR LUAR,JALUR HIJAU
2024,KOTA ADM. JAKARTA BARAT,KEMBANGAN,N/A,JALUR HIJAU VIADUCK KEMBANG KEREP,JALUR HIJAU VIADUCK KEMBANG KEREP,JALUR HIJAU
2024,KOTA ADM. JAKARTA BARAT,KEMBANGAN,N/A,SEGITIGA JALUR HIJAU JL. KEMBANG KEREP (DEPAN SPBU),SEGITIGA JALUR HIJAU JL. KEMBANG KEREP (DEPAN SPBU),JALUR HIJAU
2024,KOTA ADM. JAKARTA BARAT,KEMBANGAN,KEMBANGAN SELATAN,SEGITIGA JALUR HIJAU JL. KEMBANG KEREP (KELUAR PINTU TOL),SEGITIGA JALUR HIJAU JL. KEMBANG KEREP (KELUAR PINTU TOL),JALUR HIJAU
2024,KOTA ADM. JAKARTA BARAT,KEMBANGAN,N/A,JALUR HIJAU SEGITIGA PULAU JL. PURI LINGKAR LUAR (CNI),JALUR HIJAU SEGITIGA PULAU JL. PURI LINGKAR LUAR (CNI),JALUR HIJAU
2024,KOTA ADM. JAKARTA BARAT,KEMBANGAN,MERUYA UTARA,JALUR HIJAU JLR 15 DAN JLR 20 MERUYA SELATAN,JALUR HIJAU JLR 15 DAN JLR 20 MERUYA SELATAN,JALUR HIJAU
2024,KOTA ADM. JAKARTA PUSAT,TANAH ABANG,PETAMBURAN,JH JL. JATI PINGGIR (PINGGIR KALI),JH JL. JATI PINGGIR (PINGGIR KALI),JALUR HIJAU
2024,KOTA ADM. JAKARTA PUSAT,TANAH ABANG,PETAMBURAN,TAMAN KOTA SEHAT RW. 05,"JL. PETAMBURAN 5, 1-14",TAMAN
2024,KOTA ADM. JAKARTA PUSAT,TANAH ABANG,PETAMBURAN,TAMAN DINAS PERTAMANAN DAN HUTAN KOTA PROV. DKI JAKARTA,JL. AIPDA KS TUBUN NO. 1,TAMAN
2024,KOTA ADM. JAKARTA PUSAT,TANAH ABANG,PETAMBURAN,TPU PETAMBURAN,"JL. KS. TUBUN NO.1, PETAMBURAN, TANAH ABANG",TPU
2024,KOTA ADM. JAKARTA SELATAN,CILANDAK,CILANDAK BARAT,RTH LEBAK BULUS V/ TAMAN HAJI NIMAN,JL. LEBAK BULUS V,TAMAN
2024,KOTA ADM. JAKARTA SELATAN,CILANDAK,CILANDAK BARAT,TAMAN WIJAYA KUSUMA V (PERAWAT),"JL. WIJAYA KUSUMA, RT.8/RW.4, CILANDAK BAR., KEC. CILANDAK, KOTA JAKARTA SELATAN",TAMAN
2024,KOTA ADM. JAKARTA SELATAN,CILANDAK,CILANDAK BARAT,TAMAN MPR,"JL. MPR RAYA RT 05/11 KEL. CILANDAK BARAT, KEC. CILANDAK. JAKARTA SELATAN",TAMAN
2024,KOTA ADM. JAKARTA SELATAN,CILANDAK,CILANDAK BARAT,TAMAN DEPLU,"JL. H. ABDUL MAJID DALAM JL. KOMP. PERHUBUNGAN LAUT NO.21, RT.9/RW.5, CIPETE SEL., KEC. CILANDAK, KOTA JAKARTA SELATAN, DAERAH KHUSUS IBUKOTA JAKARTA 12410",TAMAN
2024,KOTA ADM. JAKARTA SELATAN,CILANDAK,CILANDAK BARAT,RPTRA INTAN,"JL. INTAN UJUNG NO.19, RT.2/RW.2, CILANDAK BAR., KEC. CILANDAK, KOTA JAKARTA SELATAN, DAERAH KHUSUS IBUKOTA JAKARTA 12430",TAMAN
2024,KOTA ADM. JAKARTA SELATAN,CILANDAK,CILANDAK BARAT,TAMAN SEGITIGA RS. FATMAWATI SISI TIMUR,"JL. TAHI BONAR SIMATUPANG, RT.4/RW.9, CILANDAK BAR., KEC. CILANDAK, KOTA JAKARTA SELATAN,",TAMAN
2024,KOTA ADM. JAKARTA SELATAN,CILANDAK,CILANDAK BARAT,TAMAN SEGITIGA RS. FATMAWATI SISI BARAT,"JL. TB SIMATUPANG RT 01/04 KEL. CILANDAK BARAT, KEC. CILANDAK. JAKARTA SELATAN",TAMAN
2024,KOTA ADM. JAKARTA SELATAN,CILANDAK,CIPETE SELATAN,TAMAN GAJAH CIPETE,"JL. CIPETE RAYA 55-17, RT.6/RW.4, CIPETE SEL., KEC. CILANDAK, KOTA JAKARTA SELATAN, DAERAH KHUSUS IBUKOTA JAKARTA 12410",TAMAN
2024,KOTA ADM. JAKARTA SELATAN,CILANDAK,CIPETE SELATAN,TAMAN JL. JUNAIDI NO. 9,"JL. H. JUNAEDI 1, RW.3, CIPETE SEL., KEC. CILANDAK, KOTA JAKARTA SELATAN, DAERAH KHUSUS IBUKOTA JAKARTA 12410",TAMAN
2024,KOTA ADM. JAKARTA SELATAN,CILANDAK,CIPETE SELATAN,TAMAN JL. BUKIT ARCO,"JL. BUKIT ARCO, RT.3/RW.6, CIPETE SEL., KEC. CILANDAK, KOTA JAKARTA SELATAN, DAERAH KHUSUS IBUKOTA JAKARTA 12410",TAMAN
2024,KOTA ADM. JAKARTA SELATAN,CILANDAK,CIPETE SELATAN,TAMAN JL. TAMPAK SIRING,JL. TAMPAK SIRING,TAMAN
2024,KOTA ADM. JAKARTA SELATAN,CILANDAK,CIPETE SELATAN,TAMAN JL. PURI KENCANA RT. 010/006,JL. PURI KENCANA RT. 010/006,TAMAN
2024,KOTA ADM. JAKARTA SELATAN,CILANDAK,CIPETE SELATAN,TAMAN JL. CIPETE IX,JL. CIPETE IX,TAMAN
2024,KOTA ADM. JAKARTA SELATAN,CILANDAK,CIPETE SELATAN,TAMAN JL. KEMANG SELATAN XII,JL. KEMANG SELATAN XII,TAMAN
2024,KOTA ADM. JAKARTA SELATAN,CILANDAK,CIPETE SELATAN,RTH CIPETE SELATAN,"RW 001, KEL. CIPETE SELATAN, KEC. CILANDAK, JAKARTA SELATAN",TAMAN
2024,KOTA ADM. JAKARTA SELATAN,CILANDAK,GANDARIA SELATAN,TAMAN KENANGA,"JL. PULO KENANGA IV, RT.6/ 15, KEL. GROGOL UTARA, KEC. KEBAYORAN LAMA, JAKARTA SELATAN",TAMAN
2024,KOTA ADM. JAKARTA SELATAN,CILANDAK,GANDARIA SELATAN,TAMAN GANDARIA SELATAN,RT 010 RW 007 KEL. GANDARIA SELATAN KEC. CILANDAK JAKARTA SELATAN,TAMAN
2024,KOTA ADM. JAKARTA SELATAN,CILANDAK,GANDARIA SELATAN,RPTRA BAHARI,"JL. BAHARI RAYA NO.9, RT.9/RW.7, GANDARIA SEL., KEC. CILANDAK, KOTA JAKARTA SELATAN, DAERAH KHUSUS IBUKOTA JAKARTA 12420",TAMAN
2024,KOTA ADM. JAKARTA SELATAN,CILANDAK,GANDARIA SELATAN,TAMAN TELADAN (JL. BAHARI),"JL. BAHARI I NO.10, RT.12/RW.7, GANDARIA SEL., KEC. CILANDAK, KOTA JAKARTA SELATAN, DAERAH KHUSUS IBUKOTA JAKARTA 12420",TAMAN
2024,KOTA ADM. JAKARTA SELATAN,CILANDAK,LEBAK BULUS,HUTAN KOTA SANGGA BUANA,"JL. TAMAN SARI 1 KEL LEBAK BULUS, KEC. CILANDAK",HUTAN
2024,KOTA ADM. JAKARTA SELATAN,CILANDAK,LEBAK BULUS,FLY OVER ( BAWAH ) DAN UNDERPASS LEBAK BULUS PASAR JUMAT,FLY OVER ( BAWAH ) DAN UNDERPASS LEBAK BULUS PASAR JUMAT,JALUR HIJAU
2024,KOTA ADM. JAKARTA SELATAN,CILANDAK,LEBAK BULUS,RTH JL. LEBAK BULUS III RT. 010 RW. 07,JL. LEBAK BULUS III RT. 010 RW. 07,TAMAN
2024,KOTA ADM. JAKARTA SELATAN,CILANDAK,LEBAK BULUS,TAMAN GUNUNG BALONG,"JL. GUNUNG BALONG II, KEL. LEBAK BULUS, KEC. CILANDAK, JAKARTA SELATAN",TAMAN
2024,KOTA ADM. JAKARTA SELATAN,CILANDAK,LEBAK BULUS,RTH JL. CIPUTAT RAYA,JALAN CIPUTAT RAYA RT 001 RW 02 LEBAK BULUS CILANDAK JAKARTA SELATAN,TAMAN
2024,KOTA ADM. JAKARTA SELATAN,CILANDAK,LEBAK BULUS,TAMAN RTH KARANG TENGAH,"JL. BONA INDAH IV, RT.3/RW.6, LB. BULUS, KEC. CILANDAK, KOTA JAKARTA SELATAN,",TAMAN
2024,KOTA ADM. JAKARTA SELATAN,CILANDAK,LEBAK BULUS,TAMAN PULO JL. KARANG TENGAH,"JL. LEBAK BULUS RAYA NO.1C, RT.4/RW.4, LB. BULUS, KEC. CILANDAK, KOTA JAKARTA SELATAN, DAERAH KHUSUS IBUKOTA JAKARTA 12440",TAMAN
2024,KOTA ADM. JAKARTA SELATAN,KEBAYORAN LAMA,PONDOK PINANG,TAMAN H. MUHI VII,"JL. H. MUHI VII NO.23, RT.6/RW.4, PD. PINANG, KEC. KBY. LAMA, KOTA JAKARTA SELATAN, DAERAH KHUSUS IBUKOTA JAKARTA 12310",TAMAN
2024,KOTA ADM. JAKARTA SELATAN,KEBAYORAN LAMA,PONDOK PINANG,TAMAN H. MUHI VIII,"JL. H MUHI VIII NO.5, RT.8/RW.4, PD. PINANG, KEC. KBY. LAMA, KOTA JAKARTA SELATAN, DAERAH KHUSUS IBUKOTA JAKARTA 12310",TAMAN
2024,KOTA ADM. JAKARTA SELATAN,KEBAYORAN LAMA,PONDOK PINANG,TAMAN H. MUHI X,"JL. H. MUHI X , RT.8/RW.4, PD. PINANG, KEC. KBY. LAMA, KOTA JAKARTA SELATAN, DAERAH KHUSUS IBUKOTA JAKARTA 12330",TAMAN
2024,KOTA ADM. JAKARTA SELATAN,KEBAYORAN LAMA,PONDOK PINANG,TAMAN H. MUHI XII,"JL. H. MUHI XII, RT.9/RW.4, PD. PINANG, KEC. KBY. LAMA, KOTA JAKARTA SELATAN, DAERAH KHUSUS IBUKOTA JAKARTA 12330",TAMAN
2024,KOTA ADM. JAKARTA SELATAN,KEBAYORAN LAMA,PONDOK PINANG,TAMAN H. MUHI XIV,"JL. H. MUHI XIV RW.3, PD. PINANG, KEC. KBY. LAMA, KOTA JAKARTA SELATAN, DAERAH KHUSUS IBUKOTA JAKARTA 12310",TAMAN
2024,KOTA ADM. JAKARTA SELATAN,KEBAYORAN LAMA,PONDOK PINANG,TAMAN PONDOK PINANG,"JL. H. MUHI VIII B 1, RW.4, PD. PINANG, KEC. KBY. LAMA, KOTA JAKARTA SELATAN,",TAMAN
2024,KOTA ADM. JAKARTA SELATAN,KEBAYORAN LAMA,PONDOK PINANG,TAMAN PUTARAN PONDOK INDAH,"JL. ARTERI PD. INDAH, RT.1/RW.16, PD. PINANG, KEC. KBY. LAMA, KOTA JAKARTA SELATAN, DAERAH KHUSUS IBUKOTA JAKARTA 12310",TAMAN
2024,KOTA ADM. JAKARTA SELATAN,KEBAYORAN LAMA,PONDOK PINANG,TAMAN PULO-PULO SEGITIGA PONDOK INDAH,"JL. R.A. KARTINI, RT.10/ 7 KEL. PONDOK. PINANG, KEC. KEBAYORAN LAMA, JAKARTA SELATAN",TAMAN
2024,KOTA ADM. JAKARTA SELATAN,KEBAYORAN LAMA,PONDOK PINANG,"RPTRA TAMAN H. MUHI RT 006/04,(RPTRA PINANG INDAH)","JL. H. MUHI RAYA NO.4, RT.6/RW.4, PD. PINANG, KEC. KBY. LAMA, KOTA JAKARTA SELATAN, DAERAH KHUSUS IBUKOTA JAKARTA 12310",TAMAN
2024,KOTA ADM. JAKARTA SELATAN,KEBAYORAN LAMA,PONDOK PINANG,TAMAN TERMINAL LEBAK BULUS,"JL. IR H. JUANDA, RT.8/RW.9, KEL. PD. PINANG, KEC. KBY. LAMA, . JAKARTA SELATAN",TAMAN
2024,KOTA ADM. JAKARTA SELATAN,MAMPANG PRAPATAN,BANGKA,JL. KEMANG RAYA AMENITIS TROTOAR),JL. KEMANG RAYA (AMENITIS TROTOAR),JALUR HIJAU
2024,KOTA ADM. JAKARTA SELATAN,MAMPANG PRAPATAN,BANGKA,TAMAN KEMANG RAYA,"JL. TAMAN KEMANG NO.14, RW.1, BANGKA, KEC. MAMPANG PRPT., KOTA JAKARTA SELATAN,",TAMAN
2024,KOTA ADM. JAKARTA SELATAN,MAMPANG PRAPATAN,BANGKA,TAMAN BANGKA VIII,"JL. BANGKA VIII A NO 41 , RT.01 RW 12 KEL;. PELA MAMPANG, KEC MAMPANG PRAPATAN",TAMAN
2024,KOTA ADM. JAKARTA SELATAN,MAMPANG PRAPATAN,BANGKA,TAMAN KEC. KEMANG SELATAN,"JL. KEMANG SELATAN VII KEL, BANGKA MAMPANG PRAPATAN. JAKARTA SELATAN",TAMAN
2024,KOTA ADM. JAKARTA SELATAN,MAMPANG PRAPATAN,BANGKA,TAMAN KEMANG SELATAN VIII,"JL. PERUMAHAN KEMANG JAYA, RT.7/RW.2, BANGKA, KEC. MAMPANG PRPT., KOTA JAKARTA SELATAN",TAMAN
2024,KOTA ADM. JAKARTA SELATAN,MAMPANG PRAPATAN,KUNINGAN BARAT,TAMAN SEGITIGA ABDUL ROHIM,"JL. KUNINGAN BARAT RAYA, RT.3/.2, KEL. KUNINGAN BARAT., KEC. MAMPANG PRAPATAN. JAKARTA SELATAN",TAMAN
2024,KOTA ADM. JAKARTA SELATAN,MAMPANG PRAPATAN,KUNINGAN BARAT,TAMAN TEGAL PARANG,"JL. GATOT SUBROTO, RT.2/RW.2, KUNINGAN BAR., KEC. MAMPANG PRPT., KOTA JAKARTA SELATAN,",TAMAN
2024,KOTA ADM. JAKARTA SELATAN,MAMPANG PRAPATAN,KUNINGAN BARAT,TMN KAPT TENDEAN,"JL. KAPTEN TENDEAN, RT.2/RW.2, KUNINGAN BAR., KEC. MAMPANG PRPT., KOTA JAKARTA SELATAN,",TAMAN
2024,KOTA ADM. JAKARTA SELATAN,MAMPANG PRAPATAN,KUNINGAN BARAT,TAMAN RASUNA SAID,"JL. TERUSAN H. R. RASUNA SAID, RT.3/ .2, KEL. KUNINGAN BARAT., KEC. MAMPANG PRAPATAN. JAKARTA SELATAN",TAMAN
2024,KOTA ADM. JAKARTA SELATAN,MAMPANG PRAPATAN,KUNINGAN BARAT,TAMAN WIJAYAKARTA,"JL. WIJAYA KARTA RAYA 11-1, RT.12/RW.3, KUNINGAN BAR., KEC. MAMPANG PRPT., KOTA JAKARTA SELATAN,",TAMAN
2024,KOTA ADM. JAKARTA SELATAN,MAMPANG PRAPATAN,MAMPANG PRAPATAN,TAMAN INTERAKTIF RW. 01 (RPTRA RAMLI),"JL. KAPTEN TENDEAN GG. JATI NO.11, RT.11/RW.1, MAMPANG PRPT., KEC. MAMPANG PRPT., KOTA JAKARTA SELATAN, DAERAH KHUSUS IBUKOTA JAKARTA 12790",TAMAN
2024,KOTA ADM. JAKARTA SELATAN,MAMPANG PRAPATAN,MAMPANG PRAPATAN,TAMAN PULO-PULO MAMPANG,"JL. MAMPANG PRPT. RAYA 108-139, RT.1/RW.3, MAMPANG PRPT., KEC. MAMPANG PRPT., KOTA JAKARTA SELATAN,",TAMAN
2024,KOTA ADM. JAKARTA SELATAN,MAMPANG PRAPATAN,MAMPANG PRAPATAN,TAMAN KANTOR KECAMATAN MAMPANG PRAPATAN,"JL. TEGAL PARANG SELATAN V NO.19C, RT.8/RW.4, TEGAL PARANG, KEC. MAMPANG PRPT., KOTA JAKARTA SELATAN",TAMAN
2024,KOTA ADM. JAKARTA SELATAN,MAMPANG PRAPATAN,MAMPANG PRAPATAN,TMN. BWH FO MP. PRAPATAN,"JL. KAPTEN TENDEAN, RT.1/RW.3, KEL. MAMPANG PRPT., KEC. MAMPANG PRPT., KOTA JAKARTA SELATAN, DAERAH KHUSUS IBUKOTA JAKARTA 12790",TAMAN
2024,KOTA ADM. JAKARTA SELATAN,MAMPANG PRAPATAN,MAMPANG PRAPATAN,TAMAN GARDU PARAMADINA,"JL. TEGAL PARANG UTARA, RT.2/RW.4, MAMPANG PRPT., KEC. MAMPANG PRPT., KOTA JAKARTA SELATA",TAMAN
2024,KOTA ADM. JAKARTA SELATAN,MAMPANG PRAPATAN,N/A,JALUR HIJAU JL. KEMANG SELATAN,JALUR HIJAU JL. KEMANG SELATAN,JALUR HIJAU
2024,KOTA ADM. JAKARTA SELATAN,MAMPANG PRAPATAN,N/A,JALUR HIJAU JL. KEMANG DALAM V,JALUR HIJAU JL. KEMANG DALAM V,JALUR HIJAU
2024,KOTA ADM. JAKARTA TIMUR,CIPAYUNG,N/A,JH. JL. LUBANG BUAYA (PEMELIHARAAN POHON),JH. JL. LUBANG BUAYA (PEMELIHARAAN POHON),JALUR HIJAU
2024,KOTA ADM. JAKARTA TIMUR,CIPAYUNG,N/A,"JH. JL. HANKAM SELATAN, JL. HANKAM BARAT","JH. JL. HANKAM SELATAN, JL. HANKAM BARAT",JALUR HIJAU
2024,KOTA ADM. JAKARTA TIMUR,CIPAYUNG,PONDOK RANGGON,HUTAN KOTA PONDOK RANGGON,"JL. ASRI I RT. 002 RW. 03, KEL. PONDOK RANGON, KEC. CIPAYUNG, JAKARTA TIMUR",HUTAN
2024,KOTA ADM. JAKARTA TIMUR,CIPAYUNG,PONDOK RANGGON,RTH JL. BERINGIN,"JL. BERINGIN RT 004 RW 002 KEL. PONDOK RANGGON KEC. CIPAYUNG, JAKARTA TIMUR",TAMAN
2024,KOTA ADM. JAKARTA TIMUR,CIPAYUNG,PONDOK RANGGON,TAMAN SALIX,"JL. MUFAKAT NO.74, RT.3/RW.2, PD. RANGGON, KEC. CIPAYUNG, KOTA JAKARTA TIMUR, DAERAH KHUSUS IBUKOTA JAKARTA 13860",TAMAN
2024,KOTA ADM. JAKARTA TIMUR,CIPAYUNG,PONDOK RANGGON,TAMAN RANGGON WIJAYA KUSUMA,"JL. CILANGKAP BARU RT 004 RW 003, KEL. PONDOK RANGGON, KEC. CIPAYUNG, JAKARTA TIMUR",TAMAN
2024,KOTA ADM. JAKARTA TIMUR,CIPAYUNG,PONDOK RANGGON,RTH PONDOK RANGON,"JL. PONDOK RANGGON RAYA RT 001 RW 006, KEL. PONDOK RANGGON, KEC. CIPAYUNG, JAKARTA TIMUR",TAMAN
2024,KOTA ADM. JAKARTA TIMUR,CIPAYUNG,PONDOK RANGGON,TPU PONDOK RANGGON,"JL. RAYA TPU PD. RANGGON, RT.7/RW.4, PD. RANGGON, KEC. CIPAYUNG, KOTA JAKARTA TIMUR, DAERAH KHUSUS IBUKOTA JAKARTA 13860",TPU
2024,KOTA ADM. JAKARTA TIMUR,CIPAYUNG,SETU,HUTAN KOTA SETU,"JL. PERDAGANGAN RT. 002 RW. 01 KEL. SETU, KEC. CIPAYUNG, JAKARTA TIMUR",HUTAN
2024,KOTA ADM. JAKARTA TIMUR,CIPAYUNG,SETU,HUTAN KOTA CILANGKAP BARU,JL. RAYA SETU RT 003 RW 04 KEL.CILANGKAP KEC. CIPAYUNG JAKARTA TIMUR - RT. 008 RW. 03 KEL. SETU KEC. CIPAYUNG JAKARTA TIMUR; RT. 001 RW. 04 KEL. SETU KEC. CIPAYUNG JAKARTA TIMUR,HUTAN
2024,KOTA ADM. JAKARTA TIMUR,CIPAYUNG,SETU,HUTAN KOTA CILANGKAP,KEL. SETU KEC. CIPAYUNG JAKARTA TIMUR,HUTAN
2024,KOTA ADM. JAKARTA TIMUR,CIPAYUNG,SETU,HUTAN KOTA DAS SUNTER HULU,"RT.7/RW.2, SETU, CIPAYUNG, JAKARTA TIMUR JAKARTA 13880",HUTAN
2024,KOTA ADM. JAKARTA TIMUR,CIPAYUNG,SETU,HUTAN KOTA BAMBU WULUNG,RT 005 RW 003 KEL. SETU KEC. CIPAYUNG JAKARTA TIMUR,HUTAN
2024,KOTA ADM. JAKARTA TIMUR,CIPAYUNG,SETU,RTH RT 002 RW 001,"RT 002 RW 001 KEL. SETU, KEC. CIPAYUNG, JAKARTA TIMUR",TAMAN
2024,KOTA ADM. JAKARTA TIMUR,CIPAYUNG,SETU,RTH RT 008 RW 003,"RT 008 RW 003, KEL. SETU, KEC. CIPAYUNG, JAKARTA TIMUR",TAMAN
2024,KOTA ADM. JAKARTA TIMUR,CIPAYUNG,SETU,RTH TAMAN BAMBU JL. PAGELARANG,"JL. PAGELARANG NO.6, RT.3/RW.1, SETU, KEC. CIPAYUNG, KOTA JAKARTA TIMUR, DAERAH KHUSUS IBUKOTA JAKARTA 13880",TAMAN
2024,KOTA ADM. JAKARTA TIMUR,CIPAYUNG,SETU,RTH JL. SETU RAYA RT. 008 RW. 03,"JL. SETU RAYA RT. 008 RW. 03, KEL. SETU, KEC. CIPAYUNG, JAKARTA TIMUR",TAMAN
2024,KOTA ADM. JAKARTA TIMUR,CIPAYUNG,SETU,RTH JL. RAYA SETU CIPAYUNG RT.008 RW.03,RTH JL. RAYA SETU CIPAYUNG RT.008 RW.03,TAMAN
2024,KOTA ADM. JAKARTA TIMUR,CIPAYUNG,SETU,TPU BANTAR JATI,"JALAN BANTAR JATI, SETU, CIPAYUNG, RT.7/RW.2, SETU, JAKARTA TIMUR, KOTA JAKARTA TIMUR, DAERAH KHUSUS IBUKOTA JAKARTA 13880",TPU
2024,KOTA ADM. JAKARTA TIMUR,CIPAYUNG,SETU,TPU BAMBU APUS / TPU BAMBU WULUNG,"JL. RAYA SETU NO.43, RT.9/RW.5, SETU, KEC. CIPAYUNG, KOTA JAKARTA TIMUR, DAERAH KHUSUS IBUKOTA JAKARTA 13880",TPU
2024,KOTA ADM. JAKARTA TIMUR,CIRACAS,CIBUBUR,HUTAN KOTA SITU RAWA DONGKAL,"JL. JAMBORE KEL. CIBUBUR KEC. CIRACAS, JAKARTA TIMUR",HUTAN
2024,KOTA ADM. JAKARTA TIMUR,CIRACAS,CIBUBUR,KB. CIBUBUR,"JL BAABUROYAN LLL, JAKARYA TIMUR 13720, RT.12/RW.10, CIBUBUR, KEC. CIRACAS, KOTA JAKARTA TIMUR, DAERAH KHUSUS IBUKOTA JAKARTA 13720",KEBUN BIBIT
2024,KOTA ADM. JAKARTA TIMUR,CIRACAS,CIBUBUR,TAMAN POJOK CERIA,"JL. MAKAM BARAT, JAKARTA TIMUR",TAMAN
2024,KOTA ADM. JAKARTA TIMUR,CIRACAS,CIBUBUR,TAMAN MAHONI,"JALAN RAYA PKP, RT.7/RW.9, CIBUBUR, CIRACAS, RT.7/RW.9, KLP. DUA WETAN, KEC. CIRACAS, KOTA JAKARTA TIMUR, DAERAH KHUSUS IBUKOTA JAKARTA 13730",TAMAN
2024,KOTA ADM. JAKARTA TIMUR,CIRACAS,CIBUBUR,RTH TAMAN KUMIS KUCING JL. KUMIS KUCING,"JL. KUMIS KUCING NO.7, RT.2/RW.7, CIBUBUR, KEC. CIRACAS, KOTA JAKARTA TIMUR, DAERAH KHUSUS IBUKOTA JAKARTA 13720",TAMAN
2024,KOTA ADM. JAKARTA TIMUR,CIRACAS,CIBUBUR,TAMAN ABDUL RACHMAN,"JL. H. ABDUL RAHMAN II 3, RT.11/RW.5, CIBUBUR, KEC. CIRACAS, KOTA JAKARTA TIMUR, DAERAH KHUSUS IBUKOTA JAKARTA 13720",TAMAN
2024,KOTA ADM. JAKARTA TIMUR,CIRACAS,CIBUBUR,TAMAN LITERASI (TAMAN O),"JL. SMU 99 RT 005 RW 003, KEL. CIBUBUR, KEC. CIRACAS, JAKARTA TIMUR",TAMAN
2024,KOTA ADM. JAKARTA TIMUR,CIRACAS,CIBUBUR,RTH JL. ABDUL RAHMAN II BLOK DUKUH DALAM RT. 003 RW. 010,"JL. ABDUL RAHMAN II BLOK DUKUH DALAM RT. 003 RW. 010, KEL. CIBUBUR, KEC. CIRACAS, JAKARTA TIMUR",TAMAN
2024,KOTA ADM. JAKARTA TIMUR,CIRACAS,CIBUBUR,RTH JAMBORE,"JL. JAMBORE RT 003 RW 006, KEL. CIBUBUR, KEC. CIRACAS, JAKARTA TIMUR",TAMAN
2024,KOTA ADM. JAKARTA TIMUR,CIRACAS,CIBUBUR,TPU CIBUBUR MEDE (I),"JL. PARKIT RAYA NO.120-127, RT.2/RW.3, CIBUBUR, KEC. CIRACAS, KOTA JAKARTA TIMUR, DAERAH KHUSUS IBUKOTA JAKARTA 13720",TPU
2024,KOTA ADM. JAKARTA BARAT,KEMBANGAN,MERUYA UTARA,JALUR HIJAU MEDIAN JL. PESANGGRAHAN DR FLY OVER S/D LM. SRENGSENG,JH. MEDIAN JL. PESANGGRAHAN DR FLY OVER S/D LM. SRENGSENG,JALUR HIJAU
2024,KOTA ADM. JAKARTA BARAT,KEMBANGAN,N/A,JALUR HIJAU JL. BATU MULIA,JALUR HIJAU JL. BATU MULIA,JALUR HIJAU
2024,KOTA ADM. JAKARTA BARAT,KEMBANGAN,MERUYA UTARA,JALUR HIJAU JL. MERUYA ILIR DR LM SRENGSENG S/D KEMBANG KEREP,JALUR HIJAU JL. MERUYA ILIR DR LM SRENGSENG S/D KEMBANG KEREP,JALUR HIJAU
2024,KOTA ADM. JAKARTA BARAT,KEMBANGAN,N/A,JALUR HIJAU JL. TAMAN ARIES,JALUR HIJAU JL. TAMAN ARIES,JALUR HIJAU
2024,KOTA ADM. JAKARTA BARAT,KEMBANGAN,N/A,JALUR JL. SEPANJANG SISI TOL DPN LOTTE MART S/D UJUNG DUKCAPIL (JL. LAP. TENIS),JALUR JL. SEPANJANG SISI TOL DPN LOTTE MART S/D UJUNG DUKCAPIL (JL. LAP. TENIS),JALUR HIJAU
2024,KOTA ADM. JAKARTA BARAT,KEMBANGAN,KEMBANGAN UTARA,"JLR KOMP. PERMATA MERUYA I, II DAN III (MENUJU AL-AZHAR) KOMP. MERUYA ILIR","JLR KOMP. PERMATA MERUYA I, II DAN III (MENUJU AL-AZHAR) KOMP. MERUYA ILIR",JALUR HIJAU
2024,KOTA ADM. JAKARTA BARAT,KEMBANGAN,KEMBANGAN UTARA,JALUR HIJAU PULAU-PULAU KEMBANGAN SISI UTARA,JH. PULAU-PULAU KEMBANGAN SISI UTARA,JALUR HIJAU
2024,KOTA ADM. JAKARTA BARAT,KEMBANGAN,KEMBANGAN UTARA,JALUR HIJAU SEGITIGA SISI UTARA JL. KEMBANGAN,JH. SEGITIGA SISI UTARA JL. KEMBANGAN,JALUR HIJAU
2024,KOTA ADM. JAKARTA BARAT,KEMBANGAN,N/A,JALUR HIJAU JL. KEMBANGAN BARU (CENGKARENG DRAIN SISI BARAT),JH. JL. KEMBANGAN BARU (CENGKARENG DRAIN SISI BARAT),JALUR HIJAU
2024,KOTA ADM. JAKARTA BARAT,KEMBANGAN,N/A,JALUR HIJAU JL. OUTER RINGROAD SISI TIMUR DR LM KEMBANGAN S/D JEMBATAN,JH. JL. OUTER RINGROAD SISI TIMUR DR LM KEMBANGAN S/D JEMBATAN,JALUR HIJAU
2024,KOTA ADM. JAKARTA BARAT,KEMBANGAN,N/A,JALUR HIJAU JL. OUTER RINGROAD SISI BARAT DR LM KEMBANGAN S/D JEMBATAN,JH. JL. OUTER RINGROAD SISI BARAT DR LM KEMBANGAN S/D JEMBATAN,JALUR HIJAU
2024,KOTA ADM. JAKARTA BARAT,KEMBANGAN,N/A,JALUR HIJAU JL. KEMBANGAN RAYA DR PEMADAM S/D BPN,JH. JL. KEMBANGAN RAYA DR PEMADAM S/D BPN,JALUR HIJAU
2024,KOTA ADM. JAKARTA BARAT,KEMBANGAN,N/A,JALUR HIJAU JL. MERUYA ILIR DR LM SRENGSENG S/D PENGAMPUAN,JALUR HIJAU JL. MERUYA ILIR DR LM SRENGSENG S/D PENGAMPUAN,JALUR HIJAU
2024,KOTA ADM. JAKARTA BARAT,KEMBANGAN,N/A,JALUR HIJAU JL. PENGAMPUAN,JALUR HIJAU JL. PENGAMPUAN,JALUR HIJAU
2024,KOTA ADM. JAKARTA BARAT,KEMBANGAN,N/A,JALUR HIJAU JL. JOGLO RAYA,JALUR HIJAU JL. JOGLO RAYA,JALUR HIJAU
2024,KOTA ADM. JAKARTA BARAT,KEMBANGAN,SRENGSENG,HUTAN KOTA SRENGSENG,"JL. H. KELIK KEL. SRENGSENG, KEC. KEMBANGAN, JAKARTA BARAT",HUTAN
2024,KOTA ADM. JAKARTA BARAT,KEMBANGAN,SRENGSENG,KB. SRENGSENG,"JL. POS PENGUMBEN LAMA NO.49, RT.8/RW.3, SRENGSENG, KEC. KEMBANGAN, KOTA JAKARTA BARAT, DAERAH KHUSUS IBUKOTA JAKARTA 11630",KEBUN BIBIT
2024,KOTA ADM. JAKARTA BARAT,KEMBANGAN,SRENGSENG,TAMAN KEBON JERUK BLOK J (INTERCON),"JL. JERUK UTAMA BLOK J, RW.10, SRENGSENG, KEC. KEMBANGAN, KOTA JAKARTA BARAT, DAERAH KHUSUS IBUKOTA JAKARTA 11630",TAMAN
2024,KOTA ADM. JAKARTA BARAT,KEMBANGAN,SRENGSENG,TAMAN KEBON JERUK BLOK Q (INTERCON),"JL. JERUK UTAMA BLOK Q, RW.10, SRENGSENG, KEC. KEMBANGAN, KOTA JAKARTA BARAT, DAERAH KHUSUS IBUKOTA JAKARTA 11630",TAMAN
2024,KOTA ADM. JAKARTA BARAT,PALMERAH,JATI PULO,TAMAN JUANG (BUNI),"JL. SEMANGKA RAYA NO.15, RT.15/RW.2, JATIPULO, KEC. PALMERAH, KOTA JAKARTA BARAT, DAERAH KHUSUS IBUKOTA JAKARTA 11430",TAMAN
2024,KOTA ADM. JAKARTA BARAT,PALMERAH,JATI PULO,TAMAN KATALIA II,"JL. KOTA BAMBU UTARA 1 NO.3, RT.10/RW.8, JATIPULO, KEC. PALMERAH, KOTA JAKARTA BARAT, DAERAH KHUSUS IBUKOTA JAKARTA 11430",TAMAN
2024,KOTA ADM. JAKARTA BARAT,PALMERAH,KEBON JERUK,TAMAN KOMP. DPR (UNGGULAN),"JL. RAWA BELONG RD, RT.3/RW.13, PALMERAH, WEST JAKARTA CITY, JAKARTA 11480",TAMAN
2024,KOTA ADM. JAKARTA BARAT,PALMERAH,KEMANGGISAN,TAMAN ANGGREK NELI MURNI BLOK B,"JL. ANGGREK NELI MURNI IV-A NO.24, RT.6/RW.1, KEMANGGISAN, KEC. PALMERAH, KOTA JAKARTA BARAT, DAERAH KHUSUS IBUKOTA JAKARTA 11410",TAMAN
2024,KOTA ADM. JAKARTA BARAT,PALMERAH,KEMANGGISAN,TAMAN ANGGREK NELI MURNI BLOK C,"RT.5/RW.1, KEMANGGISAN, PALMERAH, WEST JAKARTA CITY, JAKARTA 11480JL. ANGGREK NELI MURNI IV-A,",TAMAN
2024,KOTA ADM. JAKARTA BARAT,PALMERAH,KEMANGGISAN,TAMAN ANGGREK GARUDA II KORAMIL,"JL. ANGGREK GARUDA 7 5, RW.2, KEMANGGISAN, KEC. PALMERAH, KOTA JAKARTA BARAT, DAERAH KHUSUS IBUKOTA JAKARTA 11480",TAMAN
2024,KOTA ADM. JAKARTA BARAT,PALMERAH,KEMANGGISAN,TAMAN ANGGREK GARUDA V,"JL. ANGGREK GARUDA V 61-47, RT.7/RW.2, KEMANGGISAN, KEC. PALMERAH, KOTA JAKARTA BARAT, DAERAH KHUSUS IBUKOTA JAKARTA 11480",TAMAN
2024,KOTA ADM. JAKARTA BARAT,PALMERAH,KEMANGGISAN,TAMAN ANGGREK ROSLIANA (KOMODO),"JL. ANGGREK ROSLIANA I 54-50, RT.2/RW.5, KEMANGGISAN, KEC. PALMERAH, KOTA JAKARTA BARAT, DAERAH KHUSUS IBUKOTA JAKARTA 11480",TAMAN
2024,KOTA ADM. JAKARTA BARAT,PALMERAH,KEMANGGISAN,"TAMAN POSYANDU RW.08, KEMANGGISAN","RW 08, KEMANGGISAN, PALMERAH",TAMAN
2024,KOTA ADM. JAKARTA SELATAN,CILANDAK,LEBAK BULUS,TAMAN PULO SEGITIGA ADIYAKSA RAYA,"JL. ADIAKSA RAYA, RT.7/RW.7, LB. BULUS, KEC. CILANDAK, KOTA JAKARTA SELATAN, DAERAH KHUSUS IBUKOTA JAKARTA 12440",TAMAN
2024,KOTA ADM. JAKARTA SELATAN,CILANDAK,LEBAK BULUS,RPTRA MAWAR,"JL. MAWAR INDAH NO.57, RT.8/RW.2, LB. BULUS, KEC. CILANDAK, KOTA JAKARTA SELATAN, DAERAH KHUSUS IBUKOTA JAKARTA 12440",TAMAN
2024,KOTA ADM. JAKARTA SELATAN,CILANDAK,LEBAK BULUS,RPTRA H. GADUN/ANGGREK,"JL. H. GANDUN NO.8, RT.07/RW.8, LB. BULUS, KEC. CILANDAK, KOTA JAKARTA SELATAN, DAERAH KHUSUS IBUKOTA JAKARTA 12440",TAMAN
2024,KOTA ADM. JAKARTA SELATAN,CILANDAK,LEBAK BULUS,TAMAN INTERAKTIF PINANG,"JL. PINANG IV NO.21, RT.6/RW.2, PD. LABU, KEC. CILANDAK, KOTA JAKARTA SELATAN, DAERAH KHUSUS IBUKOTA JAKARTA 12450",TAMAN
2024,KOTA ADM. JAKARTA SELATAN,CILANDAK,LEBAK BULUS,TAMAN KOMPLEK BONA INDAH BLOK A,"JL. BONA INDAH V 26-18, RT.3/RW.6, LB. BULUS, KEC. CILANDAK, KOTA JAKARTA SELATAN, DAERAH KHUSUS IBUKOTA JAKARTA 12440",TAMAN
2024,KOTA ADM. JAKARTA SELATAN,CILANDAK,LEBAK BULUS,TAMAN KOMPLEK BONA INDAH DEPAN MASJID,"JL. BONA INDAH 62-4, RT.1/RW.6, LB. BULUS, KEC. CILANDAK, KOTA JAKARTA SELATAN, DAERAH KHUSUS IBUKOTA JAKARTA 12440",TAMAN
2024,KOTA ADM. JAKARTA SELATAN,CILANDAK,N/A,JALUR HIJAU BAWAH TOL DESARI,JALUR HIJAU BAWAH TOL DESARI,JALUR HIJAU
2024,KOTA ADM. JAKARTA SELATAN,CILANDAK,N/A,JALUR HIJAU JL. BATAN,JL. BATAN,JALUR HIJAU
2024,KOTA ADM. JAKARTA SELATAN,CILANDAK,N/A,JALUR HIJAU JL. ADHIYAKSA RAYA,JL. ADHIYAKSA RAYA,JALUR HIJAU
2024,KOTA ADM. JAKARTA SELATAN,CILANDAK,N/A,JALUR HIJAU JL. KARANG TENGAH RAYA,JL. KARANG TENGAH RAYA,JALUR HIJAU
2024,KOTA ADM. JAKARTA SELATAN,CILANDAK,N/A,"JALUR HIJAU JL. LEBAK BULUS RAYA,JL. GUNUNG BALONG","JL. LEBAK BULUS RAYA, JL. GUNUNG BALONG",JALUR HIJAU
2024,KOTA ADM. JAKARTA SELATAN,CILANDAK,N/A,JALUR HIJAU JL. FATMAWATI RAYA,JL. FATMAWATI RAYA,JALUR HIJAU
2024,KOTA ADM. JAKARTA SELATAN,CILANDAK,N/A,JALUR HIJAU JL. RA. KARTINI (PINTU TOL PONDOK PINANG S.D JL. FATMAWATI),JL. RA. KARTINI (PINTU TOL PONDOK PINANG S.D JL. FATMAWATI),JALUR HIJAU
2024,KOTA ADM. JAKARTA SELATAN,CILANDAK,N/A,JALUR HIJAU MRT (DARI PASAR CIPETE - UNDERPAS PASAR JUM'AT),JALUR HIJAU MRT (DARI PASAR CIPETE - UNDERPAS PASAR JUM'AT),JALUR HIJAU
2024,KOTA ADM. JAKARTA SELATAN,CILANDAK,PONDOK LABU,HUTAN KOTA PONDOK LABU,"RT.4/RW.2, PD. LABU, KEC. CILANDAK, KOTA JAKARTA SELATAN, DAERAH KHUSUS IBUKOTA JAKARTA 12450",HUTAN
2024,KOTA ADM. JAKARTA SELATAN,CILANDAK,PONDOK LABU,HUTAN KOTA PINANG KALIJATI,JL. PINANG KALIJATI RT.004 RW. 009 KEL. PONDOK LABU KEC. CILANDAK JAKARTA SELATAN,HUTAN
2024,KOTA ADM. JAKARTA SELATAN,CILANDAK,PONDOK LABU,HUTAN KOTA PINANG II,"JL. PINANG II, KEL. PONDOK LABU, KEC. CILANDAK, JAKARTA SELATAN",HUTAN
2024,KOTA ADM. JAKARTA SELATAN,CILANDAK,PONDOK LABU,HUTAN KOTA BANGO,JALAN BANGO III RT 008 RW 003 KEL. PONDOK LABU KEC. CILANDAK JAKARTA SELATAN - RT 009 RW 003 KEL. PONDOK LABU KEC. CILANDAK JAKARTA SELATAN,HUTAN
2024,KOTA ADM. JAKARTA SELATAN,CILANDAK,PONDOK LABU,FLY OVER FATMAWATI ( BAWAH ),JL. FATMAWATI,JALUR HIJAU
2024,KOTA ADM. JAKARTA SELATAN,CILANDAK,PONDOK LABU,RTH JL. KELURAHAN,"JL. KELURAHAN NO. 5 RT 003 RW 007 KEL. PONDOK LABU KEC. CILANDAK, JAKARTA SELATAN",TAMAN
2024,KOTA ADM. JAKARTA SELATAN,CILANDAK,PONDOK LABU,RTH JL. MARGASATWA RAYA RT. 010 RW. 02,"JL. MARGASATWA RAYA, KEL. PONDOK LABU, KEC. CILANDAK, JAKARTA SELATAN",TAMAN
2024,KOTA ADM. JAKARTA SELATAN,CILANDAK,PONDOK LABU,RTH JL. BANGO VI KP. KRUKUT RT. 010 RW. 03,JL. BANGO VI KP. KRUKUT RT. 010 RW. 03,TAMAN
2024,KOTA ADM. JAKARTA SELATAN,CILANDAK,PONDOK LABU,RTH JL. LEBAK BULUS III RT. 010 RW. 07,JL. LEBAK BULUS III RT. 010 RW. 07,TAMAN
2024,KOTA ADM. JAKARTA SELATAN,CILANDAK,PONDOK LABU,"RTH JL. LEBAK BULUS III, KELURAHAN PONDOK LABU, KECAMATAN CILANDAK, JAKARTA SELATAN","JL. LEBAK BULUS III, KELURAHAN PONDOK LABU, KECAMATAN CILANDAK, JAKARTA SELATAN",TAMAN
2024,KOTA ADM. JAKARTA SELATAN,CILANDAK,PONDOK LABU,"RTH JL. BANGO RAYA RT. 008 RW. 003, KELURAHAN PONDOK LABU, KECAMATAN CILANDAK, JAKARTA SELATAN","JL. BANGO RAYA RT. 008 RW. 003, KELURAHAN PONDOK LABU, KECAMATAN CILANDAK, JAKARTA SELATAN",TAMAN
2024,KOTA ADM. JAKARTA SELATAN,CILANDAK,PONDOK LABU,TAMAN PONDOK LABU,JL. JATI PEJATEN KEL. PONDOK LABU.KEC. CILANDAK. JAKARTA SELATAN,TAMAN
2024,KOTA ADM. JAKARTA SELATAN,CILANDAK,PONDOK LABU,"RTH JL. MARGASATWA RT. 010 RW. 02, KELURAHAN PONDOK LABU, KECAMATAN CILANDAK, JAKARTA SELATAN","JL. MARGASATWA RT. 010 RW. 02, KELURAHAN PONDOK LABU, KECAMATAN CILANDAK, JAKARTA SELATAN",TAMAN
2024,KOTA ADM. JAKARTA SELATAN,CILANDAK,PONDOK LABU,RPTRA PINANG POLA,"JL. PINANG II, RT.4/RW.2, PD. LABU, KEC. CILANDAK, KOTA JAKARTA SELATAN, DAERAH KHUSUS IBUKOTA JAKARTA 12450",TAMAN
2024,KOTA ADM. JAKARTA SELATAN,CILANDAK,PONDOK LABU,TAMAN PANGKALAN JATI UTARA,"JL. JATI RAYA UTARA RT05/ 06, KEL. PONDOK LABU, KEC. CILANDAK. JAKARTA SELATAN",TAMAN
2024,KOTA ADM. JAKARTA SELATAN,MAMPANG PRAPATAN,N/A,JALUR HIJAU KEMANG DALAM VI,JALUR HIJAU KEMANG DALAM VI,JALUR HIJAU
2024,KOTA ADM. JAKARTA SELATAN,MAMPANG PRAPATAN,N/A,JALUR HIJAU JL. KEMANG DALAM X,JALUR HIJAU JL. KEMANG DALAM X,JALUR HIJAU
2024,KOTA ADM. JAKARTA SELATAN,MAMPANG PRAPATAN,N/A,JALUR HIJAU JL. MAMPANG PRAPATAN,JALUR HIJAU JL. MAMPANG PRAPATAN,JALUR HIJAU
2024,KOTA ADM. JAKARTA SELATAN,MAMPANG PRAPATAN,N/A,JALUR HIJAU JL. KAPTEN TENDEAN,JALUR HIJAU JL. KAPTEN TENDEAN,JALUR HIJAU
2024,KOTA ADM. JAKARTA SELATAN,MAMPANG PRAPATAN,PELA MAMPANG,FLY OVER JL. KAPTEN TENDEAN (BAWAH),FLY OVER JL. KAPTEN TENDEAN (BAWAH),JALUR HIJAU
2024,KOTA ADM. JAKARTA SELATAN,MAMPANG PRAPATAN,PELA MAMPANG,JALAN LAYANG NON TOLL (TENDEAN - SEKOLAH TARAKANITA),JALAN LAYANG NON TOLL (TENDEAN - SEKOLAH TARAKANITA),JALUR HIJAU
2024,KOTA ADM. JAKARTA SELATAN,MAMPANG PRAPATAN,PELA MAMPANG,RTH JL. BANK RAYA,"JL. BANK RAYA RT 007 RW 007, KEL. PELA MAMPANG, KEC. MAMPANG PRAPATAN, JAKARTA SELATAN",TAMAN
2024,KOTA ADM. JAKARTA SELATAN,MAMPANG PRAPATAN,PELA MAMPANG,TAMAN PONDOK KARYA,"JL. PONDOK KARYA VI D NO.10, RT.3/RW.4, PELA MAMPANG, MAMPANG PRAPATAN. JAKARTA SELATAN",TAMAN
2024,KOTA ADM. JAKARTA SELATAN,MAMPANG PRAPATAN,PELA MAMPANG,TAMAN KANADIYANTI DALAM,"JL. CANADYANTI, RT.10/RW.11, PELA MAMPANG, KEC. MAMPANG PRPT., KOTA JAKARTA SELATAN",TAMAN
2024,KOTA ADM. JAKARTA SELATAN,MAMPANG PRAPATAN,PELA MAMPANG,TAMAN KANADIYANTI,"JL. CANADYANTI, RT.10/RW.11, PELA MAMPANG, KEC. MAMPANG PRPT., KOTA JAKARTA SELATAN,",TAMAN
2024,KOTA ADM. JAKARTA SELATAN,MAMPANG PRAPATAN,PELA MAMPANG,TAMAN TELOR PELA MAMPANG,JL. BANGKA VIII A 41 RT 1/ RW 12 KEL. PELA MAMPANG KEC. MAMPANG PRAPATAN. KOTA JAKARTA SELATAN,TAMAN
2024,KOTA ADM. JAKARTA SELATAN,PANCORAN,CIKOKO,JALUR HIJAU JL. CIKOKO RAYA,JALUR HIJAU JL. CIKOKO RAYA,JALUR HIJAU
2024,KOTA ADM. JAKARTA SELATAN,PANCORAN,CIKOKO,TPU CIKOKO,"RT.9/RW.2, CIKOKO, KEC. PANCORAN, KOTA JAKARTA SELATAN, DAERAH KHUSUS IBUKOTA JAKARTA 12770",TPU
2024,KOTA ADM. JAKARTA SELATAN,PANCORAN,DUREN TIGA,TAMAN STEKPI,"JL. TMP. KALIBATA NO.17, RT.6/RW.7, DUREN TIGA, KEC. PANCORAN, KOTA JAKARTA SELATAN,",TAMAN
2024,KOTA ADM. JAKARTA SELATAN,PANCORAN,DUREN TIGA,TAMAN DUREN BANGKA I,"JL. KEMANG TIMUR VA, RT.2/RW.2, DUREN TIGA, KEC. PANCORAN, KOTA JAKARTA SELATAN",TAMAN
2024,KOTA ADM. JAKARTA SELATAN,PANCORAN,DUREN TIGA,TAMAN DUREN BANGKA II,JL.KEMANG TIMUR V RT 02/02 KEL. DUREN TIGA PANCORAN. JAKARTA SELATAN,TAMAN
2024,KOTA ADM. JAKARTA SELATAN,PANCORAN,DUREN TIGA,TAMAN DUREN BANGKA,JL. KEMANG TIMUR V KEL. DUREN TIGA PANCORAN RT 02/02,TAMAN
2024,KOTA ADM. JAKARTA SELATAN,PANCORAN,DUREN TIGA,TAMAN DUREN BANGKA 2,JL. KEMANG TIMUR V KEL. DUREN TIGA PANCORAN,TAMAN
2024,KOTA ADM. JAKARTA SELATAN,PANCORAN,DUREN TIGA,TAMAN DUREN BANGKA 3,JL. KEMANG TIMUR V KEL. DUREN TIGA PANCORAN,TAMAN
2024,KOTA ADM. JAKARTA SELATAN,PANCORAN,KALIBATA,TAMAN SEGITIGA WARUNG JATI,"JL. KALIBATA TENGAH, RT.11/RW.7, KALIBATA, KEC. PANCORAN, KOTA JAKARTA SELATAN, ",TAMAN
2024,KOTA ADM. JAKARTA SELATAN,PANCORAN,N/A,JALUR HIJAU JL. MEGA RAYA,JALUR HIJAU JL. MEGA RAYA,JALUR HIJAU
2024,KOTA ADM. JAKARTA SELATAN,PANCORAN,N/A,JALUR HIJAU JL. DUREN TIGA,JALUR HIJAU JL. DUREN TIGA,JALUR HIJAU
2024,KOTA ADM. JAKARTA SELATAN,PANCORAN,N/A,JALUR HIJAU JL. DUREN TIGA VIII,JALUR HIJAU JL. DUREN TIGA VIII,JALUR HIJAU
2024,KOTA ADM. JAKARTA SELATAN,PANCORAN,N/A,JALUR HIJAU JL. MINYAK I S.D IV,JALUR HIJAU JL. MINYAK I S.D IV,JALUR HIJAU
2024,KOTA ADM. JAKARTA SELATAN,PANCORAN,N/A,JALUR HIJAU JL. KALIBATA SELATAN,JALUR HIJAU JL. KALIBATA SELATAN,JALUR HIJAU
2024,KOTA ADM. JAKARTA SELATAN,PANCORAN,N/A,JALUR HIJAU JL. H. SAMALI,JALUR HIJAU JL. H. SAMALI,JALUR HIJAU
2024,KOTA ADM. JAKARTA SELATAN,PANCORAN,N/A,JALUR HIJAU JL. TMP. KALIBATA,JALUR HIJAU JL. TMP. KALIBATA,JALUR HIJAU
2024,KOTA ADM. JAKARTA SELATAN,PANCORAN,N/A,JALUR HIJAU JL. KOMP. KALIBATA TIMUR,JALUR HIJAU JL. KOMP. KALIBATA TIMUR,JALUR HIJAU
2024,KOTA ADM. JAKARTA SELATAN,PANCORAN,N/A,JALUR HIJAU JL. KALIBATA TIMUR,JALUR HIJAU JL. KALIBATA TIMUR,JALUR HIJAU
2024,KOTA ADM. JAKARTA SELATAN,PANCORAN,N/A,JALUR HIJAU JL. KALIBATA UTARA,JALUR HIJAU JL. KALIBATA UTARA,JALUR HIJAU
2024,KOTA ADM. JAKARTA SELATAN,PANCORAN,N/A,FLY OVER SUNGAI CILIWUNG (BAWAH),FLY OVER SUNGAI CILIWUNG (BAWAH),JALUR HIJAU
2024,KOTA ADM. JAKARTA SELATAN,PANCORAN,N/A,JALUR HIJAU JL. PASAR MINGGU,JALUR HIJAU JL. PASAR MINGGU,JALUR HIJAU
2024,KOTA ADM. JAKARTA SELATAN,PANCORAN,N/A,JALUR HIJAU JL. DUREN TIGA SELATAN,JALUR HIJAU JL. DUREN TIGA SELATAN,JALUR HIJAU
2024,KOTA ADM. JAKARTA TIMUR,CIRACAS,RAMBUTAN,"RTH JL. RAYA BOGOR/ JL. SABAR NO. 6B, RT.003 RW.01 (TAMAN SABAR INDAH)","JL. RAYA BOGOR/ JL. SABAR NO. 6B, RT.003 RW.01 (",TAMAN
2024,KOTA ADM. JAKARTA TIMUR,CIRACAS,RAMBUTAN,RTH JL. MANUNGGAL   TAMARA (TAMAN MANUNGGAL RAKYAT) / TAMAN TAMARA,"JL. MANUNGGAL 2 RT/RW 04/04 RAMBUTAN, CIRACAS JAKARTA TIMUR",TAMAN
2024,KOTA ADM. JAKARTA TIMUR,CIRACAS,RAMBUTAN,TAMAN HUMANIORA,"JL. SUPRIYADI 39, RT.2/RW.4, RAMBUTAN, KEC. CIRACAS, KOTA JAKARTA TIMUR, DAERAH KHUSUS IBUKOTA JAKARTA 13830",TAMAN
2024,KOTA ADM. JAKARTA TIMUR,CIRACAS,RAMBUTAN,TAMAN KAMPUNG JATI,"JL.KP. JATI KEL. RAMBUTAN KEC. CIRACAS, JAKARTA TIMUR",TAMAN
2024,KOTA ADM. JAKARTA TIMUR,CIRACAS,RAMBUTAN,TAMAN WARU,"JL. WARU NO.36, RT.13/ 3, KEL. KEBAGUSAN, KEC. PS. MINGGU, KOTA JAKARTA SELATAN",TAMAN
2024,KOTA ADM. JAKARTA TIMUR,CIRACAS,RAMBUTAN,RTH JL. TANAH MERDEKA VII RT. 018 RW. 06,"JL. TANAH MERDEKA VII RT 018 RW 006, KEL. RAMBUTAN, KEC. CIRACAS, JAKARTA TIMUR",TAMAN
2024,KOTA ADM. JAKARTA TIMUR,CIRACAS,RAMBUTAN,RTH SD INPRES,"JL. SD INPRES RT 004 RW 003, KEL. KAMPUNG RAMBUTAN, KEC. CIRACAS, JAKARTA TIMUR",TAMAN
2024,KOTA ADM. JAKARTA TIMUR,CIRACAS,RAMBUTAN,TPU SUSUKAN BUDHA,"JL. TANAH MERDEKA NO.32, RT.9/RW.5, RAMBUTAN, KEC. CIRACAS, KOTA JAKARTA TIMUR, DAERAH KHUSUS IBUKOTA JAKARTA 13830",TPU
2024,KOTA ADM. JAKARTA TIMUR,CIRACAS,RAMBUTAN,TPU KAMPUNG RAMBUTAN 1,"JL. MUTIARA ASGO NO.5, RT.11/RW.3, RAMBUTAN, KEC. CIRACAS, KOTA JAKARTA TIMUR, DAERAH KHUSUS IBUKOTA JAKARTA 13830",TPU
2024,KOTA ADM. JAKARTA TIMUR,CIRACAS,RAMBUTAN,TPU KAMPUNG RAMBUTAN 2,"JL. MUTIARA ASGO NO.5, RT.11/RW.3, RAMBUTAN, KEC. CIRACAS, KOTA JAKARTA TIMUR, DAERAH KHUSUS IBUKOTA JAKARTA 13831",TPU
2024,KOTA ADM. JAKARTA TIMUR,CIRACAS,SUSUKAN,TAMAN T.B. SIMATUPANG,"JL. TB SIMATUPANG NO.3 5, RT.5/RW.2, SUSUKAN, KEC. CIRACAS, KOTA JAKARTA TIMUR, DAERAH KHUSUS IBUKOTA JAKARTA 13750",TAMAN
2024,KOTA ADM. JAKARTA TIMUR,CIRACAS,SUSUKAN,RTH ANGGREK,"JL. ANGGREK 2, RT.3/RW.2, SUSUKAN, KEC. CIRACAS, KOTA JAKARTA TIMUR, DAERAH KHUSUS IBUKOTA JAKARTA 13750",TAMAN
2024,KOTA ADM. JAKARTA TIMUR,CIRACAS,SUSUKAN,RTH LINGKAR LUAR (TB SIMATUPANG) (TAMAN SAMIN NEONG),"JALAN TOL LINGKAR LUAR (TB SIMATUPANG), KEL. SUSUKAN, KEC. CIRACAS, JAKARTA TIMUR",TAMAN
2024,KOTA ADM. JAKARTA TIMUR,CIRACAS,SUSUKAN,TPU SUSUKAN ISLAM,"JL. SUCI NO.13, RT.7/RW.4, SUSUKAN, KEC. CIRACAS, KOTA JAKARTA TIMUR, DAERAH KHUSUS IBUKOTA JAKARTA 13750",TPU
2024,KOTA ADM. JAKARTA TIMUR,DUREN SAWIT,DUREN SAWIT,TAMAN SWADAYA VIII,"JL. SWADAYA RAYA NO.34, RT.4/RW.5, DUREN SAWIT, KEC. DUREN SAWIT, KOTA JAKARTA TIMUR, DAERAH KHUSUS IBUKOTA JAKARTA 13440",TAMAN
2024,KOTA ADM. JAKARTA TIMUR,DUREN SAWIT,DUREN SAWIT,TAMAN SMU 71,"JL. KAVLING TNI ANGKATAN LAUT, RT.7/RW.16, DUREN SAWIT, KEC. DUREN SAWIT, KOTA JAKARTA TIMUR, DAERAH KHUSUS IBUKOTA JAKARTA 13440",TAMAN
2024,KOTA ADM. JAKARTA TIMUR,DUREN SAWIT,DUREN SAWIT,TAMAN KAV AGRARIA,"JL. KAV. AGRARIA , JAKARTA TIMUR , DUREN SAWIT , DUREN SAWIT",TAMAN
2024,KOTA ADM. JAKARTA TIMUR,DUREN SAWIT,DUREN SAWIT,TAMAN JL. BENDA RAYA,"JL. BENDA RAYA, DUREN SAWIT, JAKARTA TIMUR",TAMAN
2024,KOTA ADM. JAKARTA TIMUR,DUREN SAWIT,DUREN SAWIT,TAMAN PTB P6,"JL. DUREN SAWIT 1, DUREN SAWIT, JAKARTA TIMUR",TAMAN
2024,KOTA ADM. JAKARTA TIMUR,DUREN SAWIT,DUREN SAWIT,TAMAN KAV PTB RW 08 DUREN SAWIT,"JL. DUREN SAWIT TIMUR VI, DUREN SAWIT, JAKARTA TIMUR",TAMAN
2024,KOTA ADM. JAKARTA TIMUR,DUREN SAWIT,DUREN SAWIT,TAMAN PTB DEPAN MESJID,"DUREN SAWIT, JAKARTA TIMUR",TAMAN
2024,KOTA ADM. JAKARTA TIMUR,DUREN SAWIT,DUREN SAWIT,TAMAN DUREN SAWIT INDAH I,JL. DUREN SAWIT BARAT IIIA,TAMAN
2024,KOTA ADM. JAKARTA TIMUR,DUREN SAWIT,DUREN SAWIT,TAMAN DUREN SAWIT RT.008/11,JL. DUREN SAWIT RAYA (DERMAGA),TAMAN
2024,KOTA ADM. JAKARTA TIMUR,DUREN SAWIT,DUREN SAWIT,TAMAN BLOK BB PTB DUREN SAWIT / TAMAN BLOCK M DAN U,JL. DUREN SAWIT TIMUR,TAMAN
2024,KOTA ADM. JAKARTA TIMUR,DUREN SAWIT,DUREN SAWIT,TAMAN BLOK A2 KEL. DUREN SAWIT,"DUREN SAWIT, JAKARTA TIMUR",TAMAN
2024,KOTA ADM. JAKARTA TIMUR,DUREN SAWIT,KLENDER,TAMAN BAYU,"JL. NAGA RAYA NO.31-15, RT.6/RW.18, KLENDER, KEC. DUREN SAWIT, KOTA JAKARTA TIMUR, DAERAH KHUSUS IBUKOTA JAKARTA 13440",TAMAN
2024,KOTA ADM. JAKARTA TIMUR,DUREN SAWIT,KLENDER,TAMAN DUREN SAWIT INDAH II,"JL. DUREN SAWIT INDAH 6, KLENDER, KEC. DUREN SAWIT, KOTA JAKARTA TIMUR, DAERAH KHUSUS IBUKOTA JAKARTA 13470",TAMAN
2024,KOTA ADM. JAKARTA TIMUR,DUREN SAWIT,KLENDER,"TAMAN SEGITIGA DERMAGA IF, IIF, IIIF, IVF","JL. DUREN SAWIT RAYA (DERMAGA), RT.7/RW.10, KLENDER, KEC. DUREN SAWIT, KOTA JAKARTA TIMUR, DAERAH KHUSUS IBUKOTA JAKARTA 13470",TAMAN
2024,KOTA ADM. JAKARTA TIMUR,DUREN SAWIT,KLENDER,TAMAN DERMAGA,"JL. DERMAGA RAYA 6-32, RT.5/RW.10, KLENDER, KEC. DUREN SAWIT, KOTA JAKARTA TIMUR, DAERAH KHUSUS IBUKOTA JAKARTA 13470",TAMAN
2024,KOTA ADM. JAKARTA TIMUR,DUREN SAWIT,KLENDER,TAMAN RW 13 KEL. KLENDER,"JL. BUARAN INDAH III, KLENDER",TAMAN
2024,KOTA ADM. JAKARTA BARAT,PALMERAH,KEMANGGISAN,TAMAN ANGGREK NELI MURNI BLOK A,"JL. ANGGREK NELI MURNI BLOK A, KEMANGGISAN, KEC. PALMERAH, KOTA JAKARTA BARAT, DAERAH KHUSUS IBUKOTA JAKARTA 11410",TAMAN
2024,KOTA ADM. JAKARTA BARAT,PALMERAH,KEMANGGISAN,TAMAN CATTLEYA,"JL. S. PARMAN, KEMANGGISAN, JAKARTA BARAT",TAMAN
2024,KOTA ADM. JAKARTA BARAT,PALMERAH,KOTA BAMBU SELATAN,TAMAN DEPAN MUSEUM TEXTIL,"JL. K.S. TUBUN NO.2-4, RT.4/RW.2, KOTA BAMBU SEL., KEC. PALMERAH, KOTA JAKARTA BARAT, DAERAH KHUSUS IBUKOTA JAKARTA 11420",TAMAN
2024,KOTA ADM. JAKARTA BARAT,PALMERAH,KOTA BAMBU SELATAN,TAMAN INTERAKTIF GG. ORI,"JL. ORI, RW.5, KOTA BAMBU SEL., KEC. PALMERAH, KOTA JAKARTA BARAT, DAERAH KHUSUS IBUKOTA JAKARTA 11420",TAMAN
2024,KOTA ADM. JAKARTA BARAT,PALMERAH,KOTA BAMBU UTARA,TAMAN KATALIA I,"JL. TAMAN KATALIA SEL. NO.8, RT.3/RW.8, KOTA BAMBU UTARA, KEC. PALMERAH, KOTA JAKARTA BARAT, DAERAH KHUSUS IBUKOTA JAKARTA 11420",TAMAN
2024,KOTA ADM. JAKARTA BARAT,PALMERAH,KOTA BAMBU UTARA,TAMAN AMANDOLE,"JL. WULUH I NO.9, RT.9/RW.6, KOTA BAMBU UTARA, KEC. PALMERAH, KOTA JAKARTA BARAT, DAERAH KHUSUS IBUKOTA JAKARTA 11420",TAMAN
2024,KOTA ADM. JAKARTA BARAT,PALMERAH,N/A,JALUR HIJAU FLY OVER BUDI RAYA,JH. FLY OVER BUDI RAYA,JALUR HIJAU
2024,KOTA ADM. JAKARTA BARAT,PALMERAH,N/A,JALUR HIJAU JL. KEMANGGISAN UTAMA RAYA,JH. JL. KEMANGGISAN UTAMA RAYA,JALUR HIJAU
2024,KOTA ADM. JAKARTA BARAT,PALMERAH,KEMANGGISAN,JALUR HIJAU JL. SAKTI RAYA,JH. JL. SAKTI RAYA,JALUR HIJAU
2024,KOTA ADM. JAKARTA BARAT,PALMERAH,N/A,JALUR HIJAU PULAU-PULAU TOMANG (PINTU TOL TANGERANG),JH. PULAU-PULAU TOMANG (PINTU TOL TANGERANG),JALUR HIJAU
2024,KOTA ADM. JAKARTA BARAT,PALMERAH,N/A,JALUR HIJAU SEGITIGA PULAU JL. TALI RAYA KS. TUBUN RAYA TERUSAN (SAMPING PLN),JH. SEGITIGA PULAU JL. TALI RAYA KS. TUBUN RAYA TERUSAN (SAMPING PLN),JALUR HIJAU
2024,KOTA ADM. JAKARTA BARAT,PALMERAH,N/A,JALUR HIJAU JL. S. PARMAN SISI BARAT DR. FO. TOMANG S/D JL. ANGGREK CENDRAWASIH,JH. JL. S. PARMAN SISI BARAT DR. FO. TOMANG S/D JL. ANGGREK CENDRAWASIH,JALUR HIJAU
2024,KOTA ADM. JAKARTA BARAT,PALMERAH,N/A,JALUR HIJAU FLY OVER TOMANG (ATAS DAN BAWAH),JH. FLY OVER TOMANG (ATAS DAN BAWAH),JALUR HIJAU
2024,KOTA ADM. JAKARTA BARAT,PALMERAH,N/A,JALUR HIJAU UNDER PASS TOMANG JL. TOMANG RAYA JAKARTA BARAT,JH. UNDER PASS TOMANG JL. TOMANG RAYA JAKARTA BARAT,JALUR HIJAU
2024,KOTA ADM. JAKARTA BARAT,PALMERAH,N/A,JALUR HIJAU JL. S. PARMAN SISI TIMUR DR JL. TOMANG RAYA S/D FO. SLIPI JAYA,JH. JL. S. PARMAN SISI TIMUR DR JL. TOMANG RAYA S/D FO. SLIPI JAYA,JALUR HIJAU
2024,KOTA ADM. JAKARTA BARAT,PALMERAH,SUKABUMI UTARA,JALUR HIJAU JL. S. PARMAN SISI BARAT DR JL. ANGGREK CENDRAWASIH S/D JL. APARTEMEN SLIPI,JH. JL. S. PARMAN SISI BARAT DR JL. ANGGREK CENDRAWASIH S/D JL. APARTEMEN SLIPI,JALUR HIJAU
2024,KOTA ADM. JAKARTA BARAT,PALMERAH,N/A,JALUR HIJAU SEGITIGA POS PENGUMBEN JL. KEBAYORAN LAMA,JH. SEGITIGA POS PENGUMBEN JL. KEBAYORAN LAMA,JALUR HIJAU
2024,KOTA ADM. JAKARTA BARAT,PALMERAH,N/A,JALUR HIJAU ATAS DAN BAWAH FO SLIPI JAYA,JH. ATAS DAN BAWAH FO SLIPI JAYA,JALUR HIJAU
2024,KOTA ADM. JAKARTA BARAT,PALMERAH,N/A,JALUR HIJAU JL. S. PARMAN SISI TIMUR DR FO. SLIPI JAYA S/D JL. AIPDA KS. TUBUN,JH. JL. S. PARMAN SISI TIMUR DR FO. SLIPI JAYA S/D JL. AIPDA KS. TUBUN,JALUR HIJAU
2024,KOTA ADM. JAKARTA BARAT,PALMERAH,TOMANG,JALUR HIJAU FLY OVER SLIPI JL. S. PARMAN JAKARTA BARAT,JH. FLY OVER SLIPI JL. S. PARMAN JAKARTA BARAT,JALUR HIJAU
2024,KOTA ADM. JAKARTA BARAT,PALMERAH,JATI PULO,JALUR HIJAU JL. TOMANG RAYA,JH. JL. TOMANG RAYA,JALUR HIJAU
2024,KOTA ADM. JAKARTA BARAT,PALMERAH,TOMANG,JALUR HIJAU VIADUCK TOMANG,JH. VIADUCK TOMANG,JALUR HIJAU
2024,KOTA ADM. JAKARTA BARAT,PALMERAH,N/A,JALUR HIJAU PULAU JL. KS. TUBUN SAMPING KANTOR TELKOM,JH. PULAU JL. KS. TUBUN SAMPING KANTOR TELKOM,JALUR HIJAU
2024,KOTA ADM. JAKARTA BARAT,PALMERAH,PALMERAH,TAMAN INTERAKTIF GG. SWADAYA,"GG SWADAYA, PALMERAH, KEC. PALMERAH, KOTA JAKARTA BARAT,",TAMAN
2024,KOTA ADM. JAKARTA BARAT,PALMERAH,PALMERAH,TAMAN INTERAKTIF GG. BAHAGIA,"GG. BAHAGIA NO.30 RT 011 RW 009, PALMERAH, PALMERAH",TAMAN
2024,KOTA ADM. JAKARTA BARAT,PALMERAH,PALMERAH,TAMAN INTERAKTIF PKK,"RT.9/RW.17, PALMERAH, KEC. PALMERAH, KOTA JAKARTA BARAT, DAERAH KHUSUS IBUKOTA JAKARTA 11480",TAMAN
2024,KOTA ADM. JAKARTA BARAT,PALMERAH,PALMERAH,TPU GROGOL SELATAN,"JL. KEMANGGISAN PULO NO.51, RT.1/RW.9, PALMERAH, KEC. PALMERAH, KOTA JAKARTA BARAT, DAERAH KHUSUS IBUKOTA JAKARTA 11480",TPU
2024,KOTA ADM. JAKARTA BARAT,TAMAN SARI,N/A,JALUR HIJAU JL. MANGGA BESAR RAYA (BAK TANAMAN),JH. JL. MANGGA BESAR RAYA (BAK TANAMAN),JALUR HIJAU
2024,KOTA ADM. JAKARTA BARAT,TAMAN SARI,N/A,JALUR HIJAU JL. MANGGA BESAR I,JH. JL. MANGGA BESAR I,JALUR HIJAU
2024,KOTA ADM. JAKARTA BARAT,TAMAN SARI,N/A,JALUR HIJAU JL. KOKOSAN,JH. JL. KOKOSAN,JALUR HIJAU
2024,KOTA ADM. JAKARTA SELATAN,CILANDAK,PONDOK LABU,TAMAN PANGKALAN JATI SELATAN,"JL. JATI RAYA TIM RT 06/ 06 KEL. PONDOK LABU, KEC. CILANDAK, JAKARTA SELATAN",TAMAN
2024,KOTA ADM. JAKARTA SELATAN,CILANDAK,PONDOK LABU,RPTRA BANGO KRUKUT POLA,"JL. BANGO IV NO.62, RT.9/RW.3, PD. LABU, KEC. CILANDAK, KOTA JAKARTA SELATAN, DAERAH KHUSUS IBUKOTA JAKARTA 12450",TAMAN
2024,KOTA ADM. JAKARTA SELATAN,CILANDAK,PONDOK LABU,RPTRA POLA IDAMAN,"GG. SWADAYA NO.13, RT.13/RW.1, PD. LABU, KEC. CILANDAK, KOTA JAKARTA SELATAN, DAERAH KHUSUS IBUKOTA JAKARTA 12450",TAMAN
2024,KOTA ADM. JAKARTA SELATAN,CILANDAK,PONDOK LABU,TAMAN LEBAK BULUS 3,"JL. TAMAN LEBAK BULUS IV 3, RT.10/RW.7, KEL. LB. BULUS, KEC. CILANDAK, JAKARTA SELATAN",TAMAN
2024,KOTA ADM. JAKARTA SELATAN,CILANDAK,PONDOK LABU,TAMAN WIJAYA KUSUMA I,"JL. WIJAYA KUSUMA I, RT.6/RW.4, PD. LABU, KEC. CILANDAK, KOTA JAKARTA SELATAN,",TAMAN
2024,KOTA ADM. JAKARTA SELATAN,CILANDAK,PONDOK LABU,TAMAN WIJAYA KUSUMA II,"JL. TAMAN WIJAYA KUSUMA V, RT.8/RW.4, PD. LABU, KEC. CILANDAK, KOTA JAKARTA SELATAN,",TAMAN
2024,KOTA ADM. JAKARTA SELATAN,CILANDAK,PONDOK LABU,TAMAN WIJAYA KUSUMA III,"JL. SWAKARYA, RT.1/RW.4, PD. LABU, KEC. CILANDAK, KOTA JAKARTA SELATAN,",TAMAN
2024,KOTA ADM. JAKARTA SELATAN,CILANDAK,PONDOK LABU,TAMAN WIJAYA KUSUMA IV,"JL. SWAKARYA, RT.1/RW.4, PD. LABU, KEC. CILANDAK, KOTA JAKARTA SELATAN,",TAMAN
2024,KOTA ADM. JAKARTA SELATAN,CILANDAK,PONDOK LABU,TAMAN WIJAYA KUSUMA RAYA,"JL. TAMAN WIJAYA KUSUMA, RT.8/RW.4, CILANDAK BAR., KEC. CILANDAK, KOTA JAKARTA SELATAN,",TAMAN
2024,KOTA ADM. JAKARTA SELATAN,CILANDAK,PONDOK LABU,TAMAN TIMAH,"JL. MARGASATWA 49-62, RT.1/RW.3, PD. LABU, KEC. CILANDAK, KOTA JAKARTA SELATAN, DAERAH KHUSUS IBUKOTA JAKARTA 12450",TAMAN
2024,KOTA ADM. JAKARTA SELATAN,CILANDAK,PONDOK LABU,TAMAN DDN,"JL. MARGASATWA 55-50, RT.15/RW.1, PD. LABU, KEC. CILANDAK, KOTA JAKARTA SELATAN,",TAMAN
2024,KOTA ADM. JAKARTA SELATAN,CILANDAK,PONDOK LABU,TAMAN AMBALUN,"JL. AMBALUN, RT.3/RW.6, PD. LABU, KEC. CILANDAK, KOTA JAKARTA SELATAN, DAERAH KHUSUS IBUKOTA JAKARTA 1245",TAMAN
2024,KOTA ADM. JAKARTA SELATAN,CILANDAK,PONDOK LABU,TAMAN PANGKALAN JATI,"JL. JATI RAYA TIM., RT.5/RW.6, PD. LABU, KEC. CILANDAK, KOTA JAKARTA SELATAN, DAERAH KHUSUS IBUKOTA JAKARTA 12450",TAMAN
2024,KOTA ADM. JAKARTA SELATAN,CILANDAK,PONDOK LABU,"RTH JL. H. IPIN RT. 011/01 KELURAHAN PONDOK LABU KECAMATAN CILANDAK, JAKARTA SELATAN","JL. H. IPIN NO.44, RT.11/RW.1, PD. LABU, KEC. CILANDAK, KOTA JAKARTA SELATAN, DAERAH KHUSUS IBUKOTA JAKARTA 12450",TAMAN
2024,KOTA ADM. JAKARTA SELATAN,CILANDAK,PONDOK LABU,"RTH KP. KRUKUT RT. 006/03 KELURAHAN PONDOK LABU KECAMATAN CILANDAK, JAKARTA SELATAN","KP. KRUKUT RT. 006/03 KELURAHAN PONDOK LABU KECAMATAN CILANDAK, JAKARTA SELATAN",TAMAN
2024,KOTA ADM. JAKARTA SELATAN,CILANDAK,PONDOK LABU,"RTH JL. LEBAK BULUS III RT. 017 RW. 007 KELURAHAN PONDOK LABU KECAMATAN CILANDAK, JAKARTA SELATAN","JL. GN. BALONG II NO.18, RT.9/RW.7, PD. LABU, KEC. CILANDAK, KOTA JAKARTA SELATAN, DAERAH KHUSUS IBUKOTA JAKARTA 12450",TAMAN
2024,KOTA ADM. JAKARTA SELATAN,JAGAKARSA,BINTARO,RTH JL. RC VETERAN KOMP. GRAHA BARU RT. 004 RW. 012,JL. RC VETERAN KOMP. GRAHA BARU RT. 004 RW. 012,TAMAN
2024,KOTA ADM. JAKARTA SELATAN,JAGAKARSA,CIGANJUR,HUTAN KOTA CIGANJUR,JL. TRIJAYA RT.010 RW003 KEL. CIGANJUR KEC. JAGAKARSA JAKARTA SELATAN - JL. ANDA RT. 010 RW. 003 KEL. CIGANJUR KEC. JAGAKARSA JAKARTA SELATAN,HUTAN
2024,KOTA ADM. JAKARTA SELATAN,JAGAKARSA,CIGANJUR,KB. JL. SIRSAK,"JL. SIRSAK NO.22, RT.1/RW.4, CIGANJUR, KEC. JAGAKARSA, KOTA JAKARTA SELATAN, DAERAH KHUSUS IBUKOTA JAKARTA 12630",KEBUN BIBIT
2024,KOTA ADM. JAKARTA SELATAN,JAGAKARSA,CIGANJUR,TAMAN TABEBUYA,"JL. M KAFI NO.1, RT.1/RW.2, CIGANJUR, KEC. JAGAKARSA, KOTA JAKARTA SELATAN, DAERAH KHUSUS IBUKOTA JAKARTA 12630",TAMAN
2024,KOTA ADM. JAKARTA SELATAN,JAGAKARSA,CIGANJUR,TAMAN KIARA PAYUNG,"JL. H. TERIN 1 NO.2, RT.6/RW.1, CIGANJUR, KEC. JAGAKARSA, KOTA DEPOK, JAWA BARAT 16514",TAMAN
2024,KOTA ADM. JAKARTA SELATAN,JAGAKARSA,CIGANJUR,TAMAN BUNI,"JL. MOH. KAHFI 1, RT.9/RW.2, CIGANJUR, KEC. JAGAKARSA, KOTA JAKARTA SELATAN, DAERAH KHUSUS IBUKOTA JAKARTA 12620",TAMAN
2024,KOTA ADM. JAKARTA SELATAN,JAGAKARSA,CIGANJUR,TAMAN RAMBUTAN,"JL. SADAR II NO.23, RT.2/RW.2, CIGANJUR, KEC. JAGAKARSA, KOTA JAKARTA SELATAN",TAMAN
2024,KOTA ADM. JAKARTA SELATAN,JAGAKARSA,CIGANJUR,TAMAN INTERAKTIF CIGANJUR,"JL. SALAK PUTIH RT 005/002 KEL. CIGANJUR, KEC. JAGAKARSA. JAKARTA SELATAN",TAMAN
2024,KOTA ADM. JAKARTA SELATAN,JAGAKARSA,CIGANJUR,TAMAN WARUNG SILAH,"JL. WARUNG SILA NO. 17 RT 004 RW 005, KEL. CIGANJUR, KEC. JAGAKARSA, JAKARTA SELATAN",TAMAN
2024,KOTA ADM. JAKARTA SELATAN,JAGAKARSA,CIGANJUR,RPTRA TAMAN JANGKRIK,"JL. JANGKRIK, RT.9/RW.5, CIGANJUR, KEC. JAGAKARSA, KOTA JAKARTA SELATAN, DAERAH KHUSUS IBUKOTA JAKARTA 12630",TAMAN
2024,KOTA ADM. JAKARTA SELATAN,JAGAKARSA,CIPEDAK,HUTAN KOTA CIPEDAK,"RT.2/RW.2, CIPEDAK, KEC. JAGAKARSA, KOTA JAKARTA SELATAN, DAERAH KHUSUS IBUKOTA JAKARTA 12630",HUTAN
2024,KOTA ADM. JAKARTA SELATAN,JAGAKARSA,CIPEDAK,HUTAN KOTA PALEM,JL. MOCH KAHFI I GANG PALEM RT.001 RW. 002 KEL. CIPEDAK KEC. JAGAKARSA JAKARTA SELATAN,HUTAN
2024,KOTA ADM. JAKARTA SELATAN,PANCORAN,N/A,JALUR HIJAU JL. RAWA JATI BARAT (SAMPING REL KA),JALUR HIJAU JL. RAWA JATI BARAT (SAMPING REL KA),JALUR HIJAU
2024,KOTA ADM. JAKARTA SELATAN,PANCORAN,N/A,JALUR HIJAU JL. DPR RAYA,JALUR HIJAU JL. DPR RAYA,JALUR HIJAU
2024,KOTA ADM. JAKARTA SELATAN,PANCORAN,N/A,JALUR HIJAU JL. WARUNG JATI BARAT,JALUR HIJAU JL. WARUNG JATI BARAT,JALUR HIJAU
2024,KOTA ADM. JAKARTA SELATAN,PANCORAN,N/A,JALUR HIJAU JL. TMP KALIBATA SISI UTARA (DEPAN BANGDA),JALUR HIJAU JL. TMP KALIBATA SISI UTARA (DEPAN BANGDA),JALUR HIJAU
2024,KOTA ADM. JAKARTA SELATAN,PANCORAN,N/A,JALUR HIJAU JL. KALIBATA TIMUR I,JALUR HIJAU JL. KALIBATA TIMUR I,JALUR HIJAU
2024,KOTA ADM. JAKARTA SELATAN,PANCORAN,N/A,PULO JALAN PLAZA KALIBATA I (JALAN KALIBATA RAYA),PULO JALAN PLAZA KALIBATA I (JALAN KALIBATA RAYA),JALUR HIJAU
2024,KOTA ADM. JAKARTA SELATAN,PANCORAN,N/A,PULO JALAN PLAZA KALIBATA II (JALAN KALIBATA RAYA),PULO JALAN PLAZA KALIBATA II (JALAN KALIBATA RAYA),JALUR HIJAU
2024,KOTA ADM. JAKARTA SELATAN,PANCORAN,N/A,JALUR HIJAU JALAN TEMBUS RAWAJATI - KALIBATA (ANTARA APARTEMEN KALIBATA DENGAN TMP KALIBATA),JALUR HIJAU JALAN TEMBUS RAWAJATI - KALIBATA (ANTARA APARTEMEN KALIBATA DENGAN TMP KALIBATA),JALUR HIJAU
2024,KOTA ADM. JAKARTA SELATAN,PANCORAN,N/A,FLY OVER KALIBATA (BAWAH),FLY OVER KALIBATA (BAWAH),JALUR HIJAU
2024,KOTA ADM. JAKARTA SELATAN,PANCORAN,N/A,JALUR HIJAU JL. SIGURA GURA (PINGGIR DANAU),JALUR HIJAU JL. SIGURA GURA (PINGGIR DANAU),JALUR HIJAU
2024,KOTA ADM. JAKARTA SELATAN,PANCORAN,N/A,JALUR JL. MT. HARYONO (CILIWUNG S/D PANCORAN),JL. MT. HARYONO (CILIWUNG S/D PANCORAN),JALUR HIJAU
2024,KOTA ADM. JAKARTA SELATAN,PANCORAN,PANCORAN,JALUR HIJAU JL. KOMP. PANCORAN INDAH,JL. KOMP. PANCORAN INDAH,JALUR HIJAU
2024,KOTA ADM. JAKARTA SELATAN,PANCORAN,PANCORAN,JALUR HIJAU JL. PANCORAN TIMUR II,JL. PANCORAN TIMUR II,JALUR HIJAU
2024,KOTA ADM. JAKARTA SELATAN,PANCORAN,PANCORAN,JALUR HIJAU JL. PERDATAM,JL. PERDATAM,JALUR HIJAU
2024,KOTA ADM. JAKARTA SELATAN,PANCORAN,PANCORAN,FLY OVER PANCORAN (ATAS - BAWAH),FLY OVER PANCORAN (ATAS - BAWAH),JALUR HIJAU
2024,KOTA ADM. JAKARTA SELATAN,PANCORAN,PANCORAN,TAMAN SEGITIGA PANCORAN,JL. PASAR MINGGU RT 02/ 02 KEL. PANCORAN KEC. PANCORAN. JAKARTA SELATAN,TAMAN
2024,KOTA ADM. JAKARTA SELATAN,PANCORAN,PANCORAN,TAMAN PANCORAN INDAH V,"JL.PANCORAN MAS RT 09/09, PANCORAN KEC. PANCORAN. KOMP.LIGAMAS",TAMAN
2024,KOTA ADM. JAKARTA SELATAN,PANCORAN,PANCORAN,TAMAN PANCORAN INDAH VII (TAMAN LIGA MAS),"JL. PANCORAN INDAH 12, RT.9/RW.9, PANCORAN, KEC. PANCORAN, KOTA JAKARTA SELATAN, ",TAMAN
2024,KOTA ADM. JAKARTA SELATAN,PANCORAN,PANCORAN,TAMAN MBAU,JL. RAYA PASAR MINGGU RT 009/04 KEL. PANCORAN KEC. PANCORAN. JAKARTA SELATAN,TAMAN
2024,KOTA ADM. JAKARTA SELATAN,PANCORAN,PANCORAN,TAMAN SEGITIGA PANCORAN (KORINDO),"JL. RAYA PASAR MINGGU, RT.1/RW.4, PANCORAN, KEC. PANCORAN, KOTA JAKARTA SELATAN,",TAMAN
2024,KOTA ADM. JAKARTA SELATAN,PANCORAN,PENGADEGAN,JALUR HIJAU JL. PENGADEGAN SELATAN,JL. PENGADEGAN SELATAN,JALUR HIJAU
2024,KOTA ADM. JAKARTA SELATAN,PANCORAN,PENGADEGAN,JALUR HIJAU JL. PENGADEGAN TIMUR,JALUR HIJAU JL. PENGADEGAN TIMUR,JALUR HIJAU
2024,KOTA ADM. JAKARTA SELATAN,PANCORAN,PENGADEGAN,JALUR HIJAU JL. PENGADEGAN SELATAN RAYA,JALUR HIJAU JL. PENGADEGAN SELATAN RAYA,JALUR HIJAU
2024,KOTA ADM. JAKARTA SELATAN,PANCORAN,PENGADEGAN,TAMAN PENGADEGAN TIMUR,"JL. PENGADEGAN UTARA V 36, RT.1/RW.3, PENGADEGAN, KEC. PANCORAN, JAKARTA SELATAN",TAMAN
2024,KOTA ADM. JAKARTA SELATAN,PANCORAN,PENGADEGAN,TAMAN POLRI I,"JL. PENGADEGAN UTARA V, RT.1/RW.3, PENGADEGAN, KEC. PANCORAN, JAKARTA SELATAN",TAMAN
2024,KOTA ADM. JAKARTA SELATAN,PANCORAN,PENGADEGAN,TAMAN POLRI II,"JL. PENGADEGAN UTARA V, RT.1/RW.3, PENGADEGAN, KEC. PANCORAN, JAKARTA SELATAN",TAMAN
2024,KOTA ADM. JAKARTA SELATAN,PANCORAN,PENGADEGAN,TAMAN POLRI III,"JL. PENGADEGAN UTARA VI, RT.6/RW.3, PENGADEGAN, KEC. PANCORAN,JAKARTA SELATAN",TAMAN
2024,KOTA ADM. JAKARTA SELATAN,PANCORAN,PENGADEGAN,TAMAN POLRI IV,"JL. PENGADEGAN UTARA V, RT.6/RW.3, PENGADEGAN, KEC. PANCORAN,JAKARTA SELATAN,",TAMAN
2024,KOTA ADM. JAKARTA SELATAN,PANCORAN,PENGADEGAN,TMN. PENGADEGAN BARAT VII,"JL. PENGADEGAN BARAT VII 6, RT.4/RW.3, PENGADEGAN, KEC. PANCORAN, KOTA JAKARTA SELATAN,",TAMAN
2024,KOTA ADM. JAKARTA SELATAN,PANCORAN,RAWAJATI,JALUR HIJAU JL. RAWA JATI TIMUR,JL. RAWA JATI TIMUR,JALUR HIJAU
2024,KOTA ADM. JAKARTA SELATAN,PANCORAN,RAWAJATI,JALUR HIJAU JL. BELALANG,JL. BELALANG,JALUR HIJAU
2024,KOTA ADM. JAKARTA SELATAN,PANCORAN,RAWAJATI,TAMAN DPR,"JL. KALIBATA RT 12/06 KEL. RAWAJATI, KEC. PANCORAN. JAKARTA SELATAN,",TAMAN
2024,KOTA ADM. JAKARTA TIMUR,DUREN SAWIT,N/A,JH. JL. DERMAGA,JH. JL. DERMAGA,JALUR HIJAU
2024,KOTA ADM. JAKARTA TIMUR,DUREN SAWIT,N/A,JH. JL. BECAKAYU,JH. JL. BECAKAYU,JALUR HIJAU
2024,KOTA ADM. JAKARTA TIMUR,DUREN SAWIT,N/A,FLY OVER PAH. REVOLUSI (ATAS),FLY OVER PAHLAWAN REVOLUSI (ATAS),JALUR HIJAU
2024,KOTA ADM. JAKARTA TIMUR,DUREN SAWIT,N/A,FLY OVER BUARAN (ATAS),FLY OVER BUARAN (ATAS),JALUR HIJAU
2024,KOTA ADM. JAKARTA TIMUR,DUREN SAWIT,N/A,FLY OVER PONDOK KOPI (ATAS),FLY OVER PONDOK KOPI (ATAS),JALUR HIJAU
2024,KOTA ADM. JAKARTA TIMUR,DUREN SAWIT,PONDOK BAMBU,TAMAN ANGKLUNG,"JL. ANGKLUNG NO.5, RT.4/RW.9, PD. BAMBU, KEC. DUREN SAWIT, KOTA JAKARTA TIMUR, DAERAH KHUSUS IBUKOTA JAKARTA 13430",TAMAN
2024,KOTA ADM. JAKARTA TIMUR,DUREN SAWIT,PONDOK BAMBU,TAMAN BONANG,"JL. BONANG 27-5, RT.6/RW.9, PD. BAMBU, KEC. DUREN SAWIT, KOTA JAKARTA TIMUR, DAERAH KHUSUS IBUKOTA JAKARTA 13430",TAMAN
2024,KOTA ADM. JAKARTA TIMUR,DUREN SAWIT,PONDOK BAMBU,TAMAN YUDISTIRA,"JL. YUDHISTIRA NO.20, RT.3/RW.7, TEGAL ALUR, KALIDERES, KOTA JAKARTA BARAT, DAERAH KHUSUS IBUKOTA JAKARTA 11820, INDONESIA",TAMAN
2024,KOTA ADM. JAKARTA TIMUR,DUREN SAWIT,PONDOK BAMBU,TAMAN KESENIAN,"JL. KESENIAN NO.15, RT.16/RW.9, PD. BAMBU, KEC. DUREN SAWIT, KOTA JAKARTA TIMUR, DAERAH KHUSUS IBUKOTA JAKARTA 13430",TAMAN
2024,KOTA ADM. JAKARTA TIMUR,DUREN SAWIT,PONDOK BAMBU,TAMAN NAKULA,"JL. NAKULA RAYA, RT.1/RW.6, PD. BAMBU, KEC. DUREN SAWIT, KOTA JAKARTA TIMUR, DAERAH KHUSUS IBUKOTA JAKARTA 13440",TAMAN
2024,KOTA ADM. JAKARTA TIMUR,DUREN SAWIT,PONDOK BAMBU,TAMAN BAMBU DURI,"JL. BAMBU DURI I , PONDOK BAMBU,  DUREN SAWIT",TAMAN
2024,KOTA ADM. JAKARTA TIMUR,DUREN SAWIT,PONDOK BAMBU,TAMAN BULUH PERINDU,"JL. BULUH PERINDU V, PONDOK BAMBU, DUREN SAWIT",TAMAN
2024,KOTA ADM. JAKARTA TIMUR,DUREN SAWIT,PONDOK BAMBU,TAMAN BAMBU KUNING,"JL. BAMBU KUNING IV NO.10, RT.10/RW.8, PD. BAMBU, KEC. DUREN SAWIT, KOTA JAKARTA TIMUR, DAERAH KHUSUS IBUKOTA JAKARTA 13430",TAMAN
2024,KOTA ADM. JAKARTA TIMUR,DUREN SAWIT,PONDOK BAMBU,TAMAN BAMBU BETUNG DUREN SAWIT,"JL. BETUNG RAYA I, RT.5/RW.11, PONDOK BAMBU, DURENSAWIT, EAST JAKARTA CITY, JAKARTA 13430",TAMAN
2024,KOTA ADM. JAKARTA TIMUR,DUREN SAWIT,PONDOK BAMBU,TAMAN JL. TUTUL,"JL. TUTUL, RW.11, PONDOK BAMBU, DURENSAWIT, EAST JAKARTA CITY, JAKARTA",TAMAN
2024,KOTA ADM. JAKARTA TIMUR,DUREN SAWIT,PONDOK BAMBU,TAMAN JL. BB MAS RAYA,"JL. BAMBU MAS RAYA, RT.11/RW.8, PONDOK BAMBU, DURENSAWIT, EAST JAKARTA CITY, JAKARTA 13430",TAMAN
2024,KOTA ADM. JAKARTA TIMUR,DUREN SAWIT,PONDOK BAMBU,TAMAN JL. KEJAKSAAN,"JL. KEJAKSAAN V NO.155, RT.11/RW.11, PD. BAMBU, KEC. DUREN SAWIT, KOTA JAKARTA TIMUR, DAERAH KHUSUS IBUKOTA JAKARTA 13430",TAMAN
2024,KOTA ADM. JAKARTA TIMUR,DUREN SAWIT,PONDOK BAMBU,TAMAN PULAU-PULAU JATIWARINGIN,"JL. INSPEKSI KALI MALANG , JAKARTA TIMUR , DUREN SAWIT , PONDOK BAMBU",TAMAN
2024,KOTA ADM. JAKARTA TIMUR,DUREN SAWIT,PONDOK BAMBU,TAMAN PULAU JATIWARINGIN,"JL. INSPEKSI KALI MALANG , JAKARTA TIMUR , DUREN SAWIT , PONDOK BAMBU",TAMAN
2024,KOTA ADM. JAKARTA TIMUR,DUREN SAWIT,PONDOK KELAPA,HUTAN KOTA PONDOK KELAPA,"JALAN HAJI DOGON BLOK G2 NO.1, PONDOK KELAPA, DUREN SAWIT RT.18, RT.10/RW.2, PD. KLP., KEC. DUREN SAWIT, KOTA JAKARTA TIMUR, DAERAH KHUSUS IBUKOTA JAKARTA 13450",HUTAN
2024,KOTA ADM. JAKARTA TIMUR,DUREN SAWIT,PONDOK KELAPA,HUTAN KOTA BILLY MOON,"JL. RAYA KALIMALANG, RT.2/RW.10, PD. KLP., KEC. DUREN SAWIT, KOTA JAKARTA TIMUR, DAERAH KHUSUS IBUKOTA JAKARTA 13450",HUTAN
2024,KOTA ADM. JAKARTA TIMUR,DUREN SAWIT,PONDOK KELAPA,RTH JL. TAMAN MALAKA GG. BOJONGSARI RT.001 & 002 RW.06,"JL. BOJONG INDAH RT 01  DAN RT 02RW 06 KEL. PONDOK KELAPA KEC. DUREN SAWIT, JAKARTA TIMUR",TAMAN
2024,KOTA ADM. JAKARTA TIMUR,DUREN SAWIT,PONDOK KELAPA,TAMAN PONDOK KELAPA BLOK AD DPRD,"KAV. DPRD BLOK AD JL. NYIUR 3, PONDOK KELAPA, DUREN SWAIT",TAMAN
2024,KOTA ADM. JAKARTA TIMUR,DUREN SAWIT,PONDOK KELAPA,TAMAN PONDOK KELAPA BLOK AE DPRD,"KAV. DPRD BLOK AE 2, JL. NYIUR 3, PONDOK KELAPA, DUREN SWAIT",TAMAN
2024,KOTA ADM. JAKARTA TIMUR,DUREN SAWIT,PONDOK KELAPA,TAMAN PONDOK KELAPA BLOK M,"BLOK M PERUM KARYAWAN DKI, PONDOK KELAPA, DUREN SAWIT",TAMAN
2024,KOTA ADM. JAKARTA TIMUR,DUREN SAWIT,PONDOK KELAPA,TAMAN PONDOK KELAPA BLOK S,"BLOK S PERUM KARYAWAN DKI, PONDOK KELAPA, DUREN SAWIT",TAMAN
2024,KOTA ADM. JAKARTA TIMUR,DUREN SAWIT,PONDOK KELAPA,TAMAN PONDOK KELAPA BLOK B,"BLOK B PERUM KARYAWAN DKI, PONDOK KELAPA, DUREN SAWIT",TAMAN
2024,KOTA ADM. JAKARTA TIMUR,DUREN SAWIT,PONDOK KELAPA,TAMAN JANUR III,"JL. JANUR III,RW.10, PD. KLP., KEC. DUREN SAWIT, KOTA JAKARTA TIMUR, DAERAH KHUSUS IBUKOTA JAKARTA 13450",TAMAN
2024,KOTA ADM. JAKARTA TIMUR,DUREN SAWIT,PONDOK KELAPA,"TAMAN BLOK H, KAV DKI","BLOK H PERUM KARYAWAN DKI, PONDOK KELAPA, DUREN SAWIT",TAMAN
2024,KOTA ADM. JAKARTA TIMUR,DUREN SAWIT,PONDOK KELAPA,TAMAN JANUR KUNING,"JL. JANUR KUNING , RT.5/RW.4, PD. KLP., KEC. DUREN SAWIT, KOTA JAKARTA TIMUR, DAERAH KHUSUS IBUKOTA JAKARTA 13450",TAMAN
2024,KOTA ADM. JAKARTA BARAT,TAMAN SARI,N/A,JALUR HIJAU JL. HAYAM WURUK DR DEPAN GLODOK PLAZA S/D JL. MANGGA BESAR RAYA,JH. JL. HAYAM WURUK DR DEPAN GLODOK PLAZA S/D JL. MANGGA BESAR RAYA,JALUR HIJAU
2024,KOTA ADM. JAKARTA BARAT,TAMAN SARI,N/A,JALUR HIJAU PINTU BESAR SELATAN (SISI BARAT DAN TIMUR),JH. PINTU BESAR SELATAN (SISI BARAT DAN TIMUR),JALUR HIJAU
2024,KOTA ADM. JAKARTA BARAT,TAMAN SARI,N/A,JALUR HIJAU JL. TAMAN SARI RAYA,JH. JL. TAMAN SARI RAYA,JALUR HIJAU
2024,KOTA ADM. JAKARTA BARAT,TAMAN SARI,N/A,JALUR HIJAU ANAK KALI CILIWUNG (POT TANAMAN),JH. ANAK KALI CILIWUNG (POT TANAMAN),JALUR HIJAU
2024,KOTA ADM. JAKARTA BARAT,TAMAN SARI,N/A,JALUR HIJAU GEREJA SION,JH. GEREJA SION,JALUR HIJAU
2024,KOTA ADM. JAKARTA BARAT,TAMAN SARI,N/A,JALUR HIJAU JL. MANGGA DUA RAYA,JH. JL. MANGGA DUA RAYA,JALUR HIJAU
2024,KOTA ADM. JAKARTA BARAT,TAMAN SARI,N/A,JALUR HIJAU JL. PANGERAN JAYAKARTA,JH. JL. PANGERAN JAYAKARTA,JALUR HIJAU
2024,KOTA ADM. JAKARTA BARAT,TAMAN SARI,N/A,JALUR HIJAU JL. GLODOK PANCORAN,JH. JL. GLODOK PANCORAN,JALUR HIJAU
2024,KOTA ADM. JAKARTA BARAT,TAMAN SARI,N/A,JALUR HIJAU JL. KEMUKUS,JH. JL. KEMUKUS,JALUR HIJAU
2024,KOTA ADM. JAKARTA BARAT,TAMAN SARI,N/A,JALUR HIJAU JL. KUNIR,JH. JL. KUNIR,JALUR HIJAU
2024,KOTA ADM. JAKARTA BARAT,TAMAN SARI,N/A,JALUR HIJAU JALAN CENGKEH,JH. JALAN CENGKEH,JALUR HIJAU
2024,KOTA ADM. JAKARTA BARAT,TAMAN SARI,PINANGSIA,JALUR HIJAU JL. BBD (MANDIRI),JH. JL. BBD (MANDIRI),JALUR HIJAU
2024,KOTA ADM. JAKARTA BARAT,TAMAN SARI,N/A,JALUR HIJAU JL. LADA,JH. JL. LADA,JALUR HIJAU
2024,KOTA ADM. JAKARTA BARAT,TAMAN SARI,N/A,JALUR HIJAU SEGITIGA KOTA (BEOS),JH. SEGITIGA KOTA (BEOS),JALUR HIJAU
2024,KOTA ADM. JAKARTA BARAT,TAMAN SARI,PINANGSIA,JALUR HIJAU JL. POS KOTA (BNI) KI-KA,JH. JL. POS KOTA (BNI) KI-KA,JALUR HIJAU
2024,KOTA ADM. JAKARTA BARAT,TAMAN SARI,N/A,JALUR HIJAU JL. NELAYAN,JH. JL. NELAYAN,JALUR HIJAU
2024,KOTA ADM. JAKARTA BARAT,TAMAN SARI,N/A,JALUR HIJAU JL. PINTU BESAR SELATAN (MEDIAN JALAN),JH. JL. PINTU BESAR SELATAN (MEDIAN JALAN),JALUR HIJAU
2024,KOTA ADM. JAKARTA BARAT,TAMAN SARI,N/A,JALUR HIJAU JL. HAYAM WURUK DR JL. MANGGA BESAR RAYA S/D JL. SUKARJO WIRYOPRANOTO,JH. JL. HAYAM WURUK DR JL. MANGGA BESAR RAYA S/D JL. SUKARJO WIRYOPRANOTO,JALUR HIJAU
2024,KOTA ADM. JAKARTA BARAT,TAMAN SARI,N/A,JALUR HIJAU JL. GAJAH MADA (POT TANAMAN SISI SUNGAI),JH. JL. GAJAH MADA (POT TANAMAN SISI SUNGAI),JALUR HIJAU
2024,KOTA ADM. JAKARTA BARAT,TAMAN SARI,PINANGSIA,RTH JL JEMBATAN SENTI,"JL. JEMBATAN SENTI NO. 1 RT 002 RW 004, KEL. PINANGSIA, KEC. TAMAN SARI, JAKARTA BARAT",TAMAN
2024,KOTA ADM. JAKARTA BARAT,TAMAN SARI,PINANGSIA,TAMAN STASIUN KOTA (BEOS),"JL. PINTU BESAR UTARA 6, RT.8/RW.6, PINANGSIA, KEC. TAMAN SARI, KOTA JAKARTA BARAT, DAERAH KHUSUS IBUKOTA JAKARTA 11110",TAMAN
2024,KOTA ADM. JAKARTA BARAT,TAMBORA,ANGKE,TAMAN KALIJODOH (PETAK KODOK),"JL. PANGERAN TUBAGUS ANGKE BLOK SIAGA NO.4, RT.4/RW.5, ANGKE, KEC. TAMBORA, KOTA JAKARTA BARAT, DAERAH KHUSUS IBUKOTA JAKARTA 11330",TAMAN
2024,KOTA ADM. JAKARTA BARAT,TAMBORA,JEMBATAN BESI,TAMAN JEMBATAN BESI,"RW, RT.10/RW.1, JEMB. BESI, KEC. TAMBORA, KOTA JAKARTA BARAT, DAERAH KHUSUS IBUKOTA JAKARTA 11320",TAMAN
2024,KOTA ADM. JAKARTA BARAT,TAMBORA,N/A,JALUR HIJAU MEDIAN JL. LATUMENTEN DR JEMBATAN BESI S/D JEMBATAN DUA,JH. MEDIAN JL. LATUMENTEN DR JEMBATAN BESI S/D JEMBATAN DUA,JALUR HIJAU
2024,KOTA ADM. JAKARTA BARAT,TAMBORA,ANGKE,JALUR HIJAU JL. LATUMENTEN KALI MATI,JH. JL. LATUMENTEN KALI MATI,JALUR HIJAU
2024,KOTA ADM. JAKARTA BARAT,TAMBORA,ANGKE,JALUR HIJAU FLY OVER ANGKE JL. TB. ANGKE JAKARTA BARAT,JH. FLY OVER ANGKE JL. TB. ANGKE JAKARTA BARAT,JALUR HIJAU
2024,KOTA ADM. JAKARTA BARAT,TAMBORA,N/A,JALUR HIJAU BAWAH FLY OVER JEMBATAN DUA,JALUR HIJAU BAWAH FLY OVER JEMBATAN DUA,JALUR HIJAU
2024,KOTA ADM. JAKARTA BARAT,TAMBORA,N/A,JALUR HIJAU JL. ANGKE JAYA,JALUR HIJAU JL. ANGKE JAYA,JALUR HIJAU
2024,KOTA ADM. JAKARTA BARAT,TAMBORA,ANGKE,JALUR HIJAU PINGGIR KALI JL. TB. ANGKE DR JL. LAYANG LINGKAR DALAM S/D PASAR JEMBATAN DUA,JALUR HIJAU PINGGIR KALI JL. TB. ANGKE DR JL. LAYANG LINGKAR DALAM S/D PASAR JEMBATAN DUA,JALUR HIJAU
2024,KOTA ADM. JAKARTA BARAT,TAMBORA,ANGKE,JL. HIJAU MEDIAN JL. TB. ANGKE DR JALAN LAYANG LINGKAR DALAM S/D PASAR JEMBATAN DUA,JL. HIJAU MEDIAN JL. TB. ANGKE DR JALAN LAYANG LINGKAR DALAM S/D PASAR JEMBATAN DUA,JALUR HIJAU
2024,KOTA ADM. JAKARTA BARAT,TAMBORA,PEKOJAN,JALUR HIJAU SEGITIGA JALUR HIJAU DEPAN PASAR JEMBATAN II,JALUR HIJAU SEGITIGA JALUR HIJAU DEPAN PASAR JEMBATAN II,JALUR HIJAU
2024,KOTA ADM. JAKARTA BARAT,TAMBORA,N/A,JALUR HIJAU MEDIAN JL. GEDONG PANJANG,JH. MEDIAN JL. GEDONG PANJANG,JALUR HIJAU
2024,KOTA ADM. JAKARTA SELATAN,JAGAKARSA,CIPEDAK,KB. CIGANJUR,"JALAN PURWA RAYA VI BLOK SI NO.22, JAGAKARSA, RT.1/RW.6, CIPEDAK, KEC. JAGAKARSA, KOTA JAKARTA SELATAN, DAERAH KHUSUS IBUKOTA JAKARTA 12630",KEBUN BIBIT
2024,KOTA ADM. JAKARTA SELATAN,JAGAKARSA,CIPEDAK,KB. ASELIH,"RT.8/RW.1, CIPEDAK, JAGAKARSA, SOUTH JAKARTA CITY, JAKARTA 12630",KEBUN BIBIT
2024,KOTA ADM. JAKARTA SELATAN,JAGAKARSA,CIPEDAK,TAMAN KAYU PUTIH,"JL. JANGKRIK, RT.9/ 5, KEL. CIGANJUR, KEC. JAGAKARSA, JAKARTA SELATAN",TAMAN
2024,KOTA ADM. JAKARTA SELATAN,JAGAKARSA,CIPEDAK,TAMAN PURWA,"JL. PURWA UTAMA, RT.2/RW.6, CIPEDAK, KEC. JAGAKARSA, KOTA JAKARTA SELATAN,",TAMAN
2024,KOTA ADM. JAKARTA SELATAN,JAGAKARSA,CIPEDAK,"RTH JL. TIMBUL III RT. 08/04 KEL. CIPEDAK KECAMATAN JAGAKARSA, JAKARTA SELATAN","JL. TIMBUL III RT. 08/04 KEL. CIPEDAK KECAMATAN JAGAKARSA, JAKARTA SELATAN",TAMAN
2024,KOTA ADM. JAKARTA SELATAN,JAGAKARSA,CIPEDAK,TAMAN CASUARINA,"JL. M. KAHFI I RT.1/RW.2, KEL. CIPEDAK, KEC. JAGAKARSA. JAKARTA SELATAN",TAMAN
2024,KOTA ADM. JAKARTA SELATAN,JAGAKARSA,CIPEDAK,TAMAN MATOA,"JL. RAMBUTAN I, RT.1/77, KEL. JAGAKARSA, KEC. JAGAKARSA, JAKARTA SELATAN,",TAMAN
2024,KOTA ADM. JAKARTA SELATAN,JAGAKARSA,CIPEDAK,TAMAN PANJANG,"JL. MOH. KAHFI I, GG. PANJANG 13-H, JAKARTA SELATAN",TAMAN
2024,KOTA ADM. JAKARTA SELATAN,JAGAKARSA,CIPEDAK,TAMAN DAFICI,JL. M. KAHFI I RT 009 RW 04,TAMAN
2024,KOTA ADM. JAKARTA SELATAN,JAGAKARSA,CIPEDAK,TAMAN ASELIH,"JL. ASELIH, RT.10/RW.1, CIPEDAK, KEC. JAGAKARSA, KOTA JAKARTA SELATAN, DAERAH KHUSUS IBUKOTA JAKARTA 12630",TAMAN
2024,KOTA ADM. JAKARTA SELATAN,JAGAKARSA,CIPEDAK,TAMAN ALANG-ALANG,"JL. ANTARIKSA RT 009 RW 002, KEL. CIPEDAK, KEC. JAGAKARSA, JAKARTA SELATAN",TAMAN
2024,KOTA ADM. JAKARTA SELATAN,JAGAKARSA,CIPEDAK,RTH ANTARIKSA,"JL. ANTARIKSA NO. 369, KEL. CIPEDAK, KEC. JAGAKARSA, JAKARTA SELATAN",TAMAN
2024,KOTA ADM. JAKARTA SELATAN,JAGAKARSA,CIPEDAK,RTH ANTARIKSA RT 09,"JL. ANTARIKSA RT 009 RW 002 KEL. CIPEDAK KEC. JAGAKARSA, JAKARTA SELATAN",TAMAN
2024,KOTA ADM. JAKARTA SELATAN,JAGAKARSA,CIPEDAK,RTH JL. M. KAHFI I RT 009 RW 04,JL. M. KAHFI I RT 009 RW 04,TAMAN
2024,KOTA ADM. JAKARTA SELATAN,JAGAKARSA,CIPEDAK,RTH JL. TIMBUL III RT. 08 RW. 04,JL. TIMBUL III RT. 08 RW. 04,TAMAN
2024,KOTA ADM. JAKARTA SELATAN,JAGAKARSA,CIPEDAK,RTH KP CIPEDAK RT 001 RW 02,KP CIPEDAK RT 001 RW 02,TAMAN
2024,KOTA ADM. JAKARTA SELATAN,JAGAKARSA,JAGAKARSA,KB. JL.DURIAN,"JL. DURIAN NO.6, RT.8/RW.4, JAGAKARSA, KEC. JAGAKARSA, KOTA JAKARTA SELATAN, DAERAH KHUSUS IBUKOTA JAKARTA 12620",KEBUN BIBIT
2024,KOTA ADM. JAKARTA SELATAN,JAGAKARSA,JAGAKARSA,TAMAN SPATHODEA,"JL. KEBAGUSAN RAYA GG. KRIEP NO.13, RT 13/.5, KEL. JAGAKARSA, KEC. JAGAKARSA, JAKARTA SELATAN",TAMAN
2024,KOTA ADM. JAKARTA SELATAN,JAGAKARSA,JAGAKARSA,TAMAN LANTANA,"JL. NUSA INDAH (GG. BATAS 2-3), RT.12/2, KEL. JAGAKARSA, KEC. JAGAKARSA, JAKARTA SELATAN,",TAMAN
2024,KOTA ADM. JAKARTA SELATAN,JAGAKARSA,JAGAKARSA,RTH JL. KEDONDONG RT. 002 RW. 005,JALAN KEDONDONG RT 002 RW 005 KEL. JAGAKARSA KEC. JAGAKARSA KOTA ADMINISTRASI JAKARTA SELATAN,TAMAN
2024,KOTA ADM. JAKARTA SELATAN,JAGAKARSA,JAGAKARSA,TAMAN SEROJA,"JL. JAGAKARSA II GG. H. MASMUN RT01/RW07. KEL. JAGAKARSA, JAKARTA SELATAN",TAMAN
2024,KOTA ADM. JAKARTA SELATAN,JAGAKARSA,JAGAKARSA,TAMAN KEBAGUSAN RAYA,"JL. KEBAGUSAN RAYA RT. 013 RW. 05 KELURAHAN JAGAKARSA, JAKARTA SELATAN",TAMAN
2024,KOTA ADM. JAKARTA SELATAN,JAGAKARSA,JAGAKARSA,RTH GG. RUKUN,"JL. GANG RUKUN RT 004 RW 001, KEL. JAGAKARSA, KEC. JAGAKARSA, JAKARTA SELATAN",TAMAN
2024,KOTA ADM. JAKARTA SELATAN,JAGAKARSA,JAGAKARSA,RTH KRAMAT,"JL. KRAMAT, KEL. JAGAKARSA, KEC. JAGAKARSA, JAKARTA SELATAN",TAMAN
2024,KOTA ADM. JAKARTA SELATAN,JAGAKARSA,JAGAKARSA,RTH GG. WATES/TMB WATES ASRI,"JL. KEBAGUSAN RAYA GG. WATES RT 011 RW 005 KEL. JAGAKARSA KEC. JAGAKARSA, JAKARTA SELATAN",TAMAN
2024,KOTA ADM. JAKARTA SELATAN,JAGAKARSA,JAGAKARSA,RTH NUSA INDAH,"JL. NUSA INDAH I RT 012 RW 002 KEL. JAGAKARSA KEC. JAGAKARSA, JAKARTA SELATAN",TAMAN
2024,KOTA ADM. JAKARTA SELATAN,JAGAKARSA,JAGAKARSA,RTH GG. SWAMAS,"GANG SWAMAS RT 009 RW 007 KEL. JAGAKARSA KEC. JAGAKARSA, JAKARTA SELATAN",TAMAN
2024,KOTA ADM. JAKARTA SELATAN,JAGAKARSA,JAGAKARSA,RTH GG. BATAS,"JL. GANG BATAS RT 002 RW 002 KEL. JAGAKARSA KEC. JAGAKARSA, JAKARTA SELATAN",TAMAN
2024,KOTA ADM. JAKARTA SELATAN,JAGAKARSA,JAGAKARSA,RTH JAGAKARSA RW 07,"JL. JAGAKARSA RT 001 RW 007 KEL. JAGAKARSA KEC. JAGAKARSA, JAKARTA SELATAN",TAMAN
2024,KOTA ADM. JAKARTA SELATAN,JAGAKARSA,JAGAKARSA,RTH KECAPI,"JL. KECAPI RT 013 RW 005 KEL. JAGAKARSA KEC. JAGAKARSA, JAKARTA SELATAN",TAMAN
2024,KOTA ADM. JAKARTA SELATAN,JAGAKARSA,JAGAKARSA,RTH LENTENG AGUNG RW 01,"JL. RAYA LENTENG AGUNG RT 006 RW 001 KEL. LENTENG AGUNG KEC. JAGAKARSA, JAKARTA SELATAN",TAMAN
2024,KOTA ADM. JAKARTA SELATAN,PANCORAN,RAWAJATI,TAMAN KOMP.ZENI AD,"JL. KOMP. ZENI AD RT 02/03 KEL. RAWAJATI, KEC. PANCORAN. JAKARTA SELATAN",TAMAN
2024,KOTA ADM. JAKARTA SELATAN,PANCORAN,RAWAJATI,TAMAN KOMP. ZENI AD VA,"JL. KOMP. ZENI AD RT 04/03 KEL. RAWAJATI, KEC. PANCORAN. JAKARTA SELATAN",TAMAN
2024,KOTA ADM. JAKARTA SELATAN,PANCORAN,RAWAJATI,TAMAN KOMP. ZENI AD VB,"JL. ZENI AD VB RT.3/RW.3, KEL. RAWAJATI, KEC. PANCORAN, KOTA JAKARTA SELATAN",TAMAN
2024,KOTA ADM. JAKARTA SELATAN,PANCORAN,RAWAJATI,TAMAN JL. SUGENG DEPO SAMPAH/ TAMAN SUGENG (SISI BARAT REL ST. KALIBATA),"JL. PENGADEGAN SELATAN 5, RT.12/RW.5,KEL. RAWAJATI KEC. PANCORAN, KOTA JAKARTA SELATAN",TAMAN
2024,KOTA ADM. JAKARTA SELATAN,PANCORAN,RAWAJATI,TAMAN BANGDA I DEPAN ST KALIBATA,"JL. PENGADEGAN TIMUR, RT.6/RW.7, RAWAJATI, KEC. PANCORAN, KOTA JAKARTA SELATAN,",TAMAN
2024,KOTA ADM. JAKARTA SELATAN,PANCORAN,RAWAJATI,TAMAN BANGDA,"JL. PENGADEGAN TIMUR, RT.6/RW.7, RAWAJATI, KEC. PANCORAN, KOTA JAKARTA SELATAN,",TAMAN
2024,KOTA ADM. JAKARTA SELATAN,PANCORAN,RAWAJATI,TAMAN BELAKANG BANGDA,"JL. DPR RAYA, RT.12/RW.5, RAWAJATI, KEC. PANCORAN, KOTA JAKARTA SELATAN",TAMAN
2024,KOTA ADM. JAKARTA SELATAN,PASAR MINGGU,CILANDAK TIMUR,KB. MARGAWATSA 45,"JL. MARGASATWA NO.45, RT.5/RW.7, CILANDAK TIM., PS. MINGGU, KOTA JAKARTA SELATAN, DAERAH KHUSUS IBUKOTA JAKARTA 12620",KEBUN BIBIT
2024,KOTA ADM. JAKARTA SELATAN,PASAR MINGGU,CILANDAK TIMUR,TAMAN AMPERA III,JL. AMPERA RT.7/ 2 KEL. CILANDAK TIMUR KEC. PASAR MINGGU,TAMAN
2024,KOTA ADM. JAKARTA SELATAN,PASAR MINGGU,CILANDAK TIMUR,TAMAN AMPERA IV,JL. AMPERA RT 13/ 05 KEL. RAGUNAN KEC. PS. MINGGU. JAKARTA SELATAN,TAMAN
2024,KOTA ADM. JAKARTA SELATAN,PASAR MINGGU,CILANDAK TIMUR,TAMAN SAJAM,"JL. KEMANG SEL. 152, RT.4/RW.4, CILANDAK TIM., KEC. PASAR MINGGU., KOTA JAKARTA SELATAN",TAMAN
2024,KOTA ADM. JAKARTA SELATAN,PASAR MINGGU,CILANDAK TIMUR,TAMAN DEPAN TRAKINDO,"JL. RAYA CILANDAK KKO, RT.13/RW.5, RAGUNAN, KEC. PS. MINGGU, KOTA JAKARTA SELATAN",TAMAN
2024,KOTA ADM. JAKARTA SELATAN,PASAR MINGGU,CILANDAK TIMUR,RTH JERUK PURUT,"JL. JERUK PURUT RT 009 RW 003 KEL. CILANDAK TIMUR KEC. PASAR MINGGU, JAKARTA SELATAN",TAMAN
2024,KOTA ADM. JAKARTA SELATAN,PASAR MINGGU,CILANDAK TIMUR,RTH MARGASATWA,"JL. MARGASATWA KOMPLEK BUKIT INDAH RT 005 RW 007 KEL. CILANDAK TIMUR KEC. PASAR MINGGU, JAKARTA SELATAN",TAMAN
2024,KOTA ADM. JAKARTA SELATAN,PASAR MINGGU,CILANDAK TIMUR,RTH NIS,"JL. NIS RT 004 RW 003 KEL. CILANDAK TIMUR KEC. PASAR MINGGU, JAKARTA SELATAN",TAMAN
2024,KOTA ADM. JAKARTA SELATAN,PASAR MINGGU,CILANDAK TIMUR,RTH KEMANG SELATAN XII,JALAN KEMANG SELATAN XII CILANDAK TIMUR PASAR MINGGU JAKARTA SELATAN,TAMAN
2024,KOTA ADM. JAKARTA SELATAN,PASAR MINGGU,CILANDAK TIMUR,TPU JERUK PURUT,"JL. MADRASAH NO.14, RT.7/RW.6, CILANDAK TIM., KEC. PS. MINGGU, KOTA JAKARTA SELATAN, DAERAH KHUSUS IBUKOTA JAKARTA 12520",TPU
2024,KOTA ADM. JAKARTA SELATAN,PASAR MINGGU,JATI PADANG,TAMAN SAMASKA,"JL. GG. H. SAIBUN RT 02/09, KEC. PASAR MINGGU, JAKARTA SELATAN",TAMAN
2024,KOTA ADM. JAKARTA SELATAN,PASAR MINGGU,JATI PADANG,TAMAN DEPAN KECAMATAN,JL. RAYA RAGUNAN NO.31 KEL.JATI PADANG KEC. PASAR MINGGU. JAKARTA SELATAN,TAMAN
2024,KOTA ADM. JAKARTA SELATAN,PASAR MINGGU,JATI PADANG,TAMAN PERHUTANI,"JL. RAYA RAGUNAN 4-6, RT.6/ 1 KEL. JATI PADANG, KEC. PS. MINGGU, JAKARTA SELATAN",TAMAN
2024,KOTA ADM. JAKARTA SELATAN,PASAR MINGGU,JATI PADANG,TAMAN KARANG POLA,"JL. RAYA RAGUNAN, KEL. JATI PADANG, KEC. PASAR MINGGU. JAKARTA SELATAN",TAMAN
2024,KOTA ADM. JAKARTA SELATAN,PASAR MINGGU,JATI PADANG,TAMAN SEGITIGA AMPERA,JL. AMPERA RT 02/ 02KEL. RAGUNAN KEC. PS. MINGGU. JAKARTA SELATAN,TAMAN
2024,KOTA ADM. JAKARTA SELATAN,PASAR MINGGU,JATI PADANG,TAMAN KETAPANG,"JL. KETAPANG, RT.7/RW.2, JATI PADANG, KEC. PS. MINGGU, KOTA JAKARTA SELATAN",TAMAN
2024,KOTA ADM. JAKARTA SELATAN,PASAR MINGGU,JATI PADANG,"RPTRA JL. SAIBUN RT 008/09,","GANG HAJI SAIBUN, RT.8/RW.9, JATI PADANG, PASAR MINGGU, KEC. PS. MINGGU, JAKARTA",TAMAN
2024,KOTA ADM. JAKARTA SELATAN,PASAR MINGGU,JATI PADANG,TAMAN SALAM,"JL. JATI MURNI NO.56, RT.3/ 2, KEL. JATI PADANG, KEC. PS. MINGGU, KOTA JAKARTA SELATAN",TAMAN
2024,KOTA ADM. JAKARTA SELATAN,PASAR MINGGU,JATI PADANG,RTH RAYA RAGUNAN/ TAMAN ASNAWI,"JL. RAYA RAGUNAN RT 003 RW 005 KEL. JATI PADANG KEC. PASAR MINGGU, JAKARTA SELATAN",TAMAN
2024,KOTA ADM. JAKARTA SELATAN,PASAR MINGGU,JATI PADANG,RTH JL. H. SAIBUN RT. 002 & 008 RW. 09,"JL. GG. H. SAIBUN, KEC. PASAR MINGGU, JAKARTA SELATAN",TAMAN
2024,KOTA ADM. JAKARTA SELATAN,PASAR MINGGU,JATI PADANG,RTH AUP /TAMAN MELATI,"JL. AUP BARAT NO. 1 RT 009 RW 006 KEL. JATIPADANG KEC. PASAR MINGGU, JAKARTA SELATAN",TAMAN
2024,KOTA ADM. JAKARTA SELATAN,PASAR MINGGU,JATI PADANG,RTH PONCOL VIII,"JL. PONCOL VIII RT 011 RW 006 KEL. JATIPADANG KEC. PASAR MINGGU, JAKARTA SELATAN",TAMAN
2024,KOTA ADM. JAKARTA SELATAN,PASAR MINGGU,JATI PADANG,RTH JATI MURNI BUNTU,"JL. JATI MURNI BUNTU, KEL. JATI PADANG, KEC. PASAR MINGGU, JAKARTA SELATAN",TAMAN
2024,KOTA ADM. JAKARTA TIMUR,JATINEGARA,N/A,JALUR HIJAU TEPIAN AIR KANAL BANJIR TIMUR (CIPINANG S.D BEKASI RAYA),JALUR HIJAU TEPIAN AIR KANAL BANJIR TIMUR (CIPINANG S.D BEKASI RAYA),JALUR HIJAU
2024,KOTA ADM. JAKARTA TIMUR,JATINEGARA,RAWA BUNGA,TAMAN VIADUCT JATINEGARA SISI BARAT & SEGITIGANYA,"MAY. JEND. D.I. PANJAITAN, RT.4/RW.3, RW. BUNGA, KECAMATAN JATINEGARA, KOTA JAKARTA TIMUR, DAERAH KHUSUS IBUKOTA JAKARTA 13350",TAMAN
2024,KOTA ADM. JAKARTA TIMUR,JATINEGARA,RAWA BUNGA,TAMAN BARKAH,"JL. BEKASI TIMUR IX , JAKARTA TIMUR , JATINEGARA , RAWA BUNGA",TAMAN
2024,KOTA ADM. JAKARTA TIMUR,JATINEGARA,RAWA BUNGA,TAMAN EX PASAR BY PASS,"JL. BEKASI TIMUR , JAKARTA TIMUR , JATINEGARA , RAWA BUNGA",TAMAN
2024,KOTA ADM. JAKARTA TIMUR,JATINEGARA,RAWA BUNGA,TAMAN DEPAN KEL. RAWA BUNGA,"JL. JATINEGARA TIMUR IV NO.1, RT.1/RW.8, RW. BUNGA, KECAMATAN JATINEGARA, KOTA JAKARTA TIMUR, DAERAH KHUSUS IBUKOTA JAKARTA 13350",TAMAN
2024,KOTA ADM. JAKARTA TIMUR,JATINEGARA,RAWA BUNGA,TAMAN AL IMAN,"TAMAN TK. AL IMAN, JL. ANTAR I, JATINEGARA. , JAKARTA TIMUR",TAMAN
2024,KOTA ADM. JAKARTA TIMUR,JATINEGARA,RAWA BUNGA,TPU KOBER JATINEGARA,"JL. KOBER KECIL NO.3, RT.2/RW.8, RW. BUNGA, KECAMATAN JATINEGARA, KOTA JAKARTA TIMUR, DAERAH KHUSUS IBUKOTA JAKARTA 13350",TPU
2024,KOTA ADM. JAKARTA TIMUR,JATINEGARA,RAWA BUNGA,TPU KOBER ULU,"JL. BASUKI RACHMAT, RAWA BUNGA, JATINEGARA, 13350, RT.9/RW.6, CIPINANG BESAR SEL., KECAMATAN JATINEGARA, KOTA JAKARTA TIMUR, DAERAH KHUSUS IBUKOTA JAKARTA 13410",TPU
2024,KOTA ADM. JAKARTA TIMUR,KRAMAT JATI,BATU AMPAR,TAMAN BULAK RANTAI,"JL. RANTAI TIMAH, RT.3/RW.5, BATU AMPAR, KEC. KRAMAT JATI, KOTA JAKARTA TIMUR, DAERAH KHUSUS IBUKOTA JAKARTA 13540",TAMAN
2024,KOTA ADM. JAKARTA TIMUR,KRAMAT JATI,CAWANG,HUTAN KOTA VIADUCT CAWANG,"KEL. CAWANG, KRAMAT JATI",HUTAN
2024,KOTA ADM. JAKARTA TIMUR,KRAMAT JATI,CAWANG,RTH JL. DEWI SARTIKA GG. JAMBU NO. 25 RT. 007 RW. 04,"JL. DEWI SARTIKA GANG JAMBU RT 007 RW 004 NO. 25, KEL. CAWANG, KEC. KRAMAT , JAKARTA TIMUR",TAMAN
2024,KOTA ADM. JAKARTA TIMUR,KRAMAT JATI,CAWANG,RTH JL. DEWI SARTIKA,"JL. DEWI SARTIKA NO. 71A KEL. CAWANG KEC. KRAMAT , JAKARTA TIMUR",TAMAN
2024,KOTA ADM. JAKARTA TIMUR,KRAMAT JATI,CEGER,TAMAN DUKUH,"KAMPUNG DUKUH JL. PENGGILINGAN BARU RT 011 RW, KEL. CEGER, KEC. CIPAYUNG, JAKARTA TIMUR",TAMAN
2024,KOTA ADM. JAKARTA TIMUR,KRAMAT JATI,CILILITAN,TAMAN CILILITAN BESAR,"JL. HIJAU CILILITAN BESAR , KRAMAT JATI",TAMAN
2024,KOTA ADM. JAKARTA TIMUR,KRAMAT JATI,CILILITAN,TAMAN AL-HAWI,"JL. RAYA CONDET , KRAMAT JATI , CILILITAN",TAMAN
2024,KOTA ADM. JAKARTA TIMUR,KRAMAT JATI,DUKUH,HUTAN KOTA DUKUH,"JL PONDOK GEDE RAYA NO.6, RT.6/RW.2, DUKUH, KEC. KRAMAT JATI, KOTA JAKARTA TIMUR, DAERAH KHUSUS IBUKOTA JAKARTA 13550",HUTAN
2024,KOTA ADM. JAKARTA TIMUR,KRAMAT JATI,DUKUH,KEBUN BIBIT KAMPUNG DUKUH,"JL. BANGUN CIPTA RAYA BLOK E NO.1A, RT.2/RW.6, DUKUH, KEC. KRAMAT JATI, KOTA JAKARTA TIMUR, DAERAH KHUSUS IBUKOTA JAKARTA 13550",TAMAN
2024,KOTA ADM. JAKARTA TIMUR,KRAMAT JATI,DUKUH,TAMAN RTH DUKUH,"JL. DUKUH RAYA, DUKUH, KRAMAT JATI",TAMAN
2024,KOTA ADM. JAKARTA TIMUR,KRAMAT JATI,DUKUH,TAMAN JL. PONDOK GEDE,"JL. RAYA PONDOK GEDE , KRAMAT JATI",TAMAN
2024,KOTA ADM. JAKARTA TIMUR,KRAMAT JATI,DUKUH,RTH DUKUH RT 13,"RT 013 RW 004 KEL. DUKUH KEC. KRAMAT JATI, JAKARTA TIMUR",TAMAN
2024,KOTA ADM. JAKARTA TIMUR,KRAMAT JATI,DUKUH,TPU KAMPUNG DUKUH,"JL. PENGGILINGAN BARU NO.1, RT.11/RW.3, DUKUH, KEC. KRAMAT JATI, KOTA JAKARTA TIMUR, DAERAH KHUSUS IBUKOTA JAKARTA 13550",TPU
2024,KOTA ADM. JAKARTA TIMUR,KRAMAT JATI,KAMPUNG TENGAH,TAMAN FATAHILLAH,"JL. MASJID FATAHILLAH 2, RT.4/RW.5, KP. TENGAH, KEC. KRAMAT JATI, KOTA JAKARTA TIMUR, DAERAH KHUSUS IBUKOTA JAKARTA 13540",TAMAN
2024,KOTA ADM. JAKARTA TIMUR,KRAMAT JATI,KAMPUNG TENGAH,TAMAN RTH KELURAHAN TENGAH,"JL. AL - BARIYAH NO.4, RT.11/RW.4, KP. TENGAH, KEC. KRAMAT JATI, KOTA JAKARTA TIMUR, DAERAH KHUSUS IBUKOTA JAKARTA 13540",TAMAN
2024,KOTA ADM. JAKARTA TIMUR,KRAMAT JATI,KAMPUNG TENGAH,RTH TENGAH,"KEL. TENGAH, KEC. KRAMAT JATI, JAKARTA TIMUR",TAMAN
2024,KOTA ADM. JAKARTA TIMUR,KRAMAT JATI,KRAMAT JATI,RTH MAYJEN SOETOYO (TAMAN SUTOYO CERAH),"JL. MAYJEN SOETOYO RT 004 RW 015, KEL. CILILITAN, KEC. KRAMAT JATI, JAKARTA TIMUR",TAMAN
2024,KOTA ADM. JAKARTA TIMUR,KRAMAT JATI,N/A,JH. MT. HARYONO,JH. MT. HARYONO,JALUR HIJAU
2024,KOTA ADM. JAKARTA TIMUR,KRAMAT JATI,N/A,JH. JL. SUTOYO,JH. JL. SUTOYO,JALUR HIJAU
2024,KOTA ADM. JAKARTA TIMUR,KRAMAT JATI,N/A,KWS UNDERPASS CAWANG,KWS UNDERPASS CAWANG,JALUR HIJAU
2024,KOTA ADM. JAKARTA TIMUR,KRAMAT JATI,N/A,JH. JL. LRT SUTOYO,JH. JL. LRT SUTOYO,JALUR HIJAU
2024,KOTA ADM. JAKARTA TIMUR,KRAMAT JATI,N/A,JH. LOKBIN CELILITAN,JH. LOKBIN CELILITAN,JALUR HIJAU
2024,KOTA ADM. JAKARTA TIMUR,KRAMAT JATI,N/A,DEPAN HALTE BUSWAY PASAR KRAMATJATI,DEPAN HALTE BUSWAY PASAR KRAMATJATI,JALUR HIJAU
2024,KOTA ADM. JAKARTA BARAT,TAMBORA,N/A,JALUR HIJAU PINGGGIR KALI JELANGKENG SISI BARAT JL. PEJAGALAN RAYA,JH. PINGGGIR KALI JELANGKENG SISI BARAT JL. PEJAGALAN RAYA,JALUR HIJAU
2024,KOTA ADM. JAKARTA BARAT,TAMBORA,N/A,JALUR HIJAU JL. BANDENGAN SELATAN,JH. JL. BANDENGAN SELATAN,JALUR HIJAU
2024,KOTA ADM. JAKARTA BARAT,TAMBORA,N/A,JALUR HIJAU JL. BANDENGAN UTARA,JH. JL. BANDENGAN UTARA,JALUR HIJAU
2024,KOTA ADM. JAKARTA BARAT,TAMBORA,N/A,JALUR HIJAU BAWAH FO. BANDENGAN,JH. BAWAH FO. BANDENGAN,JALUR HIJAU
2024,KOTA ADM. JAKARTA BARAT,TAMBORA,N/A,JALUR HIJAU FLY OVER PASAR PAGI,JALUR HIJAU FLY OVER PASAR PAGI,JALUR HIJAU
2024,KOTA ADM. JAKARTA BARAT,TAMBORA,N/A,JALUR HIJAU PINGGGIR KALI JELANGKENG SISI TIMUR DAN BARAT,JALUR HIJAU PINGGGIR KALI JELANGKENG SISI TIMUR DAN BARAT,JALUR HIJAU
2024,KOTA ADM. JAKARTA BARAT,TAMBORA,PEKOJAN,JALUR HIJAU JL. GEDONG PANJANG,JALUR HIJAU JL. GEDONG PANJANG,JALUR HIJAU
2024,KOTA ADM. JAKARTA BARAT,TAMBORA,N/A,JALUR HIJAU SEGITIGA JL. KOPI,JALUR HIJAU SEGITIGA JL. KOPI,JALUR HIJAU
2024,KOTA ADM. JAKARTA BARAT,TAMBORA,N/A,JALUR HIJAU JL. PERNIAGAAN TIMUR,JALUR HIJAU JL. PERNIAGAAN TIMUR,JALUR HIJAU
2024,KOTA ADM. JAKARTA BARAT,TAMBORA,N/A,JALUR HIJAU PINGGIR KALI KRENDANG,JALUR HIJAU PINGGIR KALI KRENDANG,JALUR HIJAU
2024,KOTA ADM. JAKARTA BARAT,TAMBORA,PEKOJAN,JALUR HIJAU JL. TIANG BENDERA,JALUR HIJAU JL. TIANG BENDERA,JALUR HIJAU
2024,KOTA ADM. JAKARTA BARAT,TAMBORA,PEKOJAN,TAMAN BANDENGAN UTARA III,"JL. BANDENGAN UTARA III NO.36 P, RT.12/RW.11, PEKOJAN, KEC. TAMBORA, KOTA JAKARTA BARAT, DAERAH KHUSUS IBUKOTA JAKARTA 14440",TAMAN
2024,KOTA ADM. JAKARTA BARAT,TAMBORA,PEKOJAN,TAMAN RW 03 ROA MALAKA,"RW 03 ROWA MALAKA, PEKOJAN, JAKARTA BARAT",TAMAN
2024,KOTA ADM. JAKARTA BARAT,TAMBORA,TANAH SEREAL,TAMAN JAGUNG,"JL. PEKAPURAN VII NO.1, RT.4/RW.3, TANAH SEREAL, KEC. TAMBORA, KOTA JAKARTA BARAT, DAERAH KHUSUS IBUKOTA JAKARTA 11210",TAMAN
2024,KOTA ADM. JAKARTA PUSAT,CEMPAKA PUTIH,CEMPAKA PUTIH BARAT,JH JL. CEMPAKA PUTIH BARAT,JH JL. CEMPAKA PUTIH BARAT,JALUR HIJAU
2024,KOTA ADM. JAKARTA PUSAT,CEMPAKA PUTIH,CEMPAKA PUTIH BARAT,TAMAN KOTA LAYAK ANAK RUSUN JATIRAWASARI,"RT 15/05 JALAN JATI RAWASARI, CEMPAKA PUTIH JAKARTA PUSAT",TAMAN
2024,KOTA ADM. JAKARTA PUSAT,CEMPAKA PUTIH,CEMPAKA PUTIH TIMUR,JH JL. AHMAD YANI (DARI PEREMPATAN PRAMUKA SD LETJEND. SUPRAPTO),JH JL. AHMAD YANI (DARI PEREMPATAN PRAMUKA SD LETJEND. SUPRAPTO),JALUR HIJAU
2024,KOTA ADM. JAKARTA PUSAT,CEMPAKA PUTIH,CEMPAKA PUTIH TIMUR,JH JL. CEMPAKA PUTIH TENGAH X,JH JL. CEMPAKA PUTIH TENGAH X,JALUR HIJAU
2024,KOTA ADM. JAKARTA PUSAT,CEMPAKA PUTIH,CEMPAKA PUTIH TIMUR,JH JL. RAWA KERBO,N/A,JALUR HIJAU
2024,KOTA ADM. JAKARTA PUSAT,CEMPAKA PUTIH,CEMPAKA PUTIH TIMUR,JH JL. RAWASARI TIMUR,JH JL. RAWASARI TIMUR,JALUR HIJAU
2024,KOTA ADM. JAKARTA PUSAT,CEMPAKA PUTIH,CEMPAKA PUTIH TIMUR,JH JL. CEMPAKA PUTIH RAYA,JH JL. CEMPAKA PUTIH RAYA,JALUR HIJAU
2024,KOTA ADM. JAKARTA PUSAT,CEMPAKA PUTIH,CEMPAKA PUTIH TIMUR,JH JL. CEMPAKA PUTIH TENGAH RAYA,JH JL. CEMPAKA PUTIH TENGAH RAYA,JALUR HIJAU
2024,KOTA ADM. JAKARTA PUSAT,CEMPAKA PUTIH,CEMPAKA PUTIH TIMUR,JH JL. CEMPAKA PUTIH TIMUR RAYA,JH JL. CEMPAKA PUTIH TIMUR RAYA,JALUR HIJAU
2024,KOTA ADM. JAKARTA PUSAT,CEMPAKA PUTIH,CEMPAKA PUTIH TIMUR,JH JL. CEMPAKA PUTIH TENGAH 33,JH JL. CEMPAKA PUTIH TENGAH 33,JALUR HIJAU
2024,KOTA ADM. JAKARTA PUSAT,CEMPAKA PUTIH,CEMPAKA PUTIH TIMUR,TAMAN CEMPAKA PUTIH TENGAH 27 (JH),TAMAN CEMPAKA PUTIH TENGAH 27 (JH),JALUR HIJAU
2024,KOTA ADM. JAKARTA PUSAT,CEMPAKA PUTIH,CEMPAKA PUTIH TIMUR,JH JL. CEMPAKA PUTIH TIMUR XXV,JH JL. CEMPAKA PUTIH TIMUR XXV,JALUR HIJAU
2024,KOTA ADM. JAKARTA PUSAT,CEMPAKA PUTIH,CEMPAKA PUTIH TIMUR,TAMAN CEMPAKA PUTIH 33,JL CEMPAKA PUTIH TENGAH 33 A,TAMAN
2024,KOTA ADM. JAKARTA PUSAT,CEMPAKA PUTIH,CEMPAKA PUTIH TIMUR,TAMAN JEMBATAN SERONG,JL. CEMP. PUTIH TENGAH,TAMAN
2024,KOTA ADM. JAKARTA PUSAT,CEMPAKA PUTIH,CEMPAKA PUTIH TIMUR,TAMAN HALAMAN KANTOR KECAMATAN CEMPAKA PUTIH,RAWASARI CEMPAKA PUTIH,TAMAN
2024,KOTA ADM. JAKARTA PUSAT,CEMPAKA PUTIH,CEMPAKA PUTIH TIMUR,RTH JL. AHMAD YANI,JALAN AHMAD YANI RT.010 RW.02 CEMPAKA PUTIH TIMUR CEMPAKA PUTIH JAKARTA PUSAT,TAMAN
2024,KOTA ADM. JAKARTA PUSAT,CEMPAKA PUTIH,N/A,MEDIAN DAN SEPARATOR JL. LETJEN SUPRAPTO (DARI FO. GALUR S/D LAMPU MERAH ITC CEMPAKA MAS) SISI SELATAN,MEDIAN DAN SEPARATOR JL. LETJEN SUPRAPTO (DARI FO. GALUR S/D LAMPU MERAH ITC CEMPAKA MAS) SISI SELATAN,JALUR HIJAU
2024,KOTA ADM. JAKARTA PUSAT,CEMPAKA PUTIH,N/A,PULAU JALAN BY PASS JL. AHMAD YANI (LAMPU MERAH PRAMUKA),PULAU JALAN BY PASS JL. AHMAD YANI (LAMPU MERAH PRAMUKA),JALUR HIJAU
2024,KOTA ADM. JAKARTA SELATAN,JAGAKARSA,JAGAKARSA,RTH JL. JAGAKARSA RAYA (KP. BABAKAN) RT. 001 RW. 01,JL. JAGAKARSA RAYA (KP. BABAKAN) RT. 001 RW. 01,TAMAN
2024,KOTA ADM. JAKARTA SELATAN,JAGAKARSA,JAGAKARSA,RTH GG. RUKUN BABAKAN RT. 004 RW. 001,GG. RUKUN BABAKAN RT. 004 RW. 001,TAMAN
2024,KOTA ADM. JAKARTA SELATAN,JAGAKARSA,JAGAKARSA,RTH JL. MANGGIS GG. H ABD GHONI KP. JAGAKARSA RT.001 RW.04,JL. MANGGIS GG. H ABD GHONI KP. JAGAKARSA RT.001 RW.04,TAMAN
2024,KOTA ADM. JAKARTA SELATAN,JAGAKARSA,JAGAKARSA,RTH KAHFI I NO.888,JL. KAHFI I NO. 888,TAMAN
2024,KOTA ADM. JAKARTA SELATAN,JAGAKARSA,JAGAKARSA,TPU KAMPUNG KANDANG,"JL. MOH. KAHFI 1 SEBERANG TPU.KP.KANDANG NO.1F, RT.10/RW.6, JAGAKARSA, KEC. JAGAKARSA, KOTA JAKARTA SELATAN, DAERAH KHUSUS IBUKOTA JAKARTA 12065",TPU
2024,KOTA ADM. JAKARTA SELATAN,JAGAKARSA,JAGAKARSA,TPU TANJUNG BARAT,"JALAN SWADAYA II NO.Z NO.10, RT.1/RW.5, TANJUNG BARAT, JAGAKARSA, RT.1/RW.5, TJ. BAR., KEC. JAGAKARSA, KOTA JAKARTA SELATAN, DAERAH KHUSUS IBUKOTA JAKARTA 12530",TPU
2024,KOTA ADM. JAKARTA SELATAN,JAGAKARSA,JAGAKARSA,TPU JAGAKARSA,"BLOK HAJI ASMUN, JL. JAGAKARSA II HAJI ASMUN NO.36, RT.1/RW.7, JAGAKARSA, KEC. JAGAKARSA, KOTA JAKARTA SELATAN, DAERAH KHUSUS IBUKOTA JAKARTA 12620",TPU
2024,KOTA ADM. JAKARTA SELATAN,JAGAKARSA,LENTENG AGUNG,HUTAN KOTA JALAN JOE,"JL JOE KEL. LENTENG AGUNG, KEC. JAGAKARSA, JAKARTA SELATAN",HUTAN
2024,KOTA ADM. JAKARTA SELATAN,JAGAKARSA,LENTENG AGUNG,RPTRA TAMAN LENTENG AGUNG,"JL. LENTENG AGUNG RAYA, JAGAKARSA, RT.11/RW.2, LENTENG AGUNG, KEC. JAGAKARSA, KOTA JAKARTA SELATAN, DAERAH KHUSUS IBUKOTA JAKARTA 12610",TAMAN
2024,KOTA ADM. JAKARTA SELATAN,JAGAKARSA,LENTENG AGUNG,TAMAN JAGAKARSA,"JL. H.E. MAHJUR NO.13, RT.3/RW.2, LENTENG AGUNG, KEC. JAGAKARSA, KOTA JAKARTA SELATAN, DAERAH KHUSUS IBUKOTA JAKARTA 12530",TAMAN
2024,KOTA ADM. JAKARTA SELATAN,JAGAKARSA,LENTENG AGUNG,TAMAN MAJA,"JL. MENTENG 2, RT.4/RW.6, LENTENG AGUNG, KEC. JAGAKARSA, KOTA JAKARTA SELATAN, DAERAH KHUSUS IBUKOTA JAKARTA 12630",TAMAN
2024,KOTA ADM. JAKARTA SELATAN,JAGAKARSA,LENTENG AGUNG,TAMAN SEGITIGA ST. TANJUNG BARAT,"JL. LENTENG AGUNG RAYA RT 04/ 01 KEL. LENTENG AGUNG, KEC. JAGAKARSA. JAKARTA SELATAN",TAMAN
2024,KOTA ADM. JAKARTA SELATAN,JAGAKARSA,LENTENG AGUNG,TAMAN JIHANDAK,JL. RAYA LENTENG AGUNG RT.13/RW.07 KEL.LENTENG AGUNG KEC. JAGAKARSA. JAKARTA SELATAN,TAMAN
2024,KOTA ADM. JAKARTA SELATAN,JAGAKARSA,LENTENG AGUNG,TAMAN PINGKAL,"JL. CAMAT GABUN II NO. 67 RT 003 RW 08 KEL. LENTENG AGUNG, JAKARTA SELATAN",TAMAN
2024,KOTA ADM. JAKARTA SELATAN,JAGAKARSA,LENTENG AGUNG,TAMAN LENTENG AGUNG BERWARNA,"JL. MENTENG RT 007 RW 006 KEL. LENTENG AGUNG, KEC. JAGAKARSA, JAKARTA SELATAN",TAMAN
2024,KOTA ADM. JAKARTA SELATAN,JAGAKARSA,LENTENG AGUNG,RTH LENTENG AGUNG RT 04,"JL. LENTENG AGUNG RT 004 RW 001 KEL. LENTENG AGUNG KEC. JAGAKARSA, JAKARTA SELATAN",TAMAN
2024,KOTA ADM. JAKARTA SELATAN,JAGAKARSA,LENTENG AGUNG,RTH LENTENG AGUNG RT 06,"JL. LENTENG AGUNG RT 006 RW 001, KEL. LENTENG AGUNG, KEC. JAGAKARSA, JAKARTA SELATAN",TAMAN
2024,KOTA ADM. JAKARTA SELATAN,JAGAKARSA,LENTENG AGUNG,RTH JL. CAMAT GABUN II NO. 67 RT. 003 RW. 08,"JL. CAMAT GABUN II NO. 67 RT 003 RW 008, KEL. LENTENG AGUNG, KEC. JAGAKARSA, JAKARTA SELATAN",TAMAN
2024,KOTA ADM. JAKARTA SELATAN,JAGAKARSA,LENTENG AGUNG,RTH JL. MENTENG RT 007 RW 006 KEL LENTENG AGUNG KEC JAGAKARSA JAKARTA SELATAN,JL. MENTENG RT 007 RW 006 KEL LENTENG AGUNG KEC JAGAKARSA JAKARTA SELATAN,TAMAN
2024,KOTA ADM. JAKARTA SELATAN,JAGAKARSA,N/A,JALUR HIJAU JL. MONTONG,JALUR HIJAU JL. MONTONG,JALUR HIJAU
2024,KOTA ADM. JAKARTA SELATAN,JAGAKARSA,N/A,JALUR HIJAU JL. SADAR,JALUR HIJAU JL. SADAR,JALUR HIJAU
2024,KOTA ADM. JAKARTA SELATAN,JAGAKARSA,N/A,JALUR HIJAU JL. WARUNG SILAH,JALUR HIJAU JL. WARUNG SILAH,JALUR HIJAU
2024,KOTA ADM. JAKARTA SELATAN,JAGAKARSA,N/A,JALUR HIJAU JL. KAHFI I,JALUR HIJAU JL. KAHFI I,JALUR HIJAU
2024,KOTA ADM. JAKARTA SELATAN,JAGAKARSA,N/A,JALUR HIJAU JL. TIMBUL,JALUR HIJAU JL. TIMBUL,JALUR HIJAU
2024,KOTA ADM. JAKARTA SELATAN,JAGAKARSA,N/A,JALUR HIJAU JL. KAHFI II,JALUR HIJAU JL. KAHFI II,JALUR HIJAU
2024,KOTA ADM. JAKARTA SELATAN,JAGAKARSA,N/A,JALUR HIJAU JL. SIRSAK,JALUR HIJAU JL. SIRSAK,JALUR HIJAU
2024,KOTA ADM. JAKARTA SELATAN,JAGAKARSA,N/A,JALUR HIJAU JL. JAGAKARSA RAYA,JALUR HIJAU JL. JAGAKARSA RAYA,JALUR HIJAU
2024,KOTA ADM. JAKARTA SELATAN,JAGAKARSA,N/A,JALUR HIJAU JL. JOE,JALUR HIJAU JL. JOE,JALUR HIJAU
2024,KOTA ADM. JAKARTA SELATAN,JAGAKARSA,N/A,JALUR HIJAU JL. KAVLING POLRI,JALUR HIJAU JL. KAVLING POLRI,JALUR HIJAU
2024,KOTA ADM. JAKARTA SELATAN,JAGAKARSA,N/A,JALUR HIJAU JL. PASO,JALUR HIJAU JL. PASO,JALUR HIJAU
2024,KOTA ADM. JAKARTA SELATAN,JAGAKARSA,N/A,JALUR HIJAU BUNDARAN DEPAN UI (RTH UI),JALUR HIJAU BUNDARAN DEPAN UI (RTH UI),JALUR HIJAU
2024,KOTA ADM. JAKARTA SELATAN,PASAR MINGGU,JATI PADANG,RTH JATIPADANG,"JL. JATIPADANG RAYA, KEL. JATIPADANG, KEC. PASAR MINGGU, JAKARTA SELATAN",TAMAN
2024,KOTA ADM. JAKARTA SELATAN,PASAR MINGGU,JATI PADANG,RTH JL MARGASATWA,JL. MARGASATWA NO. 25 RT 009 RW 005  JATIPADANG PASAR MINGGU JAKARTA SELATAN,TAMAN
2024,KOTA ADM. JAKARTA SELATAN,PASAR MINGGU,KEBAGUSAN,TAMAN PAPYRUS,"JL. KEBAGUSAN RAYA, JAKARTA SELATAN",TAMAN
2024,KOTA ADM. JAKARTA SELATAN,PASAR MINGGU,KEBAGUSAN,RPTRA JL. KEBAGUSAN RT 11/04,"JL. KEBAGUSAN BESAR NO.44, RT.6/RW.7, KEBAGUSAN, PS. MINGGU, KOTA JAKARTA SELATAN, DAERAH KHUSUS IBUKOTA JAKARTA 12520",TAMAN
2024,KOTA ADM. JAKARTA SELATAN,PASAR MINGGU,KEBAGUSAN,RTH KEBAGUSAN I (TAMAN KEBAGUSAN I),"JL. KEBAGUSAN I, RT.9/RW.7, KEBAGUSAN, PS. MINGGU, KOTA JAKARTA SELATAN, DAERAH KHUSUS IBUKOTA JAKARTA 12520",TAMAN
2024,KOTA ADM. JAKARTA SELATAN,PASAR MINGGU,KEBAGUSAN,RTH JL. WARU KEL. KEBAGUSAN,"JL. KEBAGUSAN I, RT.9/RW.7, KEBAGUSAN, PS. MINGGU, KOTA JAKARTA SELATAN, DAERAH KHUSUS IBUKOTA JAKARTA 12520",TAMAN
2024,KOTA ADM. JAKARTA SELATAN,PASAR MINGGU,KEBAGUSAN,TAMAN SEPAT,"JL. SEPAT I, RT.1/.7, KEL. KEBAGUSAN, KEC. PS. MINGGU, KOTA JAKARTA SELATAN",TAMAN
2024,KOTA ADM. JAKARTA SELATAN,PASAR MINGGU,KEBAGUSAN,TAMAN DADAP MERAH,"JL. KEBAGUSAN DALAM 55 9 4, RT.8/ 4, KEL. KEBAGUSAN, KEC. PS. MINGGU, KOTA JAKARTA SELATAN",TAMAN
2024,KOTA ADM. JAKARTA SELATAN,PASAR MINGGU,KEBAGUSAN,TAMAN WARU,"JL. WARU NO.36, RT.13/ 3, KEL. KEBAGUSAN, KEC. PS. MINGGU, KOTA JAKARTA SELATAN",TAMAN
2024,KOTA ADM. JAKARTA SELATAN,PASAR MINGGU,KEBAGUSAN,TAMAN ASAKINAH,"JL. ASAKINAH, KEL. KEBAGUSAN, KEC. PASAR MINGGU, JAKARTA SELATAN",TAMAN
2024,KOTA ADM. JAKARTA SELATAN,PASAR MINGGU,KEBAGUSAN,RTH JL. KEBAGUSAN BESAR RT. 005 RW. 06,JL. KEBAGUSAN BESAR RT. 005 RW. 06,TAMAN
2024,KOTA ADM. JAKARTA SELATAN,PASAR MINGGU,KEBAGUSAN,RTH JL. KEBAGUSAN RAYA RT. 003 RW. 07,JL. KEBAGUSAN RAYA RT. 003 RW. 07,TAMAN
2024,KOTA ADM. JAKARTA SELATAN,PASAR MINGGU,KEBAGUSAN,RTH KEBAGUSAN RAYA RW 06,"JL. KP. KEBAGUSAN BESAR RT 003 RW 006 KEL. KEBAGUSAN KEC. PASAR MINGGU, JAKARTA SELATAN",TAMAN
2024,KOTA ADM. JAKARTA SELATAN,PASAR MINGGU,KEBAGUSAN,RTH KEBAGUSAN II,"JL. KEBAGUSAN II RT 007 RW 007, KEL. KEBAGUSAN, KEC. PASAR MINGGU, JAKARTA SELATAN",TAMAN
2024,KOTA ADM. JAKARTA SELATAN,PASAR MINGGU,KEBAGUSAN,RTH WARU 2,"JL. WARU RT 013 RW 003 KEL. KEBAGUSAN KEC. PASAR MINGGU, JAKARTA SELATAN",TAMAN
2024,KOTA ADM. JAKARTA SELATAN,PASAR MINGGU,KEBAGUSAN,RTH KEBAGUSAN WATES,"KEBAGUSAN WATES RT 009 RW 004, KEL. KEBAGUSAN, KEC. PASAR MINGGU, JAKARTA SELATAN",TAMAN
2024,KOTA ADM. JAKARTA SELATAN,PASAR MINGGU,KEBAGUSAN,TPU KEBAGUSAN,"JL. KONG ALI GG. IKHTIAR, RT.2/RW.3, KEBAGUSAN, KEC. PS. MINGGU, KOTA JAKARTA SELATAN, DAERAH KHUSUS IBUKOTA JAKARTA 12520",TPU
2024,KOTA ADM. JAKARTA SELATAN,PASAR MINGGU,MENTENG ATAS,TAMAN BATU,"JL. BATU I NO.324, RT.3/RW.2, PEJATEN TIM., KEC. PS. MINGGU, KOTA JAKARTA SELATAN",TAMAN
2024,KOTA ADM. JAKARTA SELATAN,PASAR MINGGU,N/A,JALUR HIJAU JL. BAKIN,JALUR HIJAU JL. BAKIN,JALUR HIJAU
2024,KOTA ADM. JAKARTA SELATAN,PASAR MINGGU,N/A,JALUR HIJAU JL. RAWA BAMBU,JALUR HIJAU JL. RAWA BAMBU,JALUR HIJAU
2024,KOTA ADM. JAKARTA SELATAN,PASAR MINGGU,N/A,JALUR HIJAU JL. BUNCIT RAYA,JALUR HIJAU JL. BUNCIT RAYA,JALUR HIJAU
2024,KOTA ADM. JAKARTA SELATAN,PASAR MINGGU,N/A,JALUR HIJAU JL. HARSONO RM,JALUR HIJAU JL. HARSONO RM,JALUR HIJAU
2024,KOTA ADM. JAKARTA SELATAN,PASAR MINGGU,N/A,JALUR HIJAU JL. TB SIMATUPANG (JL. AMPERA S.D JL. TANJUNG BARAT),JALUR HIJAU JL. TB SIMATUPANG (JL. AMPERA S.D JL. TANJUNG BARAT),JALUR HIJAU
2024,KOTA ADM. JAKARTA SELATAN,PASAR MINGGU,N/A,JALUR HIJAU JL. MARGASATWA,JALUR HIJAU JL. MARGASATWA,JALUR HIJAU
2024,KOTA ADM. JAKARTA SELATAN,PASAR MINGGU,N/A,JALUR HIJAU JL RAYA RAGUNAN,JALUR HIJAU JL RAYA RAGUNAN,JALUR HIJAU
2024,KOTA ADM. JAKARTA SELATAN,PASAR MINGGU,N/A,JALUR HIJAU JALAN TB SIMATUPANG (JL. AMPERA S/D GEDUNG ALAMANDA),JALUR HIJAU JALAN TB SIMATUPANG (JL. AMPERA S/D GEDUNG ALAMANDA),JALUR HIJAU
2024,KOTA ADM. JAKARTA SELATAN,PASAR MINGGU,N/A,UNDERPASS PS.MINGGU,UNDERPASS PS.MINGGU,JALUR HIJAU
2024,KOTA ADM. JAKARTA SELATAN,PASAR MINGGU,PASAR MINGGU,RTH JL. TANJUNG BARAT NO.24 RT 009 RW 007,"JL. TANJUNG BARAT NO. 24 RT 009 RW 007 KEL. PASAR MINGGU KEC. PASAR MINGGU, JAKARTA SELATAN",TAMAN
2024,KOTA ADM. JAKARTA SELATAN,PASAR MINGGU,PASAR MINGGU,TAMAN KOMPAS,"JL. RAYA TJ. BARAT 5, RT.9/RW.7, PS. MINGGU, KEC. PS. MINGGU, JAKARTA SELATAN",TAMAN
2024,KOTA ADM. JAKARTA SELATAN,PASAR MINGGU,PASAR MINGGU,TAMAN DEPAN ROBINSON,"JL. PASAR MINGGU RAYA, KEL. PASAR MINGGU, KEC. PASAR MINGGU",TAMAN
2024,KOTA ADM. JAKARTA SELATAN,PASAR MINGGU,PASAR MINGGU,TAMAN KEJAKSAAN,"JL. KOMP. KEJAKSAAN AGUNG NO.17, RT.10/RW.3, PS. MINGGU, KOTA JAKARTA SELATAN,",TAMAN
2024,KOTA ADM. JAKARTA TIMUR,KRAMAT JATI,PENGGILINGAN,RTH JL. PULO INDAH RT 007 RW 018,"JL. PULO INDAH RT 007 RW 018, KEL. PENGGILINGAN, KEC. CAKUNG, JAKARTA TIMUR",TAMAN
2024,KOTA ADM. JAKARTA TIMUR,MAKASAR,CIPINANG,RTH MANUNGGAL II BAWAH,"JL. MANUNGGAL II BAWAH RW 006, KEL. CIPINANG, KEC. MAKASAR, JAKARTA TIMUR",TAMAN
2024,KOTA ADM. JAKARTA TIMUR,MAKASAR,CIPINANG MELAYU,RTH JL. CURUG INDAH RT. 003 RW. 08,"JL. CURUG INDAH RT 003 RW 008, KEL. CIPINANG MELAYU, KEC MAKASAR, JAKARTA TIMUR",TAMAN
2024,KOTA ADM. JAKARTA TIMUR,MAKASAR,CIPINANG MELAYU,RTH JL. PANGKALAN JATI VII RT 009 RW 09,"JL. PANGKALAN  VII RT 009 RW 009 KEL. CIPINANG MELAYU KEC. MAKASAR, JAKARTA TIMUR",TAMAN
2024,KOTA ADM. JAKARTA TIMUR,MAKASAR,CIPINANG MELAYU,TAMAN PIKNIK,"JL. MANUNGGAL II, CIPINANG MELAYU, KEC. MAKASAR, KOTA JAKARTA TIMUR, DAERAH KHUSUS IBUKOTA JAKARTA 13620",TAMAN
2024,KOTA ADM. JAKARTA TIMUR,MAKASAR,CIPINANG MELAYU,TAMAN MANUNGGAL II (TAMAN MANUNGGAL),"CIPINANG MELAYU, KEC. MAKASAR, KOTA JAKARTA TIMUR, DAERAH KHUSUS IBUKOTA JAKARTA 13620",TAMAN
2024,KOTA ADM. JAKARTA TIMUR,MAKASAR,CIPINANG MELAYU,TAMAN JL. PERHUBUNGAN (DEPAN SMP 109),"JL. PERHUBUNGAN 18, RT.2/RW.6, CIPINANG MELAYU, KEC. MAKASAR, KOTA JAKARTA TIMUR, DAERAH KHUSUS IBUKOTA JAKARTA 13620",TAMAN
2024,KOTA ADM. JAKARTA TIMUR,MAKASAR,CIPINANG MELAYU,TAMAN SENJATA,"JL. PISTOL, CIPINANG MELAYU, JAKARTA TIMUR",TAMAN
2024,KOTA ADM. JAKARTA TIMUR,MAKASAR,CIPINANG MELAYU,TAMAN PERLENGKAPAN,"RT.1/RW.6, KEBON PALA, MAKASAR, EAST JAKARTA CITY, JAKARTA 13650",TAMAN
2024,KOTA ADM. JAKARTA TIMUR,MAKASAR,CIPINANG MELAYU,RTH CURUG INDAH,"JL. CURUG INDAH RT 003 RW 008 KEL. CIPINANG MELAYU KEC. MAKASAR, JAKARTA TIMUR",TAMAN
2024,KOTA ADM. JAKARTA TIMUR,MAKASAR,CIPINANG MELAYU,TPU KAMPUNG BAYUR,"JAKARTA TIMUR, RT.9/RW.4, CIPINANG MELAYU, KEC. MAKASAR, KOTA JAKARTA TIMUR, DAERAH KHUSUS IBUKOTA JAKARTA 13620",TPU
2024,KOTA ADM. JAKARTA TIMUR,MAKASAR,HALIM PERDANA KUSUMAH,HUTAN KOTA KOMPLEK LANUD HALIM PERDANA KUSUMA,"KEL. HALIM PERDANA KUSUMA, KEC. MAKASAR, JAKARTA TIMUR",HUTAN
2024,KOTA ADM. JAKARTA TIMUR,MAKASAR,KEBON PALA,HUTAN KOTA UKI,"JALAN PERINDUSTRIAN, KELURAHAN KEBON PALA, KECAMATAN MAKASAR, JAKARTA TIMUR",HUTAN
2024,KOTA ADM. JAKARTA TIMUR,MAKASAR,KEBON PALA,TAMAN SEGITIGA INTIRUB,"JL. KOMODOR HALIM PERDANA KUSUMA NO.7, RT.7/RW.11, KB. PALA, KEC. MAKASAR, KOTA JAKARTA TIMUR, DAERAH KHUSUS IBUKOTA JAKARTA 13650",TAMAN
2024,KOTA ADM. JAKARTA TIMUR,MAKASAR,KEBON PALA,TAMAN DEPAN POOL PPD,"JL. PPD SUTOYO , JAKARTA TIMUR , MAKASAR , KEBON PALA",TAMAN
2024,KOTA ADM. JAKARTA TIMUR,MAKASAR,KEBON PALA,TAMAN MYRISTICA,JL. KOMODOR HALIM PERDANA KUSUMA RT. 003/001,TAMAN
2024,KOTA ADM. JAKARTA TIMUR,MAKASAR,KEBON PALA,TPU KEBON PALA,"JL. JENGKI NO.21, RT.1/RW.2, KB. PALA, KEC. MAKASAR, KOTA JAKARTA TIMUR, DAERAH KHUSUS IBUKOTA JAKARTA 13650",TPU
2024,KOTA ADM. JAKARTA TIMUR,MAKASAR,KEBON PALA,TPU CIPINANG ASEM,"JL. JENGKI, MALAKA, RT.1/RW.2, KB. PALA, KEC. MAKASAR, KOTA JAKARTA TIMUR, DAERAH KHUSUS IBUKOTA JAKARTA 11230",TPU
2024,KOTA ADM. JAKARTA TIMUR,MAKASAR,MAKASAR,TAMAN EMBRIO,"JL. KERJA BAKTI NO.2, RT.2/RW.4, MAKASAR, KEC. KRAMAT JATI, KOTA JAKARTA TIMUR, DAERAH KHUSUS IBUKOTA JAKARTA 13570",TAMAN
2024,KOTA ADM. JAKARTA TIMUR,MAKASAR,MAKASAR,TAMAN MANUNGGAL KOMP. KODAM JAYA,KOMPLEK KODAM JAYA,TAMAN
2024,KOTA ADM. JAKARTA TIMUR,MAKASAR,MAKASAR,TAMAN JAYA KUSUMA,"JL. CILILITAN BESAR NO.376, RT.8/RW.1, MAKASAR, KEC. MAKASAR, KOTA JAKARTA TIMUR, DAERAH KHUSUS IBUKOTA JAKARTA 13570",TAMAN
2024,KOTA ADM. JAKARTA TIMUR,MAKASAR,N/A,JH. JL. HALIM PERDANA KUSUMA,JH. JL. HALIM PERDANA KUSUMA,JALUR HIJAU
2024,KOTA ADM. JAKARTA TIMUR,MAKASAR,N/A,"JH. JL. JT WARINGIN, JH. JL. DI PANJAITAN","JH. JL. JT WARINGIN, JH. JL. DI PANJAITAN",JALUR HIJAU
2024,KOTA ADM. JAKARTA TIMUR,MAKASAR,N/A,JH. TMII,JH. TMII,JALUR HIJAU
2024,KOTA ADM. JAKARTA TIMUR,MAKASAR,PINANG RANTI,TAMAN PINANG RANTI RW 05 KP. PULO,"KP. PULO RW 05, PINANG RANTI, JAKARTA TIMUR",TAMAN
2024,KOTA ADM. JAKARTA TIMUR,MAKASAR,PINANG RANTI,TAMAN SEGITIGA PUTARAN ASRAMA HAJI,"JL. RAYA PD. GEDE 14, RT.14/RW.2, PINANG RANTI, KEC. MAKASAR, KOTA JAKARTA TIMUR, DAERAH KHUSUS IBUKOTA JAKARTA 13560",TAMAN
2024,KOTA ADM. JAKARTA TIMUR,MAKASAR,PINANG RANTI,TAMAN GG. MELATI,"RW.4, PINANG RANTI, MAKASAR, EAST JAKARTA CITY, JAKARTA 13560",TAMAN
2024,KOTA ADM. JAKARTA TIMUR,MAKASAR,PINANG RANTI,RTH SETIA,"JL. KP. PULO KEL. PINANG RANTI KEC. MAKASAR, JAKARTA TIMUR",TAMAN
2024,KOTA ADM. JAKARTA TIMUR,MAKASAR,PINANG RANTI,RTH PINANG RANTI,RT.006 DAN RT.008 RW.04 KEL. PINANG RANTI KEC. MAKASAR KOTA ADMINISTRASI JAKARTA TIMUR,TAMAN
2024,KOTA ADM. JAKARTA TIMUR,MATRAMAN,KEBON MANGGIS,TAMAN KEBON MANGGIS,"JL. KEBON MANGGIS 4 , JAKARTA TIMUR , MATRAMAN , KEBON MANGGIS",TAMAN
2024,KOTA ADM. JAKARTA TIMUR,MATRAMAN,N/A,JH. JL. MATRAMAN RAYA / TEGALAN,JH. JL. MATRAMAN RAYA / TEGALAN,JALUR HIJAU
2024,KOTA ADM. JAKARTA PUSAT,CEMPAKA PUTIH,N/A,JH JL. AHMAD YANI (SMA 30 S/D COCA COLA DAN BAGIAN SEPARATOR),JH JL. AHMAD YANI (SMA 30 S/D COCA COLA DAN BAGIAN SEPARATOR),JALUR HIJAU
2024,KOTA ADM. JAKARTA PUSAT,CEMPAKA PUTIH,N/A,JH JL. CEMPAKA PUTIH TENGAH XXX DAN CEMPAKA PUTIH TENGAH 1 (RS ISLAM),JH JL. CEMPAKA PUTIH TENGAH XXX DAN CEMPAKA PUTIH TENGAH 1 (RS ISLAM),JALUR HIJAU
2024,KOTA ADM. JAKARTA PUSAT,CEMPAKA PUTIH,N/A,JH SEPARATOR JL. PRAMUKA,JH SEPARATOR JL. PRAMUKA,JALUR HIJAU
2024,KOTA ADM. JAKARTA PUSAT,CEMPAKA PUTIH,RAWA SARI,JH JL. PRAMUKA (DARI PEREMPATAN PRAMUKA-SALEMBA SD PEREMPATAN PRAMUKA AHMAD YANI),JH JL. PRAMUKA (DARI PEREMPATAN PRAMUKA-SALEMBA SD PEREMPATAN PRAMUKA AHMAD YANI),JALUR HIJAU
2024,KOTA ADM. JAKARTA PUSAT,CEMPAKA PUTIH,RAWA SARI,JH JL. PRAMUKA SARI DAN PRAMUKA SARI I,JH JL. PRAMUKA SARI DAN PRAMUKA SARI I,JALUR HIJAU
2024,KOTA ADM. JAKARTA PUSAT,CEMPAKA PUTIH,RAWA SARI,JH JL. SALEMBA RAYA (DEPAN RUMAH TAHANAN),JH JL. SALEMBA RAYA (DEPAN RUMAH TAHANAN),JALUR HIJAU
2024,KOTA ADM. JAKARTA PUSAT,CEMPAKA PUTIH,RAWA SARI,JH JL. PERCETAKAN NEGARA IX,JH JL. PERCETAKAN NEGARA IX,JALUR HIJAU
2024,KOTA ADM. JAKARTA PUSAT,CEMPAKA PUTIH,RAWA SARI,JH JL. PERCETAKAN NEGARA X,JH JL. PERCETAKAN NEGARA X,JALUR HIJAU
2024,KOTA ADM. JAKARTA PUSAT,CEMPAKA PUTIH,RAWA SARI,TAMAN GENJING/PRAMUKA,JL. PASAR GENJING/ JL.RAWAMANGUN RW 02,TAMAN
2024,KOTA ADM. JAKARTA PUSAT,CEMPAKA PUTIH,RAWA SARI,TAMAN (RTH)/KOTA RAWASARI,TAMAN KOTA RAWASARI / GUDANG AHMAD YANI. JALAN JENDRAL AHMAD YANI,TAMAN
2024,KOTA ADM. JAKARTA PUSAT,CEMPAKA PUTIH,RAWA SARI,RTH PERCETAKAN NEGARA V,(TAMAN KOTA RAWASARI),TAMAN
2024,KOTA ADM. JAKARTA PUSAT,CEMPAKA PUTIH,SUMUR BATU,JH JL. LET. JEND. SUPRAPTO (DARI SIMPANG LIMA SD ITC CEMPAKA MAS),JH JL. LET. JEND. SUPRAPTO (DARI SIMPANG LIMA SD ITC CEMPAKA MAS),JALUR HIJAU
2024,KOTA ADM. JAKARTA PUSAT,GAMBIR,CIDENG,JH JL. SIANTAR,JH JL. SIANTAR,JALUR HIJAU
2024,KOTA ADM. JAKARTA PUSAT,GAMBIR,CIDENG,JH JL. MUSI,JH JL. MUSI,JALUR HIJAU
2024,KOTA ADM. JAKARTA PUSAT,GAMBIR,CIDENG,FO ROXY (ATAS - BAWAH ),FO ROXY (ATAS - BAWAH ),JALUR HIJAU
2024,KOTA ADM. JAKARTA PUSAT,GAMBIR,CIDENG,JH JL. CIDENG (SISI BARAT & TIMUR),JH JL. CIDENG,JALUR HIJAU
2024,KOTA ADM. JAKARTA PUSAT,GAMBIR,CIDENG,TAMAN BIAK (SEGITIGA),TAMAN BIAK (SEGITIGA),JALUR HIJAU
2024,KOTA ADM. JAKARTA PUSAT,GAMBIR,CIDENG,FLY OVER CIDENG (ATAS - BAWAH),"JL. CIDENG - JL. KYAI H. MAS MANSYUR KEL. CIDENG KEC. GAMBIR, JAKARTA PUSAT.",JALUR HIJAU
2024,KOTA ADM. JAKARTA PUSAT,GAMBIR,CIDENG,TAMAN CITARUM,"JL. CITARUM RW.1, CIDENG, KECAMATAN GAMBIR, KOTA JAKARTA PUSAT, DAERAH KHUSUS IBUKOTA JAKARTA 10150",TAMAN
2024,KOTA ADM. JAKARTA PUSAT,GAMBIR,CIDENG,TAMAN PULAU-PULAU JATIBARU,"JL. JATIBARU , CIDENG, KECAMATAN GAMBIR, KOTA JAKARTA PUSAT, DAERAH KHUSUS IBUKOTA JAKARTA 10150",TAMAN
2024,KOTA ADM. JAKARTA PUSAT,GAMBIR,CIDENG,TAMAN TANAH ABANG II,"JL. TANAH ABANG II, RT.1/RW.1, CIDENG, KECAMATAN GAMBIR, KOTA JAKARTA PUSAT, DAERAH KHUSUS IBUKOTA JAKARTA 10150",TAMAN
2024,KOTA ADM. JAKARTA PUSAT,GAMBIR,CIDENG,TAMAN PETOJO SELATAN IX,"JL. PETOJO SELATAN XI NO.14, RT.6/RW.11, CIDENG, KECAMATAN GAMBIR, KOTA JAKARTA PUSAT, DAERAH KHUSUS IBUKOTA JAKARTA 10150",TAMAN
2024,KOTA ADM. JAKARTA PUSAT,GAMBIR,CIDENG,TAMAN PETOJO SELATAN XI,"JL. PETOJO SELATAN IX, RT.7/RW.11, CIDENG, KECAMATAN GAMBIR, KOTA JAKARTA PUSAT, DAERAH KHUSUS IBUKOTA JAKARTA 10150",TAMAN
2024,KOTA ADM. JAKARTA PUSAT,GAMBIR,CIDENG,TAMAN TERNATE,"JL. KOTA BARU NO.45, RT.11/RW.6, CIDENG, KECAMATAN GAMBIR, KOTA JAKARTA PUSAT, DAERAH KHUSUS IBUKOTA JAKARTA 10150",TAMAN
2024,KOTA ADM. JAKARTA PUSAT,GAMBIR,CIDENG,TAMAN BATANGHARI I,"JL. BATANG HARI 40-1, RT.6/RW.3, CIDENG, KECAMATAN GAMBIR, KOTA JAKARTA PUSAT, DAERAH KHUSUS IBUKOTA JAKARTA 10150",TAMAN
2024,KOTA ADM. JAKARTA PUSAT,GAMBIR,CIDENG,TAMAN BATANGHARI II,"JL. BATANG HARI NO.41, RT.6/RW.3, CIDENG, KECAMATAN GAMBIR, KOTA JAKARTA PUSAT, DAERAH KHUSUS IBUKOTA JAKARTA 10150",TAMAN
2024,KOTA ADM. JAKARTA PUSAT,GAMBIR,CIDENG,TAMAN BATANGHARI III,"JL. BATANG HARI NO.21, RT.5/RW.2, CIDENG, KECAMATAN GAMBIR, KOTA JAKARTA PUSAT, DAERAH KHUSUS IBUKOTA JAKARTA 10150",TAMAN
2024,KOTA ADM. JAKARTA PUSAT,GAMBIR,CIDENG,TAMAN MUSI EX POM BENSIN,"JL. MUSI NO.44A, RT.13/RW.2, CIDENG, KECAMATAN GAMBIR, KOTA JAKARTA PUSAT, DAERAH KHUSUS IBUKOTA JAKARTA 10150",TAMAN
2024,KOTA ADM. JAKARTA PUSAT,GAMBIR,CIDENG,TAMAN BRANTAS,"JL. SERAYU NO.1, RT.3/RW.1, CIDENG, KECAMATAN GAMBIR, KOTA JAKARTA PUSAT, DAERAH KHUSUS IBUKOTA JAKARTA 10150",TAMAN
2024,KOTA ADM. JAKARTA PUSAT,GAMBIR,CIDENG,TAMAN CILAMAYA,"JL. CILAMAYA NO.22, RT.8/RW.1, CIDENG, KECAMATAN GAMBIR, KOTA JAKARTA PUSAT, DAERAH KHUSUS IBUKOTA JAKARTA 10150",TAMAN
2024,KOTA ADM. JAKARTA SELATAN,JAGAKARSA,N/A,JALUR HIJAU JL. LENTENG AGUNG RAYA SISI TIMUR & BARAT,JALUR HIJAU JL. LENTENG AGUNG RAYA SISI TIMUR & BARAT,JALUR HIJAU
2024,KOTA ADM. JAKARTA SELATAN,JAGAKARSA,N/A,JALUR HIJAU JL. TB. SIMATUPANG (JL. TANJUNG BARAT S.D RANCO),JALUR HIJAU JL. TB. SIMATUPANG (JL. TANJUNG BARAT S.D RANCO),JALUR HIJAU
2024,KOTA ADM. JAKARTA SELATAN,JAGAKARSA,N/A,FLY OVER TANJUNG BARAT (BAWAH),FLY OVER TANJUNG BARAT (BAWAH),JALUR HIJAU
2024,KOTA ADM. JAKARTA SELATAN,JAGAKARSA,SRENGSENG SAWAH,HUTAN KOTA SRENGSENG SAWAH,"JL. MOCH. KAHFI II, RT.8/RW.8, SRENGSENG SAWAH, KEC. JAGAKARSA, KOTA JAKARTA SELATAN, DAERAH KHUSUS IBUKOTA JAKARTA 12630",HUTAN
2024,KOTA ADM. JAKARTA SELATAN,JAGAKARSA,SRENGSENG SAWAH,HUTAN KOTA JL. KAHFI II JAGAKARSA,"JL. KAHFI II JAGAKARSA, JAKARTA SELATAN",HUTAN
2024,KOTA ADM. JAKARTA SELATAN,JAGAKARSA,SRENGSENG SAWAH,HUTAN KOTA WIKA,JL. SRENGSENG SAWAH RT. 008 RW. 006 (D/H JALAN WIKA) KEL. SRENGSENG SAWAH KEC. JAGAKARSA JAKARTA SELATAN,HUTAN
2024,KOTA ADM. JAKARTA SELATAN,JAGAKARSA,SRENGSENG SAWAH,TAMAN SEGITIGA PINTU KA. SRENGSENG SAWAH SISI BARAT,"JL. LENTENG AGUNG RAYA RT 6/3, KEL. SRENGSENG SAWAH, KEC. JAGAKARSA, JAKARTA SELATAN",TAMAN
2024,KOTA ADM. JAKARTA SELATAN,JAGAKARSA,SRENGSENG SAWAH,TAMAN SEGITIGA PINTU KA. SRENGSENG SAWAH SISI TIMUR,"JL. RAYA LENTENG AGUNG BARAT, RT 5/ 3, KEL. SRENGSENG SAWAH, KEC. JAGAKARSA, JAKARTA SELATAN",TAMAN
2024,KOTA ADM. JAKARTA SELATAN,JAGAKARSA,SRENGSENG SAWAH,RTH JL. WIKA RT.011/06 KEL. SR. SAWAH KEC. JAGAKARSA,"JL. WIKA RT.011/06 KEL. SR. SAWAH KEC. JAGAKARSA,KOTA JAKARTA SELATAN, DAERAH KHUSUS IBUKOTA JAKARTA",TAMAN
2024,KOTA ADM. JAKARTA SELATAN,JAGAKARSA,SRENGSENG SAWAH,RTH M. KAHFI II,JL. M KAHFI II,TAMAN
2024,KOTA ADM. JAKARTA SELATAN,JAGAKARSA,SRENGSENG SAWAH,TAMAN DEPAN UNIVERSITAS PANCASILA,"JL. LENTENG AGUNG RAYA, RT.1/RW.3, SRENGSENG SAWAH, KEC. JAGAKARSA, KOTA JAKARTA SELATAN,",TAMAN
2024,KOTA ADM. JAKARTA SELATAN,JAGAKARSA,SRENGSENG SAWAH,TAMAN DEPAN KAMPUS UI,"JL. LENTENG AGUNG RAYA RT 06/ 01, KEL. SRENGSENG SAWAH, KEC. JAGAKARSA. JAKARTA SELATAN",TAMAN
2024,KOTA ADM. JAKARTA SELATAN,JAGAKARSA,SRENGSENG SAWAH,TAMAN JEMBLONGAN UI,"JL. LENTENG AGUNG RAYA, RT.6/ 3, KEL. SRENGSENG SAWAH, KEC. JAGAKARSA, JAKARTA SELATAN",TAMAN
2024,KOTA ADM. JAKARTA SELATAN,JAGAKARSA,SRENGSENG SAWAH,"RPTRA EX. RUMAH DINAS GURU JL. H. SYIBI IV RT 13/02,","JL. H. SHIBI NO.4, RT.13/RW.2, SRENGSENG SAWAH, KEC. JAGAKARSA, KOTA JAKARTA SELATAN, DAERAH KHUSUS IBUKOTA JAKARTA 12640",TAMAN
2024,KOTA ADM. JAKARTA SELATAN,JAGAKARSA,SRENGSENG SAWAH,TAMAN BETAWI NGUMPUL,"JL. M. KAHFI II RT.06 RW.05, KEL. SRENGSENG SAWAH, JAKARTA SELATAN",TAMAN
2024,KOTA ADM. JAKARTA SELATAN,JAGAKARSA,SRENGSENG SAWAH,RTH SARIN,GANG H. SARIN RT 009 RW 002  SRENGSENG SAWAH JAGAKARSA JAKARTA SELATAN,TAMAN
2024,KOTA ADM. JAKARTA SELATAN,JAGAKARSA,SRENGSENG SAWAH,RTH KAMPUNG CIPEDAK,"KAMPUNG CIPEDAK RW 009, KEL. SRENGSENG SAWAH, KEC. JAGAKARSA, JAKARTA SELATAN",TAMAN
2024,KOTA ADM. JAKARTA SELATAN,JAGAKARSA,SRENGSENG SAWAH,RTH JL. WIKA RT. 011 & RT 004 RW. 06,"JL. WIKA, KEL. SRENGSENG SAWAH, KEC. JAGAKARSA, JAKARTA SELATAN",TAMAN
2024,KOTA ADM. JAKARTA SELATAN,JAGAKARSA,SRENGSENG SAWAH,RTH JL. H SIBI GG. TAMAN KP. SAWAH RT.008 & RT. 013 RW. 02,JL. H SIBI GG. TAMAN KP. SAWAH RT.008 & RT. 013 RW. 02,TAMAN
2024,KOTA ADM. JAKARTA SELATAN,JAGAKARSA,TANJUNG BARAT,HUTAN KOTA TANJUNG BARAT,RTH RT. 08 RW. 02 RT. 09 RT.10 RT. 11 KEL. TANJUNG BARAT KEC. JAGAKARSA JAKARTA SELATAN,HUTAN
2024,KOTA ADM. JAKARTA SELATAN,JAGAKARSA,TANJUNG BARAT,HUTAN KOTA GINTUNG,JL. GINTUNG RT. 006 RW. 06 KEL. TANJUNG BARAT KEC. JAGAKARSA JAKARTA SELATAN,HUTAN
2024,KOTA ADM. JAKARTA SELATAN,JAGAKARSA,TANJUNG BARAT,FLY OVER TANJUNG BARAT ( BAWAH ),FLY OVER TANJUNG BARAT ( BAWAH ),JALUR HIJAU
2024,KOTA ADM. JAKARTA SELATAN,JAGAKARSA,TANJUNG BARAT,TAMAN JANGGREK,"JL. TB SIMATUPANG RT.10/RW.4, TANJUNG BARAT, JAGAKARSA, SOUTH JAKARTA CITY, JAKARTA 12530",TAMAN
2024,KOTA ADM. JAKARTA SELATAN,JAGAKARSA,TANJUNG BARAT,TAMAN DEPAN BPG,"JL. LAP. SUKATANI NO.14, RT.5/RW.5, TJ. BAR., KEC. JAGAKARSA, KOTA JAKARTA SELATAN, DAERAH KHUSUS IBUKOTA JAKARTA 12530",TAMAN
2024,KOTA ADM. JAKARTA SELATAN,JAGAKARSA,TANJUNG BARAT,TAMAN PUTARAN RANCO,"JL. TB SIMATUPANG RT 001/ 002, KEL. TANJUNG BARAT, KEC. JAGAKARSA. JAKARTA SELATAN",TAMAN
2024,KOTA ADM. JAKARTA SELATAN,JAGAKARSA,TANJUNG BARAT,TAMAN TANJUNG 2,"JL. TB. SIMATUPANG RT. 010/04, KEL. TANJUNG BARAT KEC. JAGAKARSA. JAKARTA SELATAN",TAMAN
2024,KOTA ADM. JAKARTA SELATAN,JAGAKARSA,TANJUNG BARAT,TAMAN GINTUNG,"JL. GINTUNG TANJUNG BARAT RT 011 RW 02 KEL. TANJUNG BARAT, JAKARTA SELATAN",TAMAN
2024,KOTA ADM. JAKARTA SELATAN,JAGAKARSA,TANJUNG BARAT,RTH GG. 100,"JL. GG. 100 KEL. TANJUNG BARAT KEC. JAGAKARSA, JAKARTA SELATAN",TAMAN
2024,KOTA ADM. JAKARTA SELATAN,JAGAKARSA,TANJUNG BARAT,RTH JL. MUARA 1 RT. 003 RW. 03,JL. MUARA 1 RT. 003 RW. 03,TAMAN
2024,KOTA ADM. JAKARTA SELATAN,PASAR MINGGU,PASAR MINGGU,TAMAN BATAN I & II,"JL. KOMP. BATAN RT 006 RW 007, KEL. PASAR MINGGU, KEC. PASAR MINGGU",TAMAN
2024,KOTA ADM. JAKARTA SELATAN,PASAR MINGGU,PASAR MINGGU,TAMAN AUP I DAN II,"JL. AUP KOMPLEK, PERUM KOMP. B.I., RT.3/RW.6, PS. MINGGU, KOTA JAKARTA SELATAN, DAERAH KHUSUS IBUKOTA JAKARTA 12520",TAMAN
2024,KOTA ADM. JAKARTA SELATAN,PASAR MINGGU,PASAR MINGGU,TAMAN PALAPA II,"JL. PALAPA 2 RT.2/RW.5, PS. MINGGU, KEC. PS. MINGGU, JAKARTA SELATAN,",TAMAN
2024,KOTA ADM. JAKARTA SELATAN,PASAR MINGGU,PASAR MINGGU,TAMAN BUNDARAN PALAPA III,"JL. PALAPA RAYA, RT.11/RW.10, PS. MINGGU, KEC. PS. MINGGU, JAKARTA SELATAN",TAMAN
2024,KOTA ADM. JAKARTA SELATAN,PASAR MINGGU,PASAR MINGGU,TAMAN PALAPA V,"JL. PALAPA V, RT.10/RW.5, PS. MINGGU, KEC. PS. MINGGU, JAKARTA SELATAN",TAMAN
2024,KOTA ADM. JAKARTA SELATAN,PASAR MINGGU,PASAR MINGGU,TAMAN PALAPA VII,"JL. PALAPA VII DEPAN SEKOLAH SMA SULUH, KEL. PASAR MINGGU, KEC. PASAR MINGGU",TAMAN
2024,KOTA ADM. JAKARTA SELATAN,PASAR MINGGU,PASAR MINGGU,TAMAN PALAPA VIII,"JL. PALAPA VIII RT 005 RW 005, KEL. PASAR MINGGU, KEC. PASAR MINGGU",TAMAN
2024,KOTA ADM. JAKARTA SELATAN,PASAR MINGGU,PASAR MINGGU,TAMAN PALAPA XV,"JL. PALAPA XV,RT 009/RW 005, KEL. PASAR MINGGU, KEC. PASAR MINGGU",TAMAN
2024,KOTA ADM. JAKARTA SELATAN,PASAR MINGGU,PASAR MINGGU,TAMAN TELUK KUMAI,"JL. TLK. KUMAI, RT.3/RW.8, PS. MINGGU, KEC. PS. MINGGU, JAKARTA SELATAN, ",TAMAN
2024,KOTA ADM. JAKARTA SELATAN,PASAR MINGGU,PASAR MINGGU,TAMAN TELUK SAMPIT,"JL. TELUK SAMPIT, RT.3/RW.8, PS. MINGGU, KEC. PS. MINGGU, JAKARTA SELATAN, ",TAMAN
2024,KOTA ADM. JAKARTA SELATAN,PASAR MINGGU,PASAR MINGGU,TAMAN KOMPLEK KESEHATAN,"JL. KOMP. DEPARTEMEN KESEHATAN, RT.1/.7 KEL. PS. MINGGU, KEC. PS. MINGGU, KOTA JAKARTA SELATAN",TAMAN
2024,KOTA ADM. JAKARTA SELATAN,PASAR MINGGU,PASAR MINGGU,TAMAN PASARMINGGU INDAH,"JALAN RAYA TANJUNG BARAT RT. 009 RW. 07 NO. 29 KELURAHAN PASAR MINGGU KECAMATAN PASAR MINGGU, JAKARTA SELATAN",TAMAN
2024,KOTA ADM. JAKARTA SELATAN,PASAR MINGGU,PASAR MINGGU,TAMAN BEA CUKAI,"JL. SOSIAL /PS MINGGU, RT.1/RW.2, PS. MINGGU, KEC. PS. MINGGU, KOTA JAKARTA SELATAN, ",TAMAN
2024,KOTA ADM. JAKARTA SELATAN,PASAR MINGGU,PASAR MINGGU,TAMAN DEPAN PD. PASAR JAYA,"JL. RAYA PASAR MINGGU, RT.2/.1, KEL. PS. MINGGU, KEC. PS. MINGGU, KOTA JAKARTA SELATAN",TAMAN
2024,KOTA ADM. JAKARTA SELATAN,PASAR MINGGU,PASAR MINGGU,RTH JL. RAYA PASAR MINGGU NO. 37 RT. 005 RW. 01,"JL. RAYA PASAR MINGGU NO. 37 RT 005 RW 001, KEL. PASAR MINGGU, KEC. PASAR MINGGU, JAKARTA SELATAN",TAMAN
2024,KOTA ADM. JAKARTA SELATAN,PASAR MINGGU,PASAR MINGGU,RTH. JL. RAYA TANJUNG BARAT NO. 29A RT. 009 RW. 07,"JL. RAYA TANJUNG BARAT RT 009 RW 007 NO. 29A, KEL PASAR MINGGU, KEC. PASAR MINGGU, JAKARTA SELATAN",TAMAN
2024,KOTA ADM. JAKARTA SELATAN,PASAR MINGGU,PASAR MINGGU,RTH JL. TANJUNG NO. 18 RT. 009 RW. 07,"JL. TANJUNG BARAT NO. 18 RT 009 RW 007, KEL. PASAR MINGGU, KEC. PASAR MINGGU, JAKARTA SELATAN",TAMAN
2024,KOTA ADM. JAKARTA SELATAN,PASAR MINGGU,PASAR MINGGU,RTH RAWA BAMBU,"JL. RAWA BAMBU NO. 1 RT 013 RW 005, KEL. PASAR MINGGU, KEC. PASAR MINGGU, JAKARTA SELATAN",TAMAN
2024,KOTA ADM. JAKARTA SELATAN,PASAR MINGGU,PASAR MINGGU,"RTH JL. TANJUNG BARAT NO. 6 DAN NO. 8A, KELURAHAN PASAR MINGGU, KECAMATAN PASAR MINGGU, JAKARTA SELATAN","JL. TANJUNG BARAT NO. 6 DAN NO. 8A, KELURAHAN PASAR MINGGU, KECAMATAN PASAR MINGGU, JAKARTA SELATAN",TAMAN
2024,KOTA ADM. JAKARTA SELATAN,PASAR MINGGU,PEJATEN BARAT,TAMAN RAPUBLIKA,"JL. WARUNG BUNCIT RAYA, RT.1/ .7, PEJATEN BAR., KEC. PS. MINGGU, KOTA JAKARTA SELATAN,",TAMAN
2024,KOTA ADM. JAKARTA SELATAN,PASAR MINGGU,PEJATEN BARAT,TAMAN REPUBLIKA II,"JL. WARUNG BUNCIT RAYA, RT 001/007 KEL. JATI PADANG, KEC. PASAR MINGGU. JAKARTA SELATAN",TAMAN
2024,KOTA ADM. JAKARTA SELATAN,PASAR MINGGU,PEJATEN BARAT,TAMAN REPUBLIKA I,"JL. RAYA PEJATEN BARAT, KEL. PEJATEN BARAT, KEC. PASAR MINGGU. JAKARTA SELATAN",TAMAN
2024,KOTA ADM. JAKARTA SELATAN,PASAR MINGGU,PEJATEN BARAT,TAMAN REPUBLIKA IV,"JL. PEJATEN RAYA 3, RT.1/RW.7, PEJATEN BAR., KEC. PS. MINGGU, JAKARTA SELATAN,",TAMAN
2024,KOTA ADM. JAKARTA SELATAN,PASAR MINGGU,PEJATEN BARAT,TAMAN BANGDES I & II,JL. RAYA PASAR MINGGU  KEL. PEJATEN BARAT KEC. PS. MINGGU. JAKARTA SELATAN,TAMAN
2024,KOTA ADM. JAKARTA SELATAN,PASAR MINGGU,PEJATEN BARAT,TAMAN KOMPLEK BRIMOB,"JL. RAYA PASAR MINGGU, RT.1/.2, KEL. PEJATEN BARAT KEC. PS. MINGGU, KOTA JAKARTA SELATAN",TAMAN
2024,KOTA ADM. JAKARTA SELATAN,PASAR MINGGU,PEJATEN BARAT,TAMAN REPUBLIKA SISI SELATAN,JL.RAYA PEJATEN BARAT KEL. PEJATEN BARAT KEC. PS. MINGGU. JAKARTA SELATAN,TAMAN
2024,KOTA ADM. JAKARTA SELATAN,PASAR MINGGU,PEJATEN BARAT,TAMAN SEGITIGA MARGASATWA,"JL. TB. SIMATUPANG, RT 01/ 01 KEL. RAGUNAN, KEC. PASAR MINGGU. JAKARTA SELATAN",TAMAN
2024,KOTA ADM. JAKARTA SELATAN,PASAR MINGGU,PEJATEN BARAT,TAMAN REPUBLIKA III,"JL. PEJATEN RAYA, RT.1/ 07  JATI PADANG, KEC. PS. MINGGU, KOTA JAKARTA SELATAN",TAMAN
2024,KOTA ADM. JAKARTA TIMUR,DUREN SAWIT,PONDOK KELAPA,TAMAN LEMBAH PALEM,"JL. HYBRIDA, RT.5/RW.9, PD. KLP., KEC. DUREN SAWIT, KOTA JAKARTA TIMUR, DAERAH KHUSUS IBUKOTA JAKARTA 13450",TAMAN
2024,KOTA ADM. JAKARTA TIMUR,DUREN SAWIT,PONDOK KELAPA,TAMAN LEMBAH NYIUR,"JL. LEMBAH NYIUR RAYA, RT.13/RW.9, PD. KLP., KEC. DUREN SAWIT, KOTA JAKARTA TIMUR, DAERAH KHUSUS IBUKOTA JAKARTA 13450",TAMAN
2024,KOTA ADM. JAKARTA TIMUR,DUREN SAWIT,PONDOK KELAPA,TAMAN LEMBAH AREN,"JL. LEMBAH PALEM 9, RT.12/RW.9, PD. KLP., KEC. DUREN SAWIT, KOTA JAKARTA TIMUR, DAERAH KHUSUS IBUKOTA JAKARTA 13450",TAMAN
2024,KOTA ADM. JAKARTA TIMUR,DUREN SAWIT,PONDOK KELAPA,"TAMAN BLOK C5, KAV DKI",KAVLING DKI PONDOK KELAPA BLOK C5,TAMAN
2024,KOTA ADM. JAKARTA TIMUR,DUREN SAWIT,PONDOK KELAPA,TAMAN SABUT,"JL. SABUT II NO.14, RT.10/RW.11, PD. KLP., KEC. DUREN SAWIT, KOTA JAKARTA TIMUR, DAERAH KHUSUS IBUKOTA JAKARTA 13450",TAMAN
2024,KOTA ADM. JAKARTA TIMUR,DUREN SAWIT,PONDOK KELAPA,TAMAN CENGKIR,"JL. CENGKIR I NO.7, RT.7/RW.11, PD. KLP., KEC. DUREN SAWIT, KOTA JAKARTA TIMUR, DAERAH KHUSUS IBUKOTA JAKARTA 13450",TAMAN
2024,KOTA ADM. JAKARTA TIMUR,DUREN SAWIT,PONDOK KELAPA,TAMAN MANGGAR III,"JL. MANGGAR III, RT.3/RW.11, PD. KLP., KEC. DUREN SAWIT, KOTA JAKARTA TIMUR, DAERAH KHUSUS IBUKOTA JAKARTA 13450",TAMAN
2024,KOTA ADM. JAKARTA TIMUR,DUREN SAWIT,PONDOK KELAPA,TAMAN MANGGAR IV,"JL. MANGGAR IV, RT.2/RW.11, PD. KLP., KEC. DUREN SAWIT, KOTA JAKARTA TIMUR, DAERAH KHUSUS IBUKOTA JAKARTA 13450",TAMAN
2024,KOTA ADM. JAKARTA TIMUR,DUREN SAWIT,PONDOK KELAPA,TAMAN THEVETIA,JL. SWAKARSA II RT 012 RW 003,TAMAN
2024,KOTA ADM. JAKARTA TIMUR,DUREN SAWIT,PONDOK KELAPA,TAMAN PONDOK KELAPA BARAT 2,JL. PONDOK KELAPA BARAT,TAMAN
2024,KOTA ADM. JAKARTA TIMUR,DUREN SAWIT,PONDOK KELAPA,TAMAN MALAKA SELATAN AL-IMAN,"JL. MALAKA SELATAN IB, RT.5/RW.11, MALAKA JAYA, KEC. DUREN SAWIT, KOTA JAKARTA TIMUR, DAERAH KHUSUS IBUKOTA JAKARTA 13460",TAMAN
2024,KOTA ADM. JAKARTA TIMUR,DUREN SAWIT,PONDOK KELAPA,TAMAN MALAKA SELATAN BLOK I A/IB,"JL. TAMAN MALAKA SELATAN, RT.5/RW.11, PD. KLP., KEC. DUREN SAWIT, KOTA JAKARTA TIMUR, DAERAH KHUSUS IBUKOTA JAKARTA 13450",TAMAN
2024,KOTA ADM. JAKARTA TIMUR,DUREN SAWIT,PONDOK KELAPA,TAMAN PALAPA,"RT.7/RW.5, PD. KLP., KEC. DUREN SAWIT, KOTA JAKARTA TIMUR, DAERAH KHUSUS IBUKOTA JAKARTA",TAMAN
2024,KOTA ADM. JAKARTA TIMUR,DUREN SAWIT,PONDOK KELAPA,TAMAN SWAKARSA,"JL. SWAKARSA RW 003, KEL. PONDOK KELAPA, KEC. DUREN SAWIT, JAKARTA TIMUR",TAMAN
2024,KOTA ADM. JAKARTA TIMUR,DUREN SAWIT,PONDOK KELAPA,RTH PRATAMA,"JL. PRATAMA RT 002 RW 008 KEL. PONDOK KELAPA KEC. DUREN SAWIT, JAKARTA TIMUR",TAMAN
2024,KOTA ADM. JAKARTA TIMUR,DUREN SAWIT,PONDOK KELAPA,TPU PONDOK KELAPA,"JL. TPU PD. KLP., RT.3/RW.4, PD. KLP., KEC. DUREN SAWIT, KOTA JAKARTA TIMUR, DAERAH KHUSUS IBUKOTA JAKARTA 13450",TPU
2024,KOTA ADM. JAKARTA TIMUR,DUREN SAWIT,PONDOK KOPI,TAMAN ROBUSTA I,"JL. ROBUSTA I 6, RT.1/RW.6, PD. KOPI, KEC. DUREN SAWIT, KOTA JAKARTA TIMUR, DAERAH KHUSUS IBUKOTA JAKARTA 13460",TAMAN
2024,KOTA ADM. JAKARTA TIMUR,DUREN SAWIT,PONDOK KOPI,TAMAN ROBUSTA II,"JL. ROBUSTA 2 NO.47, RT.6/RW.6, PD. KOPI, KEC. DUREN SAWIT, KOTA JAKARTA TIMUR, DAERAH KHUSUS IBUKOTA JAKARTA 13460",TAMAN
2024,KOTA ADM. JAKARTA TIMUR,DUREN SAWIT,PONDOK KOPI,TAMAN ROBUSTA III,"JL. ROBUSTA III C 2, RT.8/RW.6, PD. KOPI, KEC. DUREN SAWIT, KOTA JAKARTA TIMUR, DAERAH KHUSUS IBUKOTA JAKARTA 13460",TAMAN
2024,KOTA ADM. JAKARTA TIMUR,DUREN SAWIT,PONDOK KOPI,TAMAN PONDOK KOPI II,"JL. PONDOK KOPI II NO.1, RT.1/RW.9, PD. KOPI, KEC. DUREN SAWIT, KOTA JAKARTA TIMUR, DAERAH KHUSUS IBUKOTA JAKARTA 13460",TAMAN
2024,KOTA ADM. JAKARTA TIMUR,DUREN SAWIT,PONDOK KOPI,TAMAN PONDOK KOPI III,"JL. PONDOK KOPI IIIB NO.2, RT.9/RW.9, PD. KOPI, KEC. DUREN SAWIT, KOTA JAKARTA TIMUR, DAERAH KHUSUS IBUKOTA JAKARTA 13460",TAMAN
2024,KOTA ADM. JAKARTA TIMUR,DUREN SAWIT,PONDOK KOPI,TAMAN PONDOK KOPI IVB,"JL. PD. KOPI IV B, RT.12/RW.9, PD. KOPI, KEC. DUREN SAWIT, KOTA JAKARTA TIMUR, DAERAH KHUSUS IBUKOTA JAKARTA 13460",TAMAN
2024,KOTA ADM. JAKARTA TIMUR,DUREN SAWIT,PONDOK KOPI,TAMAN PONDOK KOPI VB (TAMAN 3),"JL. PD. KOPI IV B, RT.12/RW.9, PD. KOPI, KEC. DUREN SAWIT, KOTA JAKARTA TIMUR, DAERAH KHUSUS IBUKOTA JAKARTA 13460",TAMAN
2024,KOTA ADM. JAKARTA TIMUR,DUREN SAWIT,PONDOK KOPI,TAMAN PONDOK KOPI VIIB,"JL. PONDOK KOPI VIIB, RT.5/RW.8, PD. KOPI, KEC. DUREN SAWIT, KOTA JAKARTA TIMUR, DAERAH KHUSUS IBUKOTA JAKARTA 13460",TAMAN
2024,KOTA ADM. JAKARTA TIMUR,DUREN SAWIT,PONDOK KOPI,TAMAN PONDOK KOPI VIII,"JL. PONDOK KOPI VIII, RT.5/RW.8, PD. KOPI, KEC. DUREN SAWIT, KOTA JAKARTA TIMUR, DAERAH KHUSUS IBUKOTA JAKARTA 13460",TAMAN
2024,KOTA ADM. JAKARTA TIMUR,DUREN SAWIT,PONDOK KOPI,TAMAN POS POLISI / TAMAN PONDOK KOPI III A,"JL. PONDOK KOPI III A /RW.9, PD. KOPI, KEC. DUREN SAWIT, KOTA JAKARTA TIMUR, DAERAH KHUSUS IBUKOTA JAKARTA 13460",TAMAN
2024,KOTA ADM. JAKARTA TIMUR,DUREN SAWIT,PONDOK KOPI,TAMAN RW 09 KEL. PONDOK KOPI,"JL. PONDOK KOPI RW.9, PD. KOPI, KEC. DUREN SAWIT, KOTA JAKARTA TIMUR, DAERAH KHUSUS IBUKOTA JAKARTA 13460",TAMAN
2024,KOTA ADM. JAKARTA PUSAT,GAMBIR,CIDENG,TAMAN SEGITIGA DEPAN SOTO KUDUS,"JL. CIDENG BARAT, RT.14/RW.1, CIDENG, KECAMATAN GAMBIR, KOTA JAKARTA PUSAT, DAERAH KHUSUS IBUKOTA JAKARTA 10150",TAMAN
2024,KOTA ADM. JAKARTA PUSAT,GAMBIR,CIDENG,TAMAN JATIBARU BENGKEL,"JL. JATIBARU BENGKEL 6, RT.15/RW.1, CIDENG, KECAMATAN GAMBIR, KOTA JAKARTA PUSAT, DAERAH KHUSUS IBUKOTA JAKARTA 10150",TAMAN
2024,KOTA ADM. JAKARTA PUSAT,GAMBIR,CIDENG,TAMAN CIMANUK,"JL. CIUJUNG NO.6, RT.6/RW.1, CIDENG, KECAMATAN GAMBIR, KOTA JAKARTA PUSAT, DAERAH KHUSUS IBUKOTA JAKARTA 10150",TAMAN
2024,KOTA ADM. JAKARTA PUSAT,GAMBIR,CIDENG,TAMAN KOMPLEKS DINAS TEKNIS JATIBARU,JL. TAMAN JATIBARU I,TAMAN
2024,KOTA ADM. JAKARTA PUSAT,GAMBIR,DURI PULO,TAMAN ZAENAL ARIFIN (SEGITIGA),TAMAN ZAENAL ARIFIN (SEGITIGA),JALUR HIJAU
2024,KOTA ADM. JAKARTA PUSAT,GAMBIR,GAMBIR,JH JL. MEDAN MERDEKA TIMUR (DEPAN PERTAMINA S/D KEDUBES VATIKAN) (PASCA PROYEK DBM),JH JL. MEDAN MERDEKA TIMUR (DEPAN PERTAMINA S/D KEDUBES VATIKAN) (PASCA PROYEK DBM),JALUR HIJAU
2024,KOTA ADM. JAKARTA PUSAT,GAMBIR,GAMBIR,SEGITIGA DEPAN STASIUN GAMBIR,SEGITIGA DEPAN STASIUN GAMBIR,JALUR HIJAU
2024,KOTA ADM. JAKARTA PUSAT,GAMBIR,GAMBIR,JH JL. M.RIDWAN RAIS (DARI DEPAN PLN SD KFC),JH JL. M.RIDWAN RAIS (DARI DEPAN PLN SD KFC),JALUR HIJAU
2024,KOTA ADM. JAKARTA PUSAT,GAMBIR,GAMBIR,JH JL. ARIEF RAHMAN HAKIM (DARI KFC SD ARYADUTA),JH JL. ARIEF RAHMAN HAKIM (DARI KFC SD ARYADUTA),JALUR HIJAU
2024,KOTA ADM. JAKARTA PUSAT,GAMBIR,GAMBIR,JH JL. MAJAPAHIT (PINGGIR KALI SISI BANK BRI),JH JL. MAJAPAHIT (PINGGIR KALI SISI BANK BRI),JALUR HIJAU
2024,KOTA ADM. JAKARTA PUSAT,GAMBIR,GAMBIR,PEDESTRIAN DEPAN PERTAMINA S/D DEPAN KEMENTRIAN KELAUTAN (PASCA PROYEK DBM),"JL. MERDEK TIMUR, GAMBIR. KEC. GAMBIR. JAKARTA PUSAT",JALUR HIJAU
2024,KOTA ADM. JAKARTA PUSAT,GAMBIR,GAMBIR,JH JL. MUSEUM,JH JL. MUSEUM,JALUR HIJAU
2024,KOTA ADM. JAKARTA PUSAT,GAMBIR,GAMBIR,SEGITIGA MUSEUM,SEGITIGA MUSEUM,JALUR HIJAU
2024,KOTA ADM. JAKARTA PUSAT,GAMBIR,GAMBIR,JH JL. BUDI KEMULIAAN RAYA,JH JL. BUDI KEMULIAAN RAYA,JALUR HIJAU
2024,KOTA ADM. JAKARTA PUSAT,GAMBIR,GAMBIR,JH JL. KEBON SIRIH (DEPAN BI),JH JL. KEBON SIRIH (DEPAN BI),JALUR HIJAU
2024,KOTA ADM. JAKARTA PUSAT,GAMBIR,GAMBIR,JALUR HIJAU MEDIAN JL. MEDAN MERDEKA SELATAN,JALUR HIJAU MEDIAN JL. MEDAN MERDEKA SELATAN,JALUR HIJAU
2024,KOTA ADM. JAKARTA PUSAT,GAMBIR,GAMBIR,JALUR HIJAU PEDESTRIAN JL. MEDAN MERDEKA SELATAN DEPAN BALAI KOTA,JALUR HIJAU PEDESTRIAN JL. MEDAN MERDEKA SELATAN DEPAN BALAI KOTA,JALUR HIJAU
2024,KOTA ADM. JAKARTA PUSAT,GAMBIR,GAMBIR,JALUR JL. MEDAN MERDEKA TIMUR,JALUR JL. MEDAN MERDEKA TIMUR,JALUR HIJAU
2024,KOTA ADM. JAKARTA PUSAT,GAMBIR,GAMBIR,JALUR HIJAU MEDIAN JL. MEDAN MERDEKA BARAT,JALUR HIJAU MEDIAN JL. MEDAN MERDEKA BARAT,JALUR HIJAU
2024,KOTA ADM. JAKARTA PUSAT,GAMBIR,GAMBIR,JALUR HIJAU MEDIAN JL. MEDAN MERDEKA UTARA,JALUR HIJAU MEDIAN JL. MEDAN MERDEKA UTARA,JALUR HIJAU
2024,KOTA ADM. JAKARTA PUSAT,GAMBIR,GAMBIR,JALUR HIJAU PEDESTRIAN SISI TIMUR JL. MEDAN MERDEKA BARAT,JALUR HIJAU PEDESTRIAN SISI TIMUR JL. MEDAN MERDEKA BARAT,JALUR HIJAU
2024,KOTA ADM. JAKARTA PUSAT,GAMBIR,GAMBIR,JALUR HIJAU SISI SUNGAI JL. VETERAN,JL. VETERAN,JALUR HIJAU
2024,KOTA ADM. JAKARTA PUSAT,GAMBIR,GAMBIR,JALUR HIJAU PEDESTRIAN JL. VETERAN DAN VETERAN I,JL. VETERAN DAN VETERAN I,JALUR HIJAU
2024,KOTA ADM. JAKARTA PUSAT,GAMBIR,GAMBIR,TAMAN TANAH ABANG TIMUR,"JL. TANAH ABANG TIMUR NO.3, RT.3/RW.3, GAMBIR, CENTRAL JAKARTA CITY, JAKARTA 10110",TAMAN
2024,KOTA ADM. JAKARTA PUSAT,GAMBIR,GAMBIR,TAMAN EXS. SPBU JL. TANAH ABANG TIMUR,"JL. TANAH ABANG TIMUR, RT.2/RW.3, GAMBIR, KECAMATAN GAMBIR, KOTA JAKARTA PUSAT, DAERAH KHUSUS IBUKOTA JAKARTA 10110",TAMAN
2024,KOTA ADM. JAKARTA PUSAT,GAMBIR,GAMBIR,TAMAN BALAIKOTA DKI JAKARTA + DPRD,"JL. MEDAN MERDEKA SEL. BLOK B NO.8-9, RT.11/RW.2",TAMAN
2024,KOTA ADM. JAKARTA PUSAT,GAMBIR,KEBON KELAPA,JH JL. HAYAM WURUK (PINGGIR KALI),JH JL. HAYAM WURUK (PINGGIR KALI),JALUR HIJAU
2024,KOTA ADM. JAKARTA PUSAT,GAMBIR,KEBON KELAPA,TAMAN JUANDA (MEDIAN),TAMAN JUANDA (MEDIAN),JALUR HIJAU
2024,KOTA ADM. JAKARTA PUSAT,GAMBIR,KEBON KELAPA,TAMAN JL. JUANDA I (PASAR SELON),TAMAN JL. JUANDA I (PASAR SELON),JALUR HIJAU
2024,KOTA ADM. JAKARTA PUSAT,GAMBIR,KEBON KELAPA,JALUR JL. IR. H. JUANDA,"JL. IR. H. JUANDA, KEL. KEBON KELAPA, KEC. GAMBIR",JALUR HIJAU
2024,KOTA ADM. JAKARTA PUSAT,GAMBIR,N/A,TAMAN KWITANG BAWAH SUTET (SEGITIGA),TAMAN KWITANG BAWAH SUTET (SEGITIGA),JALUR HIJAU
2024,KOTA ADM. JAKARTA PUSAT,GAMBIR,N/A,JH SEGITIGA LAMPU MERAH JL. MEDAN MERDEKA TIMUR (SIMPANG LAMPU MERAH JL. MEDAN MERDEKA TIMUR DENGAN JALAN SILANG MONAS TENGGARA,JH SEGITIGA LAMPU MERAH JL. MEDAN MERDEKA TIMUR (SIMPANG LAMPU MERHA JL. MEDAN MERDEKA TIMUR DENGAN JALAN SILANG MONAS TENGGARA,JALUR HIJAU
2024,KOTA ADM. JAKARTA SELATAN,JAGAKARSA,TANJUNG BARAT,RTH JL. MUARA GG. CILIWUNG III RT. 006 RW. 03,JL. MUARA GG. CILIWUNG III RT. 006 RW. 03,TAMAN
2024,KOTA ADM. JAKARTA SELATAN,JAGAKARSA,TANJUNG BARAT,RTH JL. MUARA RT. 008 RW. 02,JL. MUARA RT. 008 RW. 02,TAMAN
2024,KOTA ADM. JAKARTA SELATAN,JAGAKARSA,TANJUNG BARAT,RTH JL. GINTUNG GG. 100 RT. 011 RW. 02,"JL. GINTUNG, KEL. TANJUNG BARAT, KEC. JAGAKARSA, JAKARTA SELATAN",TAMAN
2024,KOTA ADM. JAKARTA SELATAN,JAGAKARSA,TANJUNG BARAT,RTH JL. TB SIMATUPANG (DEPAN KAV. ANTAM),JL. TB SIMATUPANG (DEPAN KAV. ANTAM),TAMAN
2024,KOTA ADM. JAKARTA SELATAN,JAGAKARSA,TANJUNG BARAT,RTH JL. TB SIMATUPANG RT 010 RW 04,JL. TB SIMATUPANG RT 010 RW 04,TAMAN
2024,KOTA ADM. JAKARTA SELATAN,JAGAKARSA,TANJUNG BARAT,"RTH RT. 11 RW. 02, KELURAHAN TANJUNG BARAT, KECAMATAN JAGAKARSA","RT. 11 RW. 02, KELURAHAN TANJUNG BARAT, KECAMATAN JAGAKARSA",TAMAN
2024,KOTA ADM. JAKARTA SELATAN,JAGAKARSA,TANJUNG BARAT,RTH TAMAN GINTUNG,JL. GINTUNG TANJUNG BARAT RT. 011 RW. 02,TAMAN
2024,KOTA ADM. JAKARTA SELATAN,JAGAKARSA,TANJUNG BARAT,"RTH JL. TANJUNG BARAT RT. 009 RW. 05, KELURAHAN TANJUNG BARAT, KECAMATAN JAGAKARSA, JAKARTA SELATAN","JL. TANJUNG BARAT RT. 009 RW. 05, KELURAHAN TANJUNG BARAT, KECAMATAN JAGAKARSA, JAKARTA SELATAN",TAMAN
2024,KOTA ADM. JAKARTA SELATAN,KEBAYORAN BARU,GANDARIA UTARA,TAMAN GANTARA,"JL. H. RAYA NO. 7A RT 005 RW 010, KELURAHAN GANDARIA UTARA, KECAMATAN KEBAYORAN BARU, JAKARTA SELATAN",TAMAN
2024,KOTA ADM. JAKARTA SELATAN,KEBAYORAN BARU,GANDARIA UTARA,TAMAN YADO,"JL. YADO 3, RT.7, GANDARIA UTARA, KEC. KBY. BARU, KOTA JAKARTA SELATAN, DAERAH KHUSUS IBUKOTA JAKARTA 12140",TAMAN
2024,KOTA ADM. JAKARTA SELATAN,KEBAYORAN BARU,GANDARIA UTARA,TAMAN RADIO DALAM VII,"JL. TAMAN RADIO DALAM RAYA NO.6, RT.6/RW.13, GANDARIA UTARA, KEC. KBY. BARU, KOTA JAKARTA SELATAN, DAERAH KHUSUS IBUKOTA JAKARTA 12140",TAMAN
2024,KOTA ADM. JAKARTA SELATAN,KEBAYORAN BARU,GUNUNG,TAMAN KERINCI,"JL. KERINCI I NO.12-15, RT.6/RW.2, GUNUNG, KEC. KBY. BARU, KOTA JAKARTA SELATAN, DAERAH KHUSUS IBUKOTA JAKARTA 12120",TAMAN
2024,KOTA ADM. JAKARTA SELATAN,KEBAYORAN BARU,GUNUNG,TAMAN TEBAH,"JL. TEBAH RT 14/ 03 KEL. GUNUNG, KEC. KEBAYORAN BARU. JAKARTA SELATAN",TAMAN
2024,KOTA ADM. JAKARTA SELATAN,KEBAYORAN BARU,GUNUNG,TAMAN DEMPO I,JL. DEMPO I 25-33 RT 007/ 003 KEL. GUNUNG KEC. KEBAYORAN BARU. JAKARTA SELATAN,TAMAN
2024,KOTA ADM. JAKARTA SELATAN,KEBAYORAN BARU,GUNUNG,TAMAN TUMBUH KEMBANG,"JL. PAKUBUWONO, RT.8/RW.4, GUNUNG, KEC. KBY. BARU, KOTA JAKARTA SELATAN, DAERAH KHUSUS IBUKOTA JAKARTA 12120",TAMAN
2024,KOTA ADM. JAKARTA SELATAN,KEBAYORAN BARU,GUNUNG,TAMAN HANG JEBAT VII,"JL. HANG JEBAT VI NO.6, RT.5/RW.4, GUNUNG, KEC. KBY. BARU, KOTA JAKARTA SELATAN, DAERAH KHUSUS IBUKOTA JAKARTA 12120",TAMAN
2024,KOTA ADM. JAKARTA SELATAN,KEBAYORAN BARU,GUNUNG,TAMAN HANG JEBAT IX,"JL. HANG JEBAT IX 12-2, RT.8/RW.4, GUNUNG, KEC. KBY. BARU, KOTA JAKARTA SELATAN, DAERAH KHUSUS IBUKOTA JAKARTA 12120",TAMAN
2024,KOTA ADM. JAKARTA SELATAN,KEBAYORAN BARU,GUNUNG,TAMAN HANG TUAH RAYA,"JL. HANG TUAH 4, RT.2/RW.4, GUNUNG, KEC. KBY. BARU, KOTA JAKARTA SELATAN, DAERAH KHUSUS IBUKOTA JAKARTA 12120",TAMAN
2024,KOTA ADM. JAKARTA SELATAN,KEBAYORAN BARU,GUNUNG,TAMAN HANG TUAH II,"JL. HANG TUAH II , RT 02/04 KEL. GUNUNG KEC. KEBAYORAN BARU. JAKARTA SELATAN RT.1/RW.4, GUNUNG, KEC. KBY. BARU, KOTA JAKARTA SELATAN, DAERAH KHUSUS IBUKOTA JAKARTA 12120",TAMAN
2024,KOTA ADM. JAKARTA SELATAN,KEBAYORAN BARU,GUNUNG,TAMAN PAKUBUWONO APOTEK,"JL. PAKUBUWONO VI 2GUNUNG RT 05/06, KEC. KBY. BARU, KOTA JAKARTA SELATAN, DAERAH KHUSUS IBUKOTA JAKARTA 12120",TAMAN
2024,KOTA ADM. JAKARTA SELATAN,KEBAYORAN BARU,GUNUNG,TAMAN PAKUBUWONO,"JL. PAKUBUWONO VI 8-6, GUNUNG, KEC. KBY. BARU, KOTA JAKARTA SELATAN, DAERAH KHUSUS IBUKOTA JAKARTA 12120",TAMAN
2024,KOTA ADM. JAKARTA SELATAN,KEBAYORAN BARU,GUNUNG,TAMAN MARTIMBANG II,"JL. MARTIMBANG II NO.6, GUNUNG, KEC. KBY. BARU, KOTA JAKARTA SELATAN, DAERAH KHUSUS IBUKOTA JAKARTA 12120",TAMAN
2024,KOTA ADM. JAKARTA SELATAN,KEBAYORAN BARU,GUNUNG,TAMAN MARTIMBANG III,"JL. MARTIMBANG III 5-3, RT.7/RW.5, GUNUNG, KEC. KBY. BARU, KOTA JAKARTA SELATAN, DAERAH KHUSUS IBUKOTA JAKARTA 12120",TAMAN
2024,KOTA ADM. JAKARTA SELATAN,KEBAYORAN BARU,GUNUNG,TAMAN MARTIMBANG IV,"JL. MARTIMBANG IV NO.2,RT.7/RW.5, GUNUNG, KEC. KBY. BARU, KOTA JAKARTA SELATAN, DAERAH KHUSUS IBUKOTA JAKARTA 12120",TAMAN
2024,KOTA ADM. JAKARTA SELATAN,KEBAYORAN BARU,GUNUNG,TAMAN POM SMK 30,"JL. PAKUBUWONO 6 - JL LAUSER (SMK 30) , KEL. GUNUNG, KEC. KEBAYORAN BARU. JAKARTA SELATAN",TAMAN
2024,KOTA ADM. JAKARTA SELATAN,KEBAYORAN BARU,GUNUNG,TAMAN DEPAN POS POLISI PURING,"JL. KYAI MAJA,RT.7/.1, KEL. KRAMAT PELA, KEC. KEBAYORAN BARU. JAKARTA SELATAN",TAMAN
2024,KOTA ADM. JAKARTA SELATAN,KEBAYORAN BARU,GUNUNG,TAMAN BELAKANG POS POLISI PURING,JL. BACANG RT 07/01 KEL. KRAMAT PELA KEC. KEBAYORAN BARU. JAKARTA SELATAN,TAMAN
2024,KOTA ADM. JAKARTA SELATAN,KEBAYORAN BARU,GUNUNG,TAMAN POLSEK KEBY. BARU,"JL. KYAI MAJA, RT.7/RW.1, GUNUNG, KEC. KBY. BARU, KOTA JAKARTA SELATAN, DAERAH KHUSUS IBUKOTA JAKARTA 12120",TAMAN
2024,KOTA ADM. JAKARTA SELATAN,PASAR MINGGU,PEJATEN BARAT,TAMAN EX. KEBAKARAN PEJATEN BARAT,"JL. RAYA PASAR MINGGU RT 01/ 02 , PEJATEN TIM., KEC. PS. MINGGU, KOTA JAKARTA SELATAN",TAMAN
2024,KOTA ADM. JAKARTA SELATAN,PASAR MINGGU,PEJATEN BARAT,"RPTRA EX. GEDUNG SDN 04 JL. MENINJO PEJATEN BARAT,","JALAN MELINJO NO. 17, RT 006/RW 007, PEJATEN BARAT, JAKARTA SELATAN.",TAMAN
2024,KOTA ADM. JAKARTA SELATAN,PASAR MINGGU,PEJATEN BARAT,RTH PASAR MINGGU (TAMAN PEJATIAN),"JL. PASAR MINGGU NO. 8/33A RT 002 RW 005 KEL. PEJATEN BARAT KEC. PASAR MINGGU, JAKARTA SELATAN",TAMAN
2024,KOTA ADM. JAKARTA SELATAN,PASAR MINGGU,PEJATEN BARAT,TPU PEJATEN BARAT,"NO., JL. JATIPADANG UTARA NO.93, RT.13/RW.2, JATI PADANG, KEC. PS. MINGGU, KOTA JAKARTA SELATAN, DAERAH KHUSUS IBUKOTA JAKARTA 12540",TPU
2024,KOTA ADM. JAKARTA SELATAN,PASAR MINGGU,PEJATEN TIMUR,TAMAN PERIKANAN,"JL. KOMP. PERIKANAN RT 008 RW 001, KEL. PEJATEN TIMUR, KEC. PASAR MINGGU",TAMAN
2024,KOTA ADM. JAKARTA SELATAN,PASAR MINGGU,PEJATEN TIMUR,TAMAN DEPAN STASIUN KA. PASAR MINGGU,JL. RAYA PASAR MINGGU KEC. PASAR MINGGU,TAMAN
2024,KOTA ADM. JAKARTA SELATAN,PASAR MINGGU,PEJATEN TIMUR,TAMAN JLN. KEMUNING DALAM I,JL. KEMUNING DALAM I KEL. PEJATEN TIMUR KEC. PASAR MINGGU,TAMAN
2024,KOTA ADM. JAKARTA SELATAN,PASAR MINGGU,PEJATEN TIMUR,TAMAN BAKIN,"JL. RAYA PASAR MINGGU 9-7, RT 01/02 PEJATEN TIM., KEC. PS. MINGGU, KOTA JAKARTA SELATAN,",TAMAN
2024,KOTA ADM. JAKARTA SELATAN,PASAR MINGGU,PEJATEN TIMUR,"RTH JL. TANJUNG BARAT NO. 73A RT. 012 RW. 008, KELURAHAN PEJATEN TIMUR, KECAMATAN PASAR MINGGU, JAKARTA SELATAN","JL. TANJUNG BARAT NO. 73A RT. 012 RW. 008, KELURAHAN PEJATEN TIMUR, KECAMATAN PASAR MINGGU, JAKARTA SELATAN",TAMAN
2024,KOTA ADM. JAKARTA SELATAN,PASAR MINGGU,PEJATEN TIMUR,TPU PEJATEN TIMUR,"RT.7/RW.6, PEJATEN TIM., KEC. PS. MINGGU, KOTA JAKARTA SELATAN, DAERAH KHUSUS IBUKOTA JAKARTA 12510",TPU
2024,KOTA ADM. JAKARTA SELATAN,PASAR MINGGU,RAGUNAN,"RTH JL. KEBAGUSAN RAYA KELURAHAN RAGUNAN KECAMATAN PASAR MINGGU, JAKARTA SELATAN",JL. KEBAGUSAN RAYA KEL. RAGUNAN KEC. PASAR MINGGU JAKARTA SELATAN,TAMAN
2024,KOTA ADM. JAKARTA SELATAN,PASAR MINGGU,RAGUNAN,TAMAN BUMI PERKEMAHAN RAGUNAN,"JL. HR. HARSONO/JL. MARGASATWA, JAKARTA SELATAN",TAMAN
2024,KOTA ADM. JAKARTA SELATAN,PASAR MINGGU,RAGUNAN,RTH SD 07 (TAMAN BENDUNGAN INDAH),"JL. SD 07 PAGI RT 006 RW 009 KEL. RAGUNAN KEC. PASAR MINGGU, JAKARTA SELATAN",TAMAN
2024,KOTA ADM. JAKARTA SELATAN,PASAR MINGGU,RAGUNAN,RTH PUSDIKLAT PLN,"JL. PONCOL PUSDIKLAT PLN RT 011 RW 005, KEL. RAGUNAN, KEC. PASAR MINGGU, JAKARTA SELATAN",TAMAN
2024,KOTA ADM. JAKARTA SELATAN,PASAR MINGGU,RAGUNAN,RTH KEBAGUSAN RAYA,"JL. KEBAGUSAN RAYA, KEL. RAGUNAN, KEC. PASAR MINGGU, JAKARTA SELATAN",TAMAN
2024,KOTA ADM. JAKARTA SELATAN,PASAR MINGGU,RAGUNAN,RTH HANKAM/ TAMAN PANGERAN WIRAGUNA (TAMAN PAWIRA),"JL. HANKAM NO 12 RT 005 RW 011 KEL. RAGUNAN KEC. PASAR MINGGU, JAKARTA SELATAN",TAMAN
2024,KOTA ADM. JAKARTA SELATAN,PASAR MINGGU,RAGUNAN,TAMAN MARGASATWA RAGUNAN,"JL. HARSONO RM NO.1, RAGUNAN, PS. MINGGU, KOTA JAKARTA SELATAN",TAMAN MARGASATWA
2024,KOTA ADM. JAKARTA SELATAN,PASAR MINGGU,RAGUNAN,TPU PISANGAN,"JL. HARSONO RM NO.59, RT.10/RW.7, RAGUNAN, KEC. PS. MINGGU, KOTA JAKARTA SELATAN, DAERAH KHUSUS IBUKOTA JAKARTA 12550",TPU
2024,KOTA ADM. JAKARTA SELATAN,PASAR MINGGU,TANJUNG BARAT,TAMAN TANJUNG I,"JL. TB. SIMATUPANG RT. 010/ 04, KEL. TANJUNG BARAT KEC. PASAR MINGGU. JAKARTA SELATAN",TAMAN
2024,KOTA ADM. JAKARTA SELATAN,PESANGGRAHAN,BINTARO,TAMAN CENDRAWASIH BINTARO,"JL. BINTARO RAYA SEKTOR 1 RT 08/08 , KEL. BINTARO, KEC. PESANGGRAHAN. JAKARTA SELATAN",TAMAN
2024,KOTA ADM. JAKARTA SELATAN,PESANGGRAHAN,BINTARO,TAMAN RTH INTERAKTIF BINTARO,"JL. BINTARO PERMAI III 9-15, RT.6/ .9, KEL. BINTARO, KEC. PESANGGRAHAN, KOTA JAKARTA SELATAN",TAMAN
2024,KOTA ADM. JAKARTA SELATAN,PESANGGRAHAN,BINTARO,TAMAN EX PS. BINTARO,"JL. BINTARO PERMAI 3, RT.1/ 9, KEL. BINTARO, KEC. PESANGGRAHAN, KOTA JAKARTA SELATAN",TAMAN
2024,KOTA ADM. JAKARTA SELATAN,PESANGGRAHAN,BINTARO,TAMAN BUNDARAN BAWAH FO RC VETERAN (SISI BARAT),"JL. BHAKTI RT 8/1, KEL BINTARO, KEC. PESANGGRAHAN",TAMAN
2024,KOTA ADM. JAKARTA SELATAN,PESANGGRAHAN,BINTARO,TAMAN BUNDARAN BAWAH FO RC VETERAN (SISI TIMUR),"JL. RC. VETERAN RAYA, RT.8/RW.1, BINTARO, KEC. PESANGGRAHAN, KOTA JAKARTA SELATAN,",TAMAN
2024,KOTA ADM. JAKARTA SELATAN,PESANGGRAHAN,BINTARO,TAMAN IKPN,"JL. IKPN, RT 03/ 04 KEL. BINTARO, KEC. PESANGGRAHAN. JAKARTA SELATAN",TAMAN
2024,KOTA ADM. JAKARTA SELATAN,PESANGGRAHAN,BINTARO,TAMAN BINTARO JAYA,"JL. MANYAR  RT.5/RW.8, BINTARO, KEC. PESANGGRAHAN, KOTA JAKARTA SELATAN, ",TAMAN
2024,KOTA ADM. JAKARTA SELATAN,PESANGGRAHAN,BINTARO,RTH TAMAN RAWA PAPAN,"JL. RAWA PAPAN RT 011 RW 006, KEL. BINTARO, KEC. PESANGGRAHAN, JAKARTA SELATAN",TAMAN
2024,KOTA ADM. JAKARTA SELATAN,PESANGGRAHAN,BINTARO,TAMAN MADRASAH BAWAH,"JL. MADRASAH BAWAH RW 012, KEL. BINTARO, KEC. PESANGGRAHAN, JAKARTA SELATAN",TAMAN
2024,KOTA ADM. JAKARTA SELATAN,PESANGGRAHAN,BINTARO,RTH JL. RAWA PAPAN RT. 011 RW. 06,JL. RAWA PAPAN RT. 011 RW. 06,TAMAN
2024,KOTA ADM. JAKARTA TIMUR,CIRACAS,CIBUBUR,TPU CIBUBUR RINGIN (II),"JL. PARKIT RAYA NO.120-127, RT.2/RW.3, CIBUBUR, KEC. CIRACAS, KOTA JAKARTA TIMUR, DAERAH KHUSUS IBUKOTA JAKARTA 13720",TPU
2024,KOTA ADM. JAKARTA TIMUR,CIRACAS,CIRACAS,HUTAN KOTA CIRACAS,JL. CENTEX RT 006 RW 03 KEL. CIRACAS KEC. CIRACAS JAKARTA TIMUR,HUTAN
2024,KOTA ADM. JAKARTA TIMUR,CIRACAS,CIRACAS,TAMAN LAYANGAN,"JL. PENGANTIN ALI NO.73, RT.6/RW.6, CIRACAS, KEC. CIRACAS, KOTA JAKARTA TIMUR, DAERAH KHUSUS IBUKOTA JAKARTA 13740",TAMAN
2024,KOTA ADM. JAKARTA TIMUR,CIRACAS,CIRACAS,TAMAN RTH CIRACAS,"JL. RAYA CIRACAS NO.71, RT.6/RW.5, CIRACAS, KEC. CIRACAS, KOTA JAKARTA TIMUR, DAERAH KHUSUS IBUKOTA JAKARTA 13740",TAMAN
2024,KOTA ADM. JAKARTA TIMUR,CIRACAS,CIRACAS,TAMAN CERIA CIRACAS,"JL. CENTEX GG. MASJID, KEL. CIRACAS, KEC. CIRACAS, JAKARTA TIMUR",TAMAN
2024,KOTA ADM. JAKARTA TIMUR,CIRACAS,CIRACAS,TAMAN PALEM,"JL. KOMP. IMIGRASI NO.1, RT.1/RW.2, TUGU UTARA, KEC. KOJA, JKT UTARA, DAERAH KHUSUS IBUKOTA JAKARTA 14260",TAMAN
2024,KOTA ADM. JAKARTA TIMUR,CIRACAS,CIRACAS,RTH PKP 63 (TAMAN IMPIAN),"JL. PKP NO. 63 RT 010 RW 004 KEL. CIRACAS KEC. CIRACAS, JAKARTA TIMUR",TAMAN
2024,KOTA ADM. JAKARTA TIMUR,CIRACAS,CIRACAS,RTH KEC. CIRACAS,"RW 001 KEL. CIRACAS KEC. CIRACAS, JAKARTA TIMUR",TAMAN
2024,KOTA ADM. JAKARTA TIMUR,CIRACAS,CIRACAS,RTH CENTEX GG. MEBEL,"JL. RAYA CENTEX NO. 76 RT 006 RW 003 KEL. CIRACAS KEC. CIRACAS, JAKARTA TIMUR",TAMAN
2024,KOTA ADM. JAKARTA TIMUR,CIRACAS,CIRACAS,TPU CIRACAS,"JL. RAYA CENTEX NO.6, RT.15/RW.3, CIRACAS, KEC. CIRACAS, KOTA JAKARTA TIMUR, DAERAH KHUSUS IBUKOTA JAKARTA 13740",TPU
2024,KOTA ADM. JAKARTA TIMUR,CIRACAS,KELAPA DUA WETAN,TAMAN MAHONI,"JALAN RAYA PKP, RT.7/RW.9, CIBUBUR, CIRACAS, RT.7/RW.9, KLP. DUA WETAN, KEC. CIRACAS, KOTA JAKARTA TIMUR, DAERAH KHUSUS IBUKOTA JAKARTA 13730",TAMAN
2024,KOTA ADM. JAKARTA TIMUR,CIRACAS,KELAPA DUA WETAN,TAMAN TULIP,"RT.4/RW.10, KLP. DUA WETAN, KEC. CIRACAS, KOTA JAKARTA TIMUR, DAERAH KHUSUS IBUKOTA JAKARTA 13730",TAMAN
2024,KOTA ADM. JAKARTA TIMUR,CIRACAS,KELAPA DUA WETAN,TAMAN SEGITIGA LAPANGAN TEMBAK,"JL. LAP. TEMBAK NO.8, RT.5/RW.7, KLP. DUA WETAN, KEC. CIRACAS, KOTA JAKARTA TIMUR, DAERAH KHUSUS IBUKOTA JAKARTA 13720",TAMAN
2024,KOTA ADM. JAKARTA TIMUR,CIRACAS,KELAPA DUA WETAN,TAMAN APUNG,"JL. LAPANGAN TEMBAK, KEL. KELAPA DUA WETAN, KEC. CIRACAS, JAKARTA TIMUR",TAMAN
2024,KOTA ADM. JAKARTA TIMUR,CIRACAS,KELAPA DUA WETAN,TAMAN SEGITIGA SHELTER BUSWAY JL. BARU,"JL. LINGKAR LUAR SELATAN (KAMPUNG RAMBUTAN), CIRACAS",TAMAN
2024,KOTA ADM. JAKARTA TIMUR,CIRACAS,KELAPA DUA WETAN,TAMAN KAMPUS PKP,"JL. RAYA PKP, RT.1/RW.8, KLP. DUA WETAN, KEC. CIRACAS, KOTA JAKARTA TIMUR, DAERAH KHUSUS IBUKOTA JAKARTA 13730",TAMAN
2024,KOTA ADM. JAKARTA TIMUR,CIRACAS,KELAPA DUA WETAN,RTH JL. KAMPUNG BARU RT. 010 RW. 09,"JL. KAMPUNG BARU RT 010 RW 009, KEL. KELAPA DUA WETAN , KEC. CIRACAS, JAKARTA TIMUR",TAMAN
2024,KOTA ADM. JAKARTA TIMUR,CIRACAS,KELAPA DUA WETAN,RTH DELIMA II,"JL. DELIMA II, KEL. KELAPA DUA WETAN, KEC. CIRACAS, JAKARTA TIMUR",TAMAN
2024,KOTA ADM. JAKARTA TIMUR,CIRACAS,KELAPA DUA WETAN,RTH SETAPAK,"JL. SETAPAK RT 002 RW 007 KEL. KELAPA DUA WETAN KEC. CIRACAS, JAKARTA TIMUR",TAMAN
2024,KOTA ADM. JAKARTA TIMUR,CIRACAS,LUBANG BUAYA,TAMAN CENDANA,JL.MASJID NO:10 RT4/4 CIBUBUR KEC.CIRACAS JAKARTA TIMUR,TAMAN
2024,KOTA ADM. JAKARTA TIMUR,CIRACAS,N/A,JH. JL. PKP DAN KIWI,JH. JL. PKP DAN KIWI,JALUR HIJAU
2024,KOTA ADM. JAKARTA TIMUR,CIRACAS,N/A,JH. KELAPA DUA WETAN,JH. KELAPA DUA WETAN,JALUR HIJAU
2024,KOTA ADM. JAKARTA TIMUR,CIRACAS,N/A,JH. JL. RAYA BOGOR,JH. JL. RAYA BOGOR,JALUR HIJAU
2024,KOTA ADM. JAKARTA TIMUR,CIRACAS,N/A,JH. JL. SUPRIYADI,JH. JL. SUPRIYADI,JALUR HIJAU
2024,KOTA ADM. JAKARTA TIMUR,CIRACAS,N/A,JH. JL. BAPING,JH. JL. BAPING,JALUR HIJAU
2024,KOTA ADM. JAKARTA TIMUR,CIRACAS,N/A,JH. JL. SUSUKAN,JH. JL. SUSUKAN,JALUR HIJAU
2024,KOTA ADM. JAKARTA TIMUR,CIRACAS,N/A,JH. JL. PONCOL,JH. JL. PONCOL,JALUR HIJAU
2024,KOTA ADM. JAKARTA TIMUR,CIRACAS,N/A,JH. KARYA BAKTI,JH. KARYA BAKTI,JALUR HIJAU
2024,KOTA ADM. JAKARTA TIMUR,CIRACAS,N/A,JH. JL. LAPANGAN TEMBAK,JH. JL. LAPANGAN TEMBAK,JALUR HIJAU
2024,KOTA ADM. JAKARTA TIMUR,CIRACAS,N/A,JH. JL. JAMBORE CIBUBUR,JH. JL. JAMBORE CIBUBUR,JALUR HIJAU
2024,KOTA ADM. JAKARTA TIMUR,CIRACAS,N/A,JH. JL. PUSDIKA,JH. JL. PUSDIKA,JALUR HIJAU
2024,KOTA ADM. JAKARTA TIMUR,CIRACAS,RAMBUTAN,JALUR TEPIAN AIR WADUK RAMBUTAN SISI UTARA,WADUK RAMBUTAN SISI UTARA,JALUR HIJAU
2024,KOTA ADM. JAKARTA TIMUR,CIRACAS,RAMBUTAN,JALUR TEPIAN AIR WADUK RAMBUTAN SISI SELATAN,WADUK RAMBUTAN SISI SELATAN,JALUR HIJAU
2024,KOTA ADM. JAKARTA PUSAT,GAMBIR,N/A,JH JL. MUSI,JH JL. MUSI,JALUR HIJAU
2024,KOTA ADM. JAKARTA PUSAT,GAMBIR,N/A,JH JL RIDWAN RAIS S/D PEDESTRIAN JL. ARIF RACHMAN HAKIM (SAMPAI DEPAN ARYADUTA),JH JL RIDWAN RAIS S/D PEDESTRIAN JL. ARIF RACHMAN HAKIM (SAMPAI DEPAN ARYADUTA),JALUR HIJAU
2024,KOTA ADM. JAKARTA PUSAT,GAMBIR,PASAR BARU,JH JL. PEJAMBON (DARI KEMENAG SD SEGITIGA STA. GAMBIR),JH JL. PEJAMBON (DARI KEMENAG SD SEGITIGA STA. GAMBIR),JALUR HIJAU
2024,KOTA ADM. JAKARTA PUSAT,GAMBIR,PETOJO SELATAN,JH JL. SUKARJO WIRYO PRANOTO,JH JL. SUKARJO WIRYO PRANOTO,JALUR HIJAU
2024,KOTA ADM. JAKARTA PUSAT,GAMBIR,PETOJO SELATAN,JH JL. ABDUL MUIS (SISI BARAT),JL. ABDUL MUIS,JALUR HIJAU
2024,KOTA ADM. JAKARTA PUSAT,GAMBIR,PETOJO SELATAN,JH PEDESTRIAN JL. TANAH ABANG III (TANAMAN BARU PASCA PROYEK PEDESTRIAN),JH PEDESTRIAN JL. TANAH ABANG III (TANAMAN BARU PASCA PROYEK PEDESTRIAN),JALUR HIJAU
2024,KOTA ADM. JAKARTA PUSAT,GAMBIR,PETOJO SELATAN,JH PEDESTRIAN JL. TANAH ABANG I (TANAMAN BARU PASCA PROYEK PEDESTRIAN),JH PEDESTRIAN JL. TANAH ABANG I (TANAMAN BARU PASCA PROYEK PEDESTRIAN),JALUR HIJAU
2024,KOTA ADM. JAKARTA PUSAT,GAMBIR,PETOJO SELATAN,JH JL. TANAH ABANG I (PINGGIR KALI SISI BANK BRI),JH JL. TANAH ABANG I (PINGGIR KALI SISI BANK BRI),JALUR HIJAU
2024,KOTA ADM. JAKARTA PUSAT,GAMBIR,PETOJO SELATAN,JH JL. KESEHATAN RAYA,JH JL. KESEHATAN RAYA,JALUR HIJAU
2024,KOTA ADM. JAKARTA PUSAT,GAMBIR,PETOJO SELATAN,JH TEPIAN AIR JL. ABDUL MUIS (SISI TIMUR),JH TEPIAN AIR JL. ABDUL MUIS (SISI TIMUR),JALUR HIJAU
2024,KOTA ADM. JAKARTA PUSAT,GAMBIR,PETOJO SELATAN,TAMAN TANAH ABANG I (JH),TAMAN TANAH ABANG I (JH),JALUR HIJAU
2024,KOTA ADM. JAKARTA PUSAT,GAMBIR,PETOJO SELATAN,SEGITIGA RALIN,SEGITIGA RALIN,JALUR HIJAU
2024,KOTA ADM. JAKARTA PUSAT,GAMBIR,PETOJO SELATAN,POT-POT JL. SURYOPRANOTO (20 POT BESI. 10 POT BETON)),JL. SURYAPRANOTO,JALUR HIJAU
2024,KOTA ADM. JAKARTA PUSAT,GAMBIR,PETOJO SELATAN,JH JL. TANAH ABANG II,JH JL. TANAH ABANG II,JALUR HIJAU
2024,KOTA ADM. JAKARTA PUSAT,GAMBIR,PETOJO SELATAN,JALUR JL. MAJAPAHIT,JALUR JL. MAJAPAHIT,JALUR HIJAU
2024,KOTA ADM. JAKARTA PUSAT,GAMBIR,PETOJO SELATAN,TAMAN KANTOR WALIKOTA,"JL. TANAH ABANG I NO.1 PETOJO SELATAN GAMBIR RT.11, RT.11/RW.8, PETOJO SEL., KECAMATAN GAMBIR, KOTA JAKARTA PUSAT, DAERAH KHUSUS IBUKOTA JAKARTA 10160",TAMAN
2024,KOTA ADM. JAKARTA PUSAT,GAMBIR,PETOJO SELATAN,TAMAN PETOJO SABANGAN VI,"JL. PETOJO SABANGAN VI 8, RT.4/RW.4, PETOJO SEL., KECAMATAN GAMBIR, KOTA JAKARTA PUSAT, DAERAH KHUSUS IBUKOTA JAKARTA 10160",TAMAN
2024,KOTA ADM. JAKARTA PUSAT,GAMBIR,PETOJO SELATAN,TAMAN PETOJO SABANGAN VII,"JL. PETOJO SABANGAN VII 5, RT.3/RW.4, PETOJO SEL., KECAMATAN GAMBIR, KOTA JAKARTA PUSAT, DAERAH KHUSUS IBUKOTA JAKARTA 10160",TAMAN
2024,KOTA ADM. JAKARTA PUSAT,GAMBIR,PETOJO SELATAN,TAMAN THOMAS,"JL. CIDENG TIM. RAYA NO.87, RT.14/RW.2, PETOJO SELATAN., KECAMATAN GAMBIR, KOTA JAKARTA PUSAT, DAERAH KHUSUS IBUKOTA JAKARTA 10160",TAMAN
2024,KOTA ADM. JAKARTA PUSAT,GAMBIR,PETOJO UTARA,JH JL. GAJAH MADA S/D POS KOTA,JH JL. GAJAH MADA S/D POS KOTA,JALUR HIJAU
2024,KOTA ADM. JAKARTA PUSAT,GAMBIR,PETOJO UTARA,JH JL. SEKOLAH,JH JL. SEKOLAH,JALUR HIJAU
2024,KOTA ADM. JAKARTA PUSAT,JOHAR BARU,GALUR,TAMAN GALUR RW.06 & RW.07 KEL. GALUR,"JL. GALUR SELATAN RW.06, GALUR, KEC. JOHAR BARU, KOTA JAKARTA PUSAT, DAERAH KHUSUS IBUKOTA JAKARTA 10530",TAMAN
2024,KOTA ADM. JAKARTA PUSAT,JOHAR BARU,GALUR,TAMAN GALUR (EKS PEMBAKARAN),"JL. LETJEND. SUPRAPTO, KEL. TANAH TINGGI, KEC. JOHAR BARU,",TAMAN
2024,KOTA ADM. JAKARTA PUSAT,JOHAR BARU,JOHAR BARU,"JH JL. PERCETAKAN NEGARA I PINGGIR REL, JH JL. PERCETAKAN NEGARA I EKS KAKI LIMA","JH JL. PERCETAKAN NEGARA I PINGGIR REL, JH JL. PERCETAKAN NEGARA I EKS KAKI LIMA",JALUR HIJAU
2024,KOTA ADM. JAKARTA PUSAT,JOHAR BARU,JOHAR BARU,JH JL. PERCETAKAN NEGARA II,JH JL. PERCETAKAN NEGARA II,JALUR HIJAU
2024,KOTA ADM. JAKARTA PUSAT,JOHAR BARU,JOHAR BARU,TAMAN SENTIONG/TAMAN SENGON,"JL. KRAMAT SENTIONG NO.1, RT.1/RW.1, JOHAR BARU, KEC. JOHAR BARU, KOTA JAKARTA PUSAT, DAERAH KHUSUS IBUKOTA JAKARTA 10560",TAMAN
2024,KOTA ADM. JAKARTA PUSAT,JOHAR BARU,JOHAR BARU,TAMAN JOHAR BARU (SAMPING KANTOR KECAMATAN),"JL. JOHAR BARU UTARA I NO.1, RT.12/RW.3, JOHAR BARU, KEC. JOHAR BARU, KOTA JAKARTA PUSAT, DAERAH KHUSUS IBUKOTA JAKARTA 10560",TAMAN
2024,KOTA ADM. JAKARTA PUSAT,JOHAR BARU,JOHAR BARU,TPU KAWI-KAWI,"JL. PERCETAKAN NEGARA II MAKAM NO.1, RT.9/RW.8, JOHAR BARU",TPU
2024,KOTA ADM. JAKARTA PUSAT,JOHAR BARU,N/A,JH JL. LET. JEND. SUPRAPTO SISI MEDIAN DARI REL SAMPAI FO GALUR DAN BAK TANAMAN GALUR,JH JL. LET. JEND. SUPRAPTO SISI MEDIAN DARI REL SAMPAI FO GALUR DAN BAK TANAMAN GALUR,JALUR HIJAU
2024,KOTA ADM. JAKARTA PUSAT,JOHAR BARU,TANAH TINGGI,JL. TANAH TINGGI I A (SUPRAPTO S/D PASAR GAPLOK) (PROYEK 2018),JL. TANAH TINGGI I A (SUPRAPTO S/D PASAR GAPLOK) (PROYEK 2018),JALUR HIJAU
2024,KOTA ADM. JAKARTA SELATAN,KEBAYORAN BARU,GUNUNG,TAMAN HANG TUAH III,"JL. HANG TUAH 3 1-2, RT.1/RW.4, GUNUNG, KEC. KBY. BARU, KOTA JAKARTA SELATAN, DAERAH KHUSUS IBUKOTA JAKARTA 12120",TAMAN
2024,KOTA ADM. JAKARTA SELATAN,KEBAYORAN BARU,GUNUNG,TAMAN DEMPO II,"JL. DEMPO II 10-2, RT.8/RW.3, GUNUNG, KEC. KBY. BARU, KOTA JAKARTA SELATAN, DAERAH KHUSUS IBUKOTA JAKARTA 12120",TAMAN
2024,KOTA ADM. JAKARTA SELATAN,KEBAYORAN BARU,GUNUNG,TAMAN UJUNG LEUSEUR,"JL. LAUSER NO.4, RT.8/RW.4, GUNUNG, KEC. KBY. BARU, KOTA JAKARTA SELATAN, DAERAH KHUSUS IBUKOTA JAKARTA 12120",TAMAN
2024,KOTA ADM. JAKARTA SELATAN,KEBAYORAN BARU,GUNUNG,TAMAN LEUSEUR,"JL. LEUSER, JAKARTA SELATAN",TAMAN
2024,KOTA ADM. JAKARTA SELATAN,KEBAYORAN BARU,KEBAYORAN LAMA SELATAN,TAMAN VILA SAWO,"JL. DAMAI RAYA NO.3 NO.16, RT.3/RW.4, CIPETE UTARA, KEC. KBY. BARU, KOTA JAKARTA SELATAN, DAERAH KHUSUS IBUKOTA JAKARTA 12150",TAMAN
2024,KOTA ADM. JAKARTA SELATAN,KEBAYORAN BARU,KEBAYORAN LAMA SELATAN,TAMAN SD MEXICO,"JL. HANG LEKIR V, RT.4/RW.6, GUNUNG, KEC. KBY. BARU, KOTA JAKARTA SELATAN, DAERAH KHUSUS IBUKOTA JAKARTA 12120",TAMAN
2024,KOTA ADM. JAKARTA SELATAN,KEBAYORAN BARU,KRAMAT PELA,TAMAN VELBAK,"JL. PAKUBUWONO VI & JL. KYAI MAJA RT 004/ 007 KEL. GUNUNG, KEC. KEBAYORAN BARU. JAKARTA SELATAN",TAMAN
2024,KOTA ADM. JAKARTA SELATAN,KEBAYORAN BARU,KRAMAT PELA,TAMAN RADIO I,JL. RADIO I KEL. KERAMAT PELA KEC. KEBAYORAN BARU. JAKARTA SELATAN,TAMAN
2024,KOTA ADM. JAKARTA SELATAN,KEBAYORAN BARU,KRAMAT PELA,TAMAN RADIO II,JL. RADIO II KEL. KERAMAL PELA KEC. KEBAYORAN BARU. JAKARTA SELATAN,TAMAN
2024,KOTA ADM. JAKARTA SELATAN,KEBAYORAN BARU,KRAMAT PELA,TAMAN PELA,JL. PELA KEL. KRAMAT PELA KEC. KEBAYORAN BARU. JAKARTA SELATAN,TAMAN
2024,KOTA ADM. JAKARTA SELATAN,KEBAYORAN BARU,KRAMAT PELA,TM. BARITO SAYAP IBU,"JL. BARITO II, RT.5/RW.4, KRAMAT PELA, KEC. KBY. BARU, KOTA JAKARTA SELATAN, DAERAH KHUSUS IBUKOTA JAKARTA 12130",TAMAN
2024,KOTA ADM. JAKARTA SELATAN,KEBAYORAN BARU,KRAMAT PELA,TAMAN GANDARIA I,"JL. GANDARIA 1 1-37, RT.1/RW.9, KRAMAT PELA, KEC. KBY. BARU, KOTA JAKARTA SELATAN, DAERAH KHUSUS IBUKOTA JAKARTA 12130",TAMAN
2024,KOTA ADM. JAKARTA SELATAN,KEBAYORAN BARU,KRAMAT PELA,"TAMAN GANDARIA TENGAH I,II, III","JL. GANDARIA TENGAH  II RT 09/01  KEC. KRAMAT PELA, KEC. KEB. BARU. JAKARTA SELATAN ",TAMAN
2024,KOTA ADM. JAKARTA SELATAN,KEBAYORAN BARU,KRAMAT PELA,TAMAN GANDARIA V,"JL. GANDARIA V ,RW.1, KRAMAT PELA, KEC. KBY. BARU, KOTA JAKARTA SELATAN, DAERAH KHUSUS IBUKOTA JAKARTA 12130",TAMAN
2024,KOTA ADM. JAKARTA SELATAN,KEBAYORAN BARU,KRAMAT PELA,TAMAN BACANG,"JL. BACANG I, RT.4/RW.1, KRAMAT PELA, KEBAYORAN BARU, SOUTH JAKARTA CITY, JAKARTA 12130",TAMAN
2024,KOTA ADM. JAKARTA SELATAN,KEBAYORAN BARU,KRAMAT PELA,TAMAN SAMBAS I,"JL. SUNGAI SAMBAS V 3, RT.3/RW.5, KRAMAT PELA, KEC. KBY. BARU, KOTA JAKARTA SELATAN, DAERAH KHUSUS IBUKOTA JAKARTA 12130",TAMAN
2024,KOTA ADM. JAKARTA SELATAN,KEBAYORAN BARU,KRAMAT PELA,TAMAN SAMPIT,"JL. SAMPIT RT 02/06, KEL. KRAMAT PELA KEC, KEBAYORAN BARU. JAKARTA SELATAN",TAMAN
2024,KOTA ADM. JAKARTA SELATAN,KEBAYORAN BARU,KRAMAT PELA,TAMAN BLOK M PLAZA,"JL. MAHAKAM RT.11/RW.7, KRAMAT PELA, KEC. KEBAYORAN BARU, KOTA JAKARTA SELATAN",TAMAN
2024,KOTA ADM. JAKARTA SELATAN,KEBAYORAN BARU,KRAMAT PELA,TAMAN KEBUN BIBIT BARITO,"JL. BARITO, RT.5/RW.4, KRAMAT PELA, KEC. KBY. BARU, KOTA JAKARTA SELATAN, DAERAH KHUSUS IBUKOTA JAKARTA 12130",TAMAN
2024,KOTA ADM. JAKARTA SELATAN,KEBAYORAN BARU,KRAMAT PELA,TAMAN JL. LAMANDAU I,"JL. LAMANDAU I, JL. LAMANDAU I, RT.3/RW.7, KRAMAT PELA KEC,  KEBAYORAN BARU. JAKARTA SELATAN KEC. KEBAYORAN BARU. JAKARTA SELATAN",TAMAN
2024,KOTA ADM. JAKARTA SELATAN,KEBAYORAN BARU,KRAMAT PELA,TAMAN JL. LAMANDAU II,"JL. LAMANDAU IV NO.2, RT.11/RW.7, KRAMAT PELA, KEC. KBY. BARU, KOTA JAKARTA SELATAN, DAERAH KHUSUS IBUKOTA JAKARTA 12130",TAMAN
2024,KOTA ADM. JAKARTA SELATAN,KEBAYORAN BARU,KRAMAT PELA,TAMAN MENDAWAI IV,"JL. MENDAWAI IV RT 11/07 KEL. KRAMAT PELA, KEC. KEBAYORAN BARU",TAMAN
2024,KOTA ADM. JAKARTA SELATAN,KEBAYORAN BARU,KRAMAT PELA,TAMAN BLK POS POLANTAS,JL. BACANG RT 07/01 KEL. KRAMAT PELA KEC. KEBAYORAN BARU. JAKARTA SELATAN,TAMAN
2024,KOTA ADM. JAKARTA SELATAN,KEBAYORAN BARU,KRAMAT PELA,TAMAN BARITO II,"JL. BARITO II 19, RT.5/RW.4, KRAMAT PELA, KEC. KBY. BARU, KOTA JAKARTA SELATAN, DAERAH KHUSUS IBUKOTA JAKARTA 12130",TAMAN
2024,KOTA ADM. JAKARTA SELATAN,KEBAYORAN BARU,KRAMAT PELA,TAMAN SAMBAS ASRI / PANGPOL,"JL. PANGLIMA POLIM, RT.2/RW.5, KRAMAT PELA, KEBAYORAN BARU, SOUTH JAKARTA CITY, JAKARTA 12130",TAMAN
2024,KOTA ADM. JAKARTA SELATAN,KEBAYORAN BARU,KRAMAT PELA,TAMAN LANGSAT,"JL. LANGSAT, JAKARTA SELATAN",TAMAN
2024,KOTA ADM. JAKARTA SELATAN,KEBAYORAN BARU,KRAMAT PELA,TAMAN AYODIA,"JL. LAMANDAU III NO.RT.4, RT.4/RW.7, KRAMAT PELA,",TAMAN
2024,KOTA ADM. JAKARTA SELATAN,KEBAYORAN BARU,KRAMAT PELA,TAMAN PURING,"JL. KYAI MAJA NO.7, RT.13/RW.1, KRAMAT PELA,",TAMAN
2024,KOTA ADM. JAKARTA SELATAN,PESANGGRAHAN,BINTARO,RTH MADRASAH BAWAH RT 01,"JL. MADRASAH BAWAH RT 001 RW 012 KEL. BINTARO, KEC. PESANGGRAHAN, JAKARTA SELATAN",TAMAN
2024,KOTA ADM. JAKARTA SELATAN,PESANGGRAHAN,BINTARO,TPU KAMPUNG KONGSI,"JL. MAWAR III NO.49, RT.1/RW.14, BINTARO, KEC. PESANGGRAHAN, KOTA JAKARTA SELATAN, DAERAH KHUSUS IBUKOTA JAKARTA 12330",TPU
2024,KOTA ADM. JAKARTA SELATAN,PESANGGRAHAN,N/A,JALUR HIJAU JL. ADAM MALIK,JALUR HIJAU JL. ADAM MALIK,JALUR HIJAU
2024,KOTA ADM. JAKARTA SELATAN,PESANGGRAHAN,N/A,JALUR HIJAU JL. DAMAI RAYA,JALUR HIJAU JL. DAMAI RAYA,JALUR HIJAU
2024,KOTA ADM. JAKARTA SELATAN,PESANGGRAHAN,N/A,JALUR HIJAU JL. SABAR,JALUR HIJAU JL. SABAR,JALUR HIJAU
2024,KOTA ADM. JAKARTA SELATAN,PESANGGRAHAN,N/A,JALUR HIJAU JL. KEMAJUAN,JALUR HIJAU JL. KEMAJUAN,JALUR HIJAU
2024,KOTA ADM. JAKARTA SELATAN,PESANGGRAHAN,N/A,JALUR HIJAU JL. M. SAIDI RAYA,JALUR HIJAU JL. M. SAIDI RAYA,JALUR HIJAU
2024,KOTA ADM. JAKARTA SELATAN,PESANGGRAHAN,N/A,JALUR HIJAU JL. ANGGREK,JALUR HIJAU JL. ANGGREK,JALUR HIJAU
2024,KOTA ADM. JAKARTA SELATAN,PESANGGRAHAN,N/A,JALUR HIJAU JL. KESEHATAN,JALUR HIJAU JL. KESEHATAN,JALUR HIJAU
2024,KOTA ADM. JAKARTA SELATAN,PESANGGRAHAN,N/A,JALUR HIJAU JL. MOESTOPO,JALUR HIJAU JL. MOESTOPO,JALUR HIJAU
2024,KOTA ADM. JAKARTA SELATAN,PESANGGRAHAN,N/A,JALUR HIJAU JL. VETERAN,JALUR HIJAU JL. VETERAN,JALUR HIJAU
2024,KOTA ADM. JAKARTA SELATAN,PESANGGRAHAN,N/A,JALUR HIJAU JL. BINTARO PERMAI,JALUR HIJAU JL. BINTARO PERMAI,JALUR HIJAU
2024,KOTA ADM. JAKARTA SELATAN,PESANGGRAHAN,N/A,JALUR HIJAU JL. MUCHTAR RAYA,JALUR HIJAU JL. MUCHTAR RAYA,JALUR HIJAU
2024,KOTA ADM. JAKARTA SELATAN,PESANGGRAHAN,N/A,JALUR HIJAU JL. PALEM RAYA,JALUR HIJAU JL. PALEM RAYA,JALUR HIJAU
2024,KOTA ADM. JAKARTA SELATAN,PESANGGRAHAN,N/A,JALUR HIJAU JL. MASJID,JALUR HIJAU JL. MASJID,JALUR HIJAU
2024,KOTA ADM. JAKARTA SELATAN,PESANGGRAHAN,N/A,JALUR HIJAU JL. PESANGGRAHAN RAYA,JALUR HIJAU JL. PESANGGRAHAN RAYA,JALUR HIJAU
2024,KOTA ADM. JAKARTA SELATAN,PESANGGRAHAN,N/A,JALUR HIJAU JL. BINTARO PERMAI RAYA,JALUR HIJAU JL. BINTARO PERMAI RAYA,JALUR HIJAU
2024,KOTA ADM. JAKARTA SELATAN,PESANGGRAHAN,N/A,JALUR HIJAU JL. CENEK,JALUR HIJAU JL. CENEK,JALUR HIJAU
2024,KOTA ADM. JAKARTA SELATAN,PESANGGRAHAN,N/A,JALUR HIJAU JL. ULUJAMI RAYA,JALUR HIJAU JL. ULUJAMI RAYA,JALUR HIJAU
2024,KOTA ADM. JAKARTA SELATAN,PESANGGRAHAN,N/A,JALUR HIJAU JL. SWADARMA RAYA,JALUR HIJAU JL. SWADARMA RAYA,JALUR HIJAU
2024,KOTA ADM. JAKARTA SELATAN,PESANGGRAHAN,N/A,JALUR HIJAU JL. PENERANGAN,JALUR HIJAU JL. PENERANGAN,JALUR HIJAU
2024,KOTA ADM. JAKARTA SELATAN,PESANGGRAHAN,N/A,"JALUR HIJAU JL. AMD X, KEL. PETUKANGAN UTARA","JALUR HIJAU JL. AMD X, KEL. PETUKANGAN UTARA",JALUR HIJAU
2024,KOTA ADM. JAKARTA SELATAN,PESANGGRAHAN,N/A,JL. ARTERI M. SAIDI,JL. ARTERI M. SAIDI,JALUR HIJAU
2024,KOTA ADM. JAKARTA SELATAN,PESANGGRAHAN,N/A,BINTARO UTARA,BINTARO UTARA,JALUR HIJAU
2024,KOTA ADM. JAKARTA SELATAN,PESANGGRAHAN,N/A,JALAN LAYANG NON TOLL CILEDUG,JALAN LAYANG NON TOLL CILEDUG,JALUR HIJAU
2024,KOTA ADM. JAKARTA SELATAN,PESANGGRAHAN,N/A,FLY OVER BAWAH BINTARO PERMAI (STS),FLY OVER BAWAH BINTARO PERMAI (STS),JALUR HIJAU
2024,KOTA ADM. JAKARTA SELATAN,PESANGGRAHAN,PESANGGRAHAN,RTH JL. BINTARO PERMAI RAYA NO. 41 RT. 003 RW. 003,JALAN BINTARO PERMAI RAYA NO.41 RT 003 RW 003 KEL. PESANGGRAHAN KEC. PESANGGRAHAN KOTA ADMINISTRASI JAKARTA SELATAN,TAMAN
2024,KOTA ADM. JAKARTA SELATAN,PESANGGRAHAN,PESANGGRAHAN,TAMAN KESADARAN 02 (SIGNAGE TAMAN ULUJAMI),"JL. ULUJAMI RAYA RT 001 RW 002 KEL. PESANGGRAHAN KEC. PESANGGRAHAN, JAKARTA SELATAN",TAMAN
2024,KOTA ADM. JAKARTA SELATAN,PESANGGRAHAN,PETUKANGAN SELATAN,PINTU MASUK & KELUAR TOL CILEDUG 1,"JL. M. SAIDI RAYA NO.1 A, RT.6/RW.6, PETUKANGAN SEL., KEC. PESANGGRAHAN",JALUR HIJAU
2024,KOTA ADM. JAKARTA SELATAN,PESANGGRAHAN,PETUKANGAN SELATAN,TAMAN BLOK D,"JL. PESANGGRAHAN IV RT 006/ 06, KEL. PETUKANGAN SELATAN, KEC. PESANGGRAHAN. JAKARTA SELATAN",TAMAN
2024,KOTA ADM. JAKARTA SELATAN,PESANGGRAHAN,PETUKANGAN SELATAN,TAMAN PESANGGRAHAN I,"JL. PESANGGRAHAN I RT 04/ 07, KEL. PETUKANGAN SELATAN, KEC. PESANGGRAHAN. JAKARTA SELATAN",TAMAN
2024,KOTA ADM. JAKARTA SELATAN,PESANGGRAHAN,PETUKANGAN SELATAN,TMN. PESANGGRAHAN (DALAM)/ AL AMIN,"JL. PESANGGRAHAN PERMAI, RT.4/RW.7, PETUKANGAN SEL., KEC. PESANGGRAHAN, KOTA JAKARTA SELATAN, ",TAMAN
2024,KOTA ADM. JAKARTA SELATAN,PESANGGRAHAN,PETUKANGAN SELATAN,TAMAN SEGITIGA PESANGGRAHAN,"JL. PESANGGRAHAN I NO.4, RT.4/RW.7, PETUKANGAN SEL., KEC. PESANGGRAHAN, KOTA JAKARTA SELATAN",TAMAN
2024,KOTA ADM. JAKARTA TIMUR,DUREN SAWIT,KLENDER,TAMAN VIADUCT KLENDER SISI BARAT & SEGITIGANYA,"JL. I GUSTI NGURAH RAI, RT.15/RW.2, KLENDER, KEC. DUREN SAWIT, KOTA JAKARTA TIMUR, DAERAH KHUSUS IBUKOTA JAKARTA 13470",TAMAN
2024,KOTA ADM. JAKARTA TIMUR,DUREN SAWIT,KLENDER,TAMAN VIADUCT KLENDER SISI TIMUR & SEGITIGANYA,"JL. I GUSTI NGURAH RAI, KLENDER, KEC. CAKUNG, KOTA JAKARTA TIMUR, DAERAH KHUSUS IBUKOTA JAKARTA 13470",TAMAN
2024,KOTA ADM. JAKARTA TIMUR,DUREN SAWIT,KLENDER,TPU KAMPUNG KAPUK,"JL. KAPUK 2 NO.56, RT.9/RW.5, KLENDER, KEC. DUREN SAWIT, KOTA JAKARTA TIMUR, DAERAH KHUSUS IBUKOTA JAKARTA 13470",TPU
2024,KOTA ADM. JAKARTA TIMUR,DUREN SAWIT,MALAKA JAYA,TAMAN KELAPA,"JL. PONDOK KELAPA RAYA, RT.1/RW.11, MALAKA JAYA, DURENSAWIT, EAST JAKARTA CITY, JAKARTA 13460",TAMAN
2024,KOTA ADM. JAKARTA TIMUR,DUREN SAWIT,MALAKA JAYA,TAMAN MALAKA UTARA BLOK C,"JL. TAMAN MALAKA UTARA 3.A, RT.7/RW.9, MALAKA JAYA, KEC. DUREN SAWIT, KOTA JAKARTA TIMUR, DAERAH KHUSUS IBUKOTA JAKARTA 13460",TAMAN
2024,KOTA ADM. JAKARTA TIMUR,DUREN SAWIT,MALAKA JAYA,TAMAN JL. NUSA INDAH IV,"JL. NUSA INDAH IV, RW.13, MALAKA JAYA, KEC. DUREN SAWIT, KOTA JAKARTA TIMUR, DAERAH KHUSUS IBUKOTA JAKARTA 13460",TAMAN
2024,KOTA ADM. JAKARTA TIMUR,DUREN SAWIT,MALAKA JAYA,TAMAN MAWAR MERAH III,"JL. MAWAR MERAH III NO.85, RT.8/RW.12, MALAKA JAYA, KEC. DUREN SAWIT, KOTA JAKARTA TIMUR, DAERAH KHUSUS IBUKOTA JAKARTA 13460",TAMAN
2024,KOTA ADM. JAKARTA TIMUR,DUREN SAWIT,MALAKA JAYA,TAMAN NUSA INDAH III,"JL. NUSA INDAH III, MALAKA JAYA, DUREN SAWIT",TAMAN
2024,KOTA ADM. JAKARTA TIMUR,DUREN SAWIT,MALAKA SARI,TAMAN MALAKA IV,"JL. MALAKA 4, RT.5/RW.10, MALAKA SARI, KEC. DUREN SAWIT, KOTA JAKARTA TIMUR, DAERAH KHUSUS IBUKOTA JAKARTA 13460",TAMAN
2024,KOTA ADM. JAKARTA TIMUR,DUREN SAWIT,MALAKA SARI,TAMAN RW 07 KEL. MALAKA JAYA,"TAMAN MALAKA BAR. I, RT.2/RW.9, MALAKA SARI, KEC. DUREN SAWIT, KOTA JAKARTA TIMUR, DAERAH KHUSUS IBUKOTA JAKARTA 13460",TAMAN
2024,KOTA ADM. JAKARTA TIMUR,DUREN SAWIT,MALAKA SARI,TAMAN DELIMA V,"JL. DELIMA V, RT.11/RW.5, MALAKA SARI, KEC. DUREN SAWIT, KOTA JAKARTA TIMUR, DAERAH KHUSUS IBUKOTA JAKARTA 13460",TAMAN
2024,KOTA ADM. JAKARTA TIMUR,DUREN SAWIT,MALAKA SARI,TAMAN TERATAI DUREN SAWIT,JL. TERATAI,TAMAN
2024,KOTA ADM. JAKARTA TIMUR,DUREN SAWIT,MALAKA SARI,TAMAN DELIMA VI,"JL. DELIMA VI GG. 4, RT.2/RW.5, MALAKA SARI, KEC. DUREN SAWIT, KOTA JAKARTA TIMUR, DAERAH KHUSUS IBUKOTA JAKARTA 13460",TAMAN
2024,KOTA ADM. JAKARTA TIMUR,DUREN SAWIT,MALAKA SARI,TAMAN MALAKA UTARA V BLOK D,"JL. MALAKA UTARA V, MALAKA SARI, DUREN SAWIT",TAMAN
2024,KOTA ADM. JAKARTA TIMUR,DUREN SAWIT,MALAKA SARI,TAMAN PULO-PULO MALAKA SELATAN,JL. MALAKA SELATAN,TAMAN
2024,KOTA ADM. JAKARTA TIMUR,DUREN SAWIT,MALAKA SARI,TAMAN MALAKA BARAT,JL. TAMAN MALAKA BARAT 1,TAMAN
2024,KOTA ADM. JAKARTA TIMUR,DUREN SAWIT,MALAKA SARI,TAMAN MALAKA SELATAN II,JL. TAMAN MALAKA SELATAN 2,TAMAN
2024,KOTA ADM. JAKARTA TIMUR,DUREN SAWIT,MALAKA SARI,TAMAN SERUNI,"BLOK DAHLIA, JL. RUMAH SUSUN CENGKARENG INDAH NO.7, RT.7/RW.14, EAST CENGKARENG, CENGKARENG, WEST JAKARTA CITY, JAKARTA 11730",TAMAN
2024,KOTA ADM. JAKARTA TIMUR,DUREN SAWIT,MALAKA SARI,TAMAN KEMUNING,"JL. KEMUNING IV NO.7, RT.6/RW.10, MALAKA SARI, KEC. DUREN SAWIT,",TAMAN
2024,KOTA ADM. JAKARTA TIMUR,DUREN SAWIT,MALAKA SARI,TAMAN CEMPAKA,"RW 10 MALAKA SARI, JL. CEMPAKA II , JAKARTA TIMUR , DUREN SAWIT",TAMAN
2024,KOTA ADM. JAKARTA TIMUR,DUREN SAWIT,MALAKA SARI,TAMAN FLAMBOYAN,"JL. FLAMBOYAN NO.4, RT.9/ .3, KEL. KUNINGAN, KARET KUNINGAN KEC. SETIABUDI, KOTA JAKARTA SELATAN",TAMAN
2024,KOTA ADM. JAKARTA TIMUR,DUREN SAWIT,MALAKA SARI,TAMAN MATAHARI 1,"KELURAHAN MALAKA SARI, KECAMATAN DUREN SAWIT, JAKARTA TIMUR",TAMAN
2024,KOTA ADM. JAKARTA TIMUR,DUREN SAWIT,MALAKA SARI,TAMAN MATAHARI 2,"KELURAHAN MALAKA SARI, KECAMATAN DUREN SAWIT, JAKARTA TIMUR",TAMAN
2024,KOTA ADM. JAKARTA TIMUR,DUREN SAWIT,N/A,"JH. JL. RADEN INTEN, JH. FO. PONDOK KOPI, JH. FO. BUARAN, JH. FO. PONDOK BAMBU","JH. JL. RADEN INTEN, JH. FO. PONDOK KOPI, JH. FO. BUARAN, JH. FO. PONDOK BAMBU",JALUR HIJAU
2024,KOTA ADM. JAKARTA TIMUR,DUREN SAWIT,N/A,JH. I GUSTI NGURAH RAI,JH. I GUSTI NGURAH RAI,JALUR HIJAU
2024,KOTA ADM. JAKARTA TIMUR,DUREN SAWIT,N/A,AMENITIS JH. JL. I GUSTI NGURAH RAI,JH. JL. I GUSTI NGURAH RAI,JALUR HIJAU
2024,KOTA ADM. JAKARTA TIMUR,DUREN SAWIT,N/A,JH. JL. I GUSTI NGURAH RAI TERUSAN,JH. JL. I GUSTIN NGURAH RAI TERUSAN,JALUR HIJAU
2024,KOTA ADM. JAKARTA TIMUR,DUREN SAWIT,N/A,"JH. JL. DUREN SAWIT, JH. JL. LINGKAR DUREN SAWIT","JH. JL. DUREN SAWIT, JH. JL. LINGKAR DUREN SAWIT",JALUR HIJAU
2024,KOTA ADM. JAKARTA TIMUR,DUREN SAWIT,N/A,JH. JL. WIJAYA KUSUMA,JH. JL. WIJAYA KUSUMA,JALUR HIJAU
2024,KOTA ADM. JAKARTA TIMUR,DUREN SAWIT,N/A,JH JL. KOL. SUGIONO DAN JL. JEND. RS. SOEKANTO,JH JL. KOL. SUGIONO DAN JL. JEND. RS. SOEKANTO,JALUR HIJAU
2024,KOTA ADM. JAKARTA PUSAT,JOHAR BARU,TANAH TINGGI,TAMAN KAMPUNG DERET TANAH TINGGI,TAMAN KAMPUNG DERET TANAH TINGGI,JALUR HIJAU
2024,KOTA ADM. JAKARTA PUSAT,JOHAR BARU,TANAH TINGGI,TAMAN TANAH TINGGI,"JL. TANAH TINGGI 2, RT.5/RW.1, TANAH TINGGI, KEC. JOHAR BARU, KOTA JAKARTA PUSAT, DAERAH KHUSUS IBUKOTA JAKARTA 10540",TAMAN
2024,KOTA ADM. JAKARTA PUSAT,JOHAR BARU,TANAH TINGGI,TAMAN PUTRA PANDAWA,"JL. IRAWAN NO.13, RT.8/RW.5, TANAH TINGGI, KEC. JOHAR BARU, KOTA JAKARTA PUSAT, DAERAH KHUSUS IBUKOTA JAKARTA 10540",TAMAN
2024,KOTA ADM. JAKARTA PUSAT,JOHAR BARU,TANAH TINGGI,TAMAN RUSUN TANAH TINGGI,"JL. BALADEWA, RT.11/RW.014, TANAH TINGGI, KEC. JOHAR BARU, KOTA JAKARTA PUSAT, DAERAH KHUSUS IBUKOTA JAKARTA 10540",TAMAN
2024,KOTA ADM. JAKARTA PUSAT,KEMAYORAN,BUNGUR,JH FO GALUR ATAS,JH FO GALUR ATAS,JALUR HIJAU
2024,KOTA ADM. JAKARTA PUSAT,KEMAYORAN,GUNUNG SAHARI SELATAN,JH JL. ANGKASA RAYA,JH JL. ANGKASA RAYA,JALUR HIJAU
2024,KOTA ADM. JAKARTA PUSAT,KEMAYORAN,GUNUNG SAHARI SELATAN,JH JL. BUNGUR BESAR RAYA,JH JL. BUNGUR BESAR RAYA,JALUR HIJAU
2024,KOTA ADM. JAKARTA PUSAT,KEMAYORAN,HARAPAN MULYA,JH SEPANJANG TEPIAN AIR KALI SENTIONG (SISI HARAPAN MULYA),JH SEPANJANG TEPIAN AIR KALI SENTIONG (SISI HARAPAN MULYA),JALUR HIJAU
2024,KOTA ADM. JAKARTA PUSAT,KEMAYORAN,HARAPAN MULYA,TAMAN GG. RELA,"JALAN CEMPAKA BARU 10, KEL. HARAPAN MULIA KEC. KEMAYORAN JAKARTA PUSAT",TAMAN
2024,KOTA ADM. JAKARTA PUSAT,KEMAYORAN,HARAPAN MULYA,TAMAN HARAPAN MULYA,"JL. HARAPAN MULIA VIII NO.41, RT.11/RW.5, HARAPAN MULYA, KEC. KEMAYORAN, KOTA JAKARTA PUSAT, DAERAH KHUSUS IBUKOTA JAKARTA 10640",TAMAN
2024,KOTA ADM. JAKARTA PUSAT,KEMAYORAN,KEMAYORAN,TAMAN GG. MANTRI,"MANTRI III NO.28, RT.4/RW.10, KEMAYORAN, KEC. KEMAYORAN, KOTA JAKARTA PUSAT, DAERAH KHUSUS IBUKOTA JAKARTA 10620",TAMAN
2024,KOTA ADM. JAKARTA PUSAT,KEMAYORAN,N/A,JH KUPINGAN FO GALUR (PJG 60 M LEBAR 1 M SEBANYAK 4 SISI),JH KUPINGAN FO GALUR (PJG 60 M LEBAR 1 M SEBANYAK 4 SISI),JALUR HIJAU
2024,KOTA ADM. JAKARTA PUSAT,KEMAYORAN,N/A,JH SEPARATOR JL. LETJEN SUPRAPTO SISI UTARA (HARAPAN MULYA),JH SEPARATOR JL. LETJEN SUPRAPTO SISI UTARA (HARAPAN MULYA),JALUR HIJAU
2024,KOTA ADM. JAKARTA PUSAT,KEMAYORAN,N/A,JH MEDIAN JL. BUNGUR BESAR RAYA,JH MEDIAN JL. BUNGUR BESAR RAYA,JALUR HIJAU
2024,KOTA ADM. JAKARTA PUSAT,KEMAYORAN,N/A,JH PEDESTRIAN JL. BUNGUR BESAR RAYA,JH PEDESTRIAN JL. BUNGUR BESAR RAYA,JALUR HIJAU
2024,KOTA ADM. JAKARTA PUSAT,KEMAYORAN,N/A,JH TEPIAN AIR DEPAN ITC CEMPAKA MAS,JH TEPIAN AIR DEPAN ITC CEMPAKA MAS,JALUR HIJAU
2024,KOTA ADM. JAKARTA PUSAT,KEMAYORAN,N/A,UNDERPASS REL KA ANGKASA (ATAS),UNDERPASS REL KA ANGKASA (ATAS),JALUR HIJAU
2024,KOTA ADM. JAKARTA PUSAT,KEMAYORAN,N/A,UNDERPASS REL KA ANGKASA (ATAS) LANJUTAN,UNDERPASS REL KA ANGKASA (ATAS),JALUR HIJAU
2024,KOTA ADM. JAKARTA PUSAT,KEMAYORAN,SERDANG,TAMAN KAMPUNG IRIAN,"JL. KAMPUNG IRIAN, SERDANG, KEMAYORAN, JAKARTA PUSAT",TAMAN
2024,KOTA ADM. JAKARTA PUSAT,KEMAYORAN,SERDANG,TAMAN TARUNA XXIII,"JALAN TARUNA 2 KEL, SERDANG KEC. KEMAYORAN JAKARTA PUSAT",TAMAN
2024,KOTA ADM. JAKARTA PUSAT,KEMAYORAN,SERDANG,TAMAN GG. DELTA/TAMAN SERDANG,JALAN SERDANG KEL. SERDANG KEC. KEMAYORAN JAKARTA PUSAT,TAMAN
2024,KOTA ADM. JAKARTA PUSAT,KEMAYORAN,SUMUR BATU,SEGITIGA DAN JH KUPINGAN ITC CEMPAKA MAS (JL. YOS SUDARSO),SEGITIGA DAN JH KUPINGAN ITC CEMPAKA MAS (JL. YOS SUDARSO),JALUR HIJAU
2024,KOTA ADM. JAKARTA PUSAT,KEMAYORAN,SUMUR BATU,JH JL. KODAM RAYA S.D JL. HOWITZER KEL. SUMUR BATU,JH JL. KODAM RAYA S.D JL. HOWITZER KEL. SUMUR BATU,JALUR HIJAU
2024,KOTA ADM. JAKARTA PUSAT,KEMAYORAN,SUMUR BATU,TAMAN TOPAS,"JL. TOPAZ 4, RT.7/RW.5, SUMUR BATU, KEC. KEMAYORAN, KOTA JAKARTA PUSAT, DAERAH KHUSUS IBUKOTA JAKARTA 10640",TAMAN
2024,KOTA ADM. JAKARTA PUSAT,KEMAYORAN,SUMUR BATU,TAMAN INTAN,"JL. INTAN RAYA 31, RT.11/RW.2, SUMUR BATU, KEC. KEMAYORAN, KOTA JAKARTA PUSAT, DAERAH KHUSUS IBUKOTA JAKARTA 10640",TAMAN
2024,KOTA ADM. JAKARTA PUSAT,KEMAYORAN,SUMUR BATU,TAMAN PIRUS,"JL. TAMAN PIRUS 166-165, RT.7/RW.2, SUMUR BATU, KEC. KEMAYORAN, KOTA JAKARTA PUSAT, DAERAH KHUSUS IBUKOTA JAKARTA 10640",TAMAN
2024,KOTA ADM. JAKARTA PUSAT,KEMAYORAN,SUMUR BATU,TAMAN MORTIR,"JL. MORTIR NO.6, RT.4/RW.5, SUMUR BATU, KEC. KEMAYORAN, KOTA JAKARTA PUSAT, DAERAH KHUSUS IBUKOTA JAKARTA 10640",TAMAN
2024,KOTA ADM. JAKARTA PUSAT,KEMAYORAN,SUMUR BATU,TAMAN ROKET,"JL. ROKET 7, RT.2/RW.5, SUMUR BATU, KEC. KEMAYORAN, KOTA JAKARTA PUSAT, DAERAH KHUSUS IBUKOTA JAKARTA 10640",TAMAN
2024,KOTA ADM. JAKARTA PUSAT,KEMAYORAN,SUMUR BATU,TAMAN TRANS BIO (EMBUNG DEPAN ITC CWEMPAKA MAS,"JL. CEMP. MAS TIM RW.8, SUMUR BATU, KEC. KEMAYORAN, KOTA JAKARTA PUSAT, DAERAH KHUSUS IBUKOTA JAKARTA 10640",TAMAN
2024,KOTA ADM. JAKARTA PUSAT,KEMAYORAN,SUMUR BATU,RTH ITC CEMPAKA MAS (BELAKANG HALTE),"JL. CEMP. MAS TIM. NO.586, RT.11/RW.8, SUMUR BATU, KEC. KEMAYORAN, KOTA JAKARTA PUSAT, DAERAH KHUSUS IBUKOTA JAKARTA 10640",TAMAN
2024,KOTA ADM. JAKARTA SELATAN,KEBAYORAN BARU,MELAWAI,TAMAN PKK P. POLIM,"JL. PANGLIMA POLIM XIV NO.20B, RT.5/RW.1, MELAWAI, KEC. KBY. BARU, KOTA JAKARTA SELATAN, DAERAH KHUSUS IBUKOTA JAKARTA 12160",TAMAN
2024,KOTA ADM. JAKARTA SELATAN,KEBAYORAN BARU,MELAWAI,TAMAN PKK KECIL,"JL. PANGLIMA POLIM XIV 6, RT.5/RW.1, MELAWAI, KEC. KBY. BARU, KOTA JAKARTA SELATAN, DAERAH KHUSUS IBUKOTA JAKARTA 12160",TAMAN
2024,KOTA ADM. JAKARTA SELATAN,KEBAYORAN BARU,MELAWAI,TAMAN KALIJAGA,"JL. SUNAN KALIJAGA, RT.1/RW.1, MELAWAI, KEC. KBY. BARU, KOTA JAKARTA SELATAN, DAERAH KHUSUS IBUKOTA JAKARTA 12160",TAMAN
2024,KOTA ADM. JAKARTA SELATAN,KEBAYORAN BARU,MELAWAI,TAMAN PANGLIMA POLIM XII,"JL. PANGLIMA POLIM XIII NO.5, RT.4/RW.1, MELAWAI, KEC. KBY. BARU, KOTA JAKARTA SELATAN, DAERAH KHUSUS IBUKOTA JAKARTA 12160",TAMAN
2024,KOTA ADM. JAKARTA SELATAN,KEBAYORAN BARU,MELAWAI,TAMAN PANGLIMA POLIM XIII,"JL. PANGLIMA POLIM XIII, RT.5/RW.1, MELAWAI, KEC. KBY. BARU, KOTA JAKARTA SELATAN, DAERAH KHUSUS IBUKOTA JAKARTA 12160",TAMAN
2024,KOTA ADM. JAKARTA SELATAN,KEBAYORAN BARU,MELAWAI,TAMAN WIJAYA XIV/SEGA,"JL. WIJAYA XV NO.9, RT.4/RW.3, MELAWAI, KEC. KBY. BARU, KOTA JAKARTA SELATAN, DAERAH KHUSUS IBUKOTA JAKARTA 12160",TAMAN
2024,KOTA ADM. JAKARTA SELATAN,KEBAYORAN BARU,MELAWAI,TAMAN WISMA ANGKASA,"JL. WIJAYA II, RT.1/RW.5, MELAWAI, KEC. KBY. BARU, KOTA JAKARTA SELATAN,",TAMAN
2024,KOTA ADM. JAKARTA SELATAN,KEBAYORAN BARU,MELAWAI,TAMAN WIJAYA IX,"JL. PANGLIMA POLIM II NO.1, RT.2/RW.3, MELAWAI, KEC. KBY. BARU, KOTA JAKARTA SELATAN, DAERAH KHUSUS IBUKOTA JAKARTA 12160",TAMAN
2024,KOTA ADM. JAKARTA SELATAN,KEBAYORAN BARU,MELAWAI,TAMAN SEPEDA/TAMAN MELAWAI,"JL. MELAWAI RAYA NO.8, RT.4/RW.6, MELAWAI, KEC. KBY. BARU, KOTA JAKARTA SELATAN, DAERAH KHUSUS IBUKOTA JAKARTA 12160",TAMAN
2024,KOTA ADM. JAKARTA SELATAN,KEBAYORAN BARU,MELAWAI,TAMAN ANGKASA,"JL. WIJAYA I, KEL. MELAWAI, KEC. KEBAYORAN BARU. JAKARTA SELATAN",TAMAN
2024,KOTA ADM. JAKARTA SELATAN,KEBAYORAN BARU,MELAWAI,TAMAN CILOSARI,"JL. CIBULAN RAYA RT 015/ 006 KELURAHAN PETOGOGAN, KEC. KEBAYORAN BARU JAKARTA SELATAN",TAMAN
2024,KOTA ADM. JAKARTA SELATAN,KEBAYORAN BARU,N/A,JALUR HIJAU JL. SARASWATI,JALUR HIJAU JL. SARASWATI,JALUR HIJAU
2024,KOTA ADM. JAKARTA SELATAN,KEBAYORAN BARU,N/A,JALUR HIJAU JL. ABDUL MAJID,JALUR HIJAU JL. ABDUL MAJID,JALUR HIJAU
2024,KOTA ADM. JAKARTA SELATAN,KEBAYORAN BARU,N/A,JALUR HIJAU JL. P. ANTASARI,JALUR HIJAU JL. P. ANTASARI,JALUR HIJAU
2024,KOTA ADM. JAKARTA SELATAN,KEBAYORAN BARU,N/A,JALUR HIJAU JL. RADIO DALAM,JALUR HIJAU JL. RADIO DALAM,JALUR HIJAU
2024,KOTA ADM. JAKARTA SELATAN,KEBAYORAN BARU,N/A,JALUR HIJAU JL. MARGAGUNA,JALUR HIJAU JL. MARGAGUNA,JALUR HIJAU
2024,KOTA ADM. JAKARTA SELATAN,KEBAYORAN BARU,N/A,TAMAN BUNDARAN PAKUBUWONO (JL. PAKUBUWONO 6 - JL. HANG LEKIR),TAMAN BUNDARAN PAKUBUWONO (JL. PAKUBUWONO 6 - JL. HANG LEKIR),JALUR HIJAU
2024,KOTA ADM. JAKARTA SELATAN,KEBAYORAN BARU,N/A,TAMAN POM SMKK 30,TAMAN POM SMKK 30,JALUR HIJAU
2024,KOTA ADM. JAKARTA SELATAN,KEBAYORAN BARU,N/A,TAMAN PULAU - PULAU JL. PAKUBUWONO 6 - JL. HANG LEKIU 4,TAMAN PULAU - PULAU JL. PAKUBUWONO 6 - JL. HANG LEKIU 4,JALUR HIJAU
2024,KOTA ADM. JAKARTA SELATAN,KEBAYORAN BARU,N/A,TAMAN PULAU - PULAU JL. PAKUBUWONO 6 - JL. LAUSER (SMK 30),TAMAN PULAU - PULAU JL. PAKUBUWONO 6 - JL. LAUSER (SMK 30),JALUR HIJAU
2024,KOTA ADM. JAKARTA SELATAN,KEBAYORAN BARU,N/A,TAMAN PULAU - PULAU JL. PAKUBUWONO 6 - JL. HANG LEKIU 1,TAMAN PULAU - PULAU JL. PAKUBUWONO 6 - JL. HANG LEKIU 1,JALUR HIJAU
2024,KOTA ADM. JAKARTA SELATAN,KEBAYORAN BARU,N/A,TAMAN PULAU - PULAU JL. PATIUNUS,TAMAN PULAU - PULAU JL. PATIUNUS,JALUR HIJAU
2024,KOTA ADM. JAKARTA SELATAN,KEBAYORAN BARU,N/A,TAMAN PULAU - PULAU JL. PAKUBUWONO 6 - JL. BUMI (EKS. PATUNG BEBEK),TAMAN PULAU - PULAU JL. PAKUBUWONO 6 - JL. BUMI (EKS. PATUNG BEBEK),JALUR HIJAU
2024,KOTA ADM. JAKARTA SELATAN,KEBAYORAN BARU,N/A,TAMAN PULAU - PULAU JL. BUMI - JL. TEBAH,TAMAN PULAU - PULAU JL. BUMI - JL. TEBAH,JALUR HIJAU
2024,KOTA ADM. JAKARTA SELATAN,KEBAYORAN BARU,N/A,TAMAN PULAU - PULAU JL. KYAI MAJA - JL. KERINCI,TAMAN PULAU - PULAU JL. KYAI MAJA - JL. KERINCI,JALUR HIJAU
2024,KOTA ADM. JAKARTA SELATAN,KEBAYORAN BARU,N/A,TAMAN PULO - PULO JL. KYAI MAJA - JL. LAUSER,TAMAN PULO - PULO JL. KYAI MAJA - JL. LAUSER,JALUR HIJAU
2024,KOTA ADM. JAKARTA SELATAN,KEBAYORAN BARU,N/A,TAMAN JL. PAKUBUWONO 6 - JL. KERINCI,TAMAN JL. PAKUBUWONO 6 - JL. KERINCI,JALUR HIJAU
2024,KOTA ADM. JAKARTA SELATAN,KEBAYORAN BARU,N/A,TAMAN PULAU - PULAU JL. PAKUBUWONO 6 - JL. HANG LEKIR 10,TAMAN PULAU - PULAU JL. PAKUBUWONO 6 - JL. HANG LEKIR 10,JALUR HIJAU
2024,KOTA ADM. JAKARTA SELATAN,KEBAYORAN BARU,N/A,TAMAN PULAU - PULAU JL. HANG LEKIR RAYA - JL. HANG LEKIR 4,TAMAN PULAU - PULAU JL. HANG LEKIR RAYA - JL. HANG LEKIR 4,JALUR HIJAU
2024,KOTA ADM. JAKARTA SELATAN,KEBAYORAN BARU,N/A,TAMAN PULAU - PULAU JL. HANG LEKIR RAYA - JL. HANG TUAH,TAMAN PULAU - PULAU JL. HANG LEKIR RAYA - JL. HANG TUAH,JALUR HIJAU
2024,KOTA ADM. JAKARTA SELATAN,PESANGGRAHAN,PETUKANGAN SELATAN,TAMAN H. LAHAB,"JL. SEGITIGA SELATAN 5, RT.8/ .1, KEL. PETUKANGAN SELATAN KEC. PESANGGRAHAN, KOTA JAKARTA SELATAN",TAMAN
2024,KOTA ADM. JAKARTA SELATAN,PESANGGRAHAN,PETUKANGAN SELATAN,TAMAN MARTILANG,"JL. SEGITIGA SELATAN 5, RT.8/ .1, KEL. PETUKANGAN SELATAN KEC. PESANGGRAHAN, KOTA JAKARTA SELATAN",TAMAN
2024,KOTA ADM. JAKARTA SELATAN,PESANGGRAHAN,PETUKANGAN SELATAN,TAMAN ANGGREK,"JL. H. MUHI, RT 08/12 KEL. BINTARO, KEC. PESANGGRAHAN. JAKARTA SELATAN ",TAMAN
2024,KOTA ADM. JAKARTA SELATAN,PESANGGRAHAN,PETUKANGAN SELATAN,RTH TAMAN MANUNGGAL II/ RPTRA MANUNGGAL ALAM SUTRA,"JL. INPRES NO.4, RT.4/RW.2, PETUKANGAN SEL., KEC. PESANGGRAHAN, KOTA JAKARTA SELATAN, DAERAH KHUSUS IBUKOTA JAKARTA 15156",TAMAN
2024,KOTA ADM. JAKARTA SELATAN,PESANGGRAHAN,PETUKANGAN SELATAN,RTH M. SAIDI (TAMAN M.SAIDI),"JL. M. SAIDI RT 010 RW 006 KEL. PETUKANGAN SELATAN KEC. PESANGGRAHAN, JAKARTA SELATAN",TAMAN
2024,KOTA ADM. JAKARTA SELATAN,PESANGGRAHAN,PETUKANGAN SELATAN,TAMAN TANGKAS IV,"JL. TANGKAS VI, RT.10/RW.2, PETUKANGAN SEL., KEC. PESANGGRAHAN, KOTA JAKARTA SELATAN, DAERAH KHUSUS IBUKOTA JAKARTA 12270",TAMAN
2024,KOTA ADM. JAKARTA SELATAN,PESANGGRAHAN,PETUKANGAN SELATAN,TAMAN TANGKAS PERMAI IV,"JL. TANGKAS PERMAI IV, PETUKANGAN SEL., KEC. PESANGGRAHAN, KOTA JAKARTA SELATAN, DAERAH KHUSUS IBUKOTA JAKARTA 12270",TAMAN
2024,KOTA ADM. JAKARTA SELATAN,PESANGGRAHAN,PETUKANGAN SELATAN,TAMAN TANGKAS IX,"JL. TANGKAS IX, RT.10/RW.2, PETUKANGAN SEL., KEC. PESANGGRAHAN, KOTA JAKARTA SELATAN, DAERAH KHUSUS IBUKOTA JAKARTA 12270",TAMAN
2024,KOTA ADM. JAKARTA SELATAN,PESANGGRAHAN,PETUKANGAN SELATAN,TAMAN M SAIDI,"JL. M. SAIDI RT 010 RW 006 KEL. PETUKANGAN SELATAN KEC. PESANGGRAHAN, JAKARTA SELATAN",TAMAN
2024,KOTA ADM. JAKARTA SELATAN,PESANGGRAHAN,PETUKANGAN UTARA,HUTAN KOTA KOSTRAD RAYA,JALAN KOSTRAD RAYA RT 001 RW 004 KEL. PETUKANGAN UTARA KEC. PESANGGRAHAN JAKARTA SELATAN,HUTAN
2024,KOTA ADM. JAKARTA SELATAN,PESANGGRAHAN,PETUKANGAN UTARA,PINTU MASUK & KELUAR TOL CILEDUG 2,PINTU MASUK & KELUAR TOL CILEDUG 2,JALUR HIJAU
2024,KOTA ADM. JAKARTA SELATAN,PESANGGRAHAN,PETUKANGAN UTARA,TAMAN SWADARMA,"JL. SWADARMA RAYA, PETUKANGAN UTARA, KEC. PESANGGRAHAN, KOTA JAKARTA SELATAN, DAERAH KHUSUS IBUKOTA JAKARTA 12260",TAMAN
2024,KOTA ADM. JAKARTA SELATAN,PESANGGRAHAN,PETUKANGAN UTARA,RTH SWADARMA,"JL. REFORMASI 1, RT.1/RW.9, ULUJAMI, KEC. PESANGGRAHAN, KOTA JAKARTA SELATAN, ",TAMAN
2024,KOTA ADM. JAKARTA SELATAN,PESANGGRAHAN,PETUKANGAN UTARA,RTH TAMAN ZODIA,"JL. H.DOEL NO.56-57, RT.6/RW.1, PETUKANGAN UTARA, KEC. PESANGGRAHAN, KOTA JAKARTA SELATAN, DAERAH KHUSUS IBUKOTA JAKARTA 12260",TAMAN
2024,KOTA ADM. JAKARTA SELATAN,PESANGGRAHAN,PETUKANGAN UTARA,RTH SWADARMA RAYA,"JL. SWADARMA RAYA KEL. PETUKANGAN UTARA KEC. PESANGGRAHAN, JAKARTA SELATAN",TAMAN
2024,KOTA ADM. JAKARTA SELATAN,PESANGGRAHAN,PETUKANGAN UTARA,RTH REFORMASI,"JL. REFORMASI RT 001 RW 009 KEL. PETUKANGAN UTARA KEC. PESANGGRAHAN, JAKARTA SELATAN",TAMAN
2024,KOTA ADM. JAKARTA SELATAN,PESANGGRAHAN,ULUJAMI,RTH RAJAI (TAMAN YUDHISTIRA),"JL. RAJAI RT 004 RW 004 KEL. ULUJAMI KEC. PESANGGRAHAN, JAKARTA SELATAN",TAMAN
2024,KOTA ADM. JAKARTA SELATAN,SETIA BUDI,GUNTUR,JALUR HIJAU TEPIAN AIR BANJIR KANAL BARAT (JL. JEND. SUDIRMAN - DUKUH ATAS S/D PERTIGAAN DEPAN PASAR RUMPUT SISI SELATAN),JALUR HIJAU TEPIAN AIR BANJIR KANAL BARAT (JL. JEND. SUDIRMAN - DUKUH ATAS S/D PERTIGAAN DEPAN PASAR RUMPUT SISI SELATAN),JALUR HIJAU
2024,KOTA ADM. JAKARTA SELATAN,SETIA BUDI,GUNTUR,JALUR HIJAU JL. EDI (SISI SELATAN),JALUR HIJAU JL. EDI (SISI SELATAN),JALUR HIJAU
2024,KOTA ADM. JAKARTA SELATAN,SETIA BUDI,GUNTUR,JALUR HIJAU JALAN KUNINGAN PERSADA (DEPAN GEDUNG KPK BARU),JALUR HIJAU JALAN KUNINGAN PERSADA (DEPAN GEDUNG KPK BARU),JALUR HIJAU
2024,KOTA ADM. JAKARTA SELATAN,SETIA BUDI,GUNTUR,TAMAN TANGKUBAN PERAHU,"JL. TANGKUBAN PERAHU NO.1, RT.5/RW.1, GUNTUR, KECAMATAN SETIABUDI, KOTA JAKARTA SELATAN, DAERAH KHUSUS IBUKOTA JAKARTA 12980",TAMAN
2024,KOTA ADM. JAKARTA SELATAN,SETIA BUDI,GUNTUR,TAMAN KALI CIDENG,"JL. GALUNGGUNG, RT.12/ 6, KEL. GUNTUR, KECAMATAN SETIABUDI,",TAMAN
2024,KOTA ADM. JAKARTA SELATAN,SETIA BUDI,GUNTUR,TAMAN SALAK,"JL. SALAK, KEL. GUNTUR, KEC. SETIABUDI",TAMAN
2024,KOTA ADM. JAKARTA SELATAN,SETIA BUDI,GUNTUR,RTH GEMBIRA UJUNG,"JL. GEMBIRA UJUNG, KEL. GUNTUR, KEC. SETIABUDI, JAKARTA SELATAN",TAMAN
2024,KOTA ADM. JAKARTA SELATAN,SETIA BUDI,KARET,JALUR HIJAU JL. FLAMBOYAN,JL. FLAMBOYAN,JALUR HIJAU
2024,KOTA ADM. JAKARTA SELATAN,SETIA BUDI,KARET KUNINGAN,JALUR HIJAU JALAN SETIABUDI TENGAH (DEPAN HOTEL FOUR SEASON),JALUR HIJAU JALAN SETIABUDI TENGAH (DEPAN HOTEL FOUR SEASON),JALUR HIJAU
2024,KOTA ADM. JAKARTA SELATAN,SETIA BUDI,KARET KUNINGAN,JALUR JL. SATRIO JALUR DIBAWAH JLNT KAMPUNG MELAYU - TANAH ABANG),JL. SATRIO (JALUR DIBAWAH JLNT KAMPUNG MELAYU - TANAH ABANG),JALUR HIJAU
2024,KOTA ADM. JAKARTA SELATAN,SETIA BUDI,KARET KUNINGAN,TAMAN BAKRI I DAN II,"JL. HR RASUNA SAID NO.62, RT. 5/ 5, KEL. KUNINGAN, KARET KUNINGAN, KEC. SETIABUDI, KOTA JAKARTA SELATAN",TAMAN
2024,KOTA ADM. JAKARTA TIMUR,DUREN SAWIT,PONDOK KOPI,TPU MALAKA II PONDOK KELAPA,"RT.8/RW.2, PD. KOPI, KEC. DUREN SAWIT, KOTA JAKARTA TIMUR, DAERAH KHUSUS IBUKOTA JAKARTA 13460",TPU
2024,KOTA ADM. JAKARTA TIMUR,DUREN SAWIT,PONDOK KOPI,TPU MALAKA I PONDOK KELAPA,"JL. RAWADAS NO.110, RT.8/RW.3, PD. KOPI, KEC. DUREN SAWIT, KOTA JAKARTA TIMUR, DAERAH KHUSUS IBUKOTA JAKARTA 13460",TPU
2024,KOTA ADM. JAKARTA TIMUR,JATINEGARA,CIPINANG BESAR SELATAN,TAMAN KEL. CIPINANG JAYA BLOK NN,"JL. ANTAR II  CIPINANG JAYA, JAKARTA TIMUR",TAMAN
2024,KOTA ADM. JAKARTA TIMUR,JATINEGARA,CIPINANG BESAR SELATAN,TAMAN KEL. CIPINANG JAYA BLOK LL,"CIPINANG JAYA BLOK LL, KECAMATAN JATINEGARA, JAKARTA TIMUR",TAMAN
2024,KOTA ADM. JAKARTA TIMUR,JATINEGARA,CIPINANG BESAR SELATAN,TAMAN KEL. CIPINANG JAYA II B,"CIPINANG JAYA II B, KECAMATAN JATINEGARA, JAKARTA TIMUR",TAMAN
2024,KOTA ADM. JAKARTA TIMUR,JATINEGARA,CIPINANG BESAR SELATAN,TAMAN KEL. CIPINANG JAYA RW 07,"JL. CIPINANG JAYA II, RT.5/RW.7, CIPINANG BESAR SELATAN, KECAMATAN JATINEGARA, KOTA JAKARTA TIMUR, DAERAH KHUSUS IBUKOTA JAKARTA 13410",TAMAN
2024,KOTA ADM. JAKARTA TIMUR,JATINEGARA,CIPINANG BESAR SELATAN,TPU CIPINANG BESAR,"JALAN KEBON NANAS, RT.1/RW.5, CIPINANG BESAR SELATAN, JATINEGARA, RT.10/RW.2, CIPINANG BESAR SEL., KECAMATAN JATINEGARA, KOTA JAKARTA TIMUR, DAERAH KHUSUS IBUKOTA JAKARTA 13410",TPU
2024,KOTA ADM. JAKARTA TIMUR,JATINEGARA,CIPINANG BESAR UTARA,TAMAN VIADUCT JATINEGARA SISI TIMUR & SEGITIGANYA,"JL. BEKASI TIMUR IV NO.16, RT.16/RW.7, CIPINANG BESAR UTARA, KECAMATAN JATINEGARA, KOTA JAKARTA TIMUR, DAERAH KHUSUS IBUKOTA JAKARTA 13410",TAMAN
2024,KOTA ADM. JAKARTA TIMUR,JATINEGARA,CIPINANG BESAR UTARA,TAMAN DEPAN KEJAKSAAN,"JL. DI. PANJAITAN BY PASS NO.15, RT.15/RW.7, CIPINANG BESAR UTARA, KECAMATAN JATINEGARA, KOTA JAKARTA TIMUR, DAERAH KHUSUS IBUKOTA JAKARTA 13410",TAMAN
2024,KOTA ADM. JAKARTA TIMUR,JATINEGARA,CIPINANG BESAR UTARA,TAMAN RTH CIPINANG BESAR UTARA,JL  CIPINANG ELOK II BLOK AH,TAMAN
2024,KOTA ADM. JAKARTA TIMUR,JATINEGARA,CIPINANG BESAR UTARA,TPU PRUMPUNG,"JL. TPU PRUMPUNG, RT.3/RW.6, CIPINANG BESAR UTARA, KECAMATAN JATINEGARA, KOTA JAKARTA TIMUR, DAERAH KHUSUS IBUKOTA JAKARTA 13410",TPU
2024,KOTA ADM. JAKARTA TIMUR,JATINEGARA,CIPINANG CEMPEDAK,TAMAN CORNEL SIMANJUNTAK DAN TAMAN SEGITIGA CORNEL SIMANJUNTAK,"JL. CIPINANG CEMPEDAK I NO.3, RT.11/RW.3, CIPINANG CEMPEDAK, KECAMATAN JATINEGARA, KOTA JAKARTA TIMUR, DAERAH KHUSUS IBUKOTA JAKARTA 13340",TAMAN
2024,KOTA ADM. JAKARTA TIMUR,JATINEGARA,CIPINANG CEMPEDAK,TAMAN HIJAU DAUN,"JL. TAMAN HIJAU DAUN NO.20, RT.7/RW.11, CIPINANG CEMPEDAK, KECAMATAN JATINEGARA, KOTA JAKARTA TIMUR, DAERAH KHUSUS IBUKOTA JAKARTA 13340",TAMAN
2024,KOTA ADM. JAKARTA TIMUR,JATINEGARA,CIPINANG CEMPEDAK,TAMAN MERAH DELIMA,"JL. MERAH DELIMA II NO.4, RT.4/RW.11, CIPINANG CEMPEDAK, KECAMATAN JATINEGARA, KOTA JAKARTA TIMUR, DAERAH KHUSUS IBUKOTA JAKARTA 13340",TAMAN
2024,KOTA ADM. JAKARTA TIMUR,JATINEGARA,CIPINANG MUARA,TAMAN CIPINANG ELOK II BLOK AH,"JL. CIPINANG ELOK II, CIPINANG MUARA, KECAMATAN JATINEGARA, KOTA JAKARTA TIMUR, DAERAH KHUSUS IBUKOTA JAKARTA 13420",TAMAN
2024,KOTA ADM. JAKARTA TIMUR,JATINEGARA,CIPINANG MUARA,TAMAN CIPINANG ELOK II BLOK AV,"JL. A. 5 NO.64, RT.8/RW.3, CIPINANG MUARA, KECAMATAN JATINEGARA, KOTA JAKARTA TIMUR, DAERAH KHUSUS IBUKOTA JAKARTA 13420",TAMAN
2024,KOTA ADM. JAKARTA TIMUR,JATINEGARA,CIPINANG MUARA,TAMAN CIPINANG ELOK II BLOK X,"JL. CIPINANG ELOK II BLOK X RW.10, CIPINANG MUARA, KECAMATAN JATINEGARA, KOTA JAKARTA TIMUR, DAERAH KHUSUS IBUKOTA JAKARTA 13420",TAMAN
2024,KOTA ADM. JAKARTA TIMUR,JATINEGARA,CIPINANG MUARA,TAMAN RTH CIPINANG MUARA,"RW 08 CIPINANG MUARA , JAKARTA TIMUR , JATINEGARA",TAMAN
2024,KOTA ADM. JAKARTA TIMUR,JATINEGARA,CIPINANG MUARA,TAMAN CIPINANG INDAH RW. 16,"PERUMAHAN CIPINANG INDAH RW 16, CIPINANG MUARA",TAMAN
2024,KOTA ADM. JAKARTA TIMUR,JATINEGARA,N/A,JH. JL. BASURA UNDERPASS S.D PUTARAN JL. CIP. INDAH PULO2,JH. JL. BASURA UNDERPASS S.D PUTARAN JL. CIP. INDAH PULO2,JALUR HIJAU
2024,KOTA ADM. JAKARTA TIMUR,JATINEGARA,N/A,JH. JL. BEKASI TIMUR RAYA (DEPAN LP CIPINANG),JH. JL. BEKASI TIMUR RAYA (DEPAN LP CIPINANG),JALUR HIJAU
2024,KOTA ADM. JAKARTA TIMUR,JATINEGARA,N/A,JH. JL. DI PANJAITAN,JH. JL. DI PANJAITAN,JALUR HIJAU
2024,KOTA ADM. JAKARTA TIMUR,JATINEGARA,N/A,JH. JL. BEKASI BARAT,JH. JL. BEKASI BARAT,JALUR HIJAU
2024,KOTA ADM. JAKARTA TIMUR,JATINEGARA,N/A,JH. JL. OTISTA RAYA,JH. JL. OTISTA RAYA,JALUR HIJAU
2024,KOTA ADM. JAKARTA TIMUR,JATINEGARA,N/A,JH. JL. JATINEGARA TIMUR,JH. JL. JATINEGARA TIMUR,JALUR HIJAU
2024,KOTA ADM. JAKARTA TIMUR,JATINEGARA,N/A,JH. JL. MUTU MANIKAM & MT. HARYONO,JH. JL. MUTU MANIKAM & MT. HARYONO,JALUR HIJAU
2024,KOTA ADM. JAKARTA TIMUR,JATINEGARA,N/A,KAWASAN FO KAMPUNG MELAYU,KAWASAN FO KAMPUNG MELAYU,JALUR HIJAU
2024,KOTA ADM. JAKARTA TIMUR,JATINEGARA,N/A,JH. PATUNG PERJUANGAN,JH. PATUNG PERJUANGAN,JALUR HIJAU
2024,KOTA ADM. JAKARTA TIMUR,JATINEGARA,N/A,JH. BECAKAYU,JH. BECAKAYU,JALUR HIJAU
2024,KOTA ADM. JAKARTA PUSAT,KEMAYORAN,TANAH TINGGI,JH BAWAH FO GALUR,JH BAWAH FO GALUR,JALUR HIJAU
2024,KOTA ADM. JAKARTA PUSAT,KEMAYORAN,UTAN PANJANG,JH SEPANJANG TEPIAN AIR KALI SENTIONG (SISI JEMBATAN MARTO S/D GALUR) KANAN KIRI,JH SEPANJANG TEPIAN AIR KALI SENTIONG (SISI JEMBATAN MARTO S/D GALUR) KANAN KIRI,JALUR HIJAU
2024,KOTA ADM. JAKARTA PUSAT,KEMAYORAN,UTAN PANJANG,TAMAN KALIBARU TIMUR,"JL. KALIBARU TIMUR 136-109, RT.13/RW.10, UTAN PANJANG, KEC. KEMAYORAN, KOTA JAKARTA PUSAT, DAERAH KHUSUS IBUKOTA JAKARTA 10630",TAMAN
2024,KOTA ADM. JAKARTA PUSAT,MENTENG,CIKINI,SEGITIGA PULO DEPAN MESJID CUT MUTIA & AMENITIES TROTOAR,SEGITIGA PULO DEPAN MESJID CUT MUTIA & AMENITIES TROTOAR,JALUR HIJAU
2024,KOTA ADM. JAKARTA PUSAT,MENTENG,CIKINI,JH JL. RADEN SALEH (AMENITIES TROTOAR DAN SEGITIGA),JH JL. RADEN SALEH (AMENITIES TROTOAR DAN SEGITIGA),JALUR HIJAU
2024,KOTA ADM. JAKARTA PUSAT,MENTENG,CIKINI,JALUR HIJAU JL. CUT MEUTIA,JL.. CUT MEUTIA,JALUR HIJAU
2024,KOTA ADM. JAKARTA PUSAT,MENTENG,GONDANGDIA,JH JL. GEREJA THERESIA,JH JL. GEREJA THERESIA,JALUR HIJAU
2024,KOTA ADM. JAKARTA PUSAT,MENTENG,GONDANGDIA,JH JL. SUTAN SYAHRIR (PINGGIR KALI),JH JL. SUTAN SYAHRIR (PINGGIR KALI),JALUR HIJAU
2024,KOTA ADM. JAKARTA PUSAT,MENTENG,GONDANGDIA,JH JL. DR GSS RATULANGI DAN BAWAH REL BELAKANG MESJID CUT MUTIA,JH JL. DR GSS RATULANGI DAN BAWAH REL BELAKANG MESJID CUT MUTIA,JALUR HIJAU
2024,KOTA ADM. JAKARTA PUSAT,MENTENG,GONDANGDIA,JH JL. SUNDA,JH JL. SUNDA,JALUR HIJAU
2024,KOTA ADM. JAKARTA PUSAT,MENTENG,GONDANGDIA,PHB HOS COKROAMINOTO,PHB HOS COKROAMINOTO,JALUR HIJAU
2024,KOTA ADM. JAKARTA PUSAT,MENTENG,GONDANGDIA,JH JL. JOHAR,JH JL. JOHAR,JALUR HIJAU
2024,KOTA ADM. JAKARTA PUSAT,MENTENG,GONDANGDIA,TAMAN SEGITIGA RASAMALA,TAMAN SEGITIGA RASAMALA,JALUR HIJAU
2024,KOTA ADM. JAKARTA PUSAT,MENTENG,GONDANGDIA,TAMAN SEGITIGA MALUKU,TAMAN SEGITIGA MALUKU,JALUR HIJAU
2024,KOTA ADM. JAKARTA PUSAT,MENTENG,GONDANGDIA,TAMAN PULAU JL. CENDANA,JL. CENDANA,JALUR HIJAU
2024,KOTA ADM. JAKARTA PUSAT,MENTENG,GONDANGDIA,TAMAN SEGITIGA THERESIA,TAMAN SEGITIGA THERESIA,JALUR HIJAU
2024,KOTA ADM. JAKARTA PUSAT,MENTENG,GONDANGDIA,TAMAN SEGITIGA AGUS SALIM,TAMAN SEGITIGA AGUS SALIM,JALUR HIJAU
2024,KOTA ADM. JAKARTA PUSAT,MENTENG,GONDANGDIA,TAMAN SEGITIGA CEMARA,TAMAN SEGITIGA CEMARA,JALUR HIJAU
2024,KOTA ADM. JAKARTA PUSAT,MENTENG,GONDANGDIA,TAMAN SEGITIGA JAWA,TAMAN SEGITIGA JAWA,JALUR HIJAU
2024,KOTA ADM. JAKARTA PUSAT,MENTENG,GONDANGDIA,TAMAN SAWO,TAMAN SAWO,JALUR HIJAU
2024,KOTA ADM. JAKARTA PUSAT,MENTENG,GONDANGDIA,TAMAN SEGITIGA SUMATRA,TAMAN SEGITIGA SUMATRA,JALUR HIJAU
2024,KOTA ADM. JAKARTA PUSAT,MENTENG,GONDANGDIA,TAMAN SEGITIGA LOMBOK,TAMAN SEGITIGA LOMBOK,JALUR HIJAU
2024,KOTA ADM. JAKARTA PUSAT,MENTENG,GONDANGDIA,TAMAN SEGITIGA SAM RATULANGI UJUNG,TAMAN SEGITIGA SAM RATULANGI UJUNG,JALUR HIJAU
2024,KOTA ADM. JAKARTA PUSAT,MENTENG,GONDANGDIA,BUNDARAN & SEGITIGA PULO JL. CUT MUTIA/JL. GSSJ RATULANGI/JL. CUT NYAK DIEN,BUNDARAN & SEGITIGA PULO JL. CUT MUTIA/JL. GSSJ RATULANGI/JL. CUT NYAK DIEN,JALUR HIJAU
2024,KOTA ADM. JAKARTA PUSAT,MENTENG,GONDANGDIA,JALUR HIJAU JL. TEUKU UMAR,JL. TEUKU UMAR,JALUR HIJAU
2024,KOTA ADM. JAKARTA PUSAT,MENTENG,GONDANGDIA,TAMAN PROBOLINGGO,"JL. PROBOLINGGO NO.18A, RT.1/RW.2, KUNINGAN, RT.16/RW.5, GONDANGDIA, KEC. MENTENG, KOTA JAKARTA PUSAT, DAERAH KHUSUS IBUKOTA JAKARTA 10350",TAMAN
2024,KOTA ADM. JAKARTA PUSAT,MENTENG,KEBON MELATI,JH TEPIAN AIR JL. TELUK BETUNG,JH TEPIAN AIR JL. TELUK BETUNG,JALUR HIJAU
2024,KOTA ADM. JAKARTA PUSAT,MENTENG,KEBON SIRIH,JH JL. SRIKAYA (BAWAH REL KERETA),JH JL. SRIKAYA (BAWAH REL KERETA),JALUR HIJAU
2024,KOTA ADM. JAKARTA PUSAT,MENTENG,KEBON SIRIH,TAMAN SEGITIGA SRIKAYA,TAMAN SEGITIGA SRIKAYA,JALUR HIJAU
2024,KOTA ADM. JAKARTA PUSAT,MENTENG,KEBON SIRIH,BAK-BAK PATUNG TANI,BAK-BAK PATUNG TANI,JALUR HIJAU
2024,KOTA ADM. JAKARTA PUSAT,MENTENG,KEBON SIRIH,JH JL. MENTENG RAYA (DARI JL. KEBON SIRIH SD JL. CUT MUTIA),JH JL. MENTENG RAYA (DARI JL. KEBON SIRIH SD JL. CUT MUTIA),JALUR HIJAU
2024,KOTA ADM. JAKARTA PUSAT,MENTENG,MENTENG,JH TEPIAN AIR JL. SUMENEP,JH TEPIAN AIR JL. SUMENEP,JALUR HIJAU
2024,KOTA ADM. JAKARTA PUSAT,MENTENG,MENTENG,JH JL. TEUKU CIK DITIRO,JH JL. TEUKU CIK DITIRO,JALUR HIJAU
2024,KOTA ADM. JAKARTA PUSAT,MENTENG,MENTENG,JH JL. CIMAHI,JH JL. CIMAHI,JALUR HIJAU
2024,KOTA ADM. JAKARTA PUSAT,MENTENG,MENTENG,JH JL. MOHAMMAD YAMIN (PINGGIR KALI),JH JL. MOHAMMAD YAMIN (PINGGIR KALI),JALUR HIJAU
2024,KOTA ADM. JAKARTA SELATAN,KEBAYORAN BARU,N/A,JALUR HIJAU JL. HASANUDDIN BARAT,JALUR HIJAU JL. HASANUDDIN BARAT,JALUR HIJAU
2024,KOTA ADM. JAKARTA SELATAN,KEBAYORAN BARU,N/A,JALUR HIJAU JL. ISKANDARSYAH,JALUR HIJAU JL. ISKANDARSYAH,JALUR HIJAU
2024,KOTA ADM. JAKARTA SELATAN,KEBAYORAN BARU,N/A,JALUR HIJAU JL. WIJAYA IV,JALUR HIJAU JL. WIJAYA IV,JALUR HIJAU
2024,KOTA ADM. JAKARTA SELATAN,KEBAYORAN BARU,N/A,JALUR HIJAU JL. WIJAYA II,JALUR HIJAU JL. WIJAYA II,JALUR HIJAU
2024,KOTA ADM. JAKARTA SELATAN,KEBAYORAN BARU,N/A,TAMAN PULO - PULO JL. WIJAYA 2 - JL. WIJAYA 13 (WISMA ANGKASA),TAMAN PULO - PULO JL. WIJAYA 2 - JL. WIJAYA 13 (WISMA ANGKASA),JALUR HIJAU
2024,KOTA ADM. JAKARTA SELATAN,KEBAYORAN BARU,N/A,TAMAN BUNDARAN BLOK P,TAMAN BUNDARAN BLOK P,JALUR HIJAU
2024,KOTA ADM. JAKARTA SELATAN,KEBAYORAN BARU,N/A,JALUR HIJAU JL. FX SOETOMO,JALUR HIJAU JL. FX SOETOMO,JALUR HIJAU
2024,KOTA ADM. JAKARTA SELATAN,KEBAYORAN BARU,N/A,JALUR HIJAU JL. CIBITUNG,JALUR HIJAU JL. CIBITUNG,JALUR HIJAU
2024,KOTA ADM. JAKARTA SELATAN,KEBAYORAN BARU,N/A,JALUR HIJAU SAMPING & BELAKANG WALIKOTA JAKARTA SELATAN,JALUR HIJAU SAMPING & BELAKANG WALIKOTA JAKARTA SELATAN,JALUR HIJAU
2024,KOTA ADM. JAKARTA SELATAN,KEBAYORAN BARU,N/A,TAMAN PULO - PULO JL. PRAPANCA UJUNG,TAMAN PULO - PULO JL. PRAPANCA UJUNG,JALUR HIJAU
2024,KOTA ADM. JAKARTA SELATAN,KEBAYORAN BARU,N/A,TAMAN PULO - PULO JL. PRAPANCA RAYA - JL. BRAWIJAYA RAYA,TAMAN PULO - PULO JL. PRAPANCA RAYA - JL. BRAWIJAYA RAYA,JALUR HIJAU
2024,KOTA ADM. JAKARTA SELATAN,KEBAYORAN BARU,N/A,TAMAN PULO - PULO JL. DHARMAWANGSA - JL. BRAWIJAYA IC,TAMAN PULO - PULO JL. DHARMAWANGSA - JL. BRAWIJAYA IC,JALUR HIJAU
2024,KOTA ADM. JAKARTA SELATAN,KEBAYORAN BARU,N/A,TAMAN PULO - PULO JL. DHARMAWANGSA SQUARE (JL. DHARMAWANGSA IX),TAMAN PULO - PULO JL. DHARMAWANGSA SQUARE (JL. DHARMAWANGSA IX),JALUR HIJAU
2024,KOTA ADM. JAKARTA SELATAN,KEBAYORAN BARU,N/A,TAMAN PULO - PULO JL. PRAPANCA RAYA - JL. DHARMAWANGSA 10,TAMAN PULO - PULO JL. PRAPANCA RAYA - JL. DHARMAWANGSA 10,JALUR HIJAU
2024,KOTA ADM. JAKARTA SELATAN,KEBAYORAN BARU,N/A,TAMAN PULO - PULO JL. PRAPANCA RAYA - JL. BRAWIJAYA VIII,TAMAN PULO - PULO JL. PRAPANCA RAYA - JL. BRAWIJAYA VIII,JALUR HIJAU
2024,KOTA ADM. JAKARTA SELATAN,KEBAYORAN BARU,N/A,PULAU JALAN BRAWIJAYA RAYA,PULAU JALAN BRAWIJAYA RAYA,JALUR HIJAU
2024,KOTA ADM. JAKARTA SELATAN,KEBAYORAN BARU,N/A,"JALUR HIJAU JL. BRAWIJAYA VII, VIII, IX","JALUR HIJAU JL. BRAWIJAYA VII, VIII, IX",JALUR HIJAU
2024,KOTA ADM. JAKARTA SELATAN,KEBAYORAN BARU,N/A,JALUR HIJAU JL. BRAWIJAYA V,JALUR HIJAU JL. BRAWIJAYA V,JALUR HIJAU
2024,KOTA ADM. JAKARTA SELATAN,KEBAYORAN BARU,N/A,JALUR HIJAU JL. WIJAYA XIV,JALUR HIJAU JL. WIJAYA XIV,JALUR HIJAU
2024,KOTA ADM. JAKARTA SELATAN,KEBAYORAN BARU,N/A,JALUR HIJAU JL. BRAWIJAYA II,JALUR HIJAU JL. BRAWIJAYA II,JALUR HIJAU
2024,KOTA ADM. JAKARTA SELATAN,KEBAYORAN BARU,N/A,JALUR HIJAU JL. DARMAWANGSA IX,JALUR HIJAU JL. DARMAWANGSA IX,JALUR HIJAU
2024,KOTA ADM. JAKARTA SELATAN,KEBAYORAN BARU,N/A,JALUR HIJAU JL. DARMAWANGSA,JALUR HIJAU JL. DARMAWANGSA,JALUR HIJAU
2024,KOTA ADM. JAKARTA SELATAN,KEBAYORAN BARU,N/A,JALUR HIJAU JL. BRAWIJAYA RAYA,JALUR HIJAU JL. BRAWIJAYA RAYA,JALUR HIJAU
2024,KOTA ADM. JAKARTA SELATAN,KEBAYORAN BARU,N/A,JALUR HIJAU JL. PRAPANCA RAYA,JALUR HIJAU JL. PRAPANCA RAYA,JALUR HIJAU
2024,KOTA ADM. JAKARTA SELATAN,KEBAYORAN BARU,N/A,TAMAN PULAU - PULAU JL. GUNAWARMAN - JL. CIKATOMAS,TAMAN PULAU - PULAU JL. GUNAWARMAN - JL. CIKATOMAS,JALUR HIJAU
2024,KOTA ADM. JAKARTA SELATAN,KEBAYORAN BARU,N/A,TAMAN PULAU - PULAU JL. SURYO - JL.BIRAH I,TAMAN PULAU - PULAU JL. SURYO - JL.BIRAH I,JALUR HIJAU
2024,KOTA ADM. JAKARTA SELATAN,KEBAYORAN BARU,N/A,TAMAN PULAU - PULAU JL. SURYO - JL. BIRAH II,TAMAN PULAU - PULAU JL. SURYO - JL. BIRAH II,JALUR HIJAU
2024,KOTA ADM. JAKARTA SELATAN,KEBAYORAN BARU,N/A,TAMAN PULAU - PULAU SANTA,TAMAN PULAU - PULAU SANTA,JALUR HIJAU
2024,KOTA ADM. JAKARTA SELATAN,KEBAYORAN BARU,N/A,PULAU JALAN BHAKTI,PULAU JALAN BHAKTI,JALUR HIJAU
2024,KOTA ADM. JAKARTA SELATAN,KEBAYORAN BARU,N/A,PULAU JALAN SURYO I SURYO II DAN SURYO III,PULAU JALAN SURYO I SURYO II DAN SURYO III,JALUR HIJAU
2024,KOTA ADM. JAKARTA SELATAN,KEBAYORAN BARU,N/A,TAMAN PULAU - PULAU JL. GUNAWARMAN - JL. BELITUNG,TAMAN PULAU - PULAU JL. GUNAWARMAN - JL. BELITUNG,JALUR HIJAU
2024,KOTA ADM. JAKARTA SELATAN,KEBAYORAN BARU,N/A,TAMAN PULAU - PULAU JL. GUNAWARMAN - JL. ERLANGGA,TAMAN PULAU - PULAU JL. GUNAWARMAN - JL. ERLANGGA,JALUR HIJAU
2024,KOTA ADM. JAKARTA SELATAN,KEBAYORAN BARU,N/A,TAMAN PULAU - PULAU JL. GUNAWARMAN - JL. KERTANEGARA,TAMAN PULAU - PULAU JL. GUNAWARMAN - JL. KERTANEGARA,JALUR HIJAU
2024,KOTA ADM. JAKARTA SELATAN,SETIA BUDI,KARET KUNINGAN,TAMAN AINI,"JL. H. R. RASUNA SAID NO.18, RT.18/RW.2, KUNINGAN, KARET KUNINGAN, KECAMATAN SETIABUDI, KOTA JAKARTA SELATAN, DAERAH KHUSUS IBUKOTA JAKARTA 12920",TAMAN
2024,KOTA ADM. JAKARTA SELATAN,SETIA BUDI,KARET KUNINGAN,TAMAN AINI III,"JL. H. R. RASUNA SAID NO.18, RT.18/RW.2, KUNINGAN, KARET KUNINGAN, KECAMATAN SETIABUDI, KOTA JAKARTA SELATAN, DAERAH KHUSUS IBUKOTA JAKARTA 12920",TAMAN
2024,KOTA ADM. JAKARTA SELATAN,SETIA BUDI,KARET KUNINGAN,TAMAN AINI V,"JL. H. R. RASUNA SAID NO.18, RT.18/RW.2, KUNINGAN, KARET KUNINGAN, KECAMATAN SETIABUDI, KOTA JAKARTA SELATAN, DAERAH KHUSUS IBUKOTA JAKARTA 12920",TAMAN
2024,KOTA ADM. JAKARTA SELATAN,SETIA BUDI,KARET KUNINGAN,TAMAN FLAMBOYAN,"JL. FLAMBOYAN NO.4, RT.9/ .3, KEL. KUNINGAN, KARET KUNINGAN KEC. SETIABUDI, KOTA JAKARTA SELATAN",TAMAN
2024,KOTA ADM. JAKARTA SELATAN,SETIA BUDI,KARET KUNINGAN,TAMAN PKK,"JL. FLAMBOYAN NO.4, RT.9/ .3, KEL. KUNINGAN, KARET KUNINGAN KEC. SETIABUDI,",TAMAN
2024,KOTA ADM. JAKARTA SELATAN,SETIA BUDI,KARET SEMANGGI,JALUR HIJAU JL. GARNISUN (DEPAN KANTOR KEL LAMA),JALUR HIJAU JL. GARNISUN (DEPAN KANTOR KEL LAMA),JALUR HIJAU
2024,KOTA ADM. JAKARTA SELATAN,SETIA BUDI,KARET SEMANGGI,JALUR HIJAU JL. GARNISUN (DEPAN RS. JAKARTA),JALUR HIJAU JL. GARNISUN (DEPAN RS. JAKARTA),JALUR HIJAU
2024,KOTA ADM. JAKARTA SELATAN,SETIA BUDI,KUNINGAN BARAT,FLY OVER KUNINGAN (ATAS - BAWAH),"JL. SETIABUDI TENGAH NO.1, RT.14/RW.1, KUNINGAN, SETIA BUDI, KECAMATAN SETIABUDI, KOTA JAKARTA SELATAN, DAERAH KHUSUS IBUKOTA JAKARTA 12910",JALUR HIJAU
2024,KOTA ADM. JAKARTA SELATAN,SETIA BUDI,KUNINGAN BARAT,TAMAN TUGU 66,"JL. HOS. COKROAMINOTO, RT.5/RW.1, KUNINGAN, KECAMATAN SETIABUDI, KOTA JAKARTA SELATAN, DAERAH KHUSUS IBUKOTA JAKARTA 12910",TAMAN
2024,KOTA ADM. JAKARTA SELATAN,SETIA BUDI,KUNINGAN TIMUR,JALUR HIJAU JL. DENPASAR RAYA,JALUR HIJAU JL. DENPASAR RAYA,JALUR HIJAU
2024,KOTA ADM. JAKARTA SELATAN,SETIA BUDI,KUNINGAN TIMUR,JALUR HIJAU JL. PATRA RAYA,JALUR HIJAU JL. PATRA RAYA,JALUR HIJAU
2024,KOTA ADM. JAKARTA SELATAN,SETIA BUDI,KUNINGAN TIMUR,JALUR HIJAU JL. PATRA UTARA,JALUR HIJAU JL. PATRA UTARA,JALUR HIJAU
2024,KOTA ADM. JAKARTA SELATAN,SETIA BUDI,KUNINGAN TIMUR,JALUR HIJAU JL. BESAKIH,JALUR HIJAU JL. BESAKIH,JALUR HIJAU
2024,KOTA ADM. JAKARTA SELATAN,SETIA BUDI,KUNINGAN TIMUR,JALUR JL. GATOT SUBROTO (PANCORAN S/D SLIPI),JL. GATOT SUBROTO (PANCORAN S/D SLIPI),JALUR HIJAU
2024,KOTA ADM. JAKARTA SELATAN,SETIA BUDI,KUNINGAN TIMUR,TAMAN UBUD,"JL. TAMAN UBUD KUNINGAN, KUNINGAN TIM., KECAMATAN SETIABUDI, KOTA JAKARTA SELATAN, DAERAH KHUSUS IBUKOTA JAKARTA",TAMAN
2024,KOTA ADM. JAKARTA SELATAN,SETIA BUDI,KUNINGAN TIMUR,TAMAN DENPASAR II,"JL. DENPASAR II RT.1/RW.2, KUNINGAN, KUNINGAN TIM., KECAMATAN SETIABUDI,",TAMAN
2024,KOTA ADM. JAKARTA SELATAN,SETIA BUDI,KUNINGAN TIMUR,TAMAN RUMAH DINAS JABATAN WAKIL GUBERNUR,"JL. MEGA KUNINGAN BARAT III NO.E. 35, RT.1/RW.2, KUNINGAN, KUNINGAN TIM., KECAMATAN SETIABUDI, KOTA JAKARTA SELATAN, DAERAH KHUSUS IBUKOTA JAKARTA 12950",TAMAN
2024,KOTA ADM. JAKARTA SELATAN,SETIA BUDI,KUNINGAN TIMUR,TAMAN RUMAH DINAS JABATAN SEKDA,MEGA KUNINGAN,TAMAN
2024,KOTA ADM. JAKARTA SELATAN,SETIA BUDI,MANGGARAI,TAMAN SULTAN AGUNG,JL.PASAR RUMPUT KEL. PASAR MANGGIS KEC. SETIABUDI.,TAMAN
2024,KOTA ADM. JAKARTA SELATAN,SETIA BUDI,MANGGARAI SELATAN,TAMAN PASAR MANGGIS,"JL. DR. SAHARJO NO.107, RT.2/RW.10, MANGGARAI SEL., KEC. TEBET,",TAMAN
2024,KOTA ADM. JAKARTA SELATAN,SETIA BUDI,MENTENG ATAS,TPU MENTENG PULO III,"JL. MENTENG PULO NO.9, RT.2/RW.9, MENTENG ATAS, KECAMATAN SETIABUDI, KOTA JAKARTA SELATAN, DAERAH KHUSUS IBUKOTA JAKARTA 12960",TPU
2024,KOTA ADM. JAKARTA SELATAN,SETIA BUDI,N/A,JALUR JL. JEND. SUDIRMAN (JALUR HIJAU MEDIAN DAN AMENITIES),JL. JEND. SUDIRMAN (JALUR HIJAU MEDIAN DAN AMENITIES),JALUR HIJAU
2024,KOTA ADM. JAKARTA SELATAN,SETIA BUDI,N/A,JALUR JL. HR. RASUNA SAID,JL. HR. RASUNA SAID,JALUR HIJAU
2024,KOTA ADM. JAKARTA SELATAN,SETIA BUDI,N/A,JPO JL. HR. RASUNA SAID (4 JPO),JPO JL. HR. RASUNA SAID (4 JPO),JALUR HIJAU
2024,KOTA ADM. JAKARTA SELATAN,SETIA BUDI,PASAR MANGGIS,JALUR HIJAU JL. MINANGKABAU (SISI BARAT & TIMUR),JALUR HIJAU JL. MINANGKABAU (SISI BARAT & TIMUR),JALUR HIJAU
2024,KOTA ADM. JAKARTA SELATAN,SETIA BUDI,PASAR MANGGIS,TAMAN POS DISHUB,"JL. MINANGKABAU, KEL. PASAR MANGGIS, KEC. SETIABUDI",TAMAN
2024,KOTA ADM. JAKARTA SELATAN,SETIA BUDI,PASAR MANGGIS,TAMAN MINANG KABAU,JL.SAHARDJO KEL. PASAR MANGGIS KEC. SETIABUDI.,TAMAN
2024,KOTA ADM. JAKARTA SELATAN,SETIA BUDI,PEJATEN TIMUR,TAMAN BATU,"JL. BATU I NO.324, RT.3/RW.2, PEJATEN TIM., KEC. PS. MINGGU, KOTA JAKARTA SELATAN",TAMAN
2024,KOTA ADM. JAKARTA SELATAN,SETIA BUDI,SETIA BUDI,JALUR HIJAU LERENG LANDMARK,JALUR HIJAU LERENG LANDMARK,JALUR HIJAU
2024,KOTA ADM. JAKARTA SELATAN,SETIA BUDI,SETIA BUDI,JALUR HIJAU PULO-PULO LANDMARK I & II,PULO-PULO LANDMARK I & II,JALUR HIJAU
2024,KOTA ADM. JAKARTA BARAT,KALI DERES,PEGADUNGAN,RTH PURI GARDENIA (TAMAN KUMBANG SEREH),"PERUM PURI GARDENA II RT 007 RW 001 KEL. PEGADUNGAN KEC. KALIDERES, JAKARTA BARAT",TAMAN
2024,KOTA ADM. JAKARTA BARAT,KALI DERES,PEGADUNGAN,TPU UTAN JATI,"JL. UTAN JATI, RT.2/RW.11, PEGADUNGAN, KEC. KALIDERES, KOTA JAKARTA BARAT, DAERAH KHUSUS IBUKOTA JAKARTA 11830",TPU
2024,KOTA ADM. JAKARTA BARAT,KALI DERES,PEGADUNGAN,TPU PEGADUNGAN,"JL. BENDA RAYA NO.74, RT.7/RW.7, PREPEDAN, KEC. KALIDERES, KOTA JAKARTA BARAT, DAERAH KHUSUS IBUKOTA JAKARTA 11820, INDONESIA",TPU
2024,KOTA ADM. JAKARTA BARAT,KALI DERES,SEMANAN,TAMAN KOPTI,"JL. BALONGAN BARU II NO.15, RT.4/RW.11, SEMANAN, KEC. KALIDERES, KOTA JAKARTA BARAT, DAERAH KHUSUS IBUKOTA JAKARTA 11850",TAMAN
2024,KOTA ADM. JAKARTA BARAT,KALI DERES,SEMANAN,TAMAN KERAMAT,"JL. TEBET BARAT III C RT.9/ 3, KEL. TEBET BARAT KEC. TEBET, JAKARTA SELATAN",TAMAN
2024,KOTA ADM. JAKARTA BARAT,KALI DERES,SEMANAN,TPU SEMANAN,"JL. RAYA KRAMAT SEMANAN NO.77, RT.1/RW.10, SEMANAN, KEC. KALIDERES, KOTA JAKARTA BARAT, DAERAH KHUSUS IBUKOTA JAKARTA 11850",TPU
2024,KOTA ADM. JAKARTA BARAT,KALI DERES,TEGAL ALUR,TAMAN PELOPOR,"JL. PELOPOR 1, RT.1/RW.5, TEGAL ALUR, KEC. KALIDERES, KOTA JAKARTA BARAT, DAERAH KHUSUS IBUKOTA JAKARTA 11820",TAMAN
2024,KOTA ADM. JAKARTA BARAT,KALI DERES,TEGAL ALUR,TAMAN SUKATANI I,"JL. SUKATANI RAYA BLOK L8 NO.19, RT.12/RW.7, TEGAL ALUR, KEC. KALIDERES, KOTA JAKARTA BARAT, DAERAH KHUSUS IBUKOTA JAKARTA 11820",TAMAN
2024,KOTA ADM. JAKARTA BARAT,KALI DERES,TEGAL ALUR,TAMAN SUKATANI II,"JL. SUKATANI RAYA BLOK L8 NO.19, RT.12/RW.7, TEGAL ALUR, KEC. KALIDERES, KOTA JAKARTA BARAT, DAERAH KHUSUS IBUKOTA JAKARTA 11820",TAMAN
2024,KOTA ADM. JAKARTA BARAT,KALI DERES,TEGAL ALUR,TAMAN SUMONGGOL,"JL. KAMAL RAYA GG. SADUN NO.63, RT.14/RW.9, TEGAL ALUR, KEC. KALIDERES, KOTA JAKARTA BARAT, DAERAH KHUSUS IBUKOTA JAKARTA 11820",TAMAN
2024,KOTA ADM. JAKARTA BARAT,KALI DERES,TEGAL ALUR,TAMAN MENVO,"JL. MENVO 4 NO.5, RT.7/RW.10, TEGAL ALUR, KEC. KALIDERES, KOTA JAKARTA BARAT, DAERAH KHUSUS IBUKOTA JAKARTA 11820",TAMAN
2024,KOTA ADM. JAKARTA BARAT,KALI DERES,TEGAL ALUR,"TAMAN MALIOBORO I,II,III","JL. MALIOBORO NO.6, RT.6/RW.6, TEGAL ALUR, KEC. KALIDERES, KOTA JAKARTA BARAT, DAERAH KHUSUS IBUKOTA JAKARTA 11820",TAMAN
2024,KOTA ADM. JAKARTA BARAT,KALI DERES,TEGAL ALUR,TAMAN MUSHOLLAH A,"JL. MUSHOLLA, TEGAL ALUR, KALIDERES, JAKARTA BARAT",TAMAN
2024,KOTA ADM. JAKARTA BARAT,KALI DERES,TEGAL ALUR,TAMAN MUSHOLLAH B,"JL. MUSHOLLA, TEGAL ALUR, KALIDERES, JAKARTA BARAT",TAMAN
2024,KOTA ADM. JAKARTA BARAT,KALI DERES,TEGAL ALUR,TAMAN ANGGREK BIRU,"JL. PALAPA NO.DALAM, RW.6, TEGAL ALUR, KEC. KALIDERES, KOTA JAKARTA BARAT, DAERAH KHUSUS IBUKOTA JAKARTA 11820",TAMAN
2024,KOTA ADM. JAKARTA BARAT,KALI DERES,TEGAL ALUR,TAMAN BHAKTI MULYA,"JALAN BAKTI MULYA BLOK BAKTI II NO.2, TEGAL ALUR, KALIDERES, RT.8/RW.2, TEGAL ALUR, KEC. KALIDERES, KOTA JAKARTA BARAT, DAERAH KHUSUS IBUKOTA JAKARTA 11820",TAMAN
2024,KOTA ADM. JAKARTA BARAT,KALI DERES,TEGAL ALUR,TAMAN MIRINDA DALAM,"JL. MIRINDA KAV.PTB RT 05/07 KEC. KALIDERES, TEGAL ALUR, KEC. KALI DERES, KOTA JAKARTA BARAT",TAMAN
2024,KOTA ADM. JAKARTA BARAT,KALI DERES,TEGAL ALUR,TAMAN JL. H. BI'IN,"JL. H. BIIN RW.5, TEGAL ALUR, KALIDERES, WEST JAKARTA CITY, JAKARTA 11820",TAMAN
2024,KOTA ADM. JAKARTA BARAT,KALI DERES,TEGAL ALUR,RTH LINGKUNGAN III,"JL. LINGKUNGAN III, KEL. TEGAL ALUR, KEC. KALIDERES, JAKARTA BARAT",TAMAN
2024,KOTA ADM. JAKARTA BARAT,KALI DERES,TEGAL ALUR,TPU TEGAL ALUR I (UNIT KRISTEN),"JL. BENDA RAYA NO.17, RT.8/RW.2, TEGAL ALUR, KEC. KALIDERES, KOTA JAKARTA BARAT, DAERAH KHUSUS IBUKOTA JAKARTA 11810",TPU
2024,KOTA ADM. JAKARTA BARAT,KALI DERES,TEGAL ALUR,TPU TEGAL ALUR II (UNIT ISLAM),"JL. PEMAKAMAN, RT.3/RW.9, TEGAL ALUR, KEC. KALIDERES, KOTA JAKARTA BARAT, DAERAH KHUSUS IBUKOTA JAKARTA 11820",TPU
2024,KOTA ADM. JAKARTA BARAT,KEBON JERUK,DURI KEPA,TAMAN BLOK D PERUM TAMAN RATU RW. 06,"RW.13, DURI KEPA, KEBONJERUK, JAKARTA BARAT, JAKARTA 11510",TAMAN
2024,KOTA ADM. JAKARTA BARAT,KEBON JERUK,DURI KEPA,TAMAN JERUK BALI,"JL. JERUK BALI, RT.7/RW.6, DURI KEPA, KEC. KB. JERUK, KOTA JAKARTA BARAT, DAERAH KHUSUS IBUKOTA JAKARTA 11510",TAMAN
2024,KOTA ADM. JAKARTA BARAT,KEBON JERUK,DURI KEPA,TAMAN KEBON RAYA,"JL. KEBON RAYA VI NO.27, RT.1/RW.1, DURI KEPA, KEC. KB. JERUK, KOTA JAKARTA BARAT, DAERAH KHUSUS IBUKOTA JAKARTA 11510",TAMAN
2024,KOTA ADM. JAKARTA BARAT,KEBON JERUK,DURI KEPA,TAMAN JERUK MANIS,"JL. JERUK MANIS V NO.87, RT.1/RW.6, DURI KEPA, KEC. KB. JERUK, KOTA JAKARTA BARAT, DAERAH KHUSUS IBUKOTA JAKARTA 11510",TAMAN
2024,KOTA ADM. JAKARTA BARAT,KEBON JERUK,DURI KEPA,TAMAN DUPA INDAH,"JL. MANGGA XIV RT 007 RW 003, KEL. DURI KEPA, KEC. KEBON JERUK, JAKARTA BARAT",TAMAN
2024,KOTA ADM. JAKARTA BARAT,KEBON JERUK,DURI KEPA,RTH DURI KEPA (TAMAN NIRMALA MAS),"RT 013 RW 008, KEL. DURI KEPA, KEC. KEBON JERUK, JAKARTA BARAT",TAMAN
2024,KOTA ADM. JAKARTA BARAT,KEBON JERUK,DURI KEPA,RTH JL. PATRA KP. DURI RT. 007 RW. 02,"KP. DURI RT. 007/02, KEL. DURI KEPA, KEC. KEBON JERUK, JAKARTA BARAT",TAMAN
2024,KOTA ADM. JAKARTA PUSAT,MENTENG,MENTENG,JH JL. SURABAYA,JH JL. SURABAYA,JALUR HIJAU
2024,KOTA ADM. JAKARTA PUSAT,MENTENG,MENTENG,JH JL. PEGANGSAAN BARAT,JH JL. PEGANGSAAN BARAT,JALUR HIJAU
2024,KOTA ADM. JAKARTA PUSAT,MENTENG,MENTENG,TAMAN SEGITIGA SUKABUMI (POS JAGA),TAMAN SEGITIGA SUKABUMI (POS JAGA),JALUR HIJAU
2024,KOTA ADM. JAKARTA PUSAT,MENTENG,MENTENG,JH JL. DIPONEGORO,JH JL. DIPONEGORO,JALUR HIJAU
2024,KOTA ADM. JAKARTA PUSAT,MENTENG,MENTENG,VIADUCT LATUHARHARI,VIADUCT LATUHARHARI,JALUR HIJAU
2024,KOTA ADM. JAKARTA PUSAT,MENTENG,MENTENG,JH JL. LATUHARHARI DAN PULAU-PULAU,JH JL. LATUHARHARI DAN PULAU-PULAU,JALUR HIJAU
2024,KOTA ADM. JAKARTA PUSAT,MENTENG,MENTENG,JALUR HIJAU TEPIAN AIR BANJIR KANAL BARAT JL. KH. MAS MANSYUR S/D STASIUN KERETA API MAMPANG) SISI UTARA,"TEPI KALI BANJIR KANAL BARAT SISI UTARA, KEL. MENTENG, KEC. MENTENG, JAKARTA PUSAT.",JALUR HIJAU
2024,KOTA ADM. JAKARTA PUSAT,MENTENG,MENTENG,JALUR HIJAU TEPIAN AIR BANJIR KANAL BARAT (JL. JEND. SUDIRMAN-DUKUH ATAS S/D PERTIGAAN DEPAN PASAR RUMPUT) SISI SELATAN,"TEPI KALI BANJIR KANAL BARAT SISI SELATAN, KEL. MENTENG, KEC. MENTENG, JAKARTA PUSAT.",JALUR HIJAU
2024,KOTA ADM. JAKARTA PUSAT,MENTENG,MENTENG,FLY OVER LATUHARHARI (ATAS),FLY OVER LATUHARHARI (ATAS),JALUR HIJAU
2024,KOTA ADM. JAKARTA PUSAT,MENTENG,MENTENG,JALUR HIJAU JL. DIPONEGORO (ANTARA TAMAN SUROPATI S/D MEGARIA)    SISI KANAN KIRI TIDAK TERMASUK PEDESTRIAN,"JL. DIPONEGORO, MENTENG, JAKARTA PUSAT",JALUR HIJAU
2024,KOTA ADM. JAKARTA PUSAT,MENTENG,MENTENG,TAMAN SUKABUMI,"JL. SUKABUMI, RT.2/RW.7, MENTENG, KEC. MENTENG, KOTA JAKARTA PUSAT, DAERAH KHUSUS IBUKOTA JAKARTA 10310",TAMAN
2024,KOTA ADM. JAKARTA PUSAT,MENTENG,MENTENG,TAMAN CILACAP DAN SEGITIGA PULAU TAMAN CILACAP,"JL. PROF. MOH. YAMIN 1, RT.16/RW.5",TAMAN
2024,KOTA ADM. JAKARTA PUSAT,MENTENG,MENTENG,TAMAN LAWANG DAN SEGITIGA LAWANG,"JL. SUMENEP NO.5, RT.11/RW.4, MENTENG, KEC. MENTENG, KOTA JAKARTA PUSAT, DAERAH KHUSUS IBUKOTA JAKARTA 10310",TAMAN
2024,KOTA ADM. JAKARTA PUSAT,MENTENG,MENTENG,TAMAN PANARUKAN,"JL. LUMAJANG, RT.2/RW.5, MENTENG, KEC. MENTENG, KOTA JAKARTA PUSAT, DAERAH KHUSUS IBUKOTA JAKARTA 10310",TAMAN
2024,KOTA ADM. JAKARTA PUSAT,MENTENG,MENTENG,TAMAN PEKALONGAN/GAJAH,"JL. PEKALONGAN NO.13, RT.2/RW.5, MENTENG, CENTRAL JAKARTA CITY, JAKARTA 10310",TAMAN
2024,KOTA ADM. JAKARTA PUSAT,MENTENG,MENTENG,TAMAN KERAWANG,"JL. KARAWANG NO.4, RT.3/RW.4, MENTENG, KEC. MENTENG, KOTA JAKARTA PUSAT, DAERAH KHUSUS IBUKOTA JAKARTA 10310",TAMAN
2024,KOTA ADM. JAKARTA PUSAT,MENTENG,MENTENG,TAMAN SEMARANG,"JL. SEMARANG, RT.12/RW.5, MENTENG, KEC. MENTENG, KOTA JAKARTA PUSAT, DAERAH KHUSUS IBUKOTA JAKARTA 10310",TAMAN
2024,KOTA ADM. JAKARTA PUSAT,MENTENG,MENTENG,TAMAN SITULEMBANG,"JL. LEMBANG TERUSAN NO.D-59, RT.6/RW.5",TAMAN
2024,KOTA ADM. JAKARTA PUSAT,MENTENG,MENTENG,TAMAN SUROPATI,"JL. TAMAN SUROPATI, RT.5/RW.5",TAMAN
2024,KOTA ADM. JAKARTA PUSAT,MENTENG,MENTENG,TAMAN PATUNG DIPONEGORO,"JL. IMAM BONJOL NO.1, RT.5/RW.5",TAMAN
2024,KOTA ADM. JAKARTA PUSAT,MENTENG,MENTENG,TAMAN MENTENG,"JL. HOS. COKROAMINOTO, RT.3/RW.5",TAMAN
2024,KOTA ADM. JAKARTA PUSAT,MENTENG,MENTENG,TAMAN KODOK MENTENG,"JL. SIDOARJO, RT.3/RW.5",TAMAN
2024,KOTA ADM. JAKARTA PUSAT,MENTENG,MENTENG,RUMAH DINAS JABATAN GUBERNUR,"JL. TAMAN SUROPATI NO.7, RT.5/RW.5",TAMAN
2024,KOTA ADM. JAKARTA PUSAT,MENTENG,N/A,JH JL. LATUHARHARY (SISI KANAN KIRI),JH JL. LATUHARHARY (SISI KANAN KIRI),JALUR HIJAU
2024,KOTA ADM. JAKARTA PUSAT,MENTENG,N/A,JH JL. MENTENG RAYA KANAN KIRI,JH JL. MENTENG RAYA KANAN KIRI,JALUR HIJAU
2024,KOTA ADM. JAKARTA PUSAT,MENTENG,N/A,JH BAWAH LAYANG REL KA STASIUN CIKINI (DEPAN MEGARIA),JH BAWAH LAYANG REL KA STASIUN CIKINI (DEPAN MEGARIA),JALUR HIJAU
2024,KOTA ADM. JAKARTA PUSAT,MENTENG,N/A,JH JL. K.H WAHID HASYIM,JH JL. K.H WAHID HASYIM,JALUR HIJAU
2024,KOTA ADM. JAKARTA PUSAT,MENTENG,N/A,TAMAN DEPAN GOLKAR (SEGITIGA),TAMAN DEPAN GOLKAR (SEGITIGA),JALUR HIJAU
2024,KOTA ADM. JAKARTA PUSAT,MENTENG,N/A,TAMAN SEGITIGA MEGARIA,TAMAN SEGITIGA MEGARIA,JALUR HIJAU
2024,KOTA ADM. JAKARTA PUSAT,MENTENG,N/A,JH JL. DIPONEGORO (MEGARIA-LAMPU MERAH RSCM) PROYEK DBM TH 2019,JH JL. DIPONEGORO (MEGARIA-LAMPU MERAH RSCM) PROYEK DBM TH 2019,JALUR HIJAU
2024,KOTA ADM. JAKARTA PUSAT,MENTENG,N/A,FLY OVER LATUHARHARI (ATAS),FLY OVER LATUHARHARI (ATAS),JALUR HIJAU
2024,KOTA ADM. JAKARTA PUSAT,MENTENG,N/A,PULAU JL. PATUNG TANI S/D MEDIAN JL. KWITANG,PULAU JL. PATUNG TANI S/D MEDIAN JL. KWITANG,JALUR HIJAU
2024,KOTA ADM. JAKARTA PUSAT,MENTENG,N/A,JALUR MEDIAN JL. IMAM BONJOL,JALUR MEDIAN JL. IMAM BONJOL,JALUR HIJAU
2024,KOTA ADM. JAKARTA SELATAN,KEBAYORAN BARU,N/A,TAMAN PULAU - PULAU JL. GUNAWARMAN - JL. DAKSA IV,TAMAN PULAU - PULAU JL. GUNAWARMAN - JL. DAKSA IV,JALUR HIJAU
2024,KOTA ADM. JAKARTA SELATAN,KEBAYORAN BARU,N/A,TAMAN PULAU - PULAU JL. SENOPATI - JL. SURYO,TAMAN PULAU - PULAU JL. SENOPATI - JL. SURYO,JALUR HIJAU
2024,KOTA ADM. JAKARTA SELATAN,KEBAYORAN BARU,N/A,TAMAN PULO - PULO TRUNOJOYO (8 LOKASI),TAMAN PULO - PULO TRUNOJOYO (8 LOKASI),JALUR HIJAU
2024,KOTA ADM. JAKARTA SELATAN,KEBAYORAN BARU,N/A,TAMAN PULAU - PULAU JL. GUNAWARMAN - JL. SENJAYA,TAMAN PULAU - PULAU JL. GUNAWARMAN - JL. SENJAYA,JALUR HIJAU
2024,KOTA ADM. JAKARTA SELATAN,KEBAYORAN BARU,N/A,JALUR HIJAU JL. ADITYAWARMAN,JALUR HIJAU JL. ADITYAWARMAN,JALUR HIJAU
2024,KOTA ADM. JAKARTA SELATAN,KEBAYORAN BARU,N/A,JALUR HIJAU JL. PURNAWARMAN,JALUR HIJAU JL. PURNAWARMAN,JALUR HIJAU
2024,KOTA ADM. JAKARTA SELATAN,KEBAYORAN BARU,N/A,JALUR HIJAU JL. PATTIMURA,JALUR HIJAU JL. PATTIMURA,JALUR HIJAU
2024,KOTA ADM. JAKARTA SELATAN,KEBAYORAN BARU,N/A,JALUR HIJAU JL. CIRAGIL PINGGIR KALI,JALUR HIJAU JL. CIRAGIL PINGGIR KALI,JALUR HIJAU
2024,KOTA ADM. JAKARTA SELATAN,KEBAYORAN BARU,N/A,JALUR HIJAU JL. GUNAWARMAN,JALUR HIJAU JL. GUNAWARMAN,JALUR HIJAU
2024,KOTA ADM. JAKARTA SELATAN,KEBAYORAN BARU,N/A,JALUR HIJAU JL. GALUH,JALUR HIJAU JL. GALUH,JALUR HIJAU
2024,KOTA ADM. JAKARTA SELATAN,KEBAYORAN BARU,N/A,JALUR HIJAU JL. DAKSA,JALUR HIJAU JL. DAKSA,JALUR HIJAU
2024,KOTA ADM. JAKARTA SELATAN,KEBAYORAN BARU,N/A,JALUR HIJAU JL. RAJASA,JALUR HIJAU JL. RAJASA,JALUR HIJAU
2024,KOTA ADM. JAKARTA SELATAN,KEBAYORAN BARU,N/A,JALUR HIJAU JL. SRIWIJAYA RAYA,JALUR HIJAU JL. SRIWIJAYA RAYA,JALUR HIJAU
2024,KOTA ADM. JAKARTA SELATAN,KEBAYORAN BARU,N/A,"JALUR HIJAU JL. SRIWIJAYA I, II","JALUR HIJAU JL. SRIWIJAYA I, II",JALUR HIJAU
2024,KOTA ADM. JAKARTA SELATAN,KEBAYORAN BARU,N/A,JALUR HIJAU JL. RADEN PATAH,JALUR HIJAU JL. RADEN PATAH,JALUR HIJAU
2024,KOTA ADM. JAKARTA SELATAN,KEBAYORAN BARU,N/A,JALUR HIJAU JL. KERTANEGARA,JALUR HIJAU JL. KERTANEGARA,JALUR HIJAU
2024,KOTA ADM. JAKARTA SELATAN,KEBAYORAN BARU,N/A,JALUR HIJAU JL. SENOPATI,JALUR HIJAU JL. SENOPATI,JALUR HIJAU
2024,KOTA ADM. JAKARTA SELATAN,KEBAYORAN BARU,N/A,TAMAN PULAU - PULAU SCBD,TAMAN PULAU - PULAU SCBD,JALUR HIJAU
2024,KOTA ADM. JAKARTA SELATAN,KEBAYORAN BARU,N/A,TAMAN PULAU - PULAU JL. SENOPATI - JL. BAKTI,TAMAN PULAU - PULAU JL. SENOPATI - JL. BAKTI,JALUR HIJAU
2024,KOTA ADM. JAKARTA SELATAN,KEBAYORAN BARU,N/A,PULO - PULO BLOK M PLAZA,PULO - PULO BLOK M PLAZA,JALUR HIJAU
2024,KOTA ADM. JAKARTA SELATAN,KEBAYORAN BARU,N/A,JALUR HIJAU DEPAN KEJAGUNG,JALUR HIJAU DEPAN KEJAGUNG,JALUR HIJAU
2024,KOTA ADM. JAKARTA SELATAN,KEBAYORAN BARU,N/A,JALUR HIJAU JL. DARMAWANGSA XI/PINGGIR KALI,JALUR HIJAU JL. DARMAWANGSA XI/PINGGIR KALI,JALUR HIJAU
2024,KOTA ADM. JAKARTA SELATAN,KEBAYORAN BARU,N/A,JALUR HIJAU JALAN SUDIRMAN (TEPI JALAN),JALUR HIJAU JALAN SUDIRMAN (TEPI JALAN),JALUR HIJAU
2024,KOTA ADM. JAKARTA SELATAN,KEBAYORAN BARU,N/A,JALUR HIJAU MRT (PATUNG TUGU PEMUDA - ITC FATMAWATI),JALUR HIJAU MRT (PATUNG TUGU PEMUDA - ITC FATMAWATI),JALUR HIJAU
2024,KOTA ADM. JAKARTA SELATAN,KEBAYORAN BARU,N/A,TAMAN PULAU - PULAU JL. HANG TUAH - JL. HANG LEKIR 9,TAMAN PULAU - PULAU JL. HANG TUAH - JL. HANG LEKIR 9,JALUR HIJAU
2024,KOTA ADM. JAKARTA SELATAN,KEBAYORAN BARU,N/A,TAMAN PULAU - PULAU JL. HANG TUAH - JL. HANG LEKIR 6,TAMAN PULAU - PULAU JL. HANG TUAH - JL. HANG LEKIR 6,JALUR HIJAU
2024,KOTA ADM. JAKARTA SELATAN,KEBAYORAN BARU,N/A,TAMAN PULAU - PULAU SISI BARAT JL. KYAI MAJA,TAMAN PULAU - PULAU SISI BARAT JL. KYAI MAJA,JALUR HIJAU
2024,KOTA ADM. JAKARTA SELATAN,KEBAYORAN BARU,N/A,TAMAN PULAU - PULAU SISI TIMUR JL. KYAI MAJA,TAMAN PULAU - PULAU SISI TIMUR JL. KYAI MAJA,JALUR HIJAU
2024,KOTA ADM. JAKARTA SELATAN,KEBAYORAN BARU,N/A,JALUR HIJAU JL. HANG LEKIR,JALUR HIJAU JL. HANG LEKIR,JALUR HIJAU
2024,KOTA ADM. JAKARTA SELATAN,KEBAYORAN BARU,N/A,JALUR HIJAU JL. SINABUNG,JALUR HIJAU JL. SINABUNG,JALUR HIJAU
2024,KOTA ADM. JAKARTA SELATAN,KEBAYORAN BARU,N/A,JALUR HIJAU JL. SMP PAKUBUWONO POM BENSIN,JALUR HIJAU JL. SMP PAKUBUWONO POM BENSIN,JALUR HIJAU
2024,KOTA ADM. JAKARTA SELATAN,KEBAYORAN BARU,N/A,JALUR HIJAU JL. KYAI MAJA,JALUR HIJAU JL. KYAI MAJA,JALUR HIJAU
2024,KOTA ADM. JAKARTA SELATAN,KEBAYORAN BARU,N/A,JALUR HIJAU JL. VELBAK,JALUR HIJAU JL. VELBAK,JALUR HIJAU
2024,KOTA ADM. JAKARTA SELATAN,KEBAYORAN BARU,N/A,JALUR HIJAU JL. KERINCI,JALUR HIJAU JL. KERINCI,JALUR HIJAU
2024,KOTA ADM. JAKARTA SELATAN,SETIA BUDI,SETIA BUDI,JALUR HIJAU JL. ALBAINAH,JL. ALBAINAH,JALUR HIJAU
2024,KOTA ADM. JAKARTA SELATAN,SETIA BUDI,SETIA BUDI,JALUR HIJAU JL. AR-RAHMAN,JL. AR-RAHMAN,JALUR HIJAU
2024,KOTA ADM. JAKARTA SELATAN,SETIABUDI,GUNTUR,TAMAN PATRA KUNINGAN SISI UTARA,"JL. H. R. RASUNA SAID, RT.1/.6, KEL. GUNTUR, KEC. SETIABUDI, KOTA JAKARTA SELATAN",TAMAN
2024,KOTA ADM. JAKARTA SELATAN,SETIABUDI,KUNINGAN,TAMAN ALBAINAH,"JL. SETIABUDI SELATAN RT.10/.7, KEL. KUNINGAN, KARET, KEC. SETIABUDI, KOTA JAKARTA SELATAN",TAMAN
2024,KOTA ADM. JAKARTA SELATAN,SETIABUDI,MENTENG ATAS,RPTRA JL. BATU RAYA RT 007/07,"JL. BATU RAYA RT 007/07, MENTENG ATAS, SETIABUDI",TAMAN
2024,KOTA ADM. JAKARTA SELATAN,SETIABUDI,SETIABUDI,TAMAN PATRA KUNINGAN SISI TIMUR,"JL. SETIABUDI UTARA, KEL. SETIABUDI, KEC. SETIABUDI. JAKARTA SELATAN",TAMAN
2024,KOTA ADM. JAKARTA SELATAN,TEBET,BUKIT DURI,JL. BUKIT DURI EKS NORMALISASI,JL. BUKIT DURI EKS NORMALISASI,JALUR HIJAU
2024,KOTA ADM. JAKARTA SELATAN,TEBET,BUKIT DURI,PULO PEREMPATAN JL. MANGGARAI UTARA I,PULO PEREMPATAN JL. MANGGARAI UTARA I,JALUR HIJAU
2024,KOTA ADM. JAKARTA SELATAN,TEBET,BUKIT DURI,PULO PERTIGAAN JL. MANGGARAI UTARA I (TEROWONGAN BUKIT DURI),PULO PERTIGAAN JL. MANGGARAI UTARA I (TEROWONGAN BUKIT DURI),JALUR HIJAU
2024,KOTA ADM. JAKARTA SELATAN,TEBET,BUKIT DURI,JALUR HIJAU JL. TAMAN BUKIT DURI,JL. TAMAN BUKIT DURI,JALUR HIJAU
2024,KOTA ADM. JAKARTA SELATAN,TEBET,BUKIT DURI,JALUR HIJAU BUKIT DURI UTARA RAYA (SAMPING REL),JL. BUKIT DURI UTARA RAYA (SAMPING REL),JALUR HIJAU
2024,KOTA ADM. JAKARTA SELATAN,TEBET,BUKIT DURI,JALUR JL. LAPANGAN ROSS,JL. LAPANGAN ROSS,JALUR HIJAU
2024,KOTA ADM. JAKARTA SELATAN,TEBET,KARET KUNINGAN,TAMAN CASABLANCA,"JL. RAYA CASABLANCA, RT.1/RW.5, KARET KUNINGAN, KECAMATAN SETIABUDI, KOTA JAKARTA SELATAN, DAERAH KHUSUS IBUKOTA JAKARTA",TAMAN
2024,KOTA ADM. JAKARTA SELATAN,TEBET,KEBON BARU,JALUR HIJAU JL. KALI CILIWUNG,JL. KALI CILIWUNG,JALUR HIJAU
2024,KOTA ADM. JAKARTA SELATAN,TEBET,KEBON BARU,JALUR HIJAU JL KEBON BARU (STASIUN CAWANG),JL KEBON BARU (STASIUN CAWANG),JALUR HIJAU
2024,KOTA ADM. JAKARTA SELATAN,TEBET,KEBON BARU,TAMAN GUDANG PELURU BARAT II,"RT.4/RW.3, KB. BARU, KEC. TEBET, KOTA JAKARTA SELATAN, DAERAH KHUSUS IBUKOTA JAKARTA 12830",TAMAN
2024,KOTA ADM. JAKARTA SELATAN,TEBET,KEBON BARU,TAMAN GUDANG PELURU BARAT I,"RT.4/RW.3, KB. BARU, KEC. TEBET, KOTA JAKARTA SELATAN, DAERAH KHUSUS IBUKOTA JAKARTA 12830",TAMAN
2024,KOTA ADM. JAKARTA SELATAN,TEBET,KEBON BARU,TAMAN GUDANG PELURU TIMUR,"RT.4/RW.3, KB. BARU, KEC. TEBET, KOTA JAKARTA SELATAN, DAERAH KHUSUS IBUKOTA JAKARTA 12830",TAMAN
2024,KOTA ADM. JAKARTA SELATAN,TEBET,KEBON BARU,TAMAN ANGSA,"RT.4/RW.3, KB. BARU, KEC. TEBET, KOTA JAKARTA SELATAN, DAERAH KHUSUS IBUKOTA JAKARTA 12830",TAMAN
2024,KOTA ADM. JAKARTA SELATAN,TEBET,KEBON BARU,TAMAN GUDANG PELURU BARAT SISI SELTAN (TAMAN KOMANDO),"JL. GUDANG PELURU BARAT II, KEL. KEBON BARU, KEC. TEBET",TAMAN
2024,KOTA ADM. JAKARTA SELATAN,TEBET,MANGGARAI,JALUR HIJAU JL. MANGGARAI RAYA,JL. MANGGARAI RAYA,JALUR HIJAU
2024,KOTA ADM. JAKARTA SELATAN,TEBET,MANGGARAI,JALUR HIJAU JL. MANGGARAI SELATAN,JL. MANGGARAI SELATAN,JALUR HIJAU
2024,KOTA ADM. JAKARTA SELATAN,TEBET,MANGGARAI,JALUR HIJAU JL. DR. SAHARJO,JL. DR. SAHARJO,JALUR HIJAU
2024,KOTA ADM. JAKARTA SELATAN,TEBET,MANGGARAI,TAMAN F.O. SAHARJO (4 SISI),F.O. SAHARJO (4 SISI),JALUR HIJAU
2024,KOTA ADM. JAKARTA SELATAN,TEBET,MANGGARAI,TAMAN PRAMUKA,"JL. MANGGARAI UTARA VII, KEL. MANGGARAI, KEC. TEBET",TAMAN
2024,KOTA ADM. JAKARTA SELATAN,TEBET,MANGGARAI,TAMAN MANGGARAI II,"JL. TEBET BARAT V A RT.15/ 4, KEL. TEBET BAR., KEC. TEBET, KOTA JAKARTA SELATAN",TAMAN
2024,KOTA ADM. JAKARTA SELATAN,TEBET,MANGGARAI,TAMAN DAKOCAN,"RT.13/RW.4, MANGGARAI, KEC. TEBET, KOTA JAKARTA SELATAN, DAERAH KHUSUS IBUKOTA JAKARTA 12850",TAMAN
2024,KOTA ADM. JAKARTA SELATAN,TEBET,MANGGARAI,RPTRA TM JAHIT,"JL. MANGGARAI UTARA VI 1-2, RT.8/RW.1, MANGGARAI, KEC. TEBET, KOTA JAKARTA SELATAN, DAERAH KHUSUS IBUKOTA JAKARTA 12850",TAMAN
2024,KOTA ADM. JAKARTA SELATAN,TEBET,MANGGARAI SELATAN,FLY OVER DR SAHARDJO (BAWAH),FLY OVER DR SAHARDJO (BAWAH),JALUR HIJAU
2024,KOTA ADM. JAKARTA SELATAN,TEBET,MANGGARAI SELATAN,FLY OVER TEBET (ATAS - BAWAH),FLY OVER TEBET (ATAS - BAWAH),JALUR HIJAU
2024,KOTA ADM. JAKARTA SELATAN,TEBET,MANGGARAI SELATAN,TAMAN JL. SAWO MANGGARAI,"JL. SAWO 2 NO.32, RT.6/RW.10, MANGGARAI SEL., KEC. TEBET, KOTA JAKARTA SELATAN, DAERAH KHUSUS IBUKOTA JAKARTA 12860",TAMAN
2024,KOTA ADM. JAKARTA SELATAN,TEBET,MENTENG ATAS,TPU MENTENG PULO II,"JL. CASABLANCA, RT.10/RW.13, MENTENG DALAM, KEC. TEBET, KOTA JAKARTA SELATAN, DAERAH KHUSUS IBUKOTA JAKARTA 12870",TPU
2024,KOTA ADM. JAKARTA BARAT,KEBON JERUK,DURI KEPA,TPU KEPA DURI,"JL. VILLA TOMANG MAS NO.13, RT.3/RW.8, DURI KEPA, KEC. KB. JERUK, KOTA JAKARTA BARAT, DAERAH KHUSUS IBUKOTA JAKARTA 11510",TPU
2024,KOTA ADM. JAKARTA BARAT,KEBON JERUK,KEBON JERUK,TAMAN FLAMBOYANT,"JL. RAYA KB. JERUK NO.1, RT.1/RW.11, KB. JERUK, KEC. KB. JERUK, KOTA JAKARTA BARAT, DAERAH KHUSUS IBUKOTA JAKARTA 11530",TAMAN
2024,KOTA ADM. JAKARTA BARAT,KEBON JERUK,KEBON JERUK,TAMAN SEBRANG KANTOR KECAMATAN,"JL. RAYA KB. JERUK 39, RT.5/RW.1, KB. JERUK, KEC. KB. JERUK, KOTA JAKARTA BARAT, DAERAH KHUSUS IBUKOTA JAKARTA 11530",TAMAN
2024,KOTA ADM. JAKARTA BARAT,KEBON JERUK,KEBON JERUK,TAMAN KOMPLEK KEBON JERUK BLOK C RW. 08,KOMPLEK KEBON JERUK BLOK C RW. 08,TAMAN
2024,KOTA ADM. JAKARTA BARAT,KEBON JERUK,KEBON JERUK,TAMAN KOMPLEK KEBON JERUK BLOK A RW. 08,KOMPLEK KEBON JERUK BLOK A RW. 08,TAMAN
2024,KOTA ADM. JAKARTA BARAT,KEBON JERUK,KEBON JERUK,TAMAN MUTIARA,"JL. TAMAN MUTIARA PRIMA, KEL. KEBUN JERUK, KEC. KEBON JERUK, JAKARTA BARAT",TAMAN
2024,KOTA ADM. JAKARTA BARAT,KEBON JERUK,KEBON JERUK,TPU RAWA KOPI,"JL. KEDOYA RAYA NO.25, RT.7/RW.3, KEDOYA SEL., KEC. KB. JERUK, KOTA JAKARTA BARAT, DAERAH KHUSUS IBUKOTA JAKARTA 11520",TPU
2024,KOTA ADM. JAKARTA BARAT,KEBON JERUK,KEDOYA SELATAN,TAMAN ANEKA ELOK BLOK AE 8,"BLOK, JL. KEDOYA AZALEA BLOK AE 8, SOUTH KEDOYA, KEBONJERUK, WEST JAKARTA CITY, JAKARTA 11520",TAMAN
2024,KOTA ADM. JAKARTA BARAT,KEBON JERUK,KEDOYA SELATAN,TAMAN ANEKA ELOK BLOK E,"BLOK, JL. KEDOYA AZALEA BLOK E, SOUTH KEDOYA, KEBONJERUK, WEST JAKARTA CITY, JAKARTA 11520",TAMAN
2024,KOTA ADM. JAKARTA BARAT,KEBON JERUK,KEDOYA SELATAN,TAMAN ANEKA ELOK BLOK A 10,"BLOK, JL. KEDOYA AZALEA XI BLOK A6 NO.10, RT.2/RW.4, SOUTH KEDOYA, KEBONJERUK, WEST JAKARTA CITY, JAKARTA 11520",TAMAN
2024,KOTA ADM. JAKARTA BARAT,KEBON JERUK,KEDOYA SELATAN,TAMAN MEDIAN KOMP. ANEKA ELOK,"JL. KEDOYA AKASIA II, RT.6/RW.4, KEDOYA SEL., KEC. KB. JERUK, KOTA JAKARTA BARAT, DAERAH KHUSUS IBUKOTA JAKARTA 11520",TAMAN
2024,KOTA ADM. JAKARTA BARAT,KEBON JERUK,KEDOYA SELATAN,TAMAN ANEKA ELOK BLOK AA6,"BLOK, JL. KEDOYA AZALEA AA6 , SOUTH KEDOYA, KEBONJERUK, WEST JAKARTA CITY, JAKARTA 11520",TAMAN
2024,KOTA ADM. JAKARTA BARAT,KEBON JERUK,KEDOYA SELATAN,TAMAN ANEKA ELOK BLOK AB 4,"JL. KEDOYA AZALEA V, RT.4/RW.4, KEDOYA SEL., KEC. KB. JERUK, KOTA JAKARTA BARAT, DAERAH KHUSUS IBUKOTA JAKARTA 11520",TAMAN
2024,KOTA ADM. JAKARTA BARAT,KEBON JERUK,KEDOYA SELATAN,TAMAN ANEKA ELOK BLOK AC 2,"JL. KEDOYA AZALEA BLOK AC 2, KEDOYA SEL., KEC. KB. JERUK, KOTA JAKARTA BARAT, DAERAH KHUSUS IBUKOTA JAKARTA 11520",TAMAN
2024,KOTA ADM. JAKARTA BARAT,KEBON JERUK,KEDOYA SELATAN,TAMAN ANEKA ELOK BLOK AD 3,"JL. KEDOYA AZALEA BLOK AD 3, KEDOYA SEL., KEC. KB. JERUK, KOTA JAKARTA BARAT, DAERAH KHUSUS IBUKOTA JAKARTA 11520",TAMAN
2024,KOTA ADM. JAKARTA BARAT,KEBON JERUK,KEDOYA SELATAN,TAMAN ANEKA ELOK BLOK AD 12,"JL. KEDOYA AZALEA BLOK AD 12, KEDOYA SEL., KEC. KB. JERUK, KOTA JAKARTA BARAT, DAERAH KHUSUS IBUKOTA JAKARTA 11520",TAMAN
2024,KOTA ADM. JAKARTA BARAT,KEBON JERUK,KEDOYA SELATAN,TAMAN ANEKA ELOK BLOK A 11,"JL. KEDOYA AZALEA BLOK A 11, KEDOYA SEL., KEC. KB. JERUK, KOTA JAKARTA BARAT, DAERAH KHUSUS IBUKOTA JAKARTA 11520",TAMAN
2024,KOTA ADM. JAKARTA BARAT,KEBON JERUK,KEDOYA UTARA,TAMAN SUNRISE GARDEN RW 05 ( I ),"JL. SURYA MULIA, RT.11/RW.5, KEDOYA UTARA, KEC. KB. JERUK, KOTA JAKARTA BARAT, DAERAH KHUSUS IBUKOTA JAKARTA 11520",TAMAN
2024,KOTA ADM. JAKARTA BARAT,KEBON JERUK,KEDOYA UTARA,TAMAN SUNRISE GARDEN RW 05 ( II ),"JL. SURYA MULIA, RT.11/RW.5, KEDOYA UTARA, KEC. KB. JERUK, KOTA JAKARTA BARAT, DAERAH KHUSUS IBUKOTA JAKARTA 11520",TAMAN
2024,KOTA ADM. JAKARTA BARAT,KEBON JERUK,KEDOYA UTARA,TAMAN COSMOS,"JL. TAMAN COSMOS, RT.6/RW.7, KEDOYA UTARA, KEC. KB. JERUK, KOTA JAKARTA BARAT, DAERAH KHUSUS IBUKOTA JAKARTA 11520",TAMAN
2024,KOTA ADM. JAKARTA BARAT,KEBON JERUK,KEDOYA UTARA,TAMAN RW. 04 KEDOYA UTARA,"JL. KOMP. GREEN GARDEN RW.4, KEDOYA UTARA, KEC. KB. JERUK, KOTA JAKARTA BARAT, DAERAH KHUSUS IBUKOTA JAKARTA 11520",TAMAN
2024,KOTA ADM. JAKARTA BARAT,KEBON JERUK,KEDOYA UTARA,TAMAN GREEN GARDEN,"JL. RAYA BLOK M KOMPLEK GREEN GARDEN RW 010, KEDOYA UTARA, KEBON JERUK, JAKARTA BARAT",TAMAN
2024,KOTA ADM. JAKARTA BARAT,KEBON JERUK,KELAPA DUA,KEBUN BIBIT VILLA KELAPA DUA,"JL. RAYA KLP. DUA, RT.1/RW.2, KLP. DUA, KEC. KB. JERUK, KOTA JAKARTA BARAT, DAERAH KHUSUS IBUKOTA JAKARTA 11550",TAMAN
2024,KOTA ADM. JAKARTA BARAT,KEBON JERUK,KEDOYA UTARA,JALUR HIJAU JL. PANJANG DR LM KEDOYA COSMOD S/D REL KERETA API,JH. JL. PANJANG DR LM KEDOYA COSMOD S/D REL KERETA API,JALUR HIJAU
2024,KOTA ADM. JAKARTA BARAT,KEBON JERUK,N/A,JALUR HIJAU FO PESING ATAS DAN BAWAH DR REL KERETA API S/D LM TB. ANGKE,JH. FO PESING ATAS DAN BAWAH DR REL KERETA API S/D LM TB. ANGKE,JALUR HIJAU
2024,KOTA ADM. JAKARTA BARAT,KEBON JERUK,KEDOYA UTARA,JALUR HIJAU JL. MANGGA RAYA KEL. KEDOYA UTARA KEC. KEBON JERUK,JH. JL. MANGGA RAYA KEL. KEDOYA UTARA KEC. KEBON JERUK,JALUR HIJAU
2024,KOTA ADM. JAKARTA BARAT,KEBON JERUK,N/A,JALUR HIJAU JL. RATU KAMBOJA (KEDOYA COSMOS),JH. JL. RATU KAMBOJA (KEDOYA COSMOS),JALUR HIJAU
2024,KOTA ADM. JAKARTA PUSAT,MENTENG,N/A,SEGITIGA PULAU JL. IMAM BONJOL DAN BAK-BAK DEPAN KEDUBES THAILAND,SEGITIGA PULAU JL. IMAM BONJOL DAN BAK-BAK DEPAN KEDUBES THAILAND,JALUR HIJAU
2024,KOTA ADM. JAKARTA PUSAT,MENTENG,N/A,JALUR MEDIAN JL. DIPONEGORO,JALUR MEDIAN JL. DIPONEGORO,JALUR HIJAU
2024,KOTA ADM. JAKARTA PUSAT,MENTENG,PASAR BARU,TAMAN SEGITIGA JL. BOROBUDUR UJUNG,JL. BOROBUDUR UJUNG,JALUR HIJAU
2024,KOTA ADM. JAKARTA PUSAT,MENTENG,PEGANGSAAN,JH JL. KIMIA,JH JL. KIMIA,JALUR HIJAU
2024,KOTA ADM. JAKARTA PUSAT,MENTENG,PEGANGSAAN,TAMAN JL. TAMBAK (MEDIAN),JL. TAMBAK (MEDIAN),JALUR HIJAU
2024,KOTA ADM. JAKARTA PUSAT,MENTENG,PEGANGSAAN,TAMAN SEGITIGA MATRAMAN (TAMBAK),TAMAN SEGITIGA MATRAMAN (TAMBAK),JALUR HIJAU
2024,KOTA ADM. JAKARTA PUSAT,MENTENG,PEGANGSAAN,JH JL. PEGANGSAAN TIMUR DAN PULAU-PULAU (BAWAH REL KA CIKINI DEPAN MEGARIA SD METROPOL),JH JL. PEGANGSAAN TIMUR DAN PULAU-PULAU (BAWAH REL KA CIKINI DEPAN MEGARIA SD METROPOL),JALUR HIJAU
2024,KOTA ADM. JAKARTA PUSAT,MENTENG,PEGANGSAAN,JH JL. PENATARAN,JH JL. PENATARAN,JALUR HIJAU
2024,KOTA ADM. JAKARTA PUSAT,MENTENG,PEGANGSAAN,PULAU JL. AMIR HAMZAH,PULAU JL. AMIR HAMZAH,JALUR HIJAU
2024,KOTA ADM. JAKARTA PUSAT,MENTENG,PEGANGSAAN,TAMAN BONANG,"JL. BONANG 27-5, RT.6/RW.9, PD. BAMBU, KEC. DUREN SAWIT, KOTA JAKARTA TIMUR, DAERAH KHUSUS IBUKOTA JAKARTA 13430",TAMAN
2024,KOTA ADM. JAKARTA PUSAT,MENTENG,PEGANGSAAN,TAMAN KIMIA,"JL. TAMAN KIMIA, RT.10/RW.1, PEGANGSAAN, MENTENG, CENTRAL JAKARTA CITY, JAKARTA 10320",TAMAN
2024,KOTA ADM. JAKARTA SELATAN,PASAR MINGGU,RAGUNAN,TPU PASAR MINGGU,"JL. RAYA RAGUNAN, RT.5/RW.2, RAGUNAN, KEC. PS. MINGGU, KOTA JAKARTA SELATAN, DAERAH KHUSUS IBUKOTA JAKARTA 12520",TPU
2024,KOTA ADM. JAKARTA PUSAT,SAWAH BESAR,GUNUNG SAHARI UTARA,TAMAN SEGITIGA INDUSTRI,TAMAN SEGITIGA INDUSTRI,JALUR HIJAU
2024,KOTA ADM. JAKARTA PUSAT,SAWAH BESAR,GUNUNG SAHARI UTARA,TAMAN SEGITIGA POS POL (RAJAWALI),TAMAN SEGITIGA POS POL (RAJAWALI),JALUR HIJAU
2024,KOTA ADM. JAKARTA PUSAT,SAWAH BESAR,GUNUNG SAHARI UTARA,JH JL. INDUSTRI & SEGITIGA JH JL. INDUSTRI,JH JL. INDUSTRI & SEGITIGA JH JL. INDUSTRI,JALUR HIJAU
2024,KOTA ADM. JAKARTA PUSAT,SAWAH BESAR,GUNUNG SAHARI UTARA,JH JL. GUNUNG SAHARI RAYA,JH JL. GUNUNG SAHARI RAYA,JALUR HIJAU
2024,KOTA ADM. JAKARTA PUSAT,SAWAH BESAR,GUNUNG SAHARI UTARA,JH JL. RAJAWALI SELATAN,JH JL. RAJAWALI SELATAN,JALUR HIJAU
2024,KOTA ADM. JAKARTA PUSAT,SAWAH BESAR,KARANG ANYAR,JH JL. KARANG ANYAR RAYA,JH JL. KARANG ANYAR RAYA,JALUR HIJAU
2024,KOTA ADM. JAKARTA PUSAT,SAWAH BESAR,KARANG ANYAR,JH BAWAH REL KA DEPAN KANTOR KECAMATAN SAWAH BESAR,JH BAWAH REL KA DEPAN KANTOR KECAMATAN SAWAH BESAR,JALUR HIJAU
2024,KOTA ADM. JAKARTA PUSAT,SAWAH BESAR,KARANG ANYAR,TAMAN DEPAN KECAMATAN SAWAH BESAR,"JL. KARANG ANYAR NO.12, RT.14/RW.9, KARANG ANYAR, KECAMATAN SAWAH BESAR, KOTA JAKARTA PUSAT, DAERAH KHUSUS IBUKOTA JAKARTA 10740",TAMAN
2024,KOTA ADM. JAKARTA PUSAT,SAWAH BESAR,KARTINI,JH JL. KARTINI RAYA,JH JL. KARTINI RAYA,JALUR HIJAU
2024,KOTA ADM. JAKARTA PUSAT,SAWAH BESAR,MANGGA DUA SELATAN,TAMAN SEGITIGA MANGGA BESAR (SAMPING BHAKTI HUSADA),TAMAN SEGITIGA MANGGA BESAR (SAMPING BHAKTI HUSADA),JALUR HIJAU
2024,KOTA ADM. JAKARTA PUSAT,SAWAH BESAR,MANGGA DUA SELATAN,JH JL. JEMBATAN MERAH,JH JL. JEMBATAN MERAH,JALUR HIJAU
2024,KOTA ADM. JAKARTA PUSAT,SAWAH BESAR,MANGGA DUA SELATAN,JH JL. PANGERAN JAYAKARTA SISI KANAN KIRI,JH JL. PANGERAN JAYAKARTA SISI KANAN KIRI,JALUR HIJAU
2024,KOTA ADM. JAKARTA PUSAT,SAWAH BESAR,MANGGA DUA SELATAN,JH JL. PANGERAN JAYAKARTA (MEDIAN),JH JL. PANGERAN JAYAKARTA (MEDIAN),JALUR HIJAU
2024,KOTA ADM. JAKARTA PUSAT,SAWAH BESAR,MANGGA DUA SELATAN,"JH JL. MANGGA BESAR RAYA (KANAN KIRI, DEPAN EKSOTIS, DEPAN SEKOLAH BUDI MULIA) & SEGITIGA MANGGA BESAR","JH JL. MANGGA BESAR RAYA (KANAN KIRI, DEPAN EKSOTIS, DEPAN SEKOLAH BUDI MULIA) & SEGITIGA MANGGA BESAR",JALUR HIJAU
2024,KOTA ADM. JAKARTA PUSAT,SAWAH BESAR,MANGGA DUA SELATAN,JH JL. MANGGA DUA DALAM,JH JL. MANGGA DUA DALAM,JALUR HIJAU
2024,KOTA ADM. JAKARTA PUSAT,SAWAH BESAR,MANGGA DUA SELATAN,TAMAN PANGERAN JAYAKARTA,"JL. PANGERAN JAYAKARTA, RT.7/RW.7, MANGGA DUA SELATAN., KECAMATAN SAWAH BESAR, KOTA JAKARTA PUSAT, DAERAH KHUSUS IBUKOTA JAKARTA 10730",TAMAN
2024,KOTA ADM. JAKARTA PUSAT,SAWAH BESAR,N/A,SEGITIGA ANGKASA PURA,SEGITIGA ANGKASA PURA,JALUR HIJAU
2024,KOTA ADM. JAKARTA PUSAT,SAWAH BESAR,N/A,JH JL. TIANGSENG,JH JL. TIANGSENG,JALUR HIJAU
2024,KOTA ADM. JAKARTA PUSAT,SAWAH BESAR,N/A,JH JL. PEJAMBON (MEDIAN DAN PINGGIR) DAN SEGITIGA DEPAN GAMBIR DAN PEDESTRIAN DEPAN GEREJA IMANUEL,JH JL. PEJAMBON (MEDIAN DAN PINGGIR) DAN SEGITIGA DEPAN GAMBIR DAN PEDESTRIAN DEPAN GEREJA IMANUEL,JALUR HIJAU
2024,KOTA ADM. JAKARTA PUSAT,SAWAH BESAR,N/A,PULAU JL. KEMENTRIAN KEUANGAN,PULAU JL. KEMENTRIAN KEUANGAN,JALUR HIJAU
2024,KOTA ADM. JAKARTA SELATAN,KEBAYORAN BARU,N/A,JALUR HIJAU JL. KEBAYORAN BARU,JALUR HIJAU JL. KEBAYORAN BARU,JALUR HIJAU
2024,KOTA ADM. JAKARTA SELATAN,KEBAYORAN BARU,N/A,JALUR HIJAU JL. HANG TUAH VII,JALUR HIJAU JL. HANG TUAH VII,JALUR HIJAU
2024,KOTA ADM. JAKARTA SELATAN,KEBAYORAN BARU,N/A,JALUR HIJAU JL. PATIUNUS,JALUR HIJAU JL. PATIUNUS,JALUR HIJAU
2024,KOTA ADM. JAKARTA SELATAN,KEBAYORAN BARU,N/A,JALUR HIJAU JL. HANG JEBAT,JALUR HIJAU JL. HANG JEBAT,JALUR HIJAU
2024,KOTA ADM. JAKARTA SELATAN,KEBAYORAN BARU,N/A,JALUR HIJAU JL. HANG TUAH,JALUR HIJAU JL. HANG TUAH,JALUR HIJAU
2024,KOTA ADM. JAKARTA SELATAN,KEBAYORAN BARU,N/A,TAMAN PULO PULO JL. BARITO DAN KRAMAT PELA (3 TITIK),TAMAN PULO PULO JL. BARITO DAN KRAMAT PELA (3 TITIK),JALUR HIJAU
2024,KOTA ADM. JAKARTA SELATAN,KEBAYORAN BARU,N/A,TAMAN PULO - PULO JL. GANDARIA I - JL. GANDARIA TENGAH III,TAMAN PULO - PULO JL. GANDARIA I - JL. GANDARIA TENGAH III,JALUR HIJAU
2024,KOTA ADM. JAKARTA SELATAN,KEBAYORAN BARU,N/A,TAMAN PULO - PULO JL. GANDARIA I - JL. GANDARIA 3 (SISI TAMAN PURING),TAMAN PULO - PULO JL. GANDARIA I - JL. GANDARIA 3 (SISI TAMAN PURING),JALUR HIJAU
2024,KOTA ADM. JAKARTA SELATAN,KEBAYORAN BARU,N/A,TAMAN JL. GANDARIA I - JL. KH. M SHAFI'I HADZANI (2 LOKASI),TAMAN JL. GANDARIA I - JL. KH. M SHAFI'I HADZANI (2 LOKASI),JALUR HIJAU
2024,KOTA ADM. JAKARTA SELATAN,KEBAYORAN BARU,N/A,TAMAN PULAU - PULAU JL. BARITO - JL. KRAMAT PELA,TAMAN PULAU - PULAU JL. BARITO - JL. KRAMAT PELA,JALUR HIJAU
2024,KOTA ADM. JAKARTA SELATAN,KEBAYORAN BARU,N/A,TAMAN PULAU - PULAU JL. KYAI MAJA - JL. LAUSER,TAMAN PULAU - PULAU JL. KYAI MAJA - JL. LAUSER,JALUR HIJAU
2024,KOTA ADM. JAKARTA SELATAN,KEBAYORAN BARU,N/A,JALUR HIJAU JL. LANGSAT,JALUR HIJAU JL. LANGSAT,JALUR HIJAU
2024,KOTA ADM. JAKARTA SELATAN,KEBAYORAN BARU,N/A,JALUR HIJAU JL. BARITO PINGGIR KALI,JALUR HIJAU JL. BARITO PINGGIR KALI,JALUR HIJAU
2024,KOTA ADM. JAKARTA SELATAN,KEBAYORAN BARU,N/A,JALUR HIJAU JL. PINGGIR KALI KOMP. PERURI,JALUR HIJAU JL. PINGGIR KALI KOMP. PERURI,JALUR HIJAU
2024,KOTA ADM. JAKARTA SELATAN,KEBAYORAN BARU,N/A,JALUR HIJAU JL. BARITO SAYAP IBU,JALUR HIJAU JL. BARITO SAYAP IBU,JALUR HIJAU
2024,KOTA ADM. JAKARTA SELATAN,KEBAYORAN BARU,N/A,JALUR HIJAU JL. PERCETAKAN,JALUR HIJAU JL. PERCETAKAN,JALUR HIJAU
2024,KOTA ADM. JAKARTA SELATAN,KEBAYORAN BARU,N/A,JALUR HIJAU JL. GANDARIA TERUSAN,JALUR HIJAU JL. GANDARIA TERUSAN,JALUR HIJAU
2024,KOTA ADM. JAKARTA SELATAN,KEBAYORAN BARU,N/A,JALUR HIJAU JL. LAMANDAU,JALUR HIJAU JL. LAMANDAU,JALUR HIJAU
2024,KOTA ADM. JAKARTA SELATAN,KEBAYORAN BARU,N/A,JALUR HIJAU JL. HADZAMI,JALUR HIJAU JL. HADZAMI,JALUR HIJAU
2024,KOTA ADM. JAKARTA SELATAN,KEBAYORAN BARU,N/A,JALUR HIJAU JL. TIRTAYASA,JALUR HIJAU JL. TIRTAYASA,JALUR HIJAU
2024,KOTA ADM. JAKARTA SELATAN,KEBAYORAN BARU,N/A,JALUR HIJAU JL. WIJAYA I,JALUR HIJAU JL. WIJAYA I,JALUR HIJAU
2024,KOTA ADM. JAKARTA SELATAN,KEBAYORAN BARU,N/A,UNDERPASS JL. PATTIMURA-JL. S. HASANUDIN,UNDERPASS JL. PATTIMURA-JL. S. HASANUDIN,JALUR HIJAU
2024,KOTA ADM. JAKARTA SELATAN,KEBAYORAN BARU,N/A,JALUR HIJAU JL. MELAWAI,JALUR HIJAU JL. MELAWAI,JALUR HIJAU
2024,KOTA ADM. JAKARTA SELATAN,KEBAYORAN BARU,N/A,JALUR HIJAU JL. PANGLIMA POLIM III,JALUR HIJAU JL. PANGLIMA POLIM III,JALUR HIJAU
2024,KOTA ADM. JAKARTA SELATAN,KEBAYORAN BARU,N/A,JALUR HIJAU JL. WIJAYA XVI,JALUR HIJAU JL. WIJAYA XVI,JALUR HIJAU
2024,KOTA ADM. JAKARTA SELATAN,KEBAYORAN BARU,N/A,JALUR HIJAU JL. HASANUDDIN TIMUR,JALUR HIJAU JL. HASANUDDIN TIMUR,JALUR HIJAU
2024,KOTA ADM. JAKARTA SELATAN,KEBAYORAN BARU,N/A,PULAU JALAN DEPAN KAV. MENPAN JL. PATTIMURA,JL. PATTIMURA,JALUR HIJAU
2024,KOTA ADM. JAKARTA SELATAN,KEBAYORAN BARU,PETOGOGAN,TAMAN WIJAYA EKS SPBU/ TMN. CIPAKU,"JL. WIJAYA I RT 01/002, KEL. PETOGOGAN, KEC. KEBAYORAN BARU. JAKARTA SELATAN",TAMAN
2024,KOTA ADM. JAKARTA SELATAN,KEBAYORAN BARU,PETOGOGAN,TAMAN WIJAYA TRAFO,"JL. WIJAYA I NO.30, RT.1/RW.2, PETOGOGAN, KEC. KBY. BARU, KOTA JAKARTA SELATAN, DAERAH KHUSUS IBUKOTA JAKARTA 12170",TAMAN
2024,KOTA ADM. JAKARTA SELATAN,KEBAYORAN BARU,PETOGOGAN,TAMAN CISANGGIRI,"JL. CISANGGIRI V 7-17, RT.5/RW.4, PETOGOGAN, KEC. KBY. BARU, KOTA JAKARTA SELATAN, DAERAH KHUSUS IBUKOTA JAKARTA 12170",TAMAN
2024,KOTA ADM. JAKARTA SELATAN,KEBAYORAN BARU,PETOGOGAN,TAMAN CILILIN,"JL. CILILIN III 12-2, RT.14/RW.6, PETOGOGAN, KEC. KBY. BARU, KOTA JAKARTA SELATAN, DAERAH KHUSUS IBUKOTA JAKARTA 12170",TAMAN
2024,KOTA ADM. JAKARTA SELATAN,KEBAYORAN BARU,PETOGOGAN,TAMAN CIBULAN IV,"JL. CIBULAN IV, RT.5/RW.6, PETOGOGAN, KEC. KBY. BARU, KOTA JAKARTA SELATAN, DAERAH KHUSUS IBUKOTA JAKARTA 12170",TAMAN
2024,KOTA ADM. JAKARTA SELATAN,TEBET,MENTENG DALAM,JALUR HIJAU JL. RASAMALA,JL. RASAMALA,JALUR HIJAU
2024,KOTA ADM. JAKARTA SELATAN,TEBET,MENTENG DALAM,TAMAN F.O. CASABLANCA,F.O. CASABLANCA,JALUR HIJAU
2024,KOTA ADM. JAKARTA SELATAN,TEBET,MENTENG DALAM,JALUR HIJAU JL. DR.SOEPOMO,JL. DR.SOEPOMO,JALUR HIJAU
2024,KOTA ADM. JAKARTA SELATAN,TEBET,MENTENG DALAM,PULAU-PULAU JALAN PATUNG PANCORAN (SISI TEBET),PULAU-PULAU JALAN PATUNG PANCORAN (SISI TEBET),JALUR HIJAU
2024,KOTA ADM. JAKARTA SELATAN,TEBET,MENTENG DALAM,JL. JAYA MANDALA RAYA,JL. JAYA MANDALA RAYA,JALUR HIJAU
2024,KOTA ADM. JAKARTA SELATAN,TEBET,MENTENG DALAM,JALUR JL. CASABLANCA,JL. CASABLANCA,JALUR HIJAU
2024,KOTA ADM. JAKARTA SELATAN,TEBET,MENTENG DALAM,JPO JL. CASABLANCA (2 JPO),JPO JL. CASABLANCA (2 JPO),JALUR HIJAU
2024,KOTA ADM. JAKARTA SELATAN,TEBET,MENTENG DALAM,TAMAN KOMPLEK KEUANGAN I,"JL. PROF. DR. SOEPOMO, RT.1/RW.2, MENTENG DALAM, KEC. TEBET, KOTA JAKARTA SELATAN, DAERAH KHUSUS IBUKOTA JAKARTA 12870",TAMAN
2024,KOTA ADM. JAKARTA SELATAN,TEBET,MENTENG DALAM,"RPTRA JL. FLAMBOYAN RAYA RT 11/10 ,","JL. MENTENG DALAM, RT.11/RW.10, MENTENG DALAM, KEC. TEBET, KOTA JAKARTA SELATAN, DAERAH KHUSUS IBUKOTA JAKARTA 12870",TAMAN
2024,KOTA ADM. JAKARTA SELATAN,TEBET,MENTENG DALAM,RTH PATRA KUNINGAN UJUNG/TAMAN RASAMALA,"JL. PATRA KUNINGAN UJUNG XI RT 006 RW 013 KEL. MENTENG DALAM KEC. TEBET, JAKARTA SELATAN",TAMAN
2024,KOTA ADM. JAKARTA SELATAN,TEBET,MENTENG DALAM,TPU MENTENG PULO I,"JL. CASABLANCA, RT.6/RW.12, MENTENG DALAM, TEBET, RT.6/RW.12, MENTENG DALAM, KEC. TEBET, KOTA JAKARTA SELATAN, DAERAH KHUSUS IBUKOTA JAKARTA 12960",TPU
2024,KOTA ADM. JAKARTA SELATAN,TEBET,N/A,JPO JL. LAPANGAN ROOS (1 JPO),JPO JL. LAPANGAN ROOS (1 JPO),JALUR HIJAU
2024,KOTA ADM. JAKARTA SELATAN,TEBET,N/A,FLY OVER (ATAS) DAN 1 JPO JL. KP.MELAYU,FLY OVER (ATAS) DAN 1 JPO JL. KP.MELAYU,JALUR HIJAU
2024,KOTA ADM. JAKARTA SELATAN,TEBET,PASAR MANGGIS,TAMAN RAWA BILAL,"JL. TEBET BARAT DALAM RAYA RT 08/02 , KEL. TEBET BARAT, KEC. TEBET.",TAMAN
2024,KOTA ADM. JAKARTA SELATAN,TEBET,TEBET,JL. MANGGARAI UTARA 1,JL. MANGGARAI UTARA 1,JALUR HIJAU
2024,KOTA ADM. JAKARTA SELATAN,TEBET,TEBET,JL. MANGGARAI UTARA 2,JL. MANGGARAI UTARA 2,JALUR HIJAU
2024,KOTA ADM. JAKARTA SELATAN,TEBET,TEBET BARAT,JALUR HIJAU MT HARYONO SISI TEBET,JL. MT HARYONO SISI TEBET,JALUR HIJAU
2024,KOTA ADM. JAKARTA SELATAN,TEBET,TEBET BARAT,TAMAN MADRASAH TEBET BARAT,"JL. TEBET BARAT II E 5, RT 005/ 002, KEL. TEBET BARAT KEC. TEBET,",TAMAN
2024,KOTA ADM. JAKARTA SELATAN,TEBET,TEBET BARAT,TAMAN TEBET,"JL. TEBET BARAT II E, RT 005/ 002, KEL. TEBET BARAT KEC. TEBET,",TAMAN
2024,KOTA ADM. JAKARTA SELATAN,TEBET,TEBET BARAT,TAMAN PULE,"JL. TEBET BARAT VI/K RT 11/04, KEL. TEBET BARAT,",TAMAN
2024,KOTA ADM. JAKARTA SELATAN,TEBET,TEBET BARAT,TAMAN PATUNDUAN,"JL. TEBET BARAT VII F, RT.1/RW.4, TEBET BAR., KEC. TEBET,",TAMAN
2024,KOTA ADM. JAKARTA SELATAN,TEBET,TEBET BARAT,TAMAN SENO BARU,"JL. TEBET BARAT XI, RT.8/RW.5, TEBET BAR., KEC. TEBET, KOTA JAKARTA SELATAN, DAERAH KHUSUS IBUKOTA JAKARTA 12810",TAMAN
2024,KOTA ADM. JAKARTA SELATAN,TEBET,TEBET BARAT,TAMAN SENO LAMA,"JL. TEBET BARAT RAYA, RT.1/RW.10, TEBET BAR., KEC. TEBET, KOTA JAKARTA SELATAN, DAERAH KHUSUS IBUKOTA JAKARTA 12819",TAMAN
2024,KOTA ADM. JAKARTA SELATAN,TEBET,TEBET BARAT,TAMAN SENO KECIL,"JL. TEBET BARAT RAYA, RT.1/RW.10, TEBET BAR., KEC. TEBET, KOTA JAKARTA SELATAN, DAERAH KHUSUS IBUKOTA JAKARTA 12820",TAMAN
2024,KOTA ADM. JAKARTA SELATAN,TEBET,TEBET BARAT,TAMAN PERDAPA,"RT.4/RW.1, TEBET BAR., KEC. TEBET, KOTA JAKARTA SELATAN, DAERAH KHUSUS IBUKOTA JAKARTA 12810",TAMAN
2024,KOTA ADM. JAKARTA SELATAN,TEBET,TEBET BARAT,TAMAN TEBET BARAT VI,"JL. TEBET BARAT DALAM VI D 1-3, RT.6/RW.4, TEBET BAR., KEC. TEBET (TAMAN GELORA)",TAMAN
2024,KOTA ADM. JAKARTA SELATAN,TEBET,TEBET BARAT,TAMAN TEBET BARAT I/C,"TEBET BARAT I C,KELURAHAN TEBET BARAT, KECAMATAN TEBET, JAKARTA SELATAN",TAMAN
2024,KOTA ADM. JAKARTA SELATAN,TEBET,TEBET BARAT,TAMAN TAWES I,"JL. TEBET BARAT DALAM RAYA NO.1E, RT.14/RW.3, TEBET BAR., KEC. TEBET, KOTA JAKARTA SELATAN, DAERAH KHUSUS IBUKOTA JAKARTA 12810",TAMAN
2024,KOTA ADM. JAKARTA SELATAN,TEBET,TEBET BARAT,TAMAN TAWES II,"JL. TEBET BARAT DALAM RAYA NO.1E, RT.14/RW.3, TEBET BAR., KEC. TEBET, KOTA JAKARTA SELATAN, DAERAH KHUSUS IBUKOTA JAKARTA 12810",TAMAN
2024,KOTA ADM. JAKARTA SELATAN,TEBET,TEBET BARAT,TAMAN PERSATUAN,"JL. TEBET BARAT DALAM II C, RT.2/ 3, KEL.TEBET BARAT KEC. TEBET, JAKARTA SELATAN",TAMAN
2024,KOTA ADM. JAKARTA SELATAN,TEBET,TEBET BARAT,TAMAN KERAMAT,"JL. TEBET BARAT III C RT.9/ 3, KEL. TEBET BARAT KEC. TEBET, JAKARTA SELATAN",TAMAN
2024,KOTA ADM. JAKARTA SELATAN,TEBET,TEBET BARAT,TAMAN GARUDA,"JL. TEBET BARAT DALAM IVB NO.21, RT.16/RW.6, KEL. TEBET BARAT KEC. TEBET.",TAMAN
2024,KOTA ADM. JAKARTA BARAT,KEBON JERUK,KEDOYA SELATAN,JALUR HIJAU JL. PANJANG DR FO. KEBON JERUK S/D LM KEDOYA COSMOS,JH. JL. PANJANG DR FO. KEBON JERUK S/D LM KEDOYA COSMOS,JALUR HIJAU
2024,KOTA ADM. JAKARTA BARAT,KEBON JERUK,KEDOYA SELATAN,JALUR HIJAU PULAU-PULAU DEPAN APARTEMEN KEDOYA,JH. PULAU-PULAU DEPAN APARTEMEN KEDOYA,JALUR HIJAU
2024,KOTA ADM. JAKARTA BARAT,KEBON JERUK,N/A,JALUR HIJAU SEGITIGA DEPAN APARTEMEN KEDOYA,JH. SEGITIGA DEPAN APARTEMEN KEDOYA,JALUR HIJAU
2024,KOTA ADM. JAKARTA BARAT,KEBON JERUK,N/A,JALUR HIJAU JL. KEDOYA PILAR,JH. JL. KEDOYA PILAR,JALUR HIJAU
2024,KOTA ADM. JAKARTA BARAT,KEBON JERUK,KEDOYA SELATAN,JALUR HIJAU JL. DEPAN PANTI SOSIAL KEDOYA SELATAN,JH. JL. DEPAN PANTI SOSIAL KEDOYA SELATAN,JALUR HIJAU
2024,KOTA ADM. JAKARTA BARAT,KEBON JERUK,N/A,JALUR HIJAU PULAU-PULAU KEL. KEDOYA SELATAN,JH. PULAU-PULAU KEL. KEDOYA SELATAN,JALUR HIJAU
2024,KOTA ADM. JAKARTA BARAT,KEBON JERUK,N/A,JALUR HIJAU DEPAN GEREJA GKI JL. PANJANG,JH. DEPAN GEREJA GKI JL. PANJANG,JALUR HIJAU
2024,KOTA ADM. JAKARTA BARAT,KEBON JERUK,N/A,JALUR HIJAU JL. PANJANG DR JL. E (JL. H. DOMANG) S/D FO. KEBON JERUK,JH. JL. PANJANG DR JL. E (JL. H. DOMANG) S/D FO. KEBON JERUK,JALUR HIJAU
2024,KOTA ADM. JAKARTA BARAT,KEBON JERUK,N/A,JALUR HIJAU FO. KEBON JERUK,JH. FO. KEBON JERUK,JALUR HIJAU
2024,KOTA ADM. JAKARTA BARAT,KEBON JERUK,N/A,JALUR HIJAU SEPARATOR DAN SEGITIGA PULAU JALAN JL. PANJANG,JH. SEPARATOR DAN SEGITIGA PULAU JALAN JL. PANJANG,JALUR HIJAU
2024,KOTA ADM. JAKARTA BARAT,KEBON JERUK,N/A,JALUR HIJAU JL. LAPANGAN BOLA,JH. JL. LAPANGAN BOLA,JALUR HIJAU
2024,KOTA ADM. JAKARTA BARAT,KEBON JERUK,N/A,JALUR HIJAU JL. RAYA PERJUANGAN,JH. JL. RAYA PERJUANGAN,JALUR HIJAU
2024,KOTA ADM. JAKARTA BARAT,KEBON JERUK,KELAPA DUA,JALUR HIJAU SEGITIGA JL. ARJUNA SELATAN,JH. SEGITIGA JL. ARJUNA SELATAN,JALUR HIJAU
2024,KOTA ADM. JAKARTA BARAT,KEBON JERUK,N/A,JALUR HIJAU SEGITIGA POS PENGUMBEN,JH. SEGITIGA POS PENGUMBEN,JALUR HIJAU
2024,KOTA ADM. JAKARTA BARAT,KEBON JERUK,N/A,JALUR HIJAU JL. PANJANG DR KALI S/D JL. E (JL. H. DOMANG),JH. JL. PANJANG DR KALI S/D JL. E (JL. H. DOMANG),JALUR HIJAU
2024,KOTA ADM. JAKARTA BARAT,KEBON JERUK,N/A,JALUR HIJAU JL. KEBON RAYA,JH. JL. KEBON RAYA,JALUR HIJAU
2024,KOTA ADM. JAKARTA BARAT,KEBON JERUK,N/A,JALUR HIJAU JL. ARJUNA UTARA,JH. JL. ARJUNA UTARA,JALUR HIJAU
2024,KOTA ADM. JAKARTA BARAT,KEBON JERUK,N/A,JALUR HIJAU JL. PANJANG DR LM POS PENGUMBEN S/D KALI,JH. JL. PANJANG DR LM POS PENGUMBEN S/D KALI,JALUR HIJAU
2024,KOTA ADM. JAKARTA BARAT,KEBON JERUK,N/A,JALUR HIJAU JL. PANJANG DR RS. PERMATA HIJAU S/D LM POS PENGUMBEN,JH. JL. PANJANG DR RS. PERMATA HIJAU S/D LM POS PENGUMBEN,JALUR HIJAU
2024,KOTA ADM. JAKARTA BARAT,KEBON JERUK,SLIPI,JALUR HIJAU AMENITIES DAN SISI TOL JL. S. PARMAN (LAMPU MERAH SLIPI - LAMPU MERAH TOMANG),JL. S. PARMAN (LAMPU MERAH SLIPI - LAMPU MERAH TOMANG),JALUR HIJAU
2024,KOTA ADM. JAKARTA BARAT,KEBON JERUK,SLIPI,KOLONG TOL SLIPI,KOLONG TOL SLIPI,JALUR HIJAU
2024,KOTA ADM. JAKARTA BARAT,KEBON JERUK,SUKABUMI SELATAN,"JALUR HIJAU TEPIAN AIR KALI MOOKERVART (DARI JL. PANJANG S/D SIMPANG RING ROAD, JAKARTA BARAT)","JL. PANJANG S/D SIMPANG RING ROAD, JAKARTA BARAT)",JALUR HIJAU
2024,KOTA ADM. JAKARTA BARAT,KEBON JERUK,SUKABUMI SELATAN,TPU SUKABUMI SELATAN,"JL. RAYA SUKABUMI SELATAN, RT.8/RW.6, SUKABUMI SEL., KEC. KB. JERUK, KOTA JAKARTA BARAT, DAERAH KHUSUS IBUKOTA",TPU
2024,KOTA ADM. JAKARTA BARAT,KEBON JERUK,SUKABUMI UTARA,TAMAN MELUR,"JL. RAYA KB. JERUK NO.2, RT.2/RW.6, SUKABUMI UTARA, KEC. KB. JERUK, KOTA JAKARTA BARAT, DAERAH KHUSUS IBUKOTA JAKARTA 11540",TAMAN
2024,KOTA ADM. JAKARTA BARAT,KEMBANGAN,JOGLO,TAMAN ALFA INDAH BLOK A.2,"JL. TAMAN ALFA INDAH BLOK A2, RW.7, JOGLO, KEC. KEMBANGAN, KOTA JAKARTA BARAT, DAERAH KHUSUS IBUKOTA JAKARTA 11640",TAMAN
2024,KOTA ADM. JAKARTA BARAT,KEMBANGAN,JOGLO,TAMAN ALFA INDAH BLOK A.19,"JL. TAMAN ALFA INDAH BLOK A19, RW.7, JOGLO, KEC. KEMBANGAN, KOTA JAKARTA BARAT, DAERAH KHUSUS IBUKOTA JAKARTA 11640",TAMAN
2024,KOTA ADM. JAKARTA BARAT,KEMBANGAN,JOGLO,TAMAN ALFA INDAH BLOK B.4,"JL. TAMAN ALFA INDAH BLOK B4, RW.7, JOGLO, KEC. KEMBANGAN, KOTA JAKARTA BARAT, DAERAH KHUSUS IBUKOTA JAKARTA 11640",TAMAN
2024,KOTA ADM. JAKARTA BARAT,KEMBANGAN,JOGLO,TAMAN ALFA INDAH BLOK B.18,"JL. TAMAN ALFA INDAH BLOK B18, RW.7, JOGLO, KEC. KEMBANGAN, KOTA JAKARTA BARAT, DAERAH KHUSUS IBUKOTA JAKARTA 11640",TAMAN
2024,KOTA ADM. JAKARTA BARAT,KEMBANGAN,JOGLO,TAMAN ALFA INDAH BLOK F,"JL. TAMAN ALFA INDAH BLOK F, RW.7, JOGLO, KEC. KEMBANGAN, KOTA JAKARTA BARAT, DAERAH KHUSUS IBUKOTA JAKARTA 11640",TAMAN
2024,KOTA ADM. JAKARTA BARAT,KEMBANGAN,JOGLO,TAMAN KOMPLEK MEGA KEBON JERUK,"JL. REGENSI KEBON JERUK, RW.9, JOGLO, KEC. KEMBANGAN, KOTA JAKARTA BARAT, DAERAH KHUSUS IBUKOTA JAKARTA 11640",TAMAN
2024,KOTA ADM. JAKARTA PUSAT,SAWAH BESAR,N/A,TAMAN PINTU AIR (MEDIAN JL. JUANDA),TAMAN PINTU AIR (MEDIAN JL. JUANDA),JALUR HIJAU
2024,KOTA ADM. JAKARTA PUSAT,SAWAH BESAR,N/A,TAMAN SEGITIGA SENEN RAYA (KALILIO I),TAMAN SEGITIGA SENEN RAYA (KALILIO I),JALUR HIJAU
2024,KOTA ADM. JAKARTA PUSAT,SAWAH BESAR,PASAR BARU,TAMAN SEGITIGA BUDI UTOMO,TAMAN SEGITIGA BUDI UTOMO,JALUR HIJAU
2024,KOTA ADM. JAKARTA PUSAT,SAWAH BESAR,PASAR BARU,JH JL. SURATMO,JH JL. SURATMO,JALUR HIJAU
2024,KOTA ADM. JAKARTA PUSAT,SAWAH BESAR,PASAR BARU,JH JL. LAPANGAN BANTENG TIMUR,JH JL. LAPANGAN BANTENG TIMUR,JALUR HIJAU
2024,KOTA ADM. JAKARTA PUSAT,SAWAH BESAR,PASAR BARU,JH JL. PERWIRA SISI ISTIQLAL,JH JL. PERWIRA SISI ISTIQLAL,JALUR HIJAU
2024,KOTA ADM. JAKARTA PUSAT,SAWAH BESAR,PASAR BARU,ISTIQLAL SISI PINTU AIR,ISTIQLAL SISI PINTU AIR,JALUR HIJAU
2024,KOTA ADM. JAKARTA PUSAT,SAWAH BESAR,PASAR BARU,JH JL. KATHEDRAL (SISI ISTIQLAL),JH JL. KATHEDRAL (SISI ISTIQLAL),JALUR HIJAU
2024,KOTA ADM. JAKARTA PUSAT,SAWAH BESAR,PASAR BARU,JH JALAN BAWAH REL (SISI BELAKANG ISTIQLAL),JH JALAN BAWAH REL (SISI BELAKANG ISTIQLAL),JALUR HIJAU
2024,KOTA ADM. JAKARTA PUSAT,SAWAH BESAR,PASAR BARU,JH JL. PERWIRA SISI SMP 4 S/D JL. TAMAN PEJAMBON (KANAN KIRI),JH JL. PERWIRA SISI SMP 4 S/D JL. TAMAN PEJAMBON (KANAN KIRI),JALUR HIJAU
2024,KOTA ADM. JAKARTA PUSAT,SAWAH BESAR,PASAR BARU,JH JL. LAPANGAN BANTENG UTARA TERMASUK PEDESTRIAN (SISI KANTOR POS S/D GEREJA KATEDRAL),JH JL. LAPANGAN BANTENG UTARA TERMASUK PEDESTRIAN (SISI KANTOR POS S/D GEREJA KATEDRAL),JALUR HIJAU
2024,KOTA ADM. JAKARTA PUSAT,SAWAH BESAR,PASAR BARU,JH JL. KATHEDRAL (SISI GEREJA KATEDRAL),JH JL. KATHEDRAL (SISI GEREJA KATEDRAL),JALUR HIJAU
2024,KOTA ADM. JAKARTA PUSAT,SAWAH BESAR,PASAR BARU,JH JL. POS DAN JL. KESENIAN,JH JL. POS DAN JL. KESENIAN,JALUR HIJAU
2024,KOTA ADM. JAKARTA PUSAT,SAWAH BESAR,PASAR BARU,JH PINGGIR KALI PASAR BARU (DEPAN TUGU ADIPURA) S/D JH JL. DR. SUTOMO (KANAN-KIRI),JH PINGGIR KALI PASAR BARU (DEPAN TUGU ADIPURA) S/D JH JL. DR. SUTOMO (KANAN-KIRI),JALUR HIJAU
2024,KOTA ADM. JAKARTA PUSAT,SAWAH BESAR,PASAR BARU,JH JL. PASAR BARU TIMUR,JH JL. PASAR BARU TIMUR,JALUR HIJAU
2024,KOTA ADM. JAKARTA PUSAT,SAWAH BESAR,PASAR BARU,SEGITIGA DAN PULAU JALAN SEKITAR LAPANGAN BANTENG,SEGITIGA DAN PULAU JALAN SEKITAR LAPANGAN BANTENG,JALUR HIJAU
2024,KOTA ADM. JAKARTA PUSAT,SAWAH BESAR,PASAR BARU,JH JL. LAPANGAN BANTENG SELATAN TERMASUK PEDESTRIAN DAN TAMAN BOROBUDUR,JH JL. LAPANGAN BANTENG SELATAN TERMASUK PEDESTRIAN DAN TAMAN BOROBUDUR,JALUR HIJAU
2024,KOTA ADM. JAKARTA PUSAT,SAWAH BESAR,PASAR BARU,JH JL. SAMANHUDI,JH JL. SAMANHUDI,JALUR HIJAU
2024,KOTA ADM. JAKARTA PUSAT,SAWAH BESAR,PASAR BARU,TAMAN SEGITIGA POS POL (KATEDRAL),TAMAN SEGITIGA POS POL (KATEDRAL),JALUR HIJAU
2024,KOTA ADM. JAKARTA PUSAT,SAWAH BESAR,PASAR BARU,TAMAN MEDIAN BUDI UTOMO,TAMAN MEDIAN BUDI UTOMO,JALUR HIJAU
2024,KOTA ADM. JAKARTA PUSAT,SAWAH BESAR,PASAR BARU,TAMAN ADIPURA KENCANA,"JL. KATEDRAL, PASAR BARU, SAWAH BARU, JAKARTA PUSAT",TAMAN
2024,KOTA ADM. JAKARTA PUSAT,SAWAH BESAR,PASAR BARU,TAMAN JL. DR. WAHIDIN,"JL. DR. WAHIDIN I, PS. BARU, KECAMATAN SAWAH BESAR, KOTA JAKARTA PUSAT, DAERAH KHUSUS IBUKOTA JAKARTA 10710",TAMAN
2024,KOTA ADM. JAKARTA PUSAT,SAWAH BESAR,PASAR BARU,TAMAN ARCADIA,JL. TIANGSENG RT03/RW 06,TAMAN
2024,KOTA ADM. JAKARTA PUSAT,SAWAH BESAR,PASAR BARU,"POT2 DAN PERGOLA DI PINGGIR KALI JL. PASAR BARU (JL. POS, JL. ANTARA, JL. PASAR BARU TIMUR)","JL. PASAR BARU, RT.15, PS. BARU, KECAMATAN SAWAH BESAR, KOTA JAKARTA PUSAT, DAERAH KHUSUS IBUKOTA JAKARTA 10710",TAMAN
2024,KOTA ADM. JAKARTA PUSAT,SAWAH BESAR,PASAR BARU,TAMAN LAPANGAN BANTENG,JL. LAPANGAN BANTENG UTARA,TAMAN
2024,KOTA ADM. JAKARTA PUSAT,SAWAH BESAR,SENEN,TAMAN SEGITIGA SENEN RAYA (KALILIO),TAMAN SEGITIGA SENEN RAYA (KALILIO),JALUR HIJAU
2024,KOTA ADM. JAKARTA PUSAT,SENEN,BUNGUR,JH JL. PASAR SENEN,JH JL. PASAR SENEN,JALUR HIJAU
2024,KOTA ADM. JAKARTA PUSAT,SENEN,BUNGUR,JH JL. STASIUN SENEN,JH JL. STASIUN SENEN,JALUR HIJAU
2024,KOTA ADM. JAKARTA PUSAT,SENEN,BUNGUR,JH JL. BUNGUR BESAR,JH JL. BUNGUR BESAR,JALUR HIJAU
2024,KOTA ADM. JAKARTA PUSAT,SENEN,BUNGUR,TAMAN INTERAKTIF BUNGUR RW. 07A,"JL. BUNGUR 3 KEL. BUNGUR KEC. SENEN, JAKARTA PUSAT",TAMAN
2024,KOTA ADM. JAKARTA PUSAT,SENEN,BUNGUR,TAMAN KWITANG UJUNG TIMUR,"JL. KWITANG TIMUR KEL. BUNGUR KEC. SENEN, JAKARTA PUSAT",TAMAN
2024,KOTA ADM. JAKARTA PUSAT,SENEN,BUNGUR,TAMAN INTERAKTIF BUNGUR RW. 07B,"JL. BUNGUR 3 KEL. BUNGUR KEC. SENEN, JAKARTA PUSAT",TAMAN
2024,KOTA ADM. JAKARTA PUSAT,SENEN,BUNGUR,RTH KALIBARU TIMUR,"JL. KALIBARU TIMUR DALAM NO.1, RT.9/RW.6, BUNGUR, KEC. SENEN, KOTA JAKARTA PUSAT, DAERAH KHUSUS IBUKOTA JAKARTA 10460",TAMAN
2024,KOTA ADM. JAKARTA SELATAN,KEBAYORAN BARU,PULO,TAMAN DARMAWANGSA IX,"JL. DARMAWANGSA IX RT 005/ 001 KEL. PULO, KEC. KEBAYORAN BARU. JAKARTA SELATAN",TAMAN
2024,KOTA ADM. JAKARTA SELATAN,KEBAYORAN BARU,PULO,TAMAN KERBAU GAJAH,"JL. DARMAWANGSA VI, RT.5/RW.1, PULO, KEC. KBY. BARU, KOTA JAKARTA SELATAN, DAERAH KHUSUS IBUKOTA JAKARTA 12160",TAMAN
2024,KOTA ADM. JAKARTA SELATAN,KEBAYORAN BARU,PULO,TAMAN RADIUS,"JL. TAMAN JL. DARMAWANGSA RAYA, RT.8/RW.1, PULO, KEBAYORAN BARU, SOUTH JAKARTA CITY, JAKARTA 12160",TAMAN
2024,KOTA ADM. JAKARTA SELATAN,KEBAYORAN BARU,PULO,TAMAN DARMAWANGSA TANGGUL,"JL. DHARMAWANGSA RAYA NO.6 RT 06/02, PULO, KEC. KBY. BARU, KOTA JAKARTA SELATAN, DAERAH KHUSUS IBUKOTA JAKARTA 12160",TAMAN
2024,KOTA ADM. JAKARTA SELATAN,KEBAYORAN BARU,PULO,TAMAN DARMAWANGSA TERUSAN,"JL. DARMAWANGSA RAYA, RT.4/RW.1, PULO, KEC. KBY. BARU, KOTA JAKARTA SELATAN, DAERAH KHUSUS IBUKOTA JAKARTA 12160",TAMAN
2024,KOTA ADM. JAKARTA SELATAN,KEBAYORAN BARU,PULO,TAMAN BRAWIJAYA IB,"JL. PRAPANCA RAYA NO.103, RT.9/RW.4, KUNINGAN, CIPETE UTARA, KEC. KBY. BARU, KOTA JAKARTA SELATAN, DAERAH KHUSUS IBUKOTA JAKARTA 12150",TAMAN
2024,KOTA ADM. JAKARTA SELATAN,KEBAYORAN BARU,PULO,TAMAN PANGUDI LUHUR,"JL. PRAPANCA II NO.25, RT.5/RW.3, PULO, KEC. KBY. BARU, KOTA JAKARTA SELATAN, DAERAH KHUSUS IBUKOTA JAKARTA 12160",TAMAN
2024,KOTA ADM. JAKARTA SELATAN,KEBAYORAN BARU,PULO,TAMAN PRAPANCA IV,"JL. PULO RAYA III, RT.2/RW.3, PULO, KEC. KBY. BARU, KOTA JAKARTA SELATAN, DAERAH KHUSUS IBUKOTA JAKARTA 12170",TAMAN
2024,KOTA ADM. JAKARTA SELATAN,KEBAYORAN BARU,PULO,TAMAN PULO/PANGKALAN TAXI,"JL. BRAWIJAYA XIII 8, RT.2/RW.3, PULO, KEC. KBY. BARU, KOTA JAKARTA SELATAN, DAERAH KHUSUS IBUKOTA JAKARTA 12160",TAMAN
2024,KOTA ADM. JAKARTA SELATAN,KEBAYORAN BARU,PULO,TAMAN DARMAWANGSA VIII,"JL. DHARMAWANGSA VIII, RT.5/RW.3, PULO, KEC. KBY. BARU, KOTA JAKARTA SELATAN, DAERAH KHUSUS IBUKOTA JAKARTA 12160",TAMAN
2024,KOTA ADM. JAKARTA SELATAN,KEBAYORAN BARU,PULO,TAMAN BRAWIJAYA,"JL. BRAWIJAYA RAYA 4, RT.2/RW.3, PULO, KEC. KBY. BARU, KOTA JAKARTA SELATAN, DAERAH KHUSUS IBUKOTA JAKARTA 12160",TAMAN
2024,KOTA ADM. JAKARTA SELATAN,KEBAYORAN BARU,PULO,TAMAN BRAWIJAYA VII,"JL. BRAWIJAYA VII TAMAN 3-7, RT.3/RW.3, PULO, KEC. KBY. BARU, KOTA JAKARTA SELATAN, DAERAH KHUSUS IBUKOTA JAKARTA 12160",TAMAN
2024,KOTA ADM. JAKARTA SELATAN,KEBAYORAN BARU,PULO,TAMAN KURA - KURA,"JL. DARMAWANGSA-X NO.7, RT.1/RW.2, PULO, KEC. KBY. BARU, KOTA JAKARTA SELATAN, DAERAH KHUSUS IBUKOTA JAKARTA 12160",TAMAN
2024,KOTA ADM. JAKARTA SELATAN,KEBAYORAN BARU,RAWA BARAT,TAMAN SUREN TURI,"JL. SUREN RT 3/6 , KEL. RAWA BARAT, KEC. KEBAYORAN BARU. JAKARTA SELATAN",TAMAN
2024,KOTA ADM. JAKARTA SELATAN,KEBAYORAN BARU,RAWA BARAT,TAMAN CINIRU,"JALAN CINIRU, RT.5/RW.3, RW. BAR., KEC. KEBAYORAN BARU. JAKARTA SELATAN",TAMAN
2024,KOTA ADM. JAKARTA SELATAN,KEBAYORAN BARU,RAWA BARAT,TAMAN CIBEBER,"JL. CIBEBER I 21-27, RT.3/RW.3, RW. BAR., KEC. KBY. BARU, KOTA JAKARTA SELATAN, DAERAH KHUSUS IBUKOTA JAKARTA 12180",TAMAN
2024,KOTA ADM. JAKARTA SELATAN,KEBAYORAN BARU,RAWA BARAT,TAMAN LAKSANA,"JL. LAKSANA I NO.6, RT.6/RW.6, RW. BAR., KEC. KBY. BARU, KOTA JAKARTA SELATAN, DAERAH KHUSUS IBUKOTA JAKARTA 12180",TAMAN
2024,KOTA ADM. JAKARTA SELATAN,KEBAYORAN BARU,SELONG,TAMAN BHAKTI,"JL. BAKTI 6, RT.1/RW.6, RW. BAR., KEC. KBY. BARU, KOTA JAKARTA SELATAN,",TAMAN
2024,KOTA ADM. JAKARTA SELATAN,KEBAYORAN BARU,SELONG,TAMAN EKS. SPBU SENOPATI/ TMN. SURYO,"JL. SURYO NO.8, RT.10/RW.3, RW. BAR., KEC. KBY. BARU, KOTA JAKARTA SELATAN,",TAMAN
2024,KOTA ADM. JAKARTA SELATAN,KEBAYORAN BARU,SELONG,TAMAN PULT / TAMAN RADEN PATAH,"JL. PATTIMURA, RT 002/001 KEL. SELONG, KEC. KEBAYORAN BARU. JAKARTA SELATAN",TAMAN
2024,KOTA ADM. JAKARTA SELATAN,KEBAYORAN BARU,SELONG,TAMAN DAHA/ SMU 82,"JL. DAHA 1, RT 001/001 KEL. SELONG KEC. KEBAYORAN BARU. JAKARTA SELATAN",TAMAN
2024,KOTA ADM. JAKARTA SELATAN,KEBAYORAN BARU,SELONG,TAMAN SRIWIJAYA,"JL. SRIWIJAYA I, RT 004/001 KEL. SELONG, KEC. KEBAYORAN BARU JAKARTA SELATAN",TAMAN
2024,KOTA ADM. JAKARTA SELATAN,KEBAYORAN BARU,SELONG,TAMAN PULO BANGKENG,"JL. PULO BANGKENG RT 001/002 KEL. SELONG, KEC. KEBAYORAN BARU. JAKARTA SELATAN",TAMAN
2024,KOTA ADM. JAKARTA SELATAN,KEBAYORAN BARU,SELONG,TAMAN SANJAYA,JL. SANJAYA  KEL.SELONG KEC. KEBAYORAN BARU. JAKARTA SELATAN ,TAMAN
2024,KOTA ADM. JAKARTA SELATAN,KEBAYORAN BARU,SELONG,TAMAN SANJAYA I,JL. TAMAN SENJAYA RT3 / RW 2 KEL.SELONG KEC. KEBAYORAN BARU. JAKARTA SELATAN ,TAMAN
2024,KOTA ADM. JAKARTA SELATAN,KEBAYORAN BARU,SELONG,TAMAN SANJAYA II,"JL. MULAWARMAN 16-14, RT.5/RW.2, SELONG, KEC. KBY. BARU, KOTA JAKARTA SELATAN, DAERAH KHUSUS IBUKOTA JAKARTA 12110",TAMAN
2024,KOTA ADM. JAKARTA SELATAN,KEBAYORAN BARU,SELONG,TAMAN GUNAWARMAN SISI BARAT,"JL. GUNAWARMAN BARAT RT 03/03, KEL. SELONG, KEC. KEBAYORAN BARU. JAKARTA SELATAN",TAMAN
2024,KOTA ADM. JAKARTA SELATAN,KEBAYORAN BARU,SELONG,TAMAN GUNAWARMAN SISI TIMUR,"JL. GUNAWARMAN TIMUR RT 06/ 02, KEL. SELONG, KEC. KEBAYORAN BARU. JAKARTA SELATAN",TAMAN
2024,KOTA ADM. JAKARTA SELATAN,TEBET,TEBET BARAT,TAMAN GELORA I,"JL. TEBET BARAT VI/J, KEL. TEBET BARAT, KEC. TEBET",TAMAN
2024,KOTA ADM. JAKARTA SELATAN,TEBET,TEBET BARAT,TAMAN GELORA II,"JL. TEBET BARAT VI/J, KEL. TEBET BARAT, KEC. TEBET",TAMAN
2024,KOTA ADM. JAKARTA SELATAN,TEBET,TEBET BARAT,TAMAN TEBET BARAT,"JL. TEBET BARAT II E NO.5, RT.5/RW.2, TEBET BAR., KEC. TEBET, KOTA JAKARTA SELATAN, DAERAH KHUSUS IBUKOTA JAKARTA 12810",TAMAN
2024,KOTA ADM. JAKARTA SELATAN,TEBET,TEBET BARAT,TAMAN TUNGGAL,"JL. TEBET BARAT DALAM V B RT.7/RW.3, TEBET BAR., KEC. TEBET, KOTA JAKARTA SELATAN",TAMAN
2024,KOTA ADM. JAKARTA SELATAN,TEBET,TEBET BARAT,TAMAN TEBET (TAMAN TEBET ECOPARK),"JL. TEBET BARAT RAYA, RT.1/RW.10, TEBET BARAT",TAMAN
2024,KOTA ADM. JAKARTA SELATAN,TEBET,TEBET BARAT,TAMAN TEBET MAS,"JL. REGENSI TEBET MAS RT.8/RW.2, TEBET BAR., KEC. TEBET, KOTA JAKARTA SELATAN",TAMAN
2024,KOTA ADM. JAKARTA SELATAN,TEBET,TEBET TIMUR,JALUR HIJAU JL. TEBET RAYA,JL. TEBET RAYA,JALUR HIJAU
2024,KOTA ADM. JAKARTA SELATAN,TEBET,TEBET TIMUR,JALUR HIJAU JL. TEBET TIMUR DALAM RAYA,JL. TEBET TIMUR DALAM RAYA,JALUR HIJAU
2024,KOTA ADM. JAKARTA SELATAN,TEBET,TEBET TIMUR,JALUR HIJAU JL. TEBET TIMUR RAYA,JL. TEBET TIMUR RAYA,JALUR HIJAU
2024,KOTA ADM. JAKARTA SELATAN,TEBET,TEBET TIMUR,TAMAN MANDALA,"RT.4/RW.2, TEBET TIM., KEC. TEBET, KOTA JAKARTA SELATAN (RPTRA TAMAN MANDALA)",TAMAN
2024,KOTA ADM. JAKARTA SELATAN,TEBET,TEBET TIMUR,TAMAN BUDHI,"JL. TEBET TIMUR DALAM VI J 31-51, RT.3/RW.6, TEBET TIM., KEC. TEBET,",TAMAN
2024,KOTA ADM. JAKARTA SELATAN,TEBET,TEBET TIMUR,TAMAN HASYIM,"JL. TEBET TIMUR DALAM X/C, RT 3/8 KEL. TEBET TIMUR, KEC. TEBET.",TAMAN
2024,KOTA ADM. JAKARTA SELATAN,TEBET,TEBET TIMUR,TAMAN NILAM,"JL. TEBET TIMUR DALAM VIII , RT.5/.9, KEL. TEBET TIMUR, KEC. TEBET,",TAMAN
2024,KOTA ADM. JAKARTA SELATAN,TEBET,TEBET TIMUR,TAMAN TEBET TIMUR DALAM (VII/F),"JL. TEBET TIMUR DALAM VII F RT.6/.6, KEL. TEBET TIMUR KEC. TEBET, KOTA JAKARTA SELATAN",TAMAN
2024,KOTA ADM. JAKARTA SELATAN,TEBET,TEBET TIMUR,TAMAN TEBET TIMUR DALAM VII G,JL. TEBET TIMUR DALAM VIIG KEL. TEBET TIMUR,TAMAN
2024,KOTA ADM. JAKARTA SELATAN,TEBET,TEBET TIMUR,TAMAN TEBET TIMUR DALAM VI G,"JL. TEBET TIMUR DALAM VII G, RT.6/RW.6, TEBET TIM., KEC. TEBET, KOTA JAKARTA SELATAN, ",TAMAN
2024,KOTA ADM. JAKARTA SELATAN,TEBET,TEBET TIMUR,TAMAN TEBET TIMUR DALAM VI E,JL.TEBET TIMUR DALAM TEBET,TAMAN
2024,KOTA ADM. JAKARTA SELATAN,TEBET,TEBET TIMUR,TAMAN HASBAH,"JL. TEBET TIMUR DALAM V RT 4/ 5,KEL. TEBET TIMUR  KEC. TEBET, KOTA JAKARTA SELATAN",TAMAN
2024,KOTA ADM. JAKARTA SELATAN,TEBET,TEBET TIMUR,TAMAN TEBET TIMUR DALAM V A,JL. TEBET TIMUR DALAM VA KEL. TEBET TIMUR,TAMAN
2024,KOTA ADM. JAKARTA SELATAN,TEBET,TEBET TIMUR,TAMAN TELADAN,"JL. TEBET TIMUR DALAM IV G NO.14, RT.1/RW.11, TEBET TIM., KEC. TEBET,",TAMAN
2024,KOTA ADM. JAKARTA SELATAN,TEBET,TEBET TIMUR,TAMAN BAKTI,"JL. TEBET TIMUR II A, RT.08/RW.5, KEL. TEBET TIM., KEC. TEBET",TAMAN
2024,KOTA ADM. JAKARTA SELATAN,TEBET,TEBET TIMUR,TAMAN BERDIKARI,"JL. TEBET TIMUR DALAM V A, RT.4/RW.5, TEBET TIM., KEC. TEBET, KOTA JAKARTA SELATAN, DAERAH KHUSUS IBUKOTA JAKARTA 12820",TAMAN
2024,KOTA ADM. JAKARTA SELATAN,TEBET,TEBET TIMUR,TAMAN MARATHON,"JL. TEBET TIMUR DALAM I B, RT.7/RW.4, TEBET TIM., KEC. TEBET,",TAMAN
2024,KOTA ADM. JAKARTA SELATAN,TEBET,TEBET TIMUR,TAMAN TRIKORA (TEBET TIMUR DALAM (VIII/M)),"JL. TEBET TIMUR DALAM RAYA, RW.5, TEBET TIM., KEC. TEBET, KOTA JAKARTA SELATAN, DAERAH KHUSUS IBUKOTA JAKARTA 12820",TAMAN
2024,KOTA ADM. JAKARTA SELATAN,TEBET,TEBET TIMUR,RPTRA TAMAN HONDA JL. TEBET TIMUR RAYA RT 10/10,"JALAN TEBET TIMUR RAYA NO.10, RT.1/RW.10, TEBET TIM., KEC. TEBET, KOTA JAKARTA SELATAN",TAMAN
2024,KOTA ADM. JAKARTA SELATAN,TEBET,TEBET TIMUR,TAMAN AISYIYAH,"JL. TEBET TIMUR DALAM VIII M NO.11, RT.1/RW.9, TEBET TIM., KEC. TEBET, KOTA JAKARTA SELATAN, ",TAMAN
2024,KOTA ADM. JAKARTA SELATAN,TEBET,TEBET TIMUR,TAMAN AGAS,"JL. TEBET TIMUR DLM X A RT.2/RW.8, TEBET TIM., KEC. TEBET, KOTA JAKARTA SELATAN",TAMAN
2024,KOTA ADM. JAKARTA TIMUR,CAKUNG,CAKUNG BARAT,TAMAN RTH CAKUNG,"JL. ANGKASA 1 NO.48, RT.5/RW.3, UJUNG MENTENG, KEC. CAKUNG, KOTA JAKARTA TIMUR, DAERAH KHUSUS IBUKOTA JAKARTA 13960",TAMAN
2024,KOTA ADM. JAKARTA TIMUR,CAKUNG,CAKUNG BARAT,TAMAN BAUHINIA,"JL. RAYA CAKUNG CILINGCING BARAT NO.70, RT.9/RW.4, CAKUNG BAR., KEC. CAKUNG, KOTA JAKARTA TIMUR, DAERAH KHUSUS IBUKOTA JAKARTA 13910",TAMAN
2024,KOTA ADM. JAKARTA TIMUR,CAKUNG,CAKUNG BARAT,TPU KAMPUNG BARU,"JL. TIPAR CAKUNG, RT.1/RW.8, CAKUNG BAR., KEC. CAKUNG, KOTA JAKARTA TIMUR, DAERAH KHUSUS IBUKOTA JAKARTA 13910",TPU
2024,KOTA ADM. JAKARTA TIMUR,CAKUNG,CAKUNG TIMUR,RTH JL. ARTERI BKT RT. 005 RW. 07,"JL. ARTERI BANJIR KANAL TIMUR RT. 005 RW. 07, KEL. CAKUNG TIMUR, KEC. CAKUNG, JAKARTA TIMU",TAMAN
2024,KOTA ADM. JAKARTA BARAT,KEMBANGAN,JOGLO,TAMAN JOGLO BLOK D,"JL AL-MUBAROK III RW.8, JOGLO, KEMBANGAN, WEST JAKARTA CITY, JAKARTA 11640",TAMAN
2024,KOTA ADM. JAKARTA BARAT,KEMBANGAN,JOGLO,TAMAN JOGLO BLOK F,"JL AL-MUBAROK III RW.8, JOGLO, KEMBANGAN, WEST JAKARTA CITY, JAKARTA 11640",TAMAN
2024,KOTA ADM. JAKARTA BARAT,KEMBANGAN,JOGLO,TAMAN JOGLO BLOK E,"JL AL-MUBAROK III RW.8, JOGLO, KEMBANGAN, WEST JAKARTA CITY, JAKARTA 11640",TAMAN
2024,KOTA ADM. JAKARTA BARAT,KEMBANGAN,JOGLO,TAMAN JOGLO BLOK M,"JL AL-MUBAROK III RW.8, JOGLO, KEMBANGAN, WEST JAKARTA CITY, JAKARTA 11640",TAMAN
2024,KOTA ADM. JAKARTA BARAT,KEMBANGAN,JOGLO,TAMAN JOGLO BLOK R,"JL AL-MUBAROK III RW.8, JOGLO, KEMBANGAN, WEST JAKARTA CITY, JAKARTA 11640",TAMAN
2024,KOTA ADM. JAKARTA BARAT,KEMBANGAN,JOGLO,TAMAN JOGLO BLOK Z,"JL AL-MUBAROK III RW.8, JOGLO, KEMBANGAN, WEST JAKARTA CITY, JAKARTA 11640",TAMAN
2024,KOTA ADM. JAKARTA BARAT,KEMBANGAN,JOGLO,TAMAN KOMPLEK KOPKAMTIB,"RT.7/RW.2, JOGLO, KEMBANGAN, WEST JAKARTA CITY, JAKARTA 11640",TAMAN
2024,KOTA ADM. JAKARTA BARAT,KEMBANGAN,JOGLO,TAMAN KOMPLEK PEMADAM KEBAKARAN,"JL. JOGLO RAYA JL. BUNTU NO.9, RT.9/RW.2, JOGLO, KEC. KEMBANGAN, KOTA JAKARTA BARAT, DAERAH KHUSUS IBUKOTA JAKARTA 11640",TAMAN
2024,KOTA ADM. JAKARTA BARAT,KEMBANGAN,JOGLO,TAMAN BELAKANG KELURAHAN JOGLO,"JL. JOGLO RAYA NO.1, RT.5/RW.8, JOGLO, KEC. KEMBANGAN, KOTA JAKARTA BARAT, DAERAH KHUSUS IBUKOTA JAKARTA 11640",TAMAN
2024,KOTA ADM. JAKARTA BARAT,KEMBANGAN,JOGLO,TPU JOGLO,"JL. PALEM RAYA, RT.8/RW.3, JOGLO, KEC. KEMBANGAN, KOTA JAKARTA BARAT, DAERAH KHUSUS IBUKOTA JAKARTA 11640",TPU
2024,KOTA ADM. JAKARTA BARAT,KEMBANGAN,KEMBANGAN UTARA,HUTAN KOTA KEMBANGAN UTARA,"JL. HUTAN KOTA NO.11, RT.11/RW.5, KEDOYA UTARA, KEC. KEMBANGAN, JAKARTA, DAERAH KHUSUS IBUKOTA JAKARTA 11520",HUTAN
2024,KOTA ADM. JAKARTA BARAT,KEMBANGAN,KEMBANGAN SELATAN,TAMAN BPN,"RT.1/RW.3, NORTH KEMBANGAN, KEMBANGAN, WEST JAKARTA CITY, JAKARTA 11610",TAMAN
2024,KOTA ADM. JAKARTA BARAT,KEMBANGAN,KEMBANGAN SELATAN,TAMAN BTN I,"JL. KEMBANGAN BARU NO.7, RT.7/RW.3, KEMBANGAN UTARA, KEC. KEMBANGAN, KOTA JAKARTA BARAT, DAERAH KHUSUS IBUKOTA JAKARTA 11610",TAMAN
2024,KOTA ADM. JAKARTA BARAT,KEMBANGAN,KEMBANGAN SELATAN,TAMAN BTN II,"JL. KEMBANGAN BARU NO.7, RT.7/RW.3, KEMBANGAN UTARA, KEC. KEMBANGAN, KOTA JAKARTA BARAT, DAERAH KHUSUS IBUKOTA JAKARTA 11610",TAMAN
2024,KOTA ADM. JAKARTA BARAT,KEMBANGAN,KEMBANGAN SELATAN,TAMAN PURI INDAH BLOK C6,"JL. KEMBANG HARUM VI NO.5, RT.5/RW.4, KEMBANGAN SEL., KEC. KEMBANGAN, KOTA JAKARTA BARAT, DAERAH KHUSUS IBUKOTA JAKARTA 11610",TAMAN
2024,KOTA ADM. JAKARTA BARAT,KEMBANGAN,KEMBANGAN SELATAN,"TAMAN PURI INDAH BLOK R10, BLOK F3","JL. KEMBANG HARUM BLOK R10, BLOK F3 RT.5/RW.4, KEMBANGAN SEL., KEC. KEMBANGAN, KOTA JAKARTA BARAT, DAERAH KHUSUS IBUKOTA JAKARTA 11610",TAMAN
2024,KOTA ADM. JAKARTA BARAT,KEMBANGAN,KEMBANGAN SELATAN,TAMAN PURI INDAH BLOK D3,"JL. KEMBANG HARUM BLOK D3 RT.5/RW.4, KEMBANGAN SEL., KEC. KEMBANGAN, KOTA JAKARTA BARAT, DAERAH KHUSUS IBUKOTA JAKARTA 11610",TAMAN
2024,KOTA ADM. JAKARTA BARAT,KEMBANGAN,KEMBANGAN SELATAN,TAMAN PURI INDAH BLOK E2,"JL. KEMBANG HARUM BLOK E2 RT.5/RW.4, KEMBANGAN SEL., KEC. KEMBANGAN, KOTA JAKARTA BARAT, DAERAH KHUSUS IBUKOTA JAKARTA 11610",TAMAN
2024,KOTA ADM. JAKARTA BARAT,KEMBANGAN,KEMBANGAN SELATAN,TAMAN PURI INDAH BLOK B1,"JL. KEMBANG HARUM BLOK B1 RT.5/RW.4, KEMBANGAN SEL., KEC. KEMBANGAN, KOTA JAKARTA BARAT, DAERAH KHUSUS IBUKOTA JAKARTA 11610",TAMAN
2024,KOTA ADM. JAKARTA BARAT,KEMBANGAN,KEMBANGAN SELATAN,TAMAN PURI INDAH BLOK B2,"JL. KEMBANG HARUM BLOK B2 RT.5/RW.4, KEMBANGAN SEL., KEC. KEMBANGAN, KOTA JAKARTA BARAT, DAERAH KHUSUS IBUKOTA JAKARTA 11610",TAMAN
2024,KOTA ADM. JAKARTA BARAT,KEMBANGAN,KEMBANGAN SELATAN,TAMAN PURI INDAH BLOK B7,"JL. KEMBANG HARUM BLOK B7, RT.5/RW.4, KEMBANGAN SEL., KEC. KEMBANGAN, KOTA JAKARTA BARAT, DAERAH KHUSUS IBUKOTA JAKARTA 11610",TAMAN
2024,KOTA ADM. JAKARTA BARAT,KEMBANGAN,KEMBANGAN SELATAN,TAMAN PURI INDAH BLOK D,"JL. KEMBANG HARUM BLOK D, RT.5/RW.4, KEMBANGAN SEL., KEC. KEMBANGAN, KOTA JAKARTA BARAT, DAERAH KHUSUS IBUKOTA JAKARTA 11610",TAMAN
2024,KOTA ADM. JAKARTA BARAT,KEMBANGAN,KEMBANGAN SELATAN,TAMAN PURI INDAH BLOK A1,"JL. KEMBANG HARUM BLOK A1 RT.5/RW.4, KEMBANGAN SEL., KEC. KEMBANGAN, KOTA JAKARTA BARAT, DAERAH KHUSUS IBUKOTA JAKARTA 11610",TAMAN
2024,KOTA ADM. JAKARTA BARAT,KEMBANGAN,KEMBANGAN SELATAN,TAMAN PURI INDAH BLOK A9,"JL. KEMBANG HARUM BLOK A9, RT.5/RW.4, KEMBANGAN SEL., KEC. KEMBANGAN, KOTA JAKARTA BARAT, DAERAH KHUSUS IBUKOTA JAKARTA 11610",TAMAN
2024,KOTA ADM. JAKARTA BARAT,KEMBANGAN,KEMBANGAN SELATAN,TAMAN KENCANA INDAH I,"JL. KENCANA INDAH, RW.7, KEMBANGAN SEL., KEC. KEMBANGAN, KOTA JAKARTA BARAT, DAERAH KHUSUS IBUKOTA JAKARTA 11610",TAMAN
2024,KOTA ADM. JAKARTA BARAT,KEMBANGAN,KEMBANGAN SELATAN,TAMAN KOMP. WALIKOTA JAK-BAR BLOK C,"JL. PURI ASRI, RT.2/RW.2, KEMBANGAN SEL., KEC. KEMBANGAN, KOTA JAKARTA BARAT, DAERAH KHUSUS IBUKOTA JAKARTA 11610",TAMAN
2024,KOTA ADM. JAKARTA BARAT,KEMBANGAN,KEMBANGAN SELATAN,TPU SWADARMA,JOGLO RT 004 RW 006,TPU
2024,KOTA ADM. JAKARTA PUSAT,SENEN,CIKINI,"JH FO SENEN (UNDERPASS), FO SENEN (ATAS)","JH FO SENEN (UNDERPASS), FO SENEN (ATAS)",JALUR HIJAU
2024,KOTA ADM. JAKARTA PUSAT,SENEN,KENARI,JH UNDERPASS MATRAMAN,JH UNDERPASS MATRAMAN,JALUR HIJAU
2024,KOTA ADM. JAKARTA PUSAT,SENEN,KENARI,JH UNDERPASS PRAMUKA,JH UNDERPASS PRAMUKA,JALUR HIJAU
2024,KOTA ADM. JAKARTA PUSAT,SENEN,KENARI,TAMAN SEGITIGA RADEN SALEH,TAMAN SEGITIGA RADEN SALEH,JALUR HIJAU
2024,KOTA ADM. JAKARTA PUSAT,SENEN,KENARI,JH JL. KRAMAT RAYA (DARI PASAR KENARI SD SIMPANG LIMA SENEN),JH JL. KRAMAT RAYA (DARI PASAR KENARI SD SIMPANG LIMA SENEN),JALUR HIJAU
2024,KOTA ADM. JAKARTA PUSAT,SENEN,KENARI,JH JL. SALEMBA RAYA (DARI PEREMPATAN PRAMUKA-SALEMBA SD PASAR KENARI),JH JL. SALEMBA RAYA (DARI PEREMPATAN PRAMUKA-SALEMBA SD PASAR KENARI),JALUR HIJAU
2024,KOTA ADM. JAKARTA PUSAT,SENEN,KENARI,TAMAN DIPONEGORO,"JL. PANGERAN DIPONEGORO NO.76, RT.2/RW.6, KENARI, KEC. SENEN, KOTA JAKARTA PUSAT, DAERAH KHUSUS IBUKOTA JAKARTA 10430",TAMAN
2024,KOTA ADM. JAKARTA PUSAT,SENEN,KRAMAT,JH JL. KRAMAT RAYA (JALUR TENGAH/MEDIAN),JH JL. KRAMAT RAYA (JALUR TENGAH/MEDIAN),JALUR HIJAU
2024,KOTA ADM. JAKARTA PUSAT,SENEN,KRAMAT,JH JL. KRAMAT RAYA (JALUR PEDESTRIAN),JH JL. KRAMAT RAYA (JALUR PEDESTRIAN),JALUR HIJAU
2024,KOTA ADM. JAKARTA PUSAT,SENEN,KRAMAT,TAMAN KACAPIRING,JL. KACA PIRING RT 13/01,TAMAN
2024,KOTA ADM. JAKARTA PUSAT,SENEN,KRAMAT,TAMAN TONGKANG,"JL. TONGKANG RW.1, KRAMAT, KEC. SENEN, KOTA JAKARTA PUSAT, DAERAH KHUSUS IBUKOTA JAKARTA 10450",TAMAN
2024,KOTA ADM. JAKARTA PUSAT,SENEN,KRAMAT,TAMAN KRAMAT PULO,"JL. KRAMAT PULO RT.7/RW.2, KRAMAT, KEC. SENEN, KOTA JAKARTA PUSAT, DAERAH KHUSUS IBUKOTA JAKARTA 10450",TAMAN
2024,KOTA ADM. JAKARTA PUSAT,SENEN,N/A,JH JL. KEMBANG PACAR,JH JL. KEMBANG PACAR,JALUR HIJAU
2024,KOTA ADM. JAKARTA PUSAT,SENEN,N/A,JH JL. SALEMBA RAYA (JALUR MEDIAN),JH JL. SALEMBA RAYA (JALUR MEDIAN),JALUR HIJAU
2024,KOTA ADM. JAKARTA PUSAT,SENEN,N/A,JH JL. SALEMBA RAYA (JALUR PEDESTRIAN),JH JL. SALEMBA RAYA (JALUR PEDESTRIAN),JALUR HIJAU
2024,KOTA ADM. JAKARTA PUSAT,SENEN,N/A,JH JL. KRAMAT V,JH JL. KRAMAT V,JALUR HIJAU
2024,KOTA ADM. JAKARTA PUSAT,SENEN,N/A,JH JL. KRAMAT IV,JH JL. KRAMAT IV,JALUR HIJAU
2024,KOTA ADM. JAKARTA PUSAT,SENEN,N/A,JH JL. KRAMAT VII,JH JL. KRAMAT VII,JALUR HIJAU
2024,KOTA ADM. JAKARTA PUSAT,SENEN,N/A,JH TANAH TINGGI BARAT (GALUR) DAN FO GALUR ATAS,JH TANAH TINGGI BARAT (GALUR) DAN FO GALUR ATAS,JALUR HIJAU
2024,KOTA ADM. JAKARTA PUSAT,SENEN,N/A,JH TEPIAN KALI SENTIONG SISI KEC. SENEN,JH TEPIAN KALI SENTIONG SISI KEC. SENEN,JALUR HIJAU
2024,KOTA ADM. JAKARTA PUSAT,SENEN,N/A,JH JL. TONGKANG,JH JL. TONGKANG,JALUR HIJAU
2024,KOTA ADM. JAKARTA PUSAT,SENEN,N/A,JH JL. KWITANG TIMUR,JH JL. KWITANG TIMUR,JALUR HIJAU
2024,KOTA ADM. JAKARTA PUSAT,SENEN,PASEBAN,"JH. FO PRAMUKA DEPAN DEPSOS, FO TAMBAK ATAS DAN BAWAH","JH. FO PRAMUKA DEPAN DEPSOS, FO TAMBAK ATAS DAN BAWAH",JALUR HIJAU
2024,KOTA ADM. JAKARTA PUSAT,SENEN,PASEBAN,JH JL. KRAMAT SAWAH,JH JL. KRAMAT SAWAH,JALUR HIJAU
2024,KOTA ADM. JAKARTA PUSAT,SENEN,PASEBAN,TAMAN SEGITIGA MENCOS,TAMAN SEGITIGA MENCOS,JALUR HIJAU
2024,KOTA ADM. JAKARTA PUSAT,SENEN,PEGANGSAAN,TAMAN JL. DIPONEGORO,"JL. PANGERAN DIPONEGORO 74, RT.9/RW.2, PEGANGSAAN, KEC. MENTENG, KOTA JAKARTA PUSAT, DAERAH KHUSUS IBUKOTA JAKARTA 10320",TAMAN
2024,KOTA ADM. JAKARTA PUSAT,SENEN,SENEN,"PULAU-PULAU SENEN, SEGITIGA KURMA, SEGITIGA POS POLISI, SEGITIGA ATRIUM","PULAU-PULAU SENEN, SEGITIGA KURMA, SEGITIGA POS POLISI, SEGITIGA ATRIUM",JALUR HIJAU
2024,KOTA ADM. JAKARTA PUSAT,SENEN,SENEN,JH UNDERPASS SENEN (BAK-BAK KUPINGAN/BOUGENVIL DAN BAK2 MEDIAN UNDERPASS),JH UNDERPASS SENEN (BAK-BAK KUPINGAN/BOUGENVIL DAN BAK2 MEDIAN UNDERPASS),JALUR HIJAU
2024,KOTA ADM. JAKARTA PUSAT,SENEN,SENEN,JH JL. KRAMAT BUNDER,JH JL. KRAMAT BUNDER,JALUR HIJAU
2024,KOTA ADM. JAKARTA PUSAT,SENEN,SENEN,JH KUPINGAN UNDERPASS SENEN,JH KUPINGAN UNDERPASS SENEN,JALUR HIJAU
2024,KOTA ADM. JAKARTA PUSAT,SENEN,SENEN,JH JL. ABDUL RAHMAN SALEH,JH JL. ABDUL RAHMAN SALEH,JALUR HIJAU
2024,KOTA ADM. JAKARTA PUSAT,SENEN,SENEN,JH JL. KALILIO SENEN DAN SEGITIGA,JH JL. KALILIO SENEN DAN SEGITIGA,JALUR HIJAU
2024,KOTA ADM. JAKARTA PUSAT,SENEN,SENEN,TAMAN SEGITIGA DEPAN HOTEL OASIS AMIR,TAMAN SEGITIGA DEPAN HOTEL OASIS AMIR,JALUR HIJAU
2024,KOTA ADM. JAKARTA PUSAT,SENEN,SENEN,JH JL. PRAMUKA SARI (PINGGIR KALI CILIWUNG) KEL. KENARI,JH JL. PRAMUKA SARI (PINGGIR KALI CILIWUNG) KEL. KENARI,JALUR HIJAU
2024,KOTA ADM. JAKARTA SELATAN,KEBAYORAN BARU,SELONG,TAMAN DAKSA,"JL. DAKSA IV RT 06/02, KEL. SELONG, KEC. KEBAYORAN BARU. JAKARTA SELATAN",TAMAN
2024,KOTA ADM. JAKARTA SELATAN,KEBAYORAN BARU,SELONG,TAMAN BELITUNG,"JL. BALITUNG III NO.21, RT.6/RW.3, SELONG, KEC. KBY. BARU, KOTA JAKARTA SELATAN, DAERAH KHUSUS IBUKOTA JAKARTA 12110",TAMAN
2024,KOTA ADM. JAKARTA SELATAN,KEBAYORAN BARU,SELONG,TAMAN RAJASA,"JL. RAJASA NO.9, RT.9/RW.3, SELONG, KEC. KBY. BARU, KOTA JAKARTA SELATAN, DAERAH KHUSUS IBUKOTA JAKARTA 12110",TAMAN
2024,KOTA ADM. JAKARTA SELATAN,KEBAYORAN BARU,SELONG,TAMAN RAGATNATA,"JL. KERTANEGARA JS.18.03 SELONG KEBAYORAN BARU JAKARTA SELATAN DKI JAKARTA, RT.9/RW.3, SELONG, KEC. KBY. BARU, KOTA JAKARTA SELATAN, DAERAH KHUSUS IBUKOTA JAKARTA 12110",TAMAN
2024,KOTA ADM. JAKARTA SELATAN,KEBAYORAN BARU,SELONG,TAMAN EMPU SENDOK DALAM,"JL. SENOPATI NO.49, RT.8/RW.3, SELONG, KEC. KBY. BARU, KOTA JAKARTA SELATAN, DAERAH KHUSUS IBUKOTA JAKARTA 12190",TAMAN
2024,KOTA ADM. JAKARTA SELATAN,KEBAYORAN BARU,SELONG,TAMAN EMPU SENDOK LUAR,"JL. TAMAN MPU SENDOK NO.8, RT.8/RW.3, SELONG, KEC. KBY. BARU, KOTA JAKARTA SELATAN, DAERAH KHUSUS IBUKOTA JAKARTA 12110",TAMAN
2024,KOTA ADM. JAKARTA SELATAN,KEBAYORAN BARU,SELONG,TAMAN CEMARA,"JL. BAKTI NO.22, RT.1/RW.6, SELONG, KEC. KBY. BARU, KOTA JAKARTA SELATAN, DAERAH KHUSUS IBUKOTA JAKARTA 12180",TAMAN
2024,KOTA ADM. JAKARTA SELATAN,KEBAYORAN BARU,SELONG,TAMAN JENGGALA/ GALUH,"JL. TAMAN JENGGALA, RT.5/RW.1, SELONG, KEC. KBY. BARU, KOTA JAKARTA SELATAN, DAERAH KHUSUS IBUKOTA JAKARTA 12110",TAMAN
2024,KOTA ADM. JAKARTA SELATAN,KEBAYORAN BARU,SELONG,TAMAN MATARAM TIMUR,"JL. MATARAM RAYA, RT.2/RW.1, SELONG, KEC. KBY. BARU, KOTA JAKARTA SELATAN, DAERAH KHUSUS IBUKOTA JAKARTA 12110",TAMAN
2024,KOTA ADM. JAKARTA SELATAN,KEBAYORAN BARU,SELONG,TAMAN MATARAM,"JL. SISINGAMANGARAJA NO.2, SELONG, KEC. KBY. BARU",TAMAN
2024,KOTA ADM. JAKARTA SELATAN,KEBAYORAN BARU,SENAYAN,TAMAN TULODONG BAWAH,"JL. TULODONG BAWAH I, RT.3/RW.1, SENAYAN, KEC. KBY. BARU, KOTA JAKARTA SELATAN, DAERAH KHUSUS IBUKOTA JAKARTA 12190",TAMAN
2024,KOTA ADM. JAKARTA SELATAN,KEBAYORAN BARU,SENAYAN,TAMAN TULODONG BAWAH IV,"JL. TULODONG BAWAH IV, KEL. SENAYAN, KEC. KEBAYORAN BARU. JAKARTA SELATAN",TAMAN
2024,KOTA ADM. JAKARTA SELATAN,KEBAYORAN BARU,SENAYAN,TAMAN DARMAJAYA (WIDYA CANDRA),"JL. WIDYA CHANDRA V, SENAYAN, KEC. KBY. BARU, KOTA JAKARTA SELATAN, DAERAH KHUSUS IBUKOTA JAKARTA 12190",TAMAN
2024,KOTA ADM. JAKARTA SELATAN,KEBAYORAN BARU,SENAYAN,TAMAN WIDYA CANDRA,"JL. WIDYA CHANDRA X NO.11, RT.7/RW.1, SENAYAN, KEC. KBY. BARU, KOTA JAKARTA SELATAN, DAERAH KHUSUS IBUKOTA JAKARTA 12190",TAMAN
2024,KOTA ADM. JAKARTA SELATAN,KEBAYORAN LAMA,CIPULIR,JALAN LAYANG NON TOL (DEPAN CAREFOUR S/D ITC CIPULIR),JALAN LAYANG NON TOL (DEPAN CAREFOUR S/D ITC CIPULIR),JALUR HIJAU
2024,KOTA ADM. JAKARTA SELATAN,KEBAYORAN LAMA,GROGOL SELATAN,JALUR HIJAU JL. PERMATA HIJAU SIMPRUG,JALUR HIJAU JL. PERMATA HIJAU SIMPRUG,JALUR HIJAU
2024,KOTA ADM. JAKARTA SELATAN,KEBAYORAN LAMA,GROGOL SELATAN,TAMAN LPH / TAMAN LINGKAR PUTERI HIJAU,"JL. LINGKAR PUTERI HIJAU NO. 21 RT. 10 RW. 005, KELURAHAN GROGOL SELATAN, KECAMATAN KEBAYORAN LAMA, JAKARTA SELATAN",TAMAN
2024,KOTA ADM. JAKARTA SELATAN,KEBAYORAN LAMA,GROGOL SELATAN,TAMAN TEUKU NYAK ARIEF,"JL. TEUKU NYAK ARIEF, RT.7/RW.8, GROGOL SEL., KEC. KBY. LAMA, KOTA JAKARTA SELATAN, DAERAH KHUSUS IBUKOTA JAKARTA 12220",TAMAN
2024,KOTA ADM. JAKARTA SELATAN,KEBAYORAN LAMA,GROGOL SELATAN,TAMAN JIBAN,"JL. JIBAN, RT.8/RW.1, GROGOL SEL., KEC. KBY. LAMA, KOTA JAKARTA SELATAN, DAERAH KHUSUS IBUKOTA JAKARTA 12220",TAMAN
2024,KOTA ADM. JAKARTA SELATAN,KEBAYORAN LAMA,GROGOL SELATAN,TAMAN BAWAH FO PUTRI HIJAU,"JL. TENTARA PELAJAR, RT.7/ 8, KEL. GROGOL SELATAN KEC. KEBAYORAN LAMA, JAKARTA SELATAN,",TAMAN
2024,KOTA ADM. JAKARTA SELATAN,KEBAYORAN LAMA,GROGOL SELATAN,"TM. SEGITIGA PERMATA HIJAU,","JL. PERMATA HIJAU, RT.4/ .2, KEL. GROGOL UTARA, KEC. KEBAYORAN LAMA, KOTA JAKARTA SELATAN",TAMAN
2024,KOTA ADM. JAKARTA SELATAN,KEBAYORAN LAMA,GROGOL SELATAN,TPU CIDODOL I,"GROGOL SEL., KEC. KBY. LAMA, KOTA JAKARTA SELATAN, DAERAH KHUSUS IBUKOTA JAKARTA 12220",TPU
2024,KOTA ADM. JAKARTA SELATAN,KEBAYORAN LAMA,GROGOL SELATAN,TPU CIDODOL II,"GROGOL SEL., KEC. KBY. LAMA, KOTA JAKARTA SELATAN, DAERAH KHUSUS IBUKOTA JAKARTA 12221",TPU
2024,KOTA ADM. JAKARTA SELATAN,KEBAYORAN LAMA,GROGOL SELATAN,TPU GROGOL SELATAN,"RT.10/RW.10, GROGOL SEL., KEC. KBY. LAMA, KOTA JAKARTA SELATAN, DAERAH KHUSUS IBUKOTA JAKARTA 12220",TPU
2024,KOTA ADM. JAKARTA SELATAN,KEBAYORAN LAMA,GROGOL UTARA,JALUR HIJAU JL. PERMATA HIJAU,JALUR HIJAU JL. PERMATA HIJAU,JALUR HIJAU
2024,KOTA ADM. JAKARTA SELATAN,KEBAYORAN LAMA,GROGOL UTARA,FLY OVER PERMATA HIJAU,FLY OVER PERMATA HIJAU,JALUR HIJAU
2024,KOTA ADM. JAKARTA SELATAN,KEBAYORAN LAMA,GROGOL UTARA,TAMAN MELATI,"JL. PULO MELATI IV NO.14, RT.1/ 16, KEL. GROGOL UTARA, KEC. KEBAYORAN LAMA,. JAKARTA SELATAN",TAMAN
2024,KOTA ADM. JAKARTA TIMUR,CAKUNG,CAKUNG TIMUR,RTH RAYA CACING,"JL. CAKUNG CILINCING RT 008 RW 005 KEL. CAKUNG TIMUR KEC. CAKUNG, JAKARTA TIMUR",TAMAN
2024,KOTA ADM. JAKARTA TIMUR,CAKUNG,DUKUH,RTH PENGGILINGAN RW 05,"RW 05 KEL. DUKUH, KEC. KRAMAT JATI",TAMAN
2024,KOTA ADM. JAKARTA TIMUR,CAKUNG,N/A,JH. JL. SENTRA PRIMER BARU DAN LERENG JEMBATAN PULOGEBANG,JH. JL. SENTRA PRIMER BARU DAN LERENG JEMBATAN PULOGEBANG,JALUR HIJAU
2024,KOTA ADM. JAKARTA TIMUR,CAKUNG,N/A,AMENITIS JH. JL. DR. SOEMARNO,AMENITIS JH. JL. DR. SOEMARNO,JALUR HIJAU
2024,KOTA ADM. JAKARTA TIMUR,CAKUNG,N/A,JH. BOJONG RANGKONG PEMANCINGAN/DEPAN TERMINAL,JH. BOJONG RANGKONG PEMANCINGAN/DEPAN TERMINAL,JALUR HIJAU
2024,KOTA ADM. JAKARTA TIMUR,CAKUNG,N/A,JH. JL. ELOK PENGGILINGAN,JH. JL. ELOK PENGGILINGAN,JALUR HIJAU
2024,KOTA ADM. JAKARTA TIMUR,CAKUNG,N/A,JH. JL. RADJIMAN,JH. JL. RADJIMAN,JALUR HIJAU
2024,KOTA ADM. JAKARTA TIMUR,CAKUNG,N/A,JH. JL. RAYA BEKASI / PULO-PULO KELUAR TOL CAKUNG,JH. JL. RAYA BEKASI / PULO-PULO KELUAR TOL CAKUNG,JALUR HIJAU
2024,KOTA ADM. JAKARTA TIMUR,CAKUNG,N/A,JH. JL. SISI TOL BARAT / KOMARUDIN / PUTARAN SILALAHI,JH. JL. SISI TOL BARAT / KOMARUDIN / PUTARAN SILALAHI,JALUR HIJAU
2024,KOTA ADM. JAKARTA TIMUR,CAKUNG,N/A,JALUR HIJAU TEPIAN AIR KANAL BANJIR TIMUR (BEKASI RAYA S.D MARUNDA),JALUR HIJAU TEPIAN AIR KANAL BANJIR TIMUR (BEKASI RAYA S.D MARUNDA),JALUR HIJAU
2024,KOTA ADM. JAKARTA TIMUR,CAKUNG,PENGGILINGAN,HUTAN KOTA ANEKA ELOK,JL. PENGGILINGAN ELOK,HUTAN
2024,KOTA ADM. JAKARTA TIMUR,CAKUNG,PENGGILINGAN,RTH TAMAN PULO INDAH,"JL. RAYA PENGGILINGAN, CAKUNG, JAKARTA TIMUR,",TAMAN
2024,KOTA ADM. JAKARTA TIMUR,CAKUNG,PENGGILINGAN,TAMAN RTH PENGGILINGAN,"JL. KP. JEMB. NO.5, RT.5/RW.14, PENGGILINGAN, KEC. CAKUNG, KOTA JAKARTA TIMUR, DAERAH KHUSUS IBUKOTA JAKARTA 13940",TAMAN
2024,KOTA ADM. JAKARTA TIMUR,CAKUNG,PENGGILINGAN,TAMAN RTH KAMPUNG PADAENGAN PENGGILINGAN,"KAMPUNG PADAENGAN PENGGILINGAN, KELURAHAN PENGGILINGAN, KECAMATAN CAKUNG, JAKARTA TIMUR",TAMAN
2024,KOTA ADM. JAKARTA TIMUR,CAKUNG,PENGGILINGAN,TAMAN KAMBOJA,"JL. KAMBOJA NO.26, RT.1/RW.11, KALIDERES, KEC. KALIDERES, KOTA JAKARTA BARAT, DAERAH KHUSUS IBUKOTA JAKARTA 11840",TAMAN
2024,KOTA ADM. JAKARTA TIMUR,CAKUNG,PENGGILINGAN,TAMAN PULO LESTARI,"RT 004 RW 007, KEL. PENGGILINGAN, KEC. CAKUNG, JAKARTA TIMUR",TAMAN
2024,KOTA ADM. JAKARTA TIMUR,CAKUNG,PENGGILINGAN,RTH PENGGILINGAN RW 08,"KP. PEDAENGAN RT 004 RW 008 KEL. PENGGILINGAN KEC. CAKUNG, JAKARTA TIMUR",TAMAN
2024,KOTA ADM. JAKARTA TIMUR,CAKUNG,PENGGILINGAN,TPU KP. PENGGILINGAN,"JL. PENGGILINGAN,RT.6/RW.6, PENGGILINGAN, KEC. CAKUNG, KOTA JAKARTA TIMUR, DAERAH KHUSUS IBUKOTA JAKARTA 13940",TPU
2024,KOTA ADM. JAKARTA TIMUR,CAKUNG,PULO GEBANG,HUTAN KOTA PULOGEBANG,JL. PULOGEBANG RT 003 RW 004 KEL. PULOGEBANG KEC. CAKUNG JAKARTA TIMUR,HUTAN
2024,KOTA ADM. JAKARTA TIMUR,CAKUNG,PULO GEBANG,HUTAN KOTA SAWO KECIK,JL. SAWO KECIK / JL. SAWAH RT 005 RW 08 KEL. PULO GEBANG KEC. CAKUNG JAKARTA TIMUR,HUTAN
2024,KOTA ADM. JAKARTA TIMUR,CAKUNG,PULO GEBANG,RTH JL. PULO GEBANG INDAH RT 003 RW 006,"JL. PULO GEBANG INDAH RT 003 RW 006, KEL. PULO GEBANG, KEC. CAKUNG, JAKARTA TIMUR",TAMAN
2024,KOTA ADM. JAKARTA TIMUR,CAKUNG,PULO GEBANG,TAMAN ELOK,"JL. RENGAS ELOK 1 NO.35 A3, RT.1/RW.9, PULO GEBANG, CAKUNG, EAST JAKARTA CITY, JAKARTA 13950",TAMAN
2024,KOTA ADM. JAKARTA TIMUR,CAKUNG,PULO GEBANG,TAMAN CASIA,"JL. PG INDAH NO.18, RT.3/RW.11, PULO GEBANG, KEC. CAKUNG, KOTA JAKARTA TIMUR, DAERAH KHUSUS IBUKOTA JAKARTA 13950",TAMAN
2024,KOTA ADM. JAKARTA TIMUR,CAKUNG,PULO GEBANG,TAMAN TERMINAL PULOGEBANG,"JL. SEJAJAR, JL. TOL LKR. TIMUR JL. RAYA PULO GEBANG NO.1, RT.11/RW.3, CAKUNG TIM., KEC. CAKUNG, KOTA JAKARTA TIMUR, DAERAH KHUSUS IBUKOTA JAKARTA 13910",TAMAN
2024,KOTA ADM. JAKARTA TIMUR,CAKUNG,PULO GEBANG,TAMAN ARES - DEPAN PTUN,"JL. PULO GEBANG NO.8, RT.9/RW.8, PULO GEBANG, KEC. CAKUNG, KOTA JAKARTA TIMUR, DAERAH KHUSUS IBUKOTA JAKARTA 13950",TAMAN
2024,KOTA ADM. JAKARTA TIMUR,CAKUNG,PULO GEBANG,TAMAN CAKUNG,"JL. INSPEKSI KANAL TIM. NO.53, PULO GEBANG, KEC. CAKUNG, KOTA JAKARTA TIMUR, DAERAH KHUSUS IBUKOTA JAKARTA 13950",TAMAN
2024,KOTA ADM. JAKARTA TIMUR,CAKUNG,PULO GEBANG,RTH JL. PULO GEBANG RT. 009 RW. 05,JL. PULO GEBANG RT. 009 RW. 05,TAMAN
2024,KOTA ADM. JAKARTA TIMUR,CAKUNG,PULO GEBANG,RTH RAWA KUNING (TAMAN RAWA KUNING INDAH),"JL. RAWA KUNING, KEL. PULO GEBANG, KEC. CAKUNG, JAKARTA TIMUR",TAMAN
2024,KOTA ADM. JAKARTA TIMUR,CAKUNG,PULO GEBANG,RTH GG. MASJID PULOGEBANG,"GANG MESJID RT 003 RW 004 KEL. PULO GEBANG KEC. CAKUNG, JAKARTA TIMUR",TAMAN
2024,KOTA ADM. JAKARTA TIMUR,CAKUNG,RAWA TERATE,RTH JL. DR. RAJIMAN RT. 015 RW. 04 / TPU RAWA TERATE,JL. DR. RAJIMAN RT. 015 RW. 04,TAMAN
2024,KOTA ADM. JAKARTA TIMUR,CAKUNG,UJUNG MENTENG,HUTAN KOTA UJUNG MENTENG,"JL. AKASIA, RT.2/RW.3, UJUNG MENTENG, KEC. CAKUNG, KOTA JAKARTA TIMUR, DAERAH KHUSUS IBUKOTA JAKARTA 13960",HUTAN
2024,KOTA ADM. JAKARTA BARAT,GROGOL PETAMBURAN,TANJUNG DUREN UTARA,"TAMAN OASIS, DAAN MOGOT","JL. SEKRETARIS NO.8, RT.8/RW.1, TJ. DUREN UTARA, KEC. GROGOL PETAMBURAN, KOTA JAKARTA BARAT, DAERAH KHUSUS IBUKOTA JAKARTA 11470",TAMAN
2024,KOTA ADM. JAKARTA BARAT,GROGOL PETAMBURAN,TANJUNG DUREN UTARA,RTH JL. DAAN MOGOT NO.15 RT 006 RW 001,"JL. DAAN MOGOT NO. 14-15 RT 006 RW 001 KEL. TANJUNG DUREN UTARA KEC.  PETAMBURAN, JAKARTA BARAT",TAMAN
2024,KOTA ADM. JAKARTA BARAT,GROGOL PETAMBURAN,TANJUNG DUREN UTARA,RTH JL. DAAN MOGOT NO.14 RT 006 RW 001,"JL. DAAN MOGOT NO. 14 RT 006 RW 001 KEL. TANJUNG DUREN UTARA KEC.  PETAMBURAN, JAKARTA BARAT",TAMAN
2024,KOTA ADM. JAKARTA BARAT,GROGOL PETAMBURAN,TOMANG,FLY OVER TOMANG (ATAS - BAWAH),FLY OVER TOMANG (ATAS - BAWAH),JALUR HIJAU
2024,KOTA ADM. JAKARTA BARAT,GROGOL PETAMBURAN,TOMANG,UNDER PASS TOMANG,UNDER PASS TOMANG,JALUR HIJAU
2024,KOTA ADM. JAKARTA BARAT,GROGOL PETAMBURAN,TOMANG,TAMAN PERMATA,"JL. PERMATA NO.1A, RT.10/RW.9, TOMANG, KEC. GROGOL PETAMBURAN, KOTA JAKARTA BARAT, DAERAH KHUSUS IBUKOTA JAKARTA 11440",TAMAN
2024,KOTA ADM. JAKARTA BARAT,GROGOL PETAMBURAN,TOMANG,TAMAN KOMP. BAPPENAS,"JL. GELONG BARU UTARA 2, TOMANG",TAMAN
2024,KOTA ADM. JAKARTA BARAT,GROGOL PETAMBURAN,TOMANG,TAMAN PULO MACAN,"JL. PULO MACAN V, RT.14/RW.5, TOMANG, GROGOL PETAMBURAN, JAKARTA BARAT, JAKARTA 11440",TAMAN
2024,KOTA ADM. JAKARTA BARAT,GROGOL PETAMBURAN,WIJAYA KESUMA,TAMAN RASA SAYANG (DEDICATED),"JL. RASA SAYANG JL. E NO.1, RT.1/RW.8, WIJAYA KUSUMA, KEC. GROGOL PETAMBURAN, KOTA JAKARTA BARAT, DAERAH KHUSUS IBUKOTA JAKARTA 11460",TAMAN
2024,KOTA ADM. JAKARTA SELATAN,JAGAKARSA,SRENGSENG SAWAH,TPU SRENGSENG SAWAH,"JL. SRENGSENG SAWAH, RT.12/RW.7, SRENGSENG SAWAH, KEC. JAGAKARSA, KOTA JAKARTA SELATAN, DAERAH KHUSUS IBUKOTA JAKARTA 12640",TPU
2024,KOTA ADM. JAKARTA BARAT,KALI DERES,KALIDERES,TAMAN BERINGIN DALAM,"JL. BERINGIN 4, RT.3/RW.11, KALIDERES, KEC. KALIDERES, KOTA JAKARTA BARAT, DAERAH KHUSUS IBUKOTA JAKARTA 11840",TAMAN
2024,KOTA ADM. JAKARTA BARAT,KALI DERES,KALIDERES,"TAMAN CITRA GARDEN 1, BLOK A.2","TAMAN INDAH 3, BLOK A.2, KALIDERES, KEC. KALIDERES, KOTA JAKARTA BARAT, DAERAH KHUSUS IBUKOTA JAKARTA 11840",TAMAN
2024,KOTA ADM. JAKARTA BARAT,KALI DERES,KALIDERES,"TAMAN CITRA GARDEN 1, BLOK A.13","TAMAN INDAH 3, BLOK A.13, KALIDERES, KEC. KALIDERES, KOTA JAKARTA BARAT, DAERAH KHUSUS IBUKOTA JAKARTA 11840",TAMAN
2024,KOTA ADM. JAKARTA BARAT,KALI DERES,KALIDERES,"TAMAN CITRA GARDEN 1, BLOK B.11","JL. BUKIT ASRI RT.6/RW.16, KALIDERES, KEC. KALIDERES, KOTA JAKARTA BARAT, DAERAH KHUSUS IBUKOTA JAKARTA 11840",TAMAN
2024,KOTA ADM. JAKARTA BARAT,KALI DERES,KALIDERES,"TAMAN CITRA GARDEN 1, BLOK C.4","JL. BUKIT ASRI RT.6/RW.16, KALIDERES, KEC. KALIDERES, KOTA JAKARTA BARAT, DAERAH KHUSUS IBUKOTA JAKARTA 11840",TAMAN
2024,KOTA ADM. JAKARTA BARAT,KALI DERES,KALIDERES,"TAMAN CITRA GARDEN 1, BLOK C.12","JL. BUKIT ASRI RT.6/RW.16, KALIDERES, KEC. KALIDERES, KOTA JAKARTA BARAT, DAERAH KHUSUS IBUKOTA JAKARTA 11840",TAMAN
2024,KOTA ADM. JAKARTA BARAT,KALI DERES,KALIDERES,"TAMAN CITRA GARDEN 1, BLOK E.4","JL. BUKIT ASRI RT.6/RW.16, KALIDERES, KEC. KALIDERES, KOTA JAKARTA BARAT, DAERAH KHUSUS IBUKOTA JAKARTA 11841",TAMAN
2024,KOTA ADM. JAKARTA BARAT,KALI DERES,KALIDERES,"TAMAN CITRA GARDEN 1, BLOK F.5","JL. BUKIT ASRI RT.6/RW.16, KALIDERES, KEC. KALIDERES, KOTA JAKARTA BARAT, DAERAH KHUSUS IBUKOTA JAKARTA 11842",TAMAN
2024,KOTA ADM. JAKARTA BARAT,KALI DERES,KALIDERES,"TAMAN CITRA GARDEN 1, BLOK G.4","JL. BUKIT ASRI RT.6/RW.16, KALIDERES, KEC. KALIDERES, KOTA JAKARTA BARAT, DAERAH KHUSUS IBUKOTA JAKARTA 11843",TAMAN
2024,KOTA ADM. JAKARTA BARAT,KALI DERES,KALIDERES,"TAMAN CITRA GARDEN 1, BLOK H.3","JL. BUKIT ASRI RT.6/RW.16, KALIDERES, KEC. KALIDERES, KOTA JAKARTA BARAT, DAERAH KHUSUS IBUKOTA JAKARTA 11844",TAMAN
2024,KOTA ADM. JAKARTA BARAT,KALI DERES,KALIDERES,"TAMAN CITRA GARDEN 1, BLOK I.3","JL. BUKIT ASRI RT.6/RW.16, KALIDERES, KEC. KALIDERES, KOTA JAKARTA BARAT, DAERAH KHUSUS IBUKOTA JAKARTA 11845",TAMAN
2024,KOTA ADM. JAKARTA BARAT,KALI DERES,KALIDERES,RTH KP. GOMBOL (TAMAN GOMBOL PAYA),"KP. GOMBOL PAYA RT 007 RW 013 KEL. KALIDERES KEC. KALIDERES, JAKARTA BARAT",TAMAN
2024,KOTA ADM. JAKARTA BARAT,KALI DERES,KALIDERES,RTH PETA SELATAN,"JL. PETA SELATAN RT 007 RW 011 KEL. KALIDERES KEC. KALIDERES, JAKARTA BARAT",TAMAN
2024,KOTA ADM. JAKARTA BARAT,KALI DERES,KAMAL,TAMAN RT. 01/06 KAMAL,"RT. 01/06,KEL. KAMAL, KEC. KALIDERES, KOTA JAKARTA BARAT, DAERAH KHUSUS IBUKOTA JAKARTA",TAMAN
2024,KOTA ADM. JAKARTA BARAT,KALI DERES,KAMAL,TAMAN RT. 01/08 KAMAL,"RT. 01/08,KEL. KAMAL, KEC. KALIDERES, KOTA JAKARTA BARAT, DAERAH KHUSUS IBUKOTA JAKARTA",TAMAN
2024,KOTA ADM. JAKARTA BARAT,KALI DERES,KAMAL,TAMAN RT. 09/03 KAMAL,"RT. 09/03,KEL. KAMAL, KEC. KALIDERES, KOTA JAKARTA BARAT, DAERAH KHUSUS IBUKOTA JAKARTA",TAMAN
2024,KOTA ADM. JAKARTA BARAT,KALI DERES,KAMAL,TAMAN RT. 10/03 KAMAL,"RT. 10/03,KEL. KAMAL, KEC. KALIDERES, KOTA JAKARTA BARAT, DAERAH KHUSUS IBUKOTA JAKARTA",TAMAN
2024,KOTA ADM. JAKARTA BARAT,CENGKARENG,CENGKARENG BARAT,TAMAN UTAMA RAYA (DEDICATED),"JL. UTAMA RAYA NO.41-47, RT.9/RW.2, CENGKARENG BAR., KECAMATAN CENGKARENG, KOTA JAKARTA BARAT, DAERAH KHUSUS IBUKOTA JAKARTA 11730",TAMAN
2024,KOTA ADM. JAKARTA BARAT,CENGKARENG,CENGKARENG BARAT,TAMAN BERINGIN,"JL. BERINGIN I, RT.4/RW.5, WEST CENGKARENG, CENGKARENG, WEST JAKARTA CITY, JAKARTA 11730",TAMAN
2024,KOTA ADM. JAKARTA BARAT,CENGKARENG,CENGKARENG BARAT,TAMAN MELATI,"JL. PULO MELATI IV NO.14, RT.1/ 16, KEL. GROGOL UTARA, KEC. KEBAYORAN LAMA,. JAKARTA SELATAN",TAMAN
2024,KOTA ADM. JAKARTA BARAT,CENGKARENG,CENGKARENG BARAT,TAMAN AA,"JL. AA 2, RT.6/RW.2, CENGKARENG BAR., KECAMATAN CENGKARENG, KOTA JAKARTA BARAT, DAERAH KHUSUS IBUKOTA JAKARTA 11730",TAMAN
2024,KOTA ADM. JAKARTA BARAT,CENGKARENG,CENGKARENG BARAT,TAMAN ANGGREK,"JL. H. MUHI, RT 08/12 KEL. BINTARO, KEC. PESANGGRAHAN. JAKARTA SELATAN ",TAMAN
2024,KOTA ADM. JAKARTA BARAT,CENGKARENG,CENGKARENG TIMUR,TAMAN PUSPA RAYA,"JL. PUSPA III NO.19, RT.11/RW.4, KAPUK, KECAMATAN CENGKARENG, KOTA JAKARTA BARAT, DAERAH KHUSUS IBUKOTA JAKARTA 11720",TAMAN
2024,KOTA ADM. JAKARTA BARAT,CENGKARENG,CENGKARENG TIMUR,TAMAN SERUNI,"BLOK DAHLIA, JL. RUMAH SUSUN CENGKARENG INDAH NO.7, RT.7/RW.14, EAST CENGKARENG, CENGKARENG, WEST JAKARTA CITY, JAKARTA 11730",TAMAN
2024,KOTA ADM. JAKARTA BARAT,CENGKARENG,CENGKARENG TIMUR,"TAMAN PUSPA I, III S/D V","JL. PUSPA III NO.19, RT.11/RW.4, KAPUK, KECAMATAN CENGKARENG, KOTA JAKARTA BARAT, DAERAH KHUSUS IBUKOTA JAKARTA 11720",TAMAN
2024,KOTA ADM. JAKARTA BARAT,CENGKARENG,CENGKARENG TIMUR,TAMAN MASJID,"JL. MESJID VI, RT.9/RW.5, CENGKARENG BAR., KECAMATAN CENGKARENG, KOTA JAKARTA BARAT, DAERAH KHUSUS IBUKOTA JAKARTA 11730",TAMAN
2024,KOTA ADM. JAKARTA BARAT,CENGKARENG,DURI KEPA,TAMAN JERUK BALI. RW 06,"JL. JERUK BALI, RT.7/RW.6, DURI KEPA, KEC. KB. JERUK, KOTA JAKARTA BARAT, DAERAH KHUSUS IBUKOTA JAKARTA 11510",TAMAN
2024,KOTA ADM. JAKARTA BARAT,CENGKARENG,DURI KOSAMBI,TAMAN BLOK E5 KOMPLEK KOSAMBI BARU,"KOMPLEK KOSAMBI BARU BLOK E5, DURI KOSAMBI, KECAMATAN CENGKARENG, KOTA JAKARTA BARAT, DAERAH KHUSUS IBUKOTA JAKARTA 11750",TAMAN
2024,KOTA ADM. JAKARTA BARAT,CENGKARENG,DURI KOSAMBI,TAMAN BLOK A2 KOMPLEK KOSAMBI BARU,"KOMPLEK KOSAMBI BARU BLOK A2 , DURI KOSAMBI, KECAMATAN CENGKARENG, KOTA JAKARTA BARAT, DAERAH KHUSUS IBUKOTA JAKARTA 11750",TAMAN
2024,KOTA ADM. JAKARTA BARAT,CENGKARENG,DURI KOSAMBI,TAMAN WIJAYA KUSUMA,"JL. WIJAYA KUSUMA, RT.14/RW.7, SUKAPURA, CILINCING, NORTH JAKARTA CITY, JAKARTA 14140",TAMAN
2024,KOTA ADM. JAKARTA BARAT,CENGKARENG,DURI KOSAMBI,TAMAN BLOK A11 KOMPLEK KOSAMBI BARU,"KOMPLEK KOSAMBI BARU BLOK A11 , DURI KOSAMBI, KECAMATAN CENGKARENG, KOTA JAKARTA BARAT, DAERAH KHUSUS IBUKOTA JAKARTA 11750",TAMAN
2024,KOTA ADM. JAKARTA BARAT,CENGKARENG,DURI KOSAMBI,TAMAN BLOK B6 KOMPLEK KOSAMBI BARU,"KOMPLEK KOSAMBI BARU BLOK B6 , DURI KOSAMBI, KECAMATAN CENGKARENG, KOTA JAKARTA BARAT, DAERAH KHUSUS IBUKOTA JAKARTA 11750",TAMAN
2024,KOTA ADM. JAKARTA BARAT,CENGKARENG,DURI KOSAMBI,TAMAN BLOK F3 KOMPLEK KOSAMBI BARU,"KOMPLEK KOSAMBI BARU BLOK F3  , DURI KOSAMBI, KECAMATAN CENGKARENG, KOTA JAKARTA BARAT, DAERAH KHUSUS IBUKOTA JAKARTA 11750",TAMAN
2024,KOTA ADM. JAKARTA BARAT,CENGKARENG,DURI KOSAMBI,RTH DURI KOSAMBI,"JL. DURI KOSAMBI NO. 17 KEL. KOSAMBI KEC. CENGKARENG, JAKARTA BARAT",TAMAN
2024,KOTA ADM. JAKARTA BARAT,CENGKARENG,DURI KOSAMBI,TAMAN PULIR,"RT.1/RW.8, DURI KOSAMBI, KECAMATAN CENGKARENG, KOTA JAKARTA BARAT, DAERAH KHUSUS IBUKOTA JAKARTA 11750",TAMAN
2024,KOTA ADM. JAKARTA BARAT,CENGKARENG,KAPUK,TAMAN AKASIA,"JL. AKASIA RAYA, RT.14/RW.12, KAPUK, KECAMATAN CENGKARENG, KOTA JAKARTA BARAT, DAERAH KHUSUS IBUKOTA JAKARTA 11720",TAMAN
2024,KOTA ADM. JAKARTA BARAT,CENGKARENG,KAPUK,TAMAN JATI RAYA,"JL. JATI RAYA 27, RT.9/RW.12, KAPUK, KECAMATAN CENGKARENG, KOTA JAKARTA BARAT, DAERAH KHUSUS IBUKOTA JAKARTA 11720",TAMAN
2024,KOTA ADM. JAKARTA BARAT,CENGKARENG,KAPUK,TAMAN DAHLIA,"JL. DAHLIA RAYA 5-1, RT.9/RW.9, KAPUK, KECAMATAN CENGKARENG, KOTA JAKARTA BARAT, DAERAH KHUSUS IBUKOTA JAKARTA 11720",TAMAN
2024,KOTA ADM. JAKARTA BARAT,CENGKARENG,KAPUK,TAMAN MELATI I,"JL. TAMAN NUSA INDAH, RT.10/RW.9, KAPUK, KECAMATAN CENGKARENG, KOTA JAKARTA BARAT, DAERAH KHUSUS IBUKOTA JAKARTA 11720",TAMAN
2024,KOTA ADM. JAKARTA BARAT,CENGKARENG,KAPUK,TAMAN MELATI II (TAMAN KODOK),"JL. TAMAN NUSA INDAH NO.58B, RT.5/RW.9, KAPUK, KECAMATAN CENGKARENG, KOTA JAKARTA BARAT, DAERAH KHUSUS IBUKOTA JAKARTA 11720",TAMAN
2024,KOTA ADM. JAKARTA BARAT,CENGKARENG,KAPUK,TPU KAPUK TEKO/WAKAF,"RW 01, KELURAHAN KAPUK, CENGKARENG",TPU
2024,KOTA ADM. JAKARTA BARAT,CENGKARENG,KAPUK,TPU KAPUK KEBON JAHE I,"JL. KAPUK DARURAT NO.95, RT.3/RW.12, KAPUK, KECAMATAN CENGKARENG, KOTA JAKARTA BARAT, DAERAH KHUSUS IBUKOTA JAKARTA 11720",TPU
2024,KOTA ADM. JAKARTA BARAT,CENGKARENG,KAPUK,TPU KAPUK KEBON JAHE II,"JL. KAPUK DARURAT NO.95, RT.3/RW.12, KAPUK, KECAMATAN CENGKARENG, KOTA JAKARTA BARAT, DAERAH KHUSUS IBUKOTA JAKARTA 11720",TPU
2024,KOTA ADM. JAKARTA BARAT,KALI DERES,KAMAL,TAMAN KAMAL,"JL. SAHABAT NO.45, RT.2/RW.3, KAMAL, KEC. KALIDERES, KOTA JAKARTA BARAT, DAERAH KHUSUS IBUKOTA JAKARTA 11810",TAMAN
2024,KOTA ADM. JAKARTA BARAT,KALI DERES,KAMAL,RTH KP. BELAKANG,"KAMPUNG BELAKANG RT 003 RW 003 KEL. KAMAL KEC. KALIDERES, JAKARTA BARAT",TAMAN
2024,KOTA ADM. JAKARTA BARAT,KALI DERES,KAMAL,RTH LINGKUNGAN III RT 11 RW 03 (TAMAN CAMBEL II),"JL. LINGKUNGAN III RT 011 RW 003 KEL. KAMAL KEC. KALIDERES, JAKARTA BARAT",TAMAN
2024,KOTA ADM. JAKARTA BARAT,KALI DERES,KALIDERES,JALUR HIJAU MEDIAN JL. DAAN MOGOT DR SUMUR BOR S/D BATAS KOTA,JH. MEDIAN JL. DAAN MOGOT DR SUMUR BOR S/D BATAS KOTA,JALUR HIJAU
2024,KOTA ADM. JAKARTA BARAT,KALI DERES,KALIDERES,JALUR HIJAU PINGGIR KALI MOOKERVART DR SUMUR BOR S/D BATAS KOTA,JH. PINGGIR KALI MOOKERVART DR SUMUR BOR S/D BATAS KOTA,JALUR HIJAU
2024,KOTA ADM. JAKARTA BARAT,KALI DERES,N/A,JALUR HIJAU SEGITIGA JL. PETA SELATAN,JH. SEGITIGA JL. PETA SELATAN,JALUR HIJAU
2024,KOTA ADM. JAKARTA BARAT,KALI DERES,N/A,JALUR HIJAU JL. SUMUR BOR,JH. JL. SUMUR BOR,JALUR HIJAU
2024,KOTA ADM. JAKARTA BARAT,KALI DERES,N/A,JALUR HIJAU JL. UTAN JATI,JH. JL. UTAN JATI,JALUR HIJAU
2024,KOTA ADM. JAKARTA BARAT,KALI DERES,PEGADUNGAN,TAMAN KOMPLEK KEBERSIHAN I,"JL. BAMBU LARANGAN NO.05/05, RT.1/RW.19, PEGADUNGAN, KEC. KALIDERES, KOTA JAKARTA BARAT, DAERAH KHUSUS IBUKOTA JAKARTA 11830",TAMAN
2024,KOTA ADM. JAKARTA BARAT,KALI DERES,PEGADUNGAN,TAMAN KOMPLEK KEBERSIHAN II,"JL. BAMBU LARANGAN NO.05/05, RT.1/RW.19, PEGADUNGAN, KEC. KALIDERES, KOTA JAKARTA BARAT, DAERAH KHUSUS IBUKOTA JAKARTA 11830",TAMAN
2024,KOTA ADM. JAKARTA BARAT,KALI DERES,PEGADUNGAN,TAMAN KOMPLEK KEBERSIHAN III,"JL. BINA SERASIH, RT.5/RW.17, PEGADUNGAN, KEC. KALIDERES, KOTA JAKARTA BARAT, DAERAH KHUSUS IBUKOTA JAKARTA 11830",TAMAN
2024,KOTA ADM. JAKARTA BARAT,KALI DERES,PEGADUNGAN,"TAMAN CITRA GARDEN 3, BLOK B.7","RW.13, PEGADUNGAN, KALIDERES, WEST JAKARTA CITY, JAKARTA 11831",TAMAN
2024,KOTA ADM. JAKARTA BARAT,KALI DERES,PEGADUNGAN,"TAMAN CITRA GARDEN 3, BLOK C.3","RW.13, PEGADUNGAN, KALIDERES, WEST JAKARTA CITY, JAKARTA 11832",TAMAN
2024,KOTA ADM. JAKARTA BARAT,KALI DERES,PEGADUNGAN,"TAMAN CITRA GARDEN 3, BLOK C.8","RW.13, PEGADUNGAN, KALIDERES, WEST JAKARTA CITY, JAKARTA 11833",TAMAN
2024,KOTA ADM. JAKARTA BARAT,KALI DERES,PEGADUNGAN,"TAMAN CITRA GARDEN 3, BLOK D.8","RW.13, PEGADUNGAN, KALIDERES, WEST JAKARTA CITY, JAKARTA 11834",TAMAN
2024,KOTA ADM. JAKARTA BARAT,KALI DERES,PEGADUNGAN,"TAMAN CITRA GARDEN 3, BLOK F.2","RW.13, PEGADUNGAN, KALIDERES, WEST JAKARTA CITY, JAKARTA 11836",TAMAN
2024,KOTA ADM. JAKARTA BARAT,KALI DERES,PEGADUNGAN,"TAMAN CITRA GARDEN3 EXT., BLOK A.12","RW.13, PEGADUNGAN, KALIDERES, WEST JAKARTA CITY, JAKARTA 11837",TAMAN
2024,KOTA ADM. JAKARTA BARAT,KALI DERES,PEGADUNGAN,"TAMAN CITRA GARDEN3 EXT., BLOK A.14","RW.13, PEGADUNGAN, KALIDERES, WEST JAKARTA CITY, JAKARTA 11838",TAMAN
2024,KOTA ADM. JAKARTA BARAT,KALI DERES,PEGADUNGAN,"TAMAN CITRA GARDEN3 EXT., BLOK B.12","RW.13, PEGADUNGAN, KALIDERES, WEST JAKARTA CITY, JAKARTA 11839",TAMAN
2024,KOTA ADM. JAKARTA BARAT,KALI DERES,PEGADUNGAN,"TAMAN CITRA GARDEN3 EXT., BLOK B.25","RW.13, PEGADUNGAN, KALIDERES, WEST JAKARTA CITY, JAKARTA 11840",TAMAN
2024,KOTA ADM. JAKARTA BARAT,KALI DERES,PEGADUNGAN,"TAMAN CITRA GARDEN3 EXT., BLOK E.6","RW.13, PEGADUNGAN, KALIDERES, WEST JAKARTA CITY, JAKARTA 11841",TAMAN
2024,KOTA ADM. JAKARTA BARAT,KALI DERES,PEGADUNGAN,"TAMAN CITRA GARDEN3 EXT., BLOK E.12","RW.13, PEGADUNGAN, KALIDERES, WEST JAKARTA CITY, JAKARTA 11842",TAMAN
2024,KOTA ADM. JAKARTA BARAT,KALI DERES,PEGADUNGAN,"TAMAN CITRA GARDEN3 EXT., BLOK F.1","RW.13, PEGADUNGAN, KALIDERES, WEST JAKARTA CITY, JAKARTA 11843",TAMAN
2024,KOTA ADM. JAKARTA BARAT,KALI DERES,PEGADUNGAN,"TAMAN CITRA GARDEN 5, BLOK E.7","CITRA GARDEN 5, BLOK E.7 KEC. KALIDERES,PEGADUNGAN , KOTA JAKARTA BARAT, DAERAH KHUSUS IBUKOTA JAKARTA 11810",TAMAN
2024,KOTA ADM. JAKARTA BARAT,KALI DERES,PEGADUNGAN,TAMAN SUMUR BOR,"JL. KEMUNING RAYA RT.1/RW.11, WEST CENGKARENG, CENGKARENG, WEST JAKARTA CITY, JAKARTA 11830",TAMAN
2024,KOTA ADM. JAKARTA BARAT,KALI DERES,PEGADUNGAN,TAMAN BAMBU LARANGAN,"RT.1/RW.11, PEGADUNGAN, KALIDERES, WEST JAKARTA CITY, JAKARTA 11830",TAMAN
2024,KOTA ADM. JAKARTA BARAT,KALI DERES,PEGADUNGAN,TAMAN RT. 08/02 PEGADUNGAN,"RT. 08/02, PEGADUNGAN, KALIDERES, WEST JAKARTA CITY, JAKARTA 11830",TAMAN
2024,KOTA ADM. JAKARTA BARAT,KALI DERES,PEGADUNGAN,TAMAN RT. 09/02 PEGADUNGAN,"RT. 09/02, PEGADUNGAN, KALIDERES, WEST JAKARTA CITY, JAKARTA 11830",TAMAN
2024,KOTA ADM. JAKARTA BARAT,KALI DERES,PEGADUNGAN,"TAMAN CITRA GARDEN 2, BLOK H.6","CITRA GARDEN 2, BLOK H.6 , PEGADUNGAN, KALIDERES, WEST JAKARTA CITY, JAKARTA 11830",TAMAN
2024,KOTA ADM. JAKARTA BARAT,KALI DERES,PEGADUNGAN,"TAMAN CITRA GARDEN 2, BLOK I.3","CITRA GARDEN 2, BLOK I.3 , PEGADUNGAN, KALIDERES, WEST JAKARTA CITY, JAKARTA 11830",TAMAN
2024,KOTA ADM. JAKARTA BARAT,CENGKARENG,DURI KOSAMBI,"RTH JL. SAMPING KOSAMBI BARU RW. 09 DAN RW. 10 KELURAHAN DURI KOSAMBI, KECAMATAN CENGKARENG","RTH JL. SAMPING KOSAMBI BARU RW. 09 DAN RW. 10 KELURAHAN DURI KOSAMBI, KECAMATAN CENGKARENG",JALUR HIJAU
2024,KOTA ADM. JAKARTA BARAT,CENGKARENG,N/A,JALUR HIJAU PEDONGKELAN SISI BARAT CENGKARENG DRAIN DR JL. DAAN MOGOT S/D JEMB. KP AMBON,JH. PEDONGKELAN SISI BARAT CENGKARENG DRAIN DR JL. DAAN MOGOT S/D JEMB. KP AMBON,JALUR HIJAU
2024,KOTA ADM. JAKARTA BARAT,CENGKARENG,N/A,JALUR HIJAU JL. PETERNAKAN I,JH. JL. PETERNAKAN I,JALUR HIJAU
2024,KOTA ADM. JAKARTA BARAT,CENGKARENG,RAWA BUAYA,JALUR HIJAU JL. PEDONGKELAN SISI TIMUR CENGKARENG DRAIN DARI JEMB. KP AMBON S/D JL. DAAN MOGOT,JH. JL. PEDONGKELAN SISI TIMUR CENGKARENG DRAIN DARI JEMB. KP AMBON S/D JL. DAAN MOGOT,JALUR HIJAU
2024,KOTA ADM. JAKARTA BARAT,CENGKARENG,N/A,JALUR HIJAU JL. OUTER RINGROAD SISI TIMUR DR JL. BOJONG RAYA S/D LM CENGKARENG,JH. JL. OUTER RINGROAD SISI TIMUR DR JL. BOJONG RAYA S/D LM CENGKARENG,JALUR HIJAU
2024,KOTA ADM. JAKARTA BARAT,CENGKARENG,RAWA BUAYA,JALUR HIJAU PINGGIR KALI MOOKERVART DR CENGKARENG DRAIN S/D LM CENGKARENG,JH. PINGGIR KALI MOOKERVART DR CENGKARENG DRAIN S/D LM CENGKARENG,JALUR HIJAU
2024,KOTA ADM. JAKARTA BARAT,CENGKARENG,N/A,JALUR HIJAU FLY OVER RAWA BUAYA (ATAS DAN BAWAH),JH. FLY OVER RAWA BUAYA (ATAS DAN BAWAH),JALUR HIJAU
2024,KOTA ADM. JAKARTA BARAT,CENGKARENG,N/A,JALUR HIJAU JL. RAWA BUAYA,JH. JL. RAWA BUAYA,JALUR HIJAU
2024,KOTA ADM. JAKARTA BARAT,CENGKARENG,N/A,JALUR HIJAU JL. TAMAN JERUK RAYA,JH. JL. TAMAN JERUK RAYA,JALUR HIJAU
2024,KOTA ADM. JAKARTA BARAT,CENGKARENG,N/A,JALUR HIJAU JL. KAMAL RAYA SISI BARAT,JH. JL. KAMAL RAYA SISI BARAT,JALUR HIJAU
2024,KOTA ADM. JAKARTA BARAT,CENGKARENG,CENGAKRENG BARAT,JALUR HIJAU FO. CENGKARENG (ATAS DAN BAWAH),JH. FO. CENGKARENG (ATAS DAN BAWAH),JALUR HIJAU
2024,KOTA ADM. JAKARTA BARAT,CENGKARENG,CENGAKRENG BARAT,JALUR HIJAU MEDIAN JL. DAAN MOGOT DR LAMPU MERAH CENGKARENG S/D SUMUR BOR,JH. MEDIAN JL. DAAN MOGOT DR LAMPU MERAH CENGKARENG S/D SUMUR BOR,JALUR HIJAU
2024,KOTA ADM. JAKARTA BARAT,CENGKARENG,N/A,JALUR HIJAU PINGGIR KALI MOOKERVART DR LM CENGKARENG S/D SUMUR BOR,JH. PINGGIR KALI MOOKERVART DR LM CENGKARENG S/D SUMUR BOR,JALUR HIJAU
2024,KOTA ADM. JAKARTA BARAT,CENGKARENG,N/A,JALUR HIJAU JL. KAMAL RAYA SISI TIMUR DR JL. KAPUK CENGKARENG S/D LM CENGKARENG,JH. JL. KAMAL RAYA SISI TIMUR DR JL. KAPUK CENGKARENG S/D LM CENGKARENG,JALUR HIJAU
2024,KOTA ADM. JAKARTA BARAT,CENGKARENG,N/A,JALUR HIJAU MEDIAN JL. DAAN MOGOT DR CENGKARENG DRAIN S/D LAMPU MERAH CENGKARENG.,JH. MEDIAN JL. DAAN MOGOT DR CENGKARENG DRAIN S/D LAMPU MERAH CENGKARENG.,JALUR HIJAU
2024,KOTA ADM. JAKARTA BARAT,CENGKARENG,N/A,JALUR HIJAU KALI MOOKERVART DR LM. JL. PANJANG S/D CENGKARENG DRAIN,JH. KALI MOOKERVART DR LM. JL. PANJANG S/D CENGKARENG DRAIN,JALUR HIJAU
2024,KOTA ADM. JAKARTA BARAT,CENGKARENG,N/A,JALUR HIJAU MEDIAN JL. DAAN MOGOT DR FO. PESING S/D CENGKARENG DRAIN,JH. MEDIAN JL. DAAN MOGOT DR FO. PESING S/D CENGKARENG DRAIN,JALUR HIJAU
2024,KOTA ADM. JAKARTA BARAT,CENGKARENG,N/A,JALUR HIJAU FO PESING ATAS DAN BAWAH DR LM TB. ANGKE S/D LM. JL. PANJANG,JH. FO PESING ATAS DAN BAWAH DR LM TB. ANGKE S/D LM. JL. PANJANG,JALUR HIJAU
2024,KOTA ADM. JAKARTA BARAT,CENGKARENG,RAWA BUAYA,JALUR HIJAU MENUJU RUSUN PESAKIH,JH. MENUJU RUSUN PESAKIH,JALUR HIJAU
2024,KOTA ADM. JAKARTA BARAT,CENGKARENG,RAWA BUAYA,HUTAN KOTA RAWA BUAYA,"JL. AL BARKAH UJUNG NO.15, RT.10/RW.3, RW. BUAYA, KECAMATAN CENGKARENG, KOTA JAKARTA BARAT, DAERAH KHUSUS IBUKOTA JAKARTA 11740",HUTAN
2024,KOTA ADM. JAKARTA BARAT,CENGKARENG,RAWA BUAYA,HUTAN KOTA RAWA BUAYA B,"KEL. RAWA BUAYA, KEC. CENGKARENG, JAKARTA BARAT",HUTAN
2024,KOTA ADM. JAKARTA BARAT,CENGKARENG,RAWA BUAYA,TAMAN JERUK RAYA,"JL. TAMAN JERUK RAYA NO.10, RT.10/RW.6, RW. BUAYA, KECAMATAN CENGKARENG, KOTA JAKARTA BARAT, DAERAH KHUSUS IBUKOTA JAKARTA 11740",TAMAN
2024,KOTA ADM. JAKARTA BARAT,CENGKARENG,RAWA BUAYA,TAMAN BUNCIS,"JL. BUNCIS I 2-6, RT.4/RW.7, RW. BUAYA, KECAMATAN CENGKARENG, KOTA JAKARTA BARAT, DAERAH KHUSUS IBUKOTA JAKARTA 11740",TAMAN
2024,KOTA ADM. JAKARTA BARAT,CENGKARENG,RAWA BUAYA,TAMAN BELIMBING,"JL. BOJONG INDAH RAYA NO.RT.7, RW. BUAYA, KECAMATAN CENGKARENG, KOTA JAKARTA BARAT, DAERAH KHUSUS IBUKOTA JAKARTA 11740",TAMAN
2024,KOTA ADM. JAKARTA BARAT,CENGKARENG,RAWA BUAYA,TAMAN PAKIS RW. 07 (TAMAN PAKIS RAYA),"JL. PAKIS RAYA 12-7, RT.16/RW.7, RW. BUAYA, KECAMATAN CENGKARENG, KOTA JAKARTA BARAT, DAERAH KHUSUS IBUKOTA JAKARTA 11740",TAMAN
2024,KOTA ADM. JAKARTA BARAT,CENGKARENG,RAWA BUAYA,TAMAN BAWANG MERAH,"JL. BAWANG MERAH III NO.6, RT.6/RW.7, RW. BUAYA, KECAMATAN CENGKARENG, KOTA JAKARTA BARAT, DAERAH KHUSUS IBUKOTA JAKARTA 11740",TAMAN
2024,KOTA ADM. JAKARTA BARAT,CENGKARENG,RAWA BUAYA,TAMAN HANOMAN,"JL. HANOMAN IV 17-15, RT.4/RW.9, RW. BUAYA, KECAMATAN CENGKARENG, KOTA JAKARTA BARAT, DAERAH KHUSUS IBUKOTA JAKARTA 11740",TAMAN
2024,KOTA ADM. JAKARTA BARAT,KALI DERES,PEGADUNGAN,"TAMAN CITRA GARDEN 2, BLOK M.3","CITRA GARDEN 2, BLOKM.3 , PEGADUNGAN, KALIDERES, WEST JAKARTA CITY, JAKARTA 11830",TAMAN
2024,KOTA ADM. JAKARTA BARAT,KALI DERES,PEGADUNGAN,"TAMAN CITRA GARDEN 2, BLOK N.2","CITRA GARDEN 2, BLOK N.2 , PEGADUNGAN, KALIDERES, WEST JAKARTA CITY, JAKARTA 11830",TAMAN
2024,KOTA ADM. JAKARTA BARAT,KALI DERES,PEGADUNGAN,"TAMAN CITRA GARDEN 2, BLOK O.5","CITRA GARDEN 2, BLOK O.5 , PEGADUNGAN, KALIDERES, WEST JAKARTA CITY, JAKARTA 11830",TAMAN
2024,KOTA ADM. JAKARTA BARAT,KALI DERES,PEGADUNGAN,"TAMAN CITRA GARDEN 2, BLOK P.10","CITRA GARDEN 2, BLOK P.10, PEGADUNGAN, KALIDERES, WEST JAKARTA CITY, JAKARTA 11830",TAMAN
2024,KOTA ADM. JAKARTA BARAT,KALI DERES,PEGADUNGAN,"TAMAN CITRA GARDEN 2 EXT., BLOK BB.2","CITRA GARDEN 2 EXT., BLOK BB.2 , PEGADUNGAN, KALIDERES, WEST JAKARTA CITY, JAKARTA 11830",TAMAN
2024,KOTA ADM. JAKARTA BARAT,KALI DERES,PEGADUNGAN,"TAMAN CITRA GARDEN 2 EXT., BLOK BB.3","CITRA GARDEN 2 EXT., BLOK BB.3 , PEGADUNGAN, KALIDERES, WEST JAKARTA CITY, JAKARTA 11830",TAMAN
2024,KOTA ADM. JAKARTA BARAT,KALI DERES,PEGADUNGAN,"TAMAN CITRA GARDEN 2 EXT., BLOK BB.5","CITRA GARDEN 2 EXT., BLOK BB.5 , PEGADUNGAN, KALIDERES, WEST JAKARTA CITY, JAKARTA 11830",TAMAN
2024,KOTA ADM. JAKARTA BARAT,KALI DERES,PEGADUNGAN,"TAMAN CITRA GARDEN 2 EXT., BLOK BC.2","CITRA GARDEN 2 EXT., BLOK BC.2 , PEGADUNGAN, KALIDERES, WEST JAKARTA CITY, JAKARTA 11830",TAMAN
2024,KOTA ADM. JAKARTA BARAT,KALI DERES,PEGADUNGAN,"TAMAN CITRA GARDEN 2 EXT., BLOK BD.1","CITRA GARDEN 2 EXT., BLOK BD.1 , PEGADUNGAN, KALIDERES, WEST JAKARTA CITY, JAKARTA 11830",TAMAN
2024,KOTA ADM. JAKARTA BARAT,KALI DERES,PEGADUNGAN,"TAMAN CITRA GARDEN 2 EXT., BLOK BE.2","CITRA GARDEN 2 EXT., BLOK BE.2 , PEGADUNGAN, KALIDERES, WEST JAKARTA CITY, JAKARTA 11830",TAMAN
2024,KOTA ADM. JAKARTA BARAT,KALI DERES,PEGADUNGAN,"TAMAN CITRA GARDEN 2 EXT., BLOK BE.3","CITRA GARDEN 2 EXT., BLOK BE.3 , PEGADUNGAN, KALIDERES, WEST JAKARTA CITY, JAKARTA 11830",TAMAN
2024,KOTA ADM. JAKARTA BARAT,KALI DERES,PEGADUNGAN,"TAMAN CITRA GARDEN 2 EXT., BLOK BF.1","CITRA GARDEN 2 EXT., BLOK BF.1 , PEGADUNGAN, KALIDERES, WEST JAKARTA CITY, JAKARTA 11830",TAMAN
2024,KOTA ADM. JAKARTA BARAT,KALI DERES,PEGADUNGAN,"TAMAN CITRA GARDEN 2 EXT., BLOK BF.2","CITRA GARDEN 2 EXT., BLOK BF.2 , PEGADUNGAN, KALIDERES, WEST JAKARTA CITY, JAKARTA 11830",TAMAN
2024,KOTA ADM. JAKARTA BARAT,KALI DERES,PEGADUNGAN,"TAMAN CITRA GARDEN 2 EXT., BLOK BF.3","CITRA GARDEN 2 EXT., BLOK BF.3 , PEGADUNGAN, KALIDERES, WEST JAKARTA CITY, JAKARTA 11830",TAMAN
2024,KOTA ADM. JAKARTA BARAT,KALI DERES,PEGADUNGAN,"TAMAN CITRA GARDEN 2 EXT., BLOK BG.1","CITRA GARDEN 2 EXT., BLOK BG.1 , PEGADUNGAN, KALIDERES, WEST JAKARTA CITY, JAKARTA 11830",TAMAN
2024,KOTA ADM. JAKARTA BARAT,KALI DERES,PEGADUNGAN,"TAMAN CITRA GARDEN 2 EXT., BLOK BG.7","CITRA GARDEN 2 EXT., BLOK BG.7 , PEGADUNGAN, KALIDERES, WEST JAKARTA CITY, JAKARTA 11830",TAMAN
2024,KOTA ADM. JAKARTA BARAT,KALI DERES,PEGADUNGAN,"TAMAN CITRA GARDEN 2 EXT., BLOK BH.1.B","CITRA GARDEN 2 EXT., BLOK BH.1.B , PEGADUNGAN, KALIDERES, WEST JAKARTA CITY, JAKARTA 11830",TAMAN
2024,KOTA ADM. JAKARTA BARAT,KALI DERES,PEGADUNGAN,"TAMAN CITRA GARDEN 2 EXT., BLOK BH.3","CITRA GARDEN 2 EXT., BLOKBH.3 , PEGADUNGAN, KALIDERES, WEST JAKARTA CITY, JAKARTA 11830",TAMAN
2024,KOTA ADM. JAKARTA BARAT,KALI DERES,PEGADUNGAN,"TAMAN CITRA GARDEN 2 EXT., BLOK BH.7","CITRA GARDEN 2 EXT., BLOK BH.7 , PEGADUNGAN, KALIDERES, WEST JAKARTA CITY, JAKARTA 11830",TAMAN
2024,KOTA ADM. JAKARTA BARAT,KALI DERES,PEGADUNGAN,"TAMAN CITRA GARDEN 2 EXT., BLOK BH.8","CITRA GARDEN 2 EXT., BLOK BH.8 , PEGADUNGAN, KALIDERES, WEST JAKARTA CITY, JAKARTA 11830",TAMAN
2024,KOTA ADM. JAKARTA BARAT,KALI DERES,PEGADUNGAN,"TAMAN CITRA GARDEN 2 EXT., BLOK BI.7","CITRA GARDEN 2 EXT., BLOK BI.7 , PEGADUNGAN, KALIDERES, WEST JAKARTA CITY, JAKARTA 11830",TAMAN
2024,KOTA ADM. JAKARTA BARAT,KALI DERES,PEGADUNGAN,"TAMAN CITRA GARDEN 2 EXT., BLOK BI.8","CITRA GARDEN 2 EXT., BLOK BI.8 , PEGADUNGAN, KALIDERES, WEST JAKARTA CITY, JAKARTA 11830",TAMAN
2024,KOTA ADM. JAKARTA BARAT,KALI DERES,PEGADUNGAN,"TAMAN CITRA GARDEN 2 EXT., BLOK BJ.4","CITRA GARDEN 2 EXT., BLOK BJ.4 , PEGADUNGAN, KALIDERES, WEST JAKARTA CITY, JAKARTA 11830",TAMAN
2024,KOTA ADM. JAKARTA BARAT,KALI DERES,PEGADUNGAN,"TAMAN CITRA GARDEN 2 EXT., BLOK BJ.6","CITRA GARDEN 2 EXT., BLOK BJ.4 , PEGADUNGAN, KALIDERES, WEST JAKARTA CITY, JAKARTA 11830",TAMAN
2024,KOTA ADM. JAKARTA BARAT,KALI DERES,PEGADUNGAN,"TAMAN CITRA GARDEN 2 EXT., BLOK BK.1","CITRA GARDEN 2 EXT., BLOK BK.1 , PEGADUNGAN, KALIDERES, WEST JAKARTA CITY, JAKARTA 11830",TAMAN
2024,KOTA ADM. JAKARTA BARAT,KALI DERES,PEGADUNGAN,"TAMAN CITRA GARDEN 2 EXT., BLOK BK.3","CITRA GARDEN 2 EXT., BLOK BK.3 , PEGADUNGAN, KALIDERES, WEST JAKARTA CITY, JAKARTA 11830",TAMAN
2024,KOTA ADM. JAKARTA BARAT,KALI DERES,PEGADUNGAN,"TAMAN CITRA GARDEN 2 EXT., BUNDARAN","CITRA GARDEN 2 EXT., BUNDARAN , PEGADUNGAN, KALIDERES, WEST JAKARTA CITY, JAKARTA 11830",TAMAN
2024,KOTA ADM. JAKARTA BARAT,KALI DERES,PEGADUNGAN,TAMAN IRIGASI PEGADUNGAN,"RT 007/001 KEL. PEGADUNGAN KEC. KALIDERES, JAKARTA BARAT",TAMAN
2024,KOTA ADM. JAKARTA BARAT,CENGKARENG,RAWA BUAYA,TAMAN PERUMAHAN CARINA SAYANG,"JL. KACANG TANAH RAYA, RT.17/RW.4, RW. BUAYA, KECAMATAN CENGKARENG, KOTA JAKARTA BARAT, DAERAH KHUSUS IBUKOTA JAKARTA 11740",TAMAN
2024,KOTA ADM. JAKARTA BARAT,CENGKARENG,RAWA BUAYA,TAMAN JERUK RAYA RW. 05,"JL. TAMAN JERUK RAYA RW.5, RW. BUAYA, KECAMATAN CENGKARENG, KOTA JAKARTA BARAT, DAERAH KHUSUS IBUKOTA JAKARTA 11740",TAMAN
2024,KOTA ADM. JAKARTA BARAT,CENGKARENG,RAWA BUAYA,"TAMAN DEPAN PD. PASAR JAYA, BOJONG","JL. CABE RAWIT RAYA, RT.9/RW.6, RW. BUAYA, KECAMATAN CENGKARENG, KOTA JAKARTA BARAT, DAERAH KHUSUS IBUKOTA JAKARTA 11740",TAMAN
2024,KOTA ADM. JAKARTA BARAT,CENGKARENG,RAWA BUAYA,TAMAN WADUK BOJONG,"JL. TELAGA BOJONG 19-21, RT.2/RW.6, RW. BUAYA, KECAMATAN CENGKARENG, KOTA JAKARTA BARAT, DAERAH KHUSUS IBUKOTA JAKARTA 11740",TAMAN
2024,KOTA ADM. JAKARTA BARAT,CENGKARENG,RAWA BUAYA,TAMAN SALAM,"JL. JATI MURNI NO.56, RT.3/ 2, KEL. JATI PADANG, KEC. PS. MINGGU, KOTA JAKARTA SELATAN",TAMAN
2024,KOTA ADM. JAKARTA BARAT,CENGKARENG,RAWA BUAYA,TAMAN BAMBU BETUNG,JL. BAMBU BETUNG 5 NO. 21 (BAMBU BETUNG 5) JAKARTA BARAT,TAMAN
2024,KOTA ADM. JAKARTA BARAT,CENGKARENG,RAWA BUAYA,TAMAN SHINTA,"JL. SHINTA RAYA, RW. BUAYA, KECAMATAN CENGKARENG, KOTA JAKARTA BARAT, DAERAH KHUSUS IBUKOTA JAKARTA 11740",TAMAN
2024,KOTA ADM. JAKARTA BARAT,CENGKARENG,RAWA BUAYA,TAMAN SUGRIWA,"JL. SUGRIWA RAYA, RT.16/RW.4, RW. BUAYA, KECAMATAN CENGKARENG, KOTA JAKARTA BARAT, DAERAH KHUSUS IBUKOTA JAKARTA 11740",TAMAN
2024,KOTA ADM. JAKARTA BARAT,CENGKARENG,RAWA BUAYA,TAMAN WIBISANA,"JL. WIBISANA RAYA NO.6, RT.5/RW.9, RW. BUAYA, KECAMATAN CENGKARENG, KOTA JAKARTA BARAT, DAERAH KHUSUS IBUKOTA JAKARTA 11740",TAMAN
2024,KOTA ADM. JAKARTA BARAT,CENGKARENG,TEGAL ALUR,TAMAN KOMPLEK KEBERSIHAN,"JL. KOMP. KEBERSIHAN 31-12, RT.8/RW.4, TEGAL ALUR, KEC. KALIDERES, KOTA JAKARTA BARAT, DAERAH KHUSUS IBUKOTA JAKARTA 11820",TAMAN
2024,KOTA ADM. JAKARTA BARAT,GROGOL PETAMBURAN,GROGOL,TAMAN EMPANG GROGOL (DEDICATED),"JL. DR. SEMERU 2 NO.45, RT.9/RW.9, GROGOL, KEC. GROGOL PETAMBURAN, KOTA JAKARTA BARAT, DAERAH KHUSUS IBUKOTA JAKARTA 11450",TAMAN
2024,KOTA ADM. JAKARTA BARAT,GROGOL PETAMBURAN,GROGOL,TAMAN SUSILO III.B,"JL. DR. SUSILO RAYA, RT.5/RW.5, GROGOL, KEC. GROGOL PETAMBURAN, KOTA JAKARTA BARAT, DAERAH KHUSUS IBUKOTA JAKARTA 11450",TAMAN
2024,KOTA ADM. JAKARTA BARAT,GROGOL PETAMBURAN,JELAMBAR,TAMAN HADIAH UTAMA III E,"JL. HADIAH UTAMA 3E 1286-1288, RT.2/RW.2, JELAMBAR, KEC. GROGOL PETAMBURAN, KOTA JAKARTA BARAT, DAERAH KHUSUS IBUKOTA JAKARTA 11460",TAMAN
2024,KOTA ADM. JAKARTA BARAT,GROGOL PETAMBURAN,JELAMBAR,TAMAN HADIAH UTAMA IV A,"JL. JELAMBAR MADYA IV, RT.9/RW.10, JELAMBAR, KEC. GROGOL PETAMBURAN, KOTA JAKARTA BARAT, DAERAH KHUSUS IBUKOTA JAKARTA 11460",TAMAN
2024,KOTA ADM. JAKARTA BARAT,GROGOL PETAMBURAN,JELAMBAR,TAMAN JELAMBAR MADYA V,"JL. JELAMBAR MADYA V 761-760, RW.10, JELAMBAR, KEC. GROGOL PETAMBURAN, KOTA JAKARTA BARAT, DAERAH KHUSUS IBUKOTA JAKARTA 11460",TAMAN
2024,KOTA ADM. JAKARTA BARAT,GROGOL PETAMBURAN,JELAMBAR,TAMAN HADIAH UTAMA V,"JL. HADIAH V BLOK D13 NO.1138A, RT.7/RW.1, JELAMBAR, KEC. GROGOL PETAMBURAN, KOTA JAKARTA BARAT, DAERAH KHUSUS IBUKOTA JAKARTA 11460",TAMAN
2024,KOTA ADM. JAKARTA BARAT,GROGOL PETAMBURAN,JELAMBAR,TAMAN HADIAH UTAMA RAYA,"JL. HADIAH UTAMA RAYA, RT.11/RW.1, JELAMBAR, GROGOL PETAMBURAN, WEST JAKARTA CITY, JAKARTA 11460",TAMAN
2024,KOTA ADM. JAKARTA BARAT,GROGOL PETAMBURAN,JELAMBAR,TAMAN SATRIA III,"JL. SATRIA III, RT.4/RW.4, JELAMBAR, KEC. GROGOL PETAMBURAN, KOTA JAKARTA BARAT, DAERAH KHUSUS IBUKOTA JAKARTA 11460",TAMAN
2024,KOTA ADM. JAKARTA BARAT,GROGOL PETAMBURAN,JELAMBAR,TAMAN JELAMBAR MADYA TIMUR II,"JL. JELAMBAR MADYA TIMUR II BLOK A. II NO.106, RT.2/RW.9, JELAMBAR, KEC. GROGOL PETAMBURAN, KOTA JAKARTA BARAT, DAERAH KHUSUS IBUKOTA JAKARTA 11460",TAMAN
2024,KOTA ADM. JAKARTA BARAT,GROGOL PETAMBURAN,JELAMBAR,TAMAN HADIAH UTAMA I,"JL. HADIAH UTAMA 1, RT.10/RW.1, JELAMBAR, KEC. GROGOL PETAMBURAN, KOTA JAKARTA BARAT, DAERAH KHUSUS IBUKOTA JAKARTA 11460",TAMAN
2024,KOTA ADM. JAKARTA BARAT,GROGOL PETAMBURAN,JELAMBAR,TAMAN KAVLING POLRI BLOK C,"JL. HADIAH UTAMA RAYA, RT.4/RW.2, JELAMBAR, GROGOL PETAMBURAN, WEST JAKARTA CITY, JAKARTA 11460",TAMAN
2024,KOTA ADM. JAKARTA BARAT,GROGOL PETAMBURAN,JELAMBAR,TAMAN JELAMBAR MADYA RAYA,"JL. JELAMBAR MADYA 1239-1241, RT.1, JELAMBAR, KEC. GROGOL PETAMBURAN, KOTA JAKARTA BARAT, DAERAH KHUSUS IBUKOTA JAKARTA 11460",TAMAN
2024,KOTA ADM. JAKARTA BARAT,GROGOL PETAMBURAN,JELAMBAR,"TAMAN JELAMBAR MADYA BARAT I,II,III","JL. JELAMBAR MADYA BARAT I, RT.13/RW.9, JELAMBAR, KEC. GROGOL PETAMBURAN, KOTA JAKARTA BARAT, DAERAH KHUSUS IBUKOTA JAKARTA 11460",TAMAN
2024,KOTA ADM. JAKARTA BARAT,GROGOL PETAMBURAN,JELAMBAR,TAMAN JELAMBAR BARU IX,"JL. JELAMBAR BARU IX, JELAMBAR, KEC. GROGOL PETAMBURAN, KOTA JAKARTA BARAT, DAERAH KHUSUS IBUKOTA JAKARTA 11460",TAMAN
2024,KOTA ADM. JAKARTA BARAT,GROGOL PETAMBURAN,JELAMBAR,TAMAN MASJID AL-AMANAH,"JL. JELAMBAR MADYA UTARA NO.2, RT.9/RW.2, JELAMBAR, KEC. GROGOL PETAMBURAN, KOTA JAKARTA BARAT, DAERAH KHUSUS IBUKOTA JAKARTA 11460",TAMAN
2024,KOTA ADM. JAKARTA BARAT,GROGOL PETAMBURAN,JELAMBAR BARU,TAMAN PAKUWON XVII F,"JL. JELAMBAR SELATAN XVII-F NO.5, RT.7/RW.9, JELAMBAR BARU, KEC. GROGOL PETAMBURAN, KOTA JAKARTA BARAT, DAERAH KHUSUS IBUKOTA JAKARTA 11460",TAMAN
2024,KOTA ADM. JAKARTA BARAT,GROGOL PETAMBURAN,JELAMBAR BARU,TAMAN PAKUWON XVII G,"JL. JELAMBAR SELATAN XVII-G RT.8/RW.9, JELAMBAR BARU, GROGOL PETAMBURAN, WEST JAKARTA CITY, JAKARTA 11460",TAMAN
2024,KOTA ADM. JAKARTA BARAT,GROGOL PETAMBURAN,JELAMBAR BARU,TAMAN JELAMBAR UTARA RW. 05,"JL. JELAMBAR UTARA, RT.2/RW.5, JELAMBAR BARU, KEC. GROGOL PETAMBURAN, KOTA JAKARTA BARAT, DAERAH KHUSUS IBUKOTA JAKARTA 11460",TAMAN
2024,KOTA ADM. JAKARTA BARAT,GROGOL PETAMBURAN,N/A,JALUR HIJAU FLY OVER TANJUNG DUREN,JH. FLY OVER TANJUNG DUREN,JALUR HIJAU
2024,KOTA ADM. JAKARTA BARAT,GROGOL PETAMBURAN,N/A,JALUR HIJAU JL. LONTAR UJUNG,JH. JL. LONTAR UJUNG,JALUR HIJAU
2024,KOTA ADM. JAKARTA BARAT,GROGOL PETAMBURAN,N/A,JALUR HIJAU PINGGIR KALI SEKRETARIS JL. LONTAR,JH. PINGGIR KALI SEKRETARIS JL. LONTAR,JALUR HIJAU
2024,KOTA ADM. JAKARTA BARAT,GROGOL PETAMBURAN,TANJUNG DUREN UTARA,JALUR HIJAU PINGGIR KALI SEKRETARIS JL. TANJUNG DUREN BARAT,JH. PINGGIR KALI SEKRETARIS JL. TANJUNG DUREN BARAT,JALUR HIJAU
2024,KOTA ADM. JAKARTA BARAT,GROGOL PETAMBURAN,TANJUNG DUREN UTARA,JALUR HIJAU MEDIAN JL. DAAN MOGOT DR GROGOL S/D JL. DAAN MOGOT 1,JH. MEDIAN JL. DAAN MOGOT DR GROGOL S/D JL. DAAN MOGOT 1,JALUR HIJAU
2024,KOTA ADM. JAKARTA BARAT,GROGOL PETAMBURAN,TANJUNG DUREN UTARA,JALUR HIJAU JL. S. PARMAN SISI BARAT DR TOMANG S/D DEPAN CITRALAND,JH. JL. S. PARMAN SISI BARAT DR TOMANG S/D DEPAN CITRALAND,JALUR HIJAU
2024,KOTA ADM. JAKARTA BARAT,GROGOL PETAMBURAN,N/A,JALUR HIJAU FLY OVER TOMANG (BAWAH),JH. FLY OVER TOMANG (BAWAH),JALUR HIJAU
2024,KOTA ADM. JAKARTA BARAT,GROGOL PETAMBURAN,TANJUNG DUREN UTARA,JALUR HIJAU PINGGIR KALI SEKRETARIS DR JL. TAMAN DAAN MOGOT S/D WADUK TOMANG,JH. PINGGIR KALI SEKRETARIS DR JL. TAMAN DAAN MOGOT S/D WADUK TOMANG,JALUR HIJAU
2024,KOTA ADM. JAKARTA BARAT,GROGOL PETAMBURAN,N/A,JALUR HIJAU SEGITIGA JL. TANJUNG DUREN RAYA,JH. SEGITIGA JL. TANJUNG DUREN RAYA,JALUR HIJAU
2024,KOTA ADM. JAKARTA BARAT,GROGOL PETAMBURAN,GROGOL,JALUR HIJAU EX. SPBU JL. KYAI TAPA,JH. EX. SPBU JL. KYAI TAPA,JALUR HIJAU
2024,KOTA ADM. JAKARTA BARAT,GROGOL PETAMBURAN,GROGOL,JALUR HIJAU BELAKANG TERMINAL GROGOL,JH. BELAKANG TERMINAL GROGOL,JALUR HIJAU
2024,KOTA ADM. JAKARTA BARAT,GROGOL PETAMBURAN,GROGOL,JALUR HIJAU JL. LOAP RAMP GROGOL,JH. JL. LOAP RAMP GROGOL,JALUR HIJAU
2024,KOTA ADM. JAKARTA BARAT,GROGOL PETAMBURAN,GROGOL,JALUR HIJAU BAWAH FO GROGOL JL. LATUMENTEN,JH. BAWAH FO GROGOL JL. LATUMENTEN,JALUR HIJAU
2024,KOTA ADM. JAKARTA BARAT,GROGOL PETAMBURAN,GROGOL,JALUR HIJAU MEDIAN JL. LATUMENTEN DR LM GROGOL S/D JEMBATAN BESI,JH. MEDIAN JL. LATUMENTEN DR LM GROGOL S/D JEMBATAN BESI,JALUR HIJAU
2024,KOTA ADM. JAKARTA BARAT,GROGOL PETAMBURAN,GROGOL,JALUR HIJAU JL. LATUMENTEN KOLONG TOL BANDARA (PINTU TOL WADUK GROGOL),JH. JL. LATUMENTEN KOLONG TOL BANDARA (PINTU TOL WADUK GROGOL),JALUR HIJAU
2024,KOTA ADM. JAKARTA BARAT,GROGOL PETAMBURAN,GROGOL,JALUR HIJAU MEDIAN JL. KYAI TAPA,JH. MEDIAN JL. KYAI TAPA,JALUR HIJAU
2024,KOTA ADM. JAKARTA BARAT,GROGOL PETAMBURAN,GROGOL,JALUR HIJAU JL. KYAI TAPA (SISI UTARA),JH. JL. KYAI TAPA (SISI UTARA),JALUR HIJAU
2024,KOTA ADM. JAKARTA BARAT,GROGOL PETAMBURAN,GROGOL,JALUR HIJAU JL. MAKALIWE,JH. JL. MAKALIWE,JALUR HIJAU
2024,KOTA ADM. JAKARTA BARAT,GROGOL PETAMBURAN,N/A,JALUR HIJAU JL. NURDIN,JH. JL. NURDIN,JALUR HIJAU
2024,KOTA ADM. JAKARTA BARAT,GROGOL PETAMBURAN,GROGOL,JALUR HIJAU JL. RAWA BAHAGIA,JH. JL. RAWA BAHAGIA,JALUR HIJAU
2024,KOTA ADM. JAKARTA BARAT,GROGOL PETAMBURAN,GROGOL,JALUR HIJAU JL. SEMERU,JH. JL. SEMERU,JALUR HIJAU
2024,KOTA ADM. JAKARTA BARAT,GROGOL PETAMBURAN,GROGOL,JALUR HIJAU JL. SUSILO I,JH. JL. SUSILO I,JALUR HIJAU
2024,KOTA ADM. JAKARTA BARAT,GROGOL PETAMBURAN,JATI PULO,JALUR HIJAU JL. SUSILO RAYA,JH. JL. SUSILO RAYA,JALUR HIJAU
2024,KOTA ADM. JAKARTA BARAT,GROGOL PETAMBURAN,TOMANG,JALUR HIJAU VIADUCK TOMANG,JH. VIADUCK TOMANG,JALUR HIJAU
2024,KOTA ADM. JAKARTA BARAT,GROGOL PETAMBURAN,N/A,JALUR HIJAU JL. KYAI TAPA (SISI SELATAN),JH. JL. KYAI TAPA (SISI SELATAN),JALUR HIJAU
2024,KOTA ADM. JAKARTA BARAT,GROGOL PETAMBURAN,TOMANG,JALUR HIJAU JL. S. PARMAN SISI TIMUR DR GROGOL S/D TOMANG,JH. JL. S. PARMAN SISI TIMUR DR GROGOL S/D TOMANG,JALUR HIJAU
2024,KOTA ADM. JAKARTA BARAT,GROGOL PETAMBURAN,TOMANG,JALUR HIJAU SEGITIGA JL. TOMANG RAYA (SISI UTARA DAN SELATAN),JH. SEGITIGA JL. TOMANG RAYA (SISI UTARA DAN SELATAN),JALUR HIJAU
2024,KOTA ADM. JAKARTA BARAT,GROGOL PETAMBURAN,N/A,JALUR HIJAU JL. GELONG BARU UTARA,JH. JL. GELONG BARU UTARA,JALUR HIJAU
2024,KOTA ADM. JAKARTA BARAT,GROGOL PETAMBURAN,N/A,JALUR HIJAU SEGITIGA JL. S. PARMAN DEPAN LM. TOMANG,JH. SEGITIGA JL. S. PARMAN DEPAN LM. TOMANG,JALUR HIJAU
2024,KOTA ADM. JAKARTA BARAT,GROGOL PETAMBURAN,WIJAYA KUSUMA,JALUR HIJAU SEGITIGA JL. S. PARMAN DEPAN TRISAKTI,JH. SEGITIGA JL. S. PARMAN DEPAN TRISAKTI,JALUR HIJAU
2024,KOTA ADM. JAKARTA BARAT,GROGOL PETAMBURAN,WIJAYA KUSUMA,JALUR HIJAU MEDIAN JL. TUBAGUS ANGKE DR. JL. WIJAYA II S/D LM. PESING,JH. MEDIAN JL. TUBAGUS ANGKE DR. JL. WIJAYA II S/D LM. PESING,JALUR HIJAU
2024,KOTA ADM. JAKARTA BARAT,GROGOL PETAMBURAN,N/A,JALUR HIJAU PINGGIR KALI JL. TB. ANGKE DR JL. WIJAYA II S/D LM. PESING,JH. PINGGIR KALI JL. TB. ANGKE DR JL. WIJAYA II S/D LM. PESING,JALUR HIJAU
2024,KOTA ADM. JAKARTA BARAT,GROGOL PETAMBURAN,JELAMBAR BARU,JALUR HIJAU FO PESING ATAS DAN BAWAH KOMPLEK MANDIRI SAMPAI DENGAN REL KERETA API,JH. FO PESING ATAS DAN BAWAH KOMPLEK MANDIRI SAMPAI DENGAN REL KERETA API,JALUR HIJAU
2024,KOTA ADM. JAKARTA BARAT,GROGOL PETAMBURAN,JELAMBAR BARU,JALUR HIJAU MEDIAN JL. TUBAGUS ANGKE DR. JALAN TOL LINGKAR DALAM S/D JL. WIJAYA II,JH. MEDIAN JL. TUBAGUS ANGKE DR. JALAN TOL LINGKAR DALAM S/D JL. WIJAYA II,JALUR HIJAU
2024,KOTA ADM. JAKARTA BARAT,GROGOL PETAMBURAN,JELAMBAR,JALUR HIJAU PINGGGIR KALI JL. TUBAGUS ANGKE DR. JALAN TOL LINGKAR DALAM S/D JL. WIJAYA II,JH. PINGGGIR KALI JL. TUBAGUS ANGKE DR. JALAN TOL LINGKAR DALAM S/D JL. WIJAYA II,JALUR HIJAU
2024,KOTA ADM. JAKARTA BARAT,GROGOL PETAMBURAN,JELAMBAR,JALUR HIJAU JL. LATUMENTEN KOLONG TOL SEMPURNA,JH. JL. LATUMENTEN KOLONG TOL SEMPURNA,JALUR HIJAU
2024,KOTA ADM. JAKARTA BARAT,GROGOL PETAMBURAN,JELAMBAR,JALUR HIJAU MEDIAN JL. DAAN MOGOT DR JL. DAAN MOGOT 1 S/D FLY OVER PESING,JH. MEDIAN JL. DAAN MOGOT DR JL. DAAN MOGOT 1 S/D FLY OVER PESING,JALUR HIJAU
2024,KOTA ADM. JAKARTA BARAT,GROGOL PETAMBURAN,TANJUNG DUREN SELATAN,JALUR HIJAU TEPIAN AIR KALI GROGOL LATUMENTEN JAKARTA BARAT,JH. TEPIAN AIR KALI GROGOL LATUMENTEN JAKARTA BARAT,JALUR HIJAU
2024,KOTA ADM. JAKARTA BARAT,GROGOL PETAMBURAN,TANJUNG DUREN SELATAN,TAMAN WAYES SEPUTIH,"JL. WAY SEPUTIH 20-18, RT.4/RW.1, TJ. DUREN SEL., KEC. GROGOL PETAMBURAN, KOTA JAKARTA BARAT, DAERAH KHUSUS IBUKOTA JAKARTA 11470",TAMAN
2024,KOTA ADM. JAKARTA BARAT,GROGOL PETAMBURAN,TANJUNG DUREN SELATAN,TAMAN TJG. DUREN SELATAN III,"JL. TANJUNG DUREN SELATAN III NO.2, RT.3/RW.2, TJ. DUREN SEL., KEC. GROGOL PETAMBURAN, KOTA JAKARTA BARAT, DAERAH KHUSUS IBUKOTA JAKARTA 11470",TAMAN
2024,KOTA ADM. JAKARTA BARAT,GROGOL PETAMBURAN,TANJUNG DUREN SELATAN,TAMAN DELIMA I,"JL. DELIMA I  RW.5, SOUTH TANJUNG DUREN, GROGOL PETAMBURAN, WEST JAKARTA CITY, JAKARTA",TAMAN
2024,KOTA ADM. JAKARTA BARAT,GROGOL PETAMBURAN,TANJUNG DUREN SELATAN,TAMAN MANGGIS III,"JL. MANGGIS NO.10, RT.4/RW.4, TJ. DUREN SEL., KEC. GROGOL PETAMBURAN, KOTA JAKARTA BARAT, DAERAH KHUSUS IBUKOTA JAKARTA 11470",TAMAN
2024,KOTA ADM. JAKARTA BARAT,GROGOL PETAMBURAN,TANJUNG DUREN SELATAN,TAMAN MANGGIS XIX,"JL. MANGGIS, RT.11/RW.4, SOUTH TANJUNG DUREN, GROGOL PETAMBURAN, WEST JAKARTA CITY, JAKARTA 11470",TAMAN
2024,KOTA ADM. JAKARTA BARAT,GROGOL PETAMBURAN,TANJUNG DUREN SELATAN,TAMAN DELIMA IV,"JL. DELIMA IV NO.16, RT.14/RW.5, TJ. DUREN SEL., KEC. GROGOL PETAMBURAN, KOTA JAKARTA BARAT, DAERAH KHUSUS IBUKOTA JAKARTA 11470",TAMAN
2024,KOTA ADM. JAKARTA BARAT,GROGOL PETAMBURAN,TANJUNG DUREN SELATAN,TAMAN TJG. DUREN SELATAN I,"JL. TANJUNG DUREN SELATAN I, RW.2, SOUTH TANJUNG DUREN, GROGOL PETAMBURAN, WEST JAKARTA CITY, JAKARTA",TAMAN
2024,KOTA ADM. JAKARTA BARAT,GROGOL PETAMBURAN,TANJUNG DUREN UTARA,TAMAN LONTAR TIMUR,"JL. LONTAR TIMUR 22-14, RT.16/RW.6, TJ. DUREN UTARA, KEC. GROGOL PETAMBURAN, KOTA JAKARTA BARAT, DAERAH KHUSUS IBUKOTA JAKARTA 11470",TAMAN
2024,KOTA ADM. JAKARTA BARAT,GROGOL PETAMBURAN,TANJUNG DUREN UTARA,TAMAN MENTENG II,"JL. MENTENG 2, RT.12/RW.7, TJ. DUREN UTARA, KEC. GROGOL PETAMBURAN, KOTA JAKARTA BARAT, DAERAH KHUSUS IBUKOTA JAKARTA 11470",TAMAN
2024,KOTA ADM. JAKARTA BARAT,GROGOL PETAMBURAN,TANJUNG DUREN UTARA,TAMAN DUKUH BARAT V (LONTAR),"JL. DUKU BARAT V NO.15-19, RT.10/RW.7, TJ. DUREN UTARA, KEC. GROGOL PETAMBURAN, KOTA JAKARTA BARAT, DAERAH KHUSUS IBUKOTA JAKARTA 11470",TAMAN
2024,KOTA ADM. JAKARTA BARAT,GROGOL PETAMBURAN,TANJUNG DUREN UTARA,TAMAN DUKUH II,"JL. DUKUH II NO.21, RT.5/RW.7, TJ. DUREN UTARA, KEC. GROGOL PETAMBURAN, KOTA JAKARTA BARAT, DAERAH KHUSUS IBUKOTA JAKARTA 11470",TAMAN
2024,KOTA ADM. JAKARTA BARAT,GROGOL PETAMBURAN,TANJUNG DUREN UTARA,TAMAN TANJUNG DUREN UTARA III E,"JL. TANJUNG DUREN UTARA IIIE NO.111E, RT.10/RW.3, TJ. DUREN UTARA, KEC. GROGOL PETAMBURAN, KOTA JAKARTA BARAT, DAERAH KHUSUS IBUKOTA JAKARTA 11470",TAMAN
2024,KOTA ADM. JAKARTA BARAT,GROGOL PETAMBURAN,TANJUNG DUREN UTARA,TAMAN TJG. DUREN UTARA VIII,"JL. TAMAN APEL VIII 104, RT.10/RW.3, TJ. DUREN UTARA, KEC. GROGOL PETAMBURAN, KOTA JAKARTA BARAT, DAERAH KHUSUS IBUKOTA JAKARTA 11470",TAMAN
2024,KOTA ADM. JAKARTA BARAT,GROGOL PETAMBURAN,TANJUNG DUREN UTARA,TAMAN TJG. DUREN UTARA VII B/C,"JL. TANJUNG DUREN UTARA VIIB NO.498, RT.3/RW.3, TJ. DUREN UTARA, KEC. GROGOL PETAMBURAN, KOTA JAKARTA BARAT, DAERAH KHUSUS IBUKOTA JAKARTA 11470",TAMAN
2024,KOTA ADM. JAKARTA BARAT,GROGOL PETAMBURAN,TANJUNG DUREN UTARA,TAMAN TJG. DUREN UTARA II C,"JL. TANJUNG DUREN UTARA 2A NO.391, RT.11/RW.2, TJ. DUREN UTARA, KEC. GROGOL PETAMBURAN, KOTA JAKARTA BARAT, DAERAH KHUSUS IBUKOTA JAKARTA 11470",TAMAN
2024,KOTA ADM. JAKARTA BARAT,GROGOL PETAMBURAN,TANJUNG DUREN UTARA,TAMAN TANJUNG DUREN UTARA III B/C,"JL. TANJUNG DUREN UTARA IIIB NO.254, RT.8/RW.3, TJ. DUREN UTARA, KEC. GROGOL PETAMBURAN, KOTA JAKARTA BARAT, DAERAH KHUSUS IBUKOTA JAKARTA 11470",TAMAN
2024,KOTA ADM. JAKARTA BARAT,GROGOL PETAMBURAN,TANJUNG DUREN UTARA,TAMAN TANJUNG DUREN UTARA VI A/B,"JL. TANJUNG DUREN RAYA NO.2, RW.2, TJ. DUREN UTARA, KEC. GROGOL PETAMBURAN, KOTA JAKARTA BARAT, DAERAH KHUSUS IBUKOTA JAKARTA 11470",TAMAN
2024,KOTA ADM. JAKARTA BARAT,GROGOL PETAMBURAN,TANJUNG DUREN UTARA,TAMAN EKS. POLSEK TANJUNG DUREN,"JL. TANJUNG DUREN UTARA 3 NO.302, RT.11/RW.2, TJ. DUREN UTARA, GROGOL PETAMBURAN, KOTA JAKARTA BARAT, DAERAH KHUSUS IBUKOTA JAKARTA 11470, INDONESIA.",TAMAN
2024,KOTA ADM. JAKARTA BARAT,GROGOL PETAMBURAN,TANJUNG DUREN UTARA,TAMAN RAMBUTAN,"JL. SADAR II NO.23, RT.2/RW.2, CIGANJUR, KEC. JAGAKARSA, KOTA JAKARTA SELATAN",TAMAN
2024,KOTA ADM. JAKARTA UTARA,KOJA,RAWABADAK UTARA,JH. JL. INSPEKSI SINDANG,JH. JL. INSPEKSI SINDANG,JALUR HIJAU
2024,KOTA ADM. JAKARTA UTARA,KOJA,RAWABADAK UTARA,TAMAN RAWA BADAK UTARA,"RT.3/RW.11, RAWABADAK UTARA, KEC. KOJA, JKT UTARA, DAERAH KHUSUS IBUKOTA JAKARTA 14230",TAMAN
2024,KOTA ADM. JAKARTA UTARA,KOJA,RAWABADAK UTARA,RPTRA RADAR PEMBANGUNAN,"JL. INSPEKSI KALI SUNTER, RT.5/RW.3, RAWABADAK UTARA, KEC. KOJA, JKT UTARA, DAERAH KHUSUS IBUKOTA JAKARTA 14230",TAMAN
2024,KOTA ADM. JAKARTA UTARA,KOJA,RAWABADAK UTARA,RPTRA BOGASARI,"JL. RAWABINANGUN VIII NO.23, RT.12/RW.8, RAWABADAK UTARA, KEC. KOJA, JKT UTARA, DAERAH KHUSUS IBUKOTA JAKARTA 14230",TAMAN
2024,KOTA ADM. JAKARTA UTARA,KOJA,RAWABADAK UTARA,TAMAN EKS SPBU YOS SUDARSO,"JL. YOS SUDARSO NO.152, RT.3/RW.14, RAWABADAK UTARA, KEC. KOJA, JKT UTARA, DAERAH KHUSUS IBUKOTA JAKARTA 14230",TAMAN
2024,KOTA ADM. JAKARTA UTARA,KOJA,RAWABADAK UTARA,TAMAN JL. LUNAS,"JL. LUNAS NO.366, RT.4/RW.1, RAWABADAK UTARA, KEC. KOJA, JKT UTARA, DAERAH KHUSUS IBUKOTA JAKARTA 14230",TAMAN
2024,KOTA ADM. JAKARTA UTARA,KOJA,RAWABADAK UTARA,TAMAN JANUR KUNING RT 005/010,"JL. JANUR KUNING 50-16, RT.5/RW.10, RAWABADAK UTARA, KEC. KOJA, JKT UTARA, DAERAH KHUSUS IBUKOTA JAKARTA 14230",TAMAN
2024,KOTA ADM. JAKARTA UTARA,KOJA,RAWABADAK UTARA,TAMAN ALUR LAUT,"JL. ALUR LAUT, RW.6, RAWABADAK UTARA, KEC. KOJA, JKT UTARA, DAERAH KHUSUS IBUKOTA JAKARTA 14230",TAMAN
2024,KOTA ADM. JAKARTA UTARA,KOJA,SUKA PURA,TAMAN MELUR JL. INSPEKSI SAL / CPG SINDANG,"JL. INSPEKSI ,RW.10, SUKAPURA, KEC. CILINCING, JKT UTARA, DAERAH KHUSUS IBUKOTA JAKARTA 14250",TAMAN
2024,KOTA ADM. JAKARTA UTARA,KOJA,TUGU SELATAN,TPU KAMPUNG MANGGA,"GG. H. SYARIAH NO.55, TUGU UTARA, KEC. KOJA, KOTA JKT UTARA, DAERAH KHUSUS IBUKOTA JAKARTA 14260",TPU
2024,KOTA ADM. JAKARTA UTARA,KOJA,TUGU SELATAN,TPU TEGAL KUNIR,"RT.4/RW.4, TUGU SEL., KEC. KOJA, KOTA JKT UTARA, DAERAH KHUSUS IBUKOTA JAKARTA 14260",TPU
2024,KOTA ADM. JAKARTA UTARA,KOJA,TUGU UTARA,RPTRA TAMAN WALANG,"JL. WALANG BARU RAYA RT.002/RW.015 KEL. TUGU UTARA, KEC. KOJA, JAKARTA UTARA 14260 DAERAH KHUSUS IBUKOTA JAKARTA 14260",TAMAN
2024,KOTA ADM. JAKARTA UTARA,KOJA,TUGU UTARA,RPTRA PERMATA (TAMAN TOAR),"JL. BERLIAN NO.II, RT.5/RW.16, TUGU UTARA, KEC. KOJA, JKT UTARA, DAERAH KHUSUS IBUKOTA JAKARTA 14260",TAMAN
2024,KOTA ADM. JAKARTA UTARA,KOJA,TUGU UTARA,TAMAN LONTAR,"JL. LONTAR TAMAN, RW.5, TUGU UTARA, KEC. KOJA, JKT UTARA, DAERAH KHUSUS IBUKOTA JAKARTA 14260",TAMAN
2024,KOTA ADM. JAKARTA UTARA,KOJA,TUGU UTARA,TAMAN PALEM,"JL. KOMP. IMIGRASI NO.1, RT.1/RW.2, TUGU UTARA, KEC. KOJA, JKT UTARA, DAERAH KHUSUS IBUKOTA JAKARTA 14260",TAMAN
2024,KOTA ADM. JAKARTA UTARA,KOJA,TUGU UTARA,TAMAN KOMP. UKA,"JL. KOMP. UKA  RW.8, TUGU UTARA, KEC. KOJA, JKT UTARA, DAERAH KHUSUS IBUKOTA JAKARTA 14260",TAMAN
2024,KOTA ADM. JAKARTA UTARA,KOJA,TUGU UTARA,TAMAN JL. MANGGA,"JL. MANGGA, RW.2, TUGU UTARA, KEC. KOJA, JKT UTARA, DAERAH KHUSUS IBUKOTA JAKARTA 14260",TAMAN
2024,KOTA ADM. JAKARTA UTARA,KOJA,TUGU UTARA,TAMAN KELAPA MUDA,"JL. KELAPA MUDA I NO.8, RT.8/RW.7, TUGU UTARA, KEC. KOJA, JKT UTARA, DAERAH KHUSUS IBUKOTA JAKARTA 14260",TAMAN
2024,KOTA ADM. JAKARTA UTARA,KOJA,TUGU UTARA,RPTRA TUGU PERMAI,"JL. KOMP. TUGU PERMAI NO.14, RT.14/RW.2, TUGU UTARA, KEC. KOJA, JKT UTARA, DAERAH KHUSUS IBUKOTA JAKARTA 14260",TAMAN
2024,KOTA ADM. JAKARTA UTARA,KOJA,TUGU UTARA,TAMAN GOR TUGU UTARA,"RT.7/RW.9, TUGU UTARA, KOJA, JAKARTA UTARA, JAKARTA 14260",TAMAN
2024,KOTA ADM. JAKARTA UTARA,KOJA,TUGU UTARA,TAMAN BLOK M,JL. NYIUR MELAMBAI,TAMAN
2024,KOTA ADM. JAKARTA UTARA,KOJA,TUGU UTARA,TAMAN JL. MAWAR VII RT.05/06 (KEL. TUGU UTARA KEC. KOJA),"JL. MAWAR VII, RT.05/RW.6, TUGU UTARA, KEC. KOJA, JKT UTARA, DAERAH KHUSUS IBUKOTA JAKARTA 14260",TAMAN
2024,KOTA ADM. JAKARTA UTARA,KOJA,TUGU UTARA,TAMAN GG. CC,"GG. CC, TUGU UTARA, KOJA",TAMAN
2024,KOTA ADM. JAKARTA UTARA,KOJA,TUGU UTARA,RPTRA AMANAH ISLAMIC,"JL. KRAMAT JAYA RAYA, RW.1, TUGU UTARA, KEC. KOJA, JKT UTARA, DAERAH KHUSUS IBUKOTA JAKARTA 14260",TAMAN
2024,KOTA ADM. JAKARTA UTARA,PADEMANGAN,ANCOL,JL. ANCOL TIMUR (DR KETEL S/D JEMBATAN GOYANG),JL. ANCOL TIMUR (DR KETEL S/D JEMBATAN GOYANG),JALUR HIJAU
2024,KOTA ADM. JAKARTA UTARA,PADEMANGAN,ANCOL,JH. JL. KAMPUNG BANDAN KEL. ANCOL,JH. JL. KAMPUNG BANDAN KEL. ANCOL,JALUR HIJAU
2024,KOTA ADM. JAKARTA UTARA,PADEMANGAN,ANCOL,JH. JL. KRAPU DAN JL. LODAN (DARI PELABUHAN SUNDA KELAPA S/D LAMPU MERAH ANCOL),JH. JL. KRAPU DAN JL. LODAN (DARI PELABUHAN SUNDA KELAPA S/D LAMPU MERAH ANCOL),JALUR HIJAU
2024,KOTA ADM. JAKARTA UTARA,PADEMANGAN,ANCOL,JL. MANGGA DUA (DARI LAMPU MERAH S/D PASAR PAGI,JL. MANGGA DUA (DARI LAMPU MERAH S/D PASAR PAGI,JALUR HIJAU
2024,KOTA ADM. JAKARTA UTARA,PADEMANGAN,ANCOL,TAMAN KOMP. TRANSMIGRASI,JL. TRANSMIGRASI,TAMAN
2024,KOTA ADM. JAKARTA UTARA,PADEMANGAN,ANCOL,TAMAN KAMPUNG MUKA,"JL. RE MARTADINATA NO. 1 RT. 007 RW. 004 KEL. ANCOL, KEC. PADEMANGAN, JAKARTA UTARA",TAMAN
2024,KOTA ADM. JAKARTA UTARA,PADEMANGAN,N/A,"JH. JL. GUNUNG SAHARI (DARI PINTU KERETA API S/D PEREMPATAN LAMPU MERAH ANCOL), JH. JL. MANGGA DUA RAYA","JH. JL. GUNUNG SAHARI (DARI PINTU KERETA API S/D PEREMPATAN LAMPU MERAH ANCOL), JH. JL. MANGGA DUA RAYA",JALUR HIJAU
2024,KOTA ADM. JAKARTA UTARA,PADEMANGAN,N/A,JALUR HIJAU TEPIAN AIR KALI ANCOL JL. RE MARTADINATA (DEPAN TIJA) SISI SELATAN,JL. RE MARTADINATA (DEPAN TIJA) SISI SELATAN,JALUR HIJAU
2024,KOTA ADM. JAKARTA UTARA,PADEMANGAN,N/A,JALUR HIJAU TEPIAN AIR SISI PINTU TOL ANCOL TIMUR  JL. RE. MARTADINATA DAN MEDIAN - JALUR HIJAU TEPIAN AIR JL. LODAN TIMUR SISI SELATAN,JL. RE. MARTADINATA DAN MEDIAN - JALUR HIJAU TEPIAN AIR JL. LODAN TIMUR SISI SELATAN,JALUR HIJAU
2024,KOTA ADM. JAKARTA UTARA,PADEMANGAN,PADEMANGAN BARAT,JL. R.E MARTADINATA (DARI PULAU- PULAU RE MARTADINATA S/D LAMPU MERAH GUNUNG SAHARI),JL. R.E MARTADINATA (DARI PULAU- PULAU RE MARTADINATA S/D LAMPU MERAH GUNUNG SAHARI),JALUR HIJAU
2024,KOTA ADM. JAKARTA UTARA,PADEMANGAN,PADEMANGAN BARAT,JL. GUNUNG SAHARI (DARI LAMPU MERAH MANGGA DUA S/D PEREMPATAN RE. MARTADINATA),JL. GUNUNG SAHARI (DARI LAMPU MERAH MANGGA DUA S/D PEREMPATAN RE. MARTADINATA),JALUR HIJAU
2024,KOTA ADM. JAKARTA UTARA,PADEMANGAN,PADEMANGAN BARAT,JH. MEDIAN JL GUNUNG SAHARI (REL KA MASPION S/D PERTIGAAN JL. RE MARTADINATA,JH. MEDIAN JL GUNUNG SAHARI (REL KA MASPION S/D PERTIGAAN JL. RE MARTADINATA,JALUR HIJAU
2024,KOTA ADM. JAKARTA UTARA,PADEMANGAN,PADEMANGAN BARAT,JH. JL. HIDUP BARU,JH. JL. HIDUP BARU,JALUR HIJAU
2024,KOTA ADM. JAKARTA UTARA,PADEMANGAN,PADEMANGAN BARAT,TAMAN RW 13 GUNUNG SAHARI,JL. BUDI MULIA UTARA RT 01 RW 013 NO. 17 KELURAHAN PADEMANGAN BARAT KECAMATAN PADEMANGAN,TAMAN
2024,KOTA ADM. JAKARTA UTARA,PADEMANGAN,PADEMANGAN BARAT,TAMAN MNJ KECAMATAN PADEMANGAN,"JL. BUDI MULIA NO.1, RT.11/RW.12, PADEMANGAN BAR., KEC. PADEMANGAN, JKT UTARA, DAERAH KHUSUS IBUKOTA JAKARTA 14420",TAMAN
2024,KOTA ADM. JAKARTA UTARA,PADEMANGAN,PADEMANGAN BARAT,RPTRA BUDI MULYA,"JL. BUDI MULIA, RT.11/RW.11, PADEMANGAN BAR., KEC. PADEMANGAN, JKT UTARA, DAERAH KHUSUS IBUKOTA JAKARTA 14420",TAMAN
2024,KOTA ADM. JAKARTA UTARA,PADEMANGAN,PADEMANGAN TIMUR,JH. JL. PADEMANGAN RAYA (KALIMATI),JH. JL. PADEMANGAN RAYA (KALIMATI),JALUR HIJAU
2024,KOTA ADM. JAKARTA UTARA,PADEMANGAN,PADEMANGAN TIMUR,RPTRA PATIMURA,"JL. PADEMANGAN TIMUR VIII RT.08/RW.10, PADEMANGAN TIM., KEC. PADEMANGAN, JKT UTARA, DAERAH KHUSUS IBUKOTA JAKARTA 14410",TAMAN
2024,KOTA ADM. JAKARTA UTARA,PADEMANGAN,PADEMANGAN TIMUR,TAMAN KOMP. PEMADAM KEBAKARAN,KOMPLEK PEMADAM KEBAKARAN JL. PADEMANGAN IX RT 002 RW 010 KELURAHAN PADEMANGAN TIMUR KECAMATAN PADEMANGAN,TAMAN
2024,KOTA ADM. JAKARTA UTARA,PENJARINGAN,KAMAL MUARA,SEGITIGA KAMAL MUARA,SEGITIGA KAMAL MUARA,JALUR HIJAU
2024,KOTA ADM. JAKARTA UTARA,PENJARINGAN,KAMAL MUARA,TAMAN MENUJU PASAR IKAN KAMAL MUARA,"JL KAMAL MUARA RW 4 KEC. PENJARINGAN, JKT UTARA, DAERAH KHUSUS IBUKOTA JAKARTA",TAMAN
2024,KOTA ADM. JAKARTA UTARA,PENJARINGAN,KAMAL MUARA,RPTRA KAMAL BAHARI,"JL. KAMAL MUARA, RT.7/RW.1, KAMAL MUARA, KEC. PENJARINGAN, JKT UTARA, DAERAH KHUSUS IBUKOTA JAKARTA 14470",TAMAN
2024,KOTA ADM. JAKARTA UTARA,PENJARINGAN,KAPUK MUARA,KAWASAN HUTAN MANGROVE ANGKE KAPUK (HUTAN LINDUNG DAN HUTAN PRODUKSI),"JALAN KATAMARAN INDAH 1 RT.7, RT.1/RW.7, KAPUK MUARA, KEC. PENJARINGAN, JKT UTARA, DAERAH KHUSUS IBUKOTA JAKARTA 14460",HUTAN
2024,KOTA ADM. JAKARTA UTARA,PENJARINGAN,KAPUK MUARA,RPTRA VILLA KAPUK MAS 2,"JL. VIKAMAS BAR. 3 NO.4, RT.4/RW.3, KAPUK MUARA, KEC. PENJARINGAN, JKT UTARA, DAERAH KHUSUS IBUKOTA JAKARTA 14460",TAMAN
2024,KOTA ADM. JAKARTA UTARA,PENJARINGAN,PEJAGALAN,JH. JL. BANDENGAN UTARA-SELATAN S/D JL. BANDENGAN TERUSAN,JH. JL. BANDENGAN UTARA-SELATAN S/D JL. BANDENGAN TERUSAN,JALUR HIJAU
2024,KOTA ADM. JAKARTA UTARA,PENJARINGAN,PEJAGALAN,JH. KOLONG FLY OVER JEMBATAN II DAN III,JH. KOLONG FLY OVER JEMBATAN II DAN III,JALUR HIJAU
2024,KOTA ADM. JAKARTA UTARA,PENJARINGAN,PEJAGALAN,JH. PULAU-PULAU JALAN HARMONI MAS,JH. PULAU-PULAU JALAN HARMONI MAS,JALUR HIJAU
2024,KOTA ADM. JAKARTA UTARA,PENJARINGAN,PEJAGALAN,JH. JL. PLUIT KARANG KARYA I,JH. JL. PLUIT KARANG KARYA I,JALUR HIJAU
2024,KOTA ADM. JAKARTA UTARA,PENJARINGAN,PEJAGALAN,TAMAN RT 003 / RW 013,"JL.TELUK GONG KAVING, RT.3/RW.13, PEJAGALAN, KEC. PENJARINGAN, JKT UTARA, DAERAH KHUSUS IBUKOTA JAKARTA 14450",TAMAN
2024,KOTA ADM. JAKARTA UTARA,PENJARINGAN,PEJAGALAN,TAMAN BONCEL,"JL. KURA NO.11 RT.11/RW.12, PEJAGALAN, KEC. PENJARINGAN, JKT UTARA, DAERAH KHUSUS IBUKOTA JAKARTA 14450",TAMAN
2024,KOTA ADM. JAKARTA UTARA,PENJARINGAN,PEJAGALAN,TAMAN RT 08 / RW 13,"RW.13, PEJAGALAN, KEC. PENJARINGAN, JKT UTARA, DAERAH KHUSUS IBUKOTA JAKARTA",TAMAN
2024,KOTA ADM. JAKARTA UTARA,PENJARINGAN,PEJAGALAN,TAMAN RT 005 / RW 013,"JL. TLK. NIMBUNG NO.25, RT.5/RW.13, PEJAGALAN, KEC. PENJARINGAN, JKT UTARA, DAERAH KHUSUS IBUKOTA JAKARTA 14450",TAMAN
2024,KOTA ADM. JAKARTA UTARA,PENJARINGAN,PEJAGALAN,TAMAN BETOK,"JL. LUNDU NO.12, RT.3/RW.8, PEJAGALAN, KEC. PENJARINGAN, JKT UTARA, DAERAH KHUSUS IBUKOTA JAKARTA 14450",TAMAN
2024,KOTA ADM. JAKARTA UTARA,PENJARINGAN,PEJAGALAN,RPTRA DHARMA SUCI,"JL JEMBATAN 3 KEL PEJAGALAN, KEC PENJARINGAN",TAMAN
2024,KOTA ADM. JAKARTA UTARA,PENJARINGAN,PEJAGALAN,TAMAN HUTAN KOTA PENJARINGAN,"JL. KEPANDUAN II, RT.7/RW.16, PEJAGALAN, KEC. PENJARINGAN, JKT UTARA, DAERAH KHUSUS IBUKOTA JAKARTA 14450",TAMAN
2024,KOTA ADM. JAKARTA UTARA,PENJARINGAN,PEJAGALAN,TAMAN KALIJODO,"JALAN KEPANDUAN II, KELURAHAN PEJAGALAN",TAMAN
2024,KOTA ADM. JAKARTA UTARA,PENJARINGAN,PEJAGALAN,TAMAN JEMBATAN TIGA (CSR),"JL. RAYA JEMBATAN TIGA (KEBON PISANG), KEL. PEJAGALAN, KEC. PENJARINGAN, JAKARTA UTARA",TAMAN
2024,KOTA ADM. JAKARTA UTARA,PENJARINGAN,PENJARINGAN,JH. PULAU-PULAU TAMAN PERAHU,JH. PULAU-PULAU TAMAN PERAHU,JALUR HIJAU
2024,KOTA ADM. JAKARTA UTARA,PENJARINGAN,PENJARINGAN,JH. JL GALANGAN VOC,JH. JL GALANGAN VOC,JALUR HIJAU
2024,KOTA ADM. JAKARTA UTARA,PENJARINGAN,PENJARINGAN,JH KALI PAKIN DAN KALI KRUKUT,JH KALI PAKIN DAN KALI KRUKUT,JALUR HIJAU
2024,KOTA ADM. JAKARTA UTARA,PENJARINGAN,PENJARINGAN,JH. JL PLUIT RAYA 1,JH. JL PLUIT RAYA 1,JALUR HIJAU
2024,KOTA ADM. JAKARTA UTARA,PENJARINGAN,PENJARINGAN,JH. JL. PLUIT KARANG KARYA I,JH. JL. PLUIT KARANG KARYA I,JALUR HIJAU
2024,KOTA ADM. JAKARTA UTARA,PENJARINGAN,PENJARINGAN,JH. JL. GEDONG PANJANG,JH. JL. GEDONG PANJANG,JALUR HIJAU
2024,KOTA ADM. JAKARTA UTARA,PENJARINGAN,PENJARINGAN,JH. JL. JEMBATAN III,JH. JL. JEMBATAN III,JALUR HIJAU
2024,KOTA ADM. JAKARTA UTARA,PENJARINGAN,PENJARINGAN,JH. JL. PLUIT SELATAN RAYA,JH. JL. PLUIT SELATAN RAYA,JALUR HIJAU
2024,KOTA ADM. JAKARTA UTARA,PENJARINGAN,PENJARINGAN,JH. JL. MITRA BAHARI,JH. JL. MITRA BAHARI,JALUR HIJAU
2024,KOTA ADM. JAKARTA UTARA,PENJARINGAN,PENJARINGAN,JH. JL. PLUIT KARANG UTARA,JH. JL. PLUIT KARANG UTARA,JALUR HIJAU
2024,KOTA ADM. JAKARTA UTARA,PENJARINGAN,PENJARINGAN,TAMAN KAKAP,"JL KAKAP KEL PENJARINGAN, KEC. PENJARINGAN, JKT UTARA, DAERAH KHUSUS IBUKOTA JAKARTA",TAMAN
2024,KOTA ADM. JAKARTA UTARA,PENJARINGAN,PENJARINGAN,TAMAN RUSUN MUARA BARU,"JL MUARA BARU RW.17, PENJARINGAN, KEC. PENJARINGAN, JKT UTARA, DAERAH KHUSUS IBUKOTA JAKARTA",TAMAN
2024,KOTA ADM. JAKARTA UTARA,PENJARINGAN,PENJARINGAN,TAMAN RUSUN PENJARINGAN,"JALAN TANJUNG WANGI RUMAH SUSUN PENJARINGAN TOWER C, RT.5/RW.6, PENJARINGAN, KEC. PENJARINGAN, JKT UTARA, DAERAH KHUSUS IBUKOTA JAKARTA 14440",TAMAN
2024,KOTA ADM. JAKARTA UTARA,PENJARINGAN,PENJARINGAN,RPTRA PENJARINGAN INDAH,"JL. BANDENGAN UTARA NO.80, RT.9/RW.16, PENJARINGAN, KEC. PENJARINGAN, JKT UTARA, DAERAH KHUSUS IBUKOTA JAKARTA 14440",TAMAN
2024,KOTA ADM. JAKARTA UTARA,PENJARINGAN,PENJARINGAN,RPTRA MUARA INDAH,"JL MUARA BARU RW.17, PENJARINGAN, KEC. PENJARINGAN, JKT UTARA, DAERAH KHUSUS IBUKOTA JAKARTA",TAMAN
2024,KOTA ADM. JAKARTA UTARA,PENJARINGAN,PLUIT,JH. JL. PLUIT TIMUR RAYA,JH. JL. PLUIT TIMUR RAYA,JALUR HIJAU
2024,KOTA ADM. JAKARTA UTARA,PENJARINGAN,PLUIT,JH. JL. PLUIT UTARA RAYA,JH. JL. PLUIT UTARA RAYA,JALUR HIJAU
2024,KOTA ADM. JAKARTA UTARA,PENJARINGAN,PLUIT,JH. JL. ALI SADIKIN,JH. JL. ALI SADIKIN,JALUR HIJAU
2024,KOTA ADM. JAKARTA UTARA,PENJARINGAN,PLUIT,JH. BANTARA KALI JL. PLUIT BARAT,JH. BANTARA KALI JL. PLUIT BARAT,JALUR HIJAU
2024,KOTA ADM. JAKARTA UTARA,PENJARINGAN,PLUIT,JH. JL. PLUIT RAYA II,JH. JL. PLUIT RAYA II,JALUR HIJAU
2024,KOTA ADM. JAKARTA UTARA,PENJARINGAN,PLUIT,JH. JL.PLUIT KARANG BARAT,JH. JL.PLUIT KARANG BARAT,JALUR HIJAU
2024,KOTA ADM. JAKARTA UTARA,PENJARINGAN,PLUIT,JH. JL. PLUIT INDAH,JH. JL. PLUIT INDAH,JALUR HIJAU
2024,KOTA ADM. JAKARTA UTARA,PENJARINGAN,PLUIT,JH. JL. PLUIT SELATAN RAYA (ARAH PINTU TOL 3 KE BANDARA),JH. JL. PLUIT SELATAN RAYA (ARAH PINTU TOL 3 KE BANDARA),JALUR HIJAU
2024,KOTA ADM. JAKARTA UTARA,PENJARINGAN,PLUIT,TAMAN KARANG JELITA,"JL. PLUIT KARANG JELITA 6 27, RT.5/RW.3, PLUIT, KEC. PENJARINGAN, JKT UTARA, DAERAH KHUSUS IBUKOTA JAKARTA 14450",TAMAN
2024,KOTA ADM. JAKARTA UTARA,PENJARINGAN,PLUIT,TAMAN MUARA ANGKE,"JL MUARA ANGKE JALAN DERMAGA 1 BAWAL PUTIH DEPAN KANTOR RW11, RT.22/RW.11, PLUIT, KEC. PENJARINGAN, JKT UTARA, DAERAH KHUSUS IBUKOTA JAKARTA 14450",TAMAN
2024,KOTA ADM. JAKARTA UTARA,PENJARINGAN,PLUIT,RPTRA ANGKE INTERAKTIF,"JL. KERAPU 2 NO.25, RT.6/RW.1, PLUIT, KEC. PENJARINGAN, JKT UTARA, DAERAH KHUSUS IBUKOTA JAKARTA 14450",TAMAN
2024,KOTA ADM. JAKARTA UTARA,PENJARINGAN,PLUIT,RPTRA JAKPRO ASRI,"JL. PLUIT KARANG UTARA NO.12, RT.12/RW.3, PLUIT, KEC. PENJARINGAN, JKT UTARA, DAERAH KHUSUS IBUKOTA JAKARTA 14450",TAMAN
2024,KOTA ADM. JAKARTA UTARA,PENJARINGAN,PLUIT,TAMAN KARANG ELOK 3 KEC. PENJARINGAN,"JL. KARANG ELOK 3, RT.10/RW.17, PLUIT, PENJARINGAN, NORTH JAKARTA CITY, JAKARTA",TAMAN
2024,KOTA ADM. JAKARTA UTARA,PENJARINGAN,PLUIT,TAMAN WADUK PLUIT,"JL. PLUIT TIMUR RAYA NO.12, RT.6/RW.5, PLUIT, KEC. PENJARINGAN, JKT UTARA, DAERAH KHUSUS IBUKOTA JAKARTA 14450",TAMAN
2024,KOTA ADM. JAKARTA UTARA,TANJUNG PRIOK,KEBON BAWANG,JH. MEDIAN JL. BUGIS (DEPAN PUSKESMAS),JH. MEDIAN JL. BUGIS (DEPAN PUSKESMAS),JALUR HIJAU
2024,KOTA ADM. JAKARTA UTARA,TANJUNG PRIOK,KEBON BAWANG,JH. JL. YOS SUDARSO SISI BARAT,JH. JL. YOS SUDARSO SISI BARAT,JALUR HIJAU
2024,KOTA ADM. JAKARTA UTARA,TANJUNG PRIOK,KEBON BAWANG,JALAN SWASEMBADA MULAI KELURAHAN KEBON BAWANG S/D PASAR PELITA,JALAN SWASEMBADA MULAI KELURAHAN KEBON BAWANG S/D PASAR PELITA,JALUR HIJAU
2024,KOTA ADM. JAKARTA UTARA,TANJUNG PRIOK,KEBON BAWANG,RPTRA BAWANG PUTIH,"JL. KEBON BAWANG VII NO.18, RT.3/RW.6, KB. BAWANG, KEC. TJ. PRIOK, JKT UTARA, DAERAH KHUSUS IBUKOTA JAKARTA 14320",TAMAN
2024,KOTA ADM. JAKARTA UTARA,TANJUNG PRIOK,PAPANGO,HUTAN KOTA WADUK SUNTER UTARA (HUTAN KOTA WADUK CINCIN),"JL. DANAU BISMA NO.10, RT.10/RW.9, PAPANGGO, KEC. TJ. PRIOK, JKT UTARA, DAERAH KHUSUS IBUKOTA JAKARTA 14340",HUTAN
2024,KOTA ADM. JAKARTA UTARA,TANJUNG PRIOK,PAPANGO,JH. JL. BISMA RAYA KEL. PAPANGGO,JH. JL. BISMA RAYA KEL. PAPANGGO,JALUR HIJAU
2024,KOTA ADM. JAKARTA UTARA,TANJUNG PRIOK,PAPANGO,TAMAN PAPANGGO II (INTERAKSI SOSIAL) GG. PAPANGGO II.C RT.006 RW.03 KEL. PAPANGGO,"GG. PAPANGGO II.C RT.006 RW.03 KEL. PAPANGGO , TANJUNG PRIOK, JAKARTA UTARA",TAMAN
2024,KOTA ADM. JAKARTA UTARA,TANJUNG PRIOK,PAPANGO,TAMAN PAPANGGO III (INTERAKSI SOSIAL),"JL. PAPANGO 3C, RT.5/RW.4, PAPANGGO, TANJUNG PRIOK, NORTH JAKARTA CITY, JAKARTA 14340",TAMAN
2024,KOTA ADM. JAKARTA UTARA,TANJUNG PRIOK,PAPANGO,TAMAN BISMA,"JL BISMA 20, RT 008/009, KEL. PAPANGGO, KEC. TANJUNG PRIOK, JAKARTA UTARA",TAMAN
2024,KOTA ADM. JAKARTA UTARA,TANJUNG PRIOK,PAPANGO,TAMAN BISMA 1 BLOK B2,"JL BISMA 1, KEL PAPANGGO, KEC TANJUNG PRIOK, JAKARTA UTARA",TAMAN
2024,KOTA ADM. JAKARTA UTARA,TANJUNG PRIOK,PAPANGO,TAMAN BISMA 8 BLOK B13 RW 010,"JL BISMA 8, KEL PAPANGGO, KEC TANJUNG PRIOK JAKARTA UTARA",TAMAN
2024,KOTA ADM. JAKARTA UTARA,TANJUNG PRIOK,PAPANGO,RPTRA GREEN BISMA,"JL. BISMA 21 NO.9, RT.10/RW.9, PAPANGGO, KEC. TJ. PRIOK, JKT UTARA, DAERAH KHUSUS IBUKOTA JAKARTA 14340",TAMAN
2024,KOTA ADM. JAKARTA UTARA,TANJUNG PRIOK,PAPANGO,RPTRA MANGGALA BISMA,"JL. BISMA 3 NO.7, RT.5/RW.10, PAPANGGO, KEC. TJ. PRIOK, JKT UTARA, DAERAH KHUSUS IBUKOTA JAKARTA 14340",TAMAN
2024,KOTA ADM. JAKARTA UTARA,TANJUNG PRIOK,PAPANGO,TPU SUNGAI BAMBU,"JL. PAPANGGO III, RT.6/RW.3, PAPANGGO, TJ. PRIOK, KOTA JKT UTARA, DAERAH KHUSUS IBUKOTA JAKARTA 14340",TPU
2024,KOTA ADM. JAKARTA UTARA,TANJUNG PRIOK,ROROTAN,RTH DANAU ASRI SELATAN,"JL. DANAU ASRI SELATAN, KEL. SUNTER JAYA, KEC. TANJUNG PRIOK, JAKARTA UTARA",TAMAN
2024,KOTA ADM. JAKARTA UTARA,TANJUNG PRIOK,SUNGAI BAMBU,JH. MEDIAN JL. YOS SUDARSO DAN SISI BARAT,JH. MEDIAN JL. YOS SUDARSO DAN SISI BARAT,JALUR HIJAU
2024,KOTA ADM. JAKARTA UTARA,TANJUNG PRIOK,SUNGAI BAMBU,JH. MEDIAN JL. YOS SUDARSO DAN SISI BARAT LANJUTAN,JH. MEDIAN JL. YOS SUDARSO DAN SISI BARAT,JALUR HIJAU
2024,KOTA ADM. JAKARTA UTARA,TANJUNG PRIOK,SUNGAI BAMBU,TAMAN FO WARAKAS,"JL. WARAKAS RAYA NO.1, SUNGAI BAMBU, KEC. TJ. PRIOK, JKT UTARA, DAERAH KHUSUS IBUKOTA JAKARTA 14370",TAMAN
2024,KOTA ADM. JAKARTA UTARA,TANJUNG PRIOK,SUNGAI BAMBU,TAMAN GORONTALO,"JL. GORONTALO RAYA, SUNGAI BAMBU, KEC. TJ. PRIOK, JKT UTARA, DAERAH KHUSUS IBUKOTA JAKARTA 14330",TAMAN
2024,KOTA ADM. JAKARTA UTARA,TANJUNG PRIOK,SUNGAI BAMBU,TAMAN KOL TOL SUNGAI BAMBU,"JL SUNGAI BAMBU, KEL. SUNGAI BAMBU, KEC. TJ. PRIOK, JKT UTARA, DAERAH KHUSUS IBUKOTA JAKARTA",TAMAN
2024,KOTA ADM. JAKARTA UTARA,TANJUNG PRIOK,SUNGAI BAMBU,TAMAN KOL. TOL JATI,"JL. JATI RAYA 10, RT.10/RW.6, SUNGAI BAMBU, KEC. TJ. PRIOK, JKT UTARA, DAERAH KHUSUS IBUKOTA JAKARTA 14330",TAMAN
2024,KOTA ADM. JAKARTA UTARA,TANJUNG PRIOK,SUNGAI BAMBU,RPTRA SUNGAI BAMBU,"JL. JATI RAYA, RT.10/RW.6, SUNGAI BAMBU, KEC. TJ. PRIOK, JKT UTARA, DAERAH KHUSUS IBUKOTA JAKARTA 14330",TAMAN
2024,KOTA ADM. JAKARTA UTARA,TANJUNG PRIOK,SUNTER AGUNG,JH JL. DANAU SUNTER BARAT (DARI PERTIGAAN JUBILLE S/D PERTIGAAN JL. RE. MARTADINATA),JH JL. DANAU SUNTER BARAT (DARI PERTIGAAN JUBILLE S/D PERTIGAAN JL. RE. MARTADINATA),JALUR HIJAU
2024,KOTA ADM. JAKARTA UTARA,TANJUNG PRIOK,SUNTER AGUNG,JH. JL. AGUNG BARAT 1 S/D JL. DANAU AGUNG 1,JH. JL. AGUNG BARAT 1 S/D JL. DANAU AGUNG 1,JALUR HIJAU
2024,KOTA ADM. JAKARTA UTARA,TANJUNG PRIOK,SUNTER AGUNG,JH. JL. AGUNG UTARA 2,JH. JL. AGUNG UTARA 2,JALUR HIJAU
2024,KOTA ADM. JAKARTA UTARA,TANJUNG PRIOK,SUNTER AGUNG,JH. JL. DANAU AGUNG 2 S/D JL. AGUNG INDAH 3 (AGUNG TENGAH),JH. JL. DANAU AGUNG 2 S/D JL. AGUNG INDAH 3 (AGUNG TENGAH),JALUR HIJAU
2024,KOTA ADM. JAKARTA UTARA,TANJUNG PRIOK,SUNTER AGUNG,JH. JL. DANAU SUNTER UTARA (SUNTER C),JH. JL. DANAU SUNTER UTARA (SUNTER C),JALUR HIJAU
2024,KOTA ADM. JAKARTA UTARA,TANJUNG PRIOK,SUNTER AGUNG,JH. JL. GRIYA UTAMA,JH. JL. GRIYA UTAMA,JALUR HIJAU
2024,KOTA ADM. JAKARTA UTARA,TANJUNG PRIOK,SUNTER AGUNG,JH. JL. SUNTER KARYA UTARA,JH. JL. SUNTER KARYA UTARA,JALUR HIJAU
2024,KOTA ADM. JAKARTA UTARA,TANJUNG PRIOK,SUNTER AGUNG,JH. JL. SUNTER KARYA UTARA 1,JH. JL. SUNTER KARYA UTARA 1,JALUR HIJAU
2024,KOTA ADM. JAKARTA UTARA,TANJUNG PRIOK,SUNTER AGUNG,JH JL. SUNTER PERMAI RAYA S/D JL. SUNTER GARDEN (DARI PERTIGAAN BMW S/D PERTIGAAN JL. DANAU SUNTER UTARA),JH JL. SUNTER PERMAI RAYA S/D JL. SUNTER GARDEN (DARI PERTIGAAN BMW S/D PERTIGAAN JL. DANAU SUNTER UTARA),JALUR HIJAU
2024,KOTA ADM. JAKARTA UTARA,TANJUNG PRIOK,SUNTER AGUNG,RTH SUNTER JAYA,RTH SUNTER JAYA,TAMAN
2024,KOTA ADM. JAKARTA UTARA,TANJUNG PRIOK,SUNTER AGUNG,TAMAN GOR SUNTER,"JALAN TAMAN TIRTA SUNTER 1 NO.9, RT.8/RW.14, SUNTER JAYA, TJ. PRIOK, JAKARTA UTARA, DKI JAKARTA 14360",TAMAN
2024,KOTA ADM. JAKARTA UTARA,TANJUNG PRIOK,SUNTER AGUNG,TAMAN BLOK E RW.13,"JL SUNTER KARYA SELATAN I, RT.4/RW.13, SUNTER AGUNG, KEC. TJ. PRIOK, JKT UTARA",TAMAN
2024,KOTA ADM. JAKARTA UTARA,TANJUNG PRIOK,SUNTER AGUNG,TAMAN POSGIRO DANAU AGUNG TENGAH 2,"JL. DANAU AGUNG 2, RT.8/RW.16, SUNTER AGUNG, KEC. TJ. PRIOK, JKT UTARA, DAERAH KHUSUS IBUKOTA JAKARTA 14350",TAMAN
2024,KOTA ADM. JAKARTA UTARA,TANJUNG PRIOK,SUNTER AGUNG,TAMAN RW. 13 KEL. SUNTER AGUNG,"JL. SUNTER KARYA UTARA III 13, RT.13/RW.13, SUNTER AGUNG, KEC. TJ. PRIOK, JKT UTARA, DAERAH KHUSUS IBUKOTA JAKARTA 14350",TAMAN
2024,KOTA ADM. JAKARTA UTARA,TANJUNG PRIOK,SUNTER AGUNG,TAMAN JL. DANAU SUNTER UTARA RW 020 KEL. SUNTER AGUNG,"JL. GRIYA AYU, RW 020. KEL. SUNTER AGUNG, KEC. TANJUNG PRIOK, JAKARTA UTARA",TAMAN
2024,KOTA ADM. JAKARTA UTARA,TANJUNG PRIOK,SUNTER AGUNG,TAMAN POSPOL KAV. 17,"JL. NUSANTARA 5 BLOK I NO.18, RT.10/RW.17, SUNTER AGUNG, KEC. TJ. PRIOK, JKT UTARA, DAERAH KHUSUS IBUKOTA JAKARTA 14350",TAMAN
2024,KOTA ADM. JAKARTA UTARA,TANJUNG PRIOK,SUNTER AGUNG,TAMAN JL. NUSANTARA 2 RW.017 KEL. SUNTER AGUNG,JL. NUSANTARA 2 RW.017 KEL. SUNTER AGUNG,TAMAN
2024,KOTA ADM. JAKARTA UTARA,TANJUNG PRIOK,SUNTER AGUNG,RPTRA SUTRA INDAH 2,"JL. SUNTER KARYA TIMUR RAYA NO.17, RT.18/RW.13, SUNTER AGUNG, KEC. TJ. PRIOK, JKT UTARA, DAERAH KHUSUS IBUKOTA JAKARTA 14350",TAMAN
2024,KOTA ADM. JAKARTA UTARA,TANJUNG PRIOK,SUNTER AGUNG,RPTRA SUTRA INDAH 3,"JL. AGUNG UTARA 5 NO.14-16, RT.5/RW.9, SUNTER AGUNG, KEC. TJ. PRIOK, JKT UTARA, DAERAH KHUSUS IBUKOTA JAKARTA 14350",TAMAN
2024,KOTA ADM. JAKARTA UTARA,TANJUNG PRIOK,SUNTER AGUNG,RPTRA SUTRA INDAH 4,"JL. AGUNG PERMAI 4 NO.13-15, RT.2/RW.11, SUNTER AGUNG, KEC. TJ. PRIOK, JKT UTARA, DAERAH KHUSUS IBUKOTA JAKARTA 14350",TAMAN
2024,KOTA ADM. JAKARTA UTARA,TANJUNG PRIOK,SUNTER AGUNG,RPTRA SUTRA INDAH 1,"JL. SUNTER KARYA SEL. II NO.9, RT.9/RW.13, SUNTER AGUNG, KEC. TJ. PRIOK, JKT UTARA, DAERAH KHUSUS IBUKOTA JAKARTA 14350",TAMAN
2024,KOTA ADM. JAKARTA UTARA,TANJUNG PRIOK,SUNTER AGUNG,RPTRA KAMPUNG INDAH LESTARI,"JL. ANCOL SEL. II NO.37, RT.7/RW.7, SUNTER AGUNG, KEC. TJ. PRIOK, JKT UTARA, DAERAH KHUSUS IBUKOTA JAKARTA 14350",TAMAN
2024,KOTA ADM. JAKARTA UTARA,TANJUNG PRIOK,SUNTER AGUNG,RPTRA SUNTER MUARA,"JL. SUNTER MUARA BARU, RT.15/RW.5, SUNTER AGUNG, KEC. TJ. PRIOK, JKT UTARA, DAERAH KHUSUS IBUKOTA JAKARTA 14350",TAMAN
2024,KOTA ADM. JAKARTA UTARA,TANJUNG PRIOK,SUNTER AGUNG,TAMAN BLOK I RW 16 KEC. TANJUNG PRIOK,"BLOK I RW 16, SUNTER AGUNG, TANJUNG PRIOK",TAMAN
2024,KOTA ADM. JAKARTA UTARA,TANJUNG PRIOK,SUNTER AGUNG,TAMAN JL. PARADISE 20 RW 19 KEC. TANJUNG PRIOK,"JL. PARADISE 20 , RT.11/RW.19, SUNTER AGUNG, KEC. TJ. PRIOK, JKT UTARA, DAERAH KHUSUS IBUKOTA JAKARTA 14350",TAMAN
2024,KOTA ADM. JAKARTA UTARA,TANJUNG PRIOK,SUNTER AGUNG,TAMAN SEKNEG SUNTER AGUNG KEC. TANJUNG PRIOK,"KOMP. SEKNEG, SUNTER AGUNG, TANJUNGPRIOK",TAMAN
2024,KOTA ADM. JAKARTA UTARA,TANJUNG PRIOK,SUNTER JAYA,JH. MEDIAN JL. YOS SUDARSO DAN SISI BARAT,JH. MEDIAN JL. YOS SUDARSO DAN SISI BARAT,JALUR HIJAU
2024,KOTA ADM. JAKARTA UTARA,TANJUNG PRIOK,SUNTER JAYA,JH. JL. DANAU SUNTER UTARA (SUNTER C),JH. JL. DANAU SUNTER UTARA (SUNTER C),JALUR HIJAU
2024,KOTA ADM. JAKARTA UTARA,TANJUNG PRIOK,SUNTER JAYA,JH. JL. DANAU SUNTER SELATAN (DARI PEREMPATAN LAMPU MERAH SUNTER C S/D PERTIGAAN LAMPU MERAH JUBILLE),JH. JL. DANAU SUNTER SELATAN (DARI PEREMPATAN LAMPU MERAH SUNTER C S/D PERTIGAAN LAMPU MERAH JUBILLE),JALUR HIJAU
2024,KOTA ADM. JAKARTA UTARA,TANJUNG PRIOK,SUNTER JAYA,"JH. JL. SUNTER JAYA TIMUR, JL H. AMSIR","JH. JL. SUNTER JAYA TIMUR, JL H. AMSIR",JALUR HIJAU
2024,KOTA ADM. JAKARTA UTARA,TANJUNG PRIOK,SUNTER JAYA,JH. JL. MITRA SUNTER BOULEVARD,JH. JL. MITRA SUNTER BOULEVARD,JALUR HIJAU
2024,KOTA ADM. JAKARTA UTARA,TANJUNG PRIOK,SUNTER JAYA,JH. JL. DANAU INDAH RAYA,JH. JL. DANAU INDAH RAYA,JALUR HIJAU
2024,KOTA ADM. JAKARTA UTARA,TANJUNG PRIOK,SUNTER JAYA,JH. JL. SUNTER KEMAYORAN,JH. JL. SUNTER KEMAYORAN,JALUR HIJAU
2024,KOTA ADM. JAKARTA UTARA,TANJUNG PRIOK,SUNTER JAYA,JH. JL. TAMAN SUNTER INDAH,JH. JL. TAMAN SUNTER INDAH,JALUR HIJAU
2024,KOTA ADM. JAKARTA UTARA,TANJUNG PRIOK,SUNTER JAYA,JL. DANAU PERMAI RAYA SISI BARAT DAN TIMUR,JL. DANAU PERMAI RAYA SISI BARAT DAN TIMUR,JALUR HIJAU
2024,KOTA ADM. JAKARTA UTARA,TANJUNG PRIOK,SUNTER JAYA,JH. JL. DANAU SUNTER SELATAN (DARI PEREMPATAN LM SUNTER C S/D PERTIGAAN LM JUBILLE),JH. JL. DANAU SUNTER SELATAN (DARI PEREMPATAN LAMPU MERAH SUNTER C S/D PERTIGAAN LAMPU MERAH JUBILLE),JALUR HIJAU
2024,KOTA ADM. JAKARTA UTARA,TANJUNG PRIOK,SUNTER JAYA,JH. JL. DANAU SUNTER SELATAN SISI TIMUR,JH. JL. DANAU SUNTER SELATAN SISI TIMUR,JALUR HIJAU
2024,KOTA ADM. JAKARTA UTARA,TANJUNG PRIOK,SUNTER JAYA,KOMPLEK KESEHATAN SUNTER JAYA,"JL. BINGKESMAS NO.7, RT.4/RW.4, KEL. SUNTER JAYA, KEC. TJ. PRIOK, JKT UTARA, DAERAH KHUSUS IBUKOTA JAKARTA 14360",TAMAN
2024,KOTA ADM. JAKARTA UTARA,TANJUNG PRIOK,SUNTER JAYA,TAMAN KOMPLEKS DKI SUNTER JAYA,"JL. INSTALKES X, RW 03, SUNTER JAYA, KEC. TJ. PRIOK, JKT UTARA, DAERAH KHUSUS IBUKOTA JAKARTA 14360",TAMAN
2024,KOTA ADM. JAKARTA UTARA,TANJUNG PRIOK,SUNTER JAYA,TAMAN RW 008 SUNTER JAYA,"JL SUNTER MAS BARAT RT.2/RW.8, SUNTER JAYA, KEC. TJ. PRIOK, JKT UTARA, DAERAH KHUSUS IBUKOTA JAKARTA 14360",TAMAN
2024,KOTA ADM. JAKARTA UTARA,TANJUNG PRIOK,SUNTER JAYA,TAMAN RW 012 SUNTER JAYA,"JL. ALAMANDA II, SUNTER JAYA, KEC. TJ. PRIOK, JKT UTARA, DAERAH KHUSUS IBUKOTA JAKARTA 14360",TAMAN
2024,KOTA ADM. JAKARTA UTARA,TANJUNG PRIOK,SUNTER JAYA,"TAMAN DANAU ASRI, RT. 07, RW. 13","JL. DANAU ASRI I 7-12, RT.7/RW.13, KEL. SUNTER JAYA, KEC. TJ. PRIOK, JKT UTARA",TAMAN
2024,KOTA ADM. JAKARTA UTARA,TANJUNG PRIOK,SUNTER JAYA,RPTRA SUNTER JAYA,"JL. BENTENGAN VI NO.1, RT.7/RW.5, SUNTER JAYA, KEC. TJ. PRIOK, JKT UTARA, DAERAH KHUSUS IBUKOTA JAKARTA 14360",TAMAN
2024,KOTA ADM. JAKARTA UTARA,TANJUNG PRIOK,SUNTER JAYA,RPTRA DANAU SUNTER,"JL. TELAGA MURNI 2 NO.1, RT.21/RW.1, SUNTER JAYA, KEC. TJ. PRIOK, JKT UTARA, DAERAH KHUSUS IBUKOTA JAKARTA 14360",TAMAN
2024,KOTA ADM. JAKARTA UTARA,TANJUNG PRIOK,SUNTER JAYA,RPTRA NIRMALA,"JL. BINGKESMAS NO.7, RT.8/RW.4, SUNTER JAYA, JKT UTARA, DAERAH KHUSUS IBUKOTA JAKARTA 14350",TAMAN
2024,KOTA ADM. JAKARTA UTARA,TANJUNG PRIOK,SUNTER JAYA,RPTRA PULO BESAR 1,"JL. DANAU ELOK VI NO.13, RT.13/RW.11, SUNTER JAYA, KEC. TJ. PRIOK, JKT UTARA, DAERAH KHUSUS IBUKOTA JAKARTA 14360",TAMAN
2024,KOTA ADM. JAKARTA UTARA,TANJUNG PRIOK,SUNTER JAYA,RPTRA SUNTER HIJAU,"KOMPLEK PERUMAHAN SUNTER HIJAU BLOK C3 & B3. JL. SUNTER KIRANA I, RT.4/RW.10, SUNTER JAYA, KEC. TJ. PRIOK, JKT UTARA, DAERAH KHUSUS IBUKOTA JAKARTA 14360",TAMAN
2024,KOTA ADM. JAKARTA UTARA,TANJUNG PRIOK,SUNTER JAYA,RPTRA SUNTER INDAH,"JL. SUNTER INDAH VIII, RT.11/RW.12, SUNTER JAYA, KEC. TJ. PRIOK, JKT UTARA, DAERAH KHUSUS IBUKOTA JAKARTA 14360",TAMAN
2024,KOTA ADM. JAKARTA UTARA,TANJUNG PRIOK,SUNTER JAYA,RPTRA SUNTER MAS,"JL. SUNTER MAS TIMUR A NO.1, RT.10/RW.8, SUNTER JAYA, KEC. TJ. PRIOK, JKT UTARA, DAERAH KHUSUS IBUKOTA JAKARTA 14360",TAMAN
2024,KOTA ADM. JAKARTA UTARA,TANJUNG PRIOK,SUNTER JAYA,RPTRA TUNAS HARAPAN,"JL. H. AMSIR NO.23, RT.8/RW.3, SUNTER JAYA, KEC. TJ. PRIOK, JKT UTARA, DAERAH KHUSUS IBUKOTA JAKARTA 14360",TAMAN
2024,KOTA ADM. JAKARTA UTARA,TANJUNG PRIOK,SUNTER JAYA,TAMAN KOMPL. KEBERSIHAN,JL. SUNTER JAYA BARAT,TAMAN
2024,KOTA ADM. JAKARTA UTARA,TANJUNG PRIOK,SUNTER JAYA,RTH DANAU ASRI SELATAN (TAMAN AL IKHLAS),"JL. DANAU ASRI SELATAN, KEL. SUNTER JAYA, KEC. TANJUNG PRIOK, JAKARTA UTARA",TAMAN
2024,KOTA ADM. JAKARTA UTARA,TANJUNG PRIOK,SUNTER JAYA,RTH KAMPUNG PULO BESAR,"KP. PULO BESAR RT 02/11 KEL. SUNTER JAYA KEC. TANJUNG PRIOK, JAKARTA UTARA",TAMAN
2024,KOTA ADM. JAKARTA UTARA,TANJUNG PRIOK,SUNTER JAYA,TAMAN RW 014/RW12 SUNTER JAYA KEC. TANJUNG PRIOK,RW 014/RW12 SUNTER JAYA KEC. TANJUNG PRIOK,TAMAN
2024,KOTA ADM. JAKARTA UTARA,TANJUNG PRIOK,SUNTER JAYA,TAMAN SUNTER KIRANA KEC. TANJUNG PRIOK,"JL. SUNTER KIRANA 4, RT.15/RW.8, SUNTER JAYA, KEC. TJ. PRIOK, JKT UTARA, DAERAH KHUSUS IBUKOTA JAKARTA 14360",TAMAN
2024,KOTA ADM. JAKARTA UTARA,TANJUNG PRIOK,SUNTER JAYA,TAMAN PULO BESAR ELOK,"PULO BESAR ELOK, TANJUNG PRIOK, JAKARTA UTARA",TAMAN
2024,KOTA ADM. JAKARTA UTARA,TANJUNG PRIOK,TANJUNG PRIUK,JH. JL. TENGGIRI DEPAN RS. SUKMUL,JH. JL. TENGGIRI DEPAN RS. SUKMUL,JALUR HIJAU
2024,KOTA ADM. JAKARTA UTARA,TANJUNG PRIOK,TANJUNG PRIUK,SEGITIGA ENIM,"JL TONGKOL, KEL TANJUNG PRIOK, KEC TANJUNG PRIOK, JAKARTA UTARA",TAMAN
2024,KOTA ADM. JAKARTA UTARA,TANJUNG PRIOK,TANJUNG PRIUK,TAMAN CUCUT / TONGKOL (BNI 46),"JL. CUCUT NO.5, RT.5/RW.1, TJ. PRIOK, KEC. TJ. PRIOK, JKT UTARA, DAERAH KHUSUS IBUKOTA JAKARTA 14310",TAMAN
2024,KOTA ADM. JAKARTA UTARA,TANJUNG PRIOK,TANJUNG PRIUK,TAMAN BAHARI,"JL. TAMAN ST, RT.6/RW.12, TJ. PRIOK, KEC. TJ. PRIOK, JKT UTARA, DAERAH KHUSUS IBUKOTA JAKARTA 14310",TAMAN
2024,KOTA ADM. JAKARTA UTARA,TANJUNG PRIOK,TANJUNG PRIUK,TAMAN POS POLISI ENGGANO,"JL. ENGGANO, TJ. PRIOK, KEC. TJ. PRIOK, JKT UTARA, DAERAH KHUSUS IBUKOTA JAKARTA 14310",TAMAN
2024,KOTA ADM. JAKARTA UTARA,TANJUNG PRIOK,TANJUNG PRIUK,SEGITIGA TERMINAL TANJUNG PRIOK,"JL. TAMAN ST. NO.6, RT.6/RW.8, TJ. PRIOK, KEC. TJ. PRIOK, JKT UTARA, DAERAH KHUSUS IBUKOTA JAKARTA 14310",TAMAN
2024,KOTA ADM. JAKARTA UTARA,TANJUNG PRIOK,TANJUNG PRIUK,SEGITIGA ENGGANO (DKT.TERMINAL),"JL. TAMAN ST., RT.6/RW.12, TJ. PRIOK, KEC. TJ. PRIOK, JKT UTARA, DAERAH KHUSUS IBUKOTA JAKARTA 14310",TAMAN
2024,KOTA ADM. JAKARTA UTARA,TANJUNG PRIOK,WARAKAS,JALAN WARAKAS RAYA MULAI PASAR BAHARI S/D KOLONG TOL,JALAN WARAKAS RAYA MULAI PASAR BAHARI S/D KOLONG TOL,JALUR HIJAU
2024,KOTA ADM. JAKARTA TIMUR,MATRAMAN,N/A,JH. JL. PRAMUKA RAYA S.D UNDERPASS ATAS/BAWAH/DEPAN BPKP,JH. JL. PRAMUKA RAYA S.D UNDERPASS ATAS/BAWAH/DEPAN BPKP,JALUR HIJAU
2024,KOTA ADM. JAKARTA TIMUR,MATRAMAN,N/A,JH. JL. AHMAD YANI,JH. JL. AHMAD YANI,JALUR HIJAU
2024,KOTA ADM. JAKARTA TIMUR,MATRAMAN,N/A,JH. LERENG JL. AHMAD YANI (STM),JH. LERENG JL. AHMAD YANI (STM),JALUR HIJAU
2024,KOTA ADM. JAKARTA TIMUR,MATRAMAN,N/A,JH. JL. PRAMUKA BAKTI,JH. JL. PRAMUKA BAKTI,JALUR HIJAU
2024,KOTA ADM. JAKARTA TIMUR,MATRAMAN,UTAN KAYU SELATAN,TAMAN SIMPANG UKU,JL. UTAN KAYU RAYA NO. 68 RT 012 RW 05 KEL. UTAN KAYU UTARA KEC. MATRAMAN,TAMAN
2024,KOTA ADM. JAKARTA TIMUR,MATRAMAN,UTAN KAYU SELATAN,TAMAN BROMBEK,"JL. KELAPA SAWIT 2 , JAKARTA TIMUR , MATRAMAN , UTAN KAYU SELATAN",TAMAN
2024,KOTA ADM. JAKARTA TIMUR,MATRAMAN,UTAN KAYU SELATAN,TAMAN GALUR I,"JL. GALUR SARI BARAT 2 , JAKARTA TIMUR , MATRAMAN , UTAN KAYU UTARA",TAMAN
2024,KOTA ADM. JAKARTA TIMUR,PASAR REBO,BARU,TAMAN KAMPUNG BARU,"JL. KAMPUNG BARU RW 010, KEL. KEMBANGAN UTARA, KEC. KEMBANGAN, JAKARTA BARAT",TAMAN
2024,KOTA ADM. JAKARTA TIMUR,PASAR REBO,CIJANTUNG,TAMAN PENDIDIKAN,"JL. PENDIDIKAN III-TAMAN KENARI SLAMET RIYADI, CIJANTUNG, PASAR REBO, JAKARTA TIMUR, RT.2/RW.4, CIJANTUNG, KEC. PS. REBO, JAKARTA, DAERAH KHUSUS IBUKOTA JAKARTA 13770",TAMAN
2024,KOTA ADM. JAKARTA TIMUR,PASAR REBO,CIJANTUNG,TPU CIJANTUNG,"JL. LB. SARI NO.17, RT.6/RW.2, CIJANTUNG, KEC. PS. REBO, KOTA JAKARTA TIMUR, DAERAH KHUSUS IBUKOTA JAKARTA 13770",TPU
2024,KOTA ADM. JAKARTA TIMUR,PASAR REBO,GEDONG,HUTAN KOTA KOMPLEK KOPASSUS CIJANTUNG,"KOMPLEKS KOPASSUS JL RA. FADILLAH, CIJANTUNG, PASAR REBO, RT.6/RW.6, GEDONG, KEC. PS. REBO, KOTA JAKARTA TIMUR, DAERAH KHUSUS IBUKOTA JAKARTA 13760",HUTAN
2024,KOTA ADM. JAKARTA TIMUR,PASAR REBO,GEDONG,TAMAN RW 04 KEL. GEDONG,"RW 04, GEDONG, PASAR REBO",TAMAN
2024,KOTA ADM. JAKARTA TIMUR,PASAR REBO,GEDONG,TAMAN TANJUNG TIMUR,"JL. TB SIMATUPANG, GEDONG, KEC. PS. REBO, KOTA JAKARTA TIMUR, DAERAH KHUSUS IBUKOTA JAKARTA 13760",TAMAN
2024,KOTA ADM. JAKARTA TIMUR,PASAR REBO,GEDONG,TAMAN SUSU BENDERA,"JL. TB SIMATUPANG 101, RW.11, GEDONG, KEC. PS. REBO, KOTA JAKARTA TIMUR, DAERAH KHUSUS IBUKOTA JAKARTA 13760",TAMAN
2024,KOTA ADM. JAKARTA TIMUR,PASAR REBO,GEDONG,TAMAN TRIKORA,"JL. TB SIMATUPANG, RT.2/RW.11, GEDONG, KEC. PS. REBO, KOTA JAKARTA TIMUR, DAERAH KHUSUS IBUKOTA JAKARTA 13760",TAMAN
2024,KOTA ADM. JAKARTA TIMUR,PASAR REBO,GEDONG,TPU KAMPUNG GEDONG,"JL. RAYA CONDET NO.26, RT.10/RW.5, GEDONG, KEC. PS. REBO, KOTA JAKARTA TIMUR, DAERAH KHUSUS IBUKOTA JAKARTA 13760",TPU
2024,KOTA ADM. JAKARTA TIMUR,PASAR REBO,KALISARI,TAMAN RTH KALISARI,"JL. TEGALSARI, KEL. KALISARI, PASAR REBO, JAKARTA TIMUR",TAMAN
2024,KOTA ADM. JAKARTA TIMUR,PASAR REBO,KALISARI,TPU KALISARI,"JALAN KALI SARI, RT.10/RW.11, KALISARI, KEC. PS. REBO, KOTA JAKARTA TIMUR, DAERAH KHUSUS IBUKOTA JAKARTA 13780",TPU
2024,KOTA ADM. JAKARTA TIMUR,PASAR REBO,N/A,"FO PASAR REBO & TB. SIMATUPANG, CONDET, DAN TRIKORA","FO PASAR REBO & TB. SIMATUPANG, CONDET, DAN TRIKORA",JALUR HIJAU
2024,KOTA ADM. JAKARTA TIMUR,PASAR REBO,N/A,"JH. JL. SEDERHANA, JL. KESEHATAN, JL. MAHONI","JH. JL. SEDERHANA, JL. KESEHATAN, JL. MAHONI",JALUR HIJAU
2024,KOTA ADM. JAKARTA TIMUR,PASAR REBO,N/A,JH. JL. RADAR RAYA,JH. JL. RADAR RAYA,JALUR HIJAU
2024,KOTA ADM. JAKARTA TIMUR,PASAR REBO,N/A,JH. JL. KALI SARI,JH. JL. KALI SARI,JALUR HIJAU
2024,KOTA ADM. JAKARTA TIMUR,PASAR REBO,N/A,JH. JL. RAYA BOGOR,JH. JL. RAYA BOGOR,JALUR HIJAU
2024,KOTA ADM. JAKARTA TIMUR,PASAR REBO,PEKAYON,TAMAN DELONIX,"JL. TIPAR, JAKARTA TIMUR",TAMAN
2024,KOTA ADM. JAKARTA TIMUR,PASAR REBO,PEKAYON,TAMAN RTH JL. KOPI RT.006 RW.03 / TAMAN KOPI,"JL. KOPI NO.RT 06, RT.3/RW.7, PEKAYON, KEC. PS. REBO, KOTA JAKARTA TIMUR, DAERAH KHUSUS IBUKOTA JAKARTA 13710",TAMAN
2024,KOTA ADM. JAKARTA TIMUR,PULO GADUNG,CIPINANG,TPU CIPINANG BARU,"RW.2, RT.10/RW.2, CIPINANG, KEC. PULO GADUNG, KOTA JAKARTA TIMUR, DAERAH KHUSUS IBUKOTA JAKARTA 13240",TPU
2024,KOTA ADM. JAKARTA TIMUR,PULO GADUNG,JATI,TAMAN PULO ASEM UTARA VI,"JL. PULO ASEM UTARA VI 14-5, RT.14/RW.1, JATI, KEC. PULO GADUNG, KOTA JAKARTA TIMUR, DAERAH KHUSUS IBUKOTA JAKARTA 13220",TAMAN
2024,KOTA ADM. JAKARTA TIMUR,PULO GADUNG,JATI,TAMAN GABUS,"JL. GABUS RW.6, JATI, KEC. PULO GADUNG, KOTA JAKARTA TIMUR, DAERAH KHUSUS IBUKOTA JAKARTA 13220",TAMAN
2024,KOTA ADM. JAKARTA TIMUR,PULO GADUNG,JATI,TAMAN KEPITING,"JL. KEPITING I NO.6, RT.6/RW.6, JATI, KEC. PULO GADUNG, KOTA JAKARTA TIMUR, DAERAH KHUSUS IBUKOTA JAKARTA 13220",TAMAN
2024,KOTA ADM. JAKARTA TIMUR,PULO GADUNG,JATI,TAMAN NILAM RAYA,"JL. NILAM RAYA NO.10, RT.2/RW.6, JATI, KEC. PULO GADUNG, KOTA JAKARTA TIMUR, DAERAH KHUSUS IBUKOTA JAKARTA 13220",TAMAN
2024,KOTA ADM. JAKARTA TIMUR,PULO GADUNG,JATI,TAMAN LELE,"JL. LELE 3 NO.31, RT.10/RW.6, JATI, KEC. PULO GADUNG, KOTA JAKARTA TIMUR, DAERAH KHUSUS IBUKOTA JAKARTA 13220",TAMAN
2024,KOTA ADM. JAKARTA TIMUR,PULO GADUNG,JATI,TAMAN JL. MASKOKI,"JL. MAS KOKI RAYA, RT.3/RW.5, JATI, KEC. PULO GADUNG, KOTA JAKARTA TIMUR, DAERAH KHUSUS IBUKOTA JAKARTA 13220",TAMAN
2024,KOTA ADM. JAKARTA TIMUR,PULO GADUNG,JATI,TAMAN BETOK,"JL. LUNDU NO.12, RT.3/RW.8, PEJAGALAN, KEC. PENJARINGAN, JKT UTARA, DAERAH KHUSUS IBUKOTA JAKARTA 14450",TAMAN
2024,KOTA ADM. JAKARTA TIMUR,PULO GADUNG,JATI,TAMAN BANDENG II,"JL. BANDENG II RW.5, JATI, KEC. PULO GADUNG, KOTA JAKARTA TIMUR, DAERAH KHUSUS IBUKOTA JAKARTA 13220",TAMAN
2024,KOTA ADM. JAKARTA TIMUR,PULO GADUNG,JATI,TAMAN BANDENG III,"JL. BANDENG III NO.13, RT.14/RW.5, JATI, KEC. PULO GADUNG, KOTA JAKARTA TIMUR, DAERAH KHUSUS IBUKOTA JAKARTA 13220",TAMAN
2024,KOTA ADM. JAKARTA TIMUR,PULO GADUNG,JATI,TAMAN LODAN V,"JL. LODAN V NO.9, RT.7/RW.5, JATI, KEC. PULO GADUNG, KOTA JAKARTA TIMUR, DAERAH KHUSUS IBUKOTA JAKARTA 13220",TAMAN
2024,KOTA ADM. JAKARTA TIMUR,PULO GADUNG,JATI,TAMAN DUYUNG III,"JL. DUYUNG III 21-23, RT.12/RW.8, JATI, KEC. PULO GADUNG, KOTA JAKARTA TIMUR, DAERAH KHUSUS IBUKOTA JAKARTA 13220",TAMAN
2024,KOTA ADM. JAKARTA TIMUR,PULO GADUNG,JATI,TAMAN DUYUNG II,"JL. DUYUNG II NO.12-1, RT.13/RW.8, JATI, KEC. PULO GADUNG, KOTA JAKARTA TIMUR, DAERAH KHUSUS IBUKOTA JAKARTA 13220",TAMAN
2024,KOTA ADM. JAKARTA TIMUR,PULO GADUNG,JATI,TAMAN PULO ASEM IV,"JL. PULO ASEM, RT.2/RW.1, JATI, KEC. PULO GADUNG, KOTA JAKARTA TIMUR, DAERAH KHUSUS IBUKOTA JAKARTA 13220",TAMAN
2024,KOTA ADM. JAKARTA TIMUR,PULO GADUNG,JATI,TAMAN PULO ASEM TIMUR VII,"JL. PULO ASEM TIMUR VII, RT.6/RW.2, JATI, KEC. PULO GADUNG, KOTA JAKARTA TIMUR, DAERAH KHUSUS IBUKOTA JAKARTA 13220",TAMAN
2024,KOTA ADM. JAKARTA TIMUR,PULO GADUNG,JATI,TPU PENGGILINGAN,"JL. LAYUR NO.2, RT.20/RW.5, JATI, KEC. PULO GADUNG, KOTA JAKARTA TIMUR, DAERAH KHUSUS IBUKOTA JAKARTA 13220",TPU
2024,KOTA ADM. JAKARTA TIMUR,PULO GADUNG,JATINEGARA KAUM,"RTH JL RAYA BEKASI KM 16, KELURAHAN JATINEGARA KAUM, KECAMATAN PULOGADUNG (JAKA PARK)","JL RAYA BEKASI KM 16, KELURAHAN JATINEGARA KAUM, KECAMATAN PULOGADUNG",TAMAN
2024,KOTA ADM. JAKARTA TIMUR,PULO GADUNG,JATINEGARA KAUM,TAMAN RTH JATINEGARA KAUM,"RT 001 RW 005, PULO GADUNG, JATINEGARA",TAMAN
2024,KOTA ADM. JAKARTA TIMUR,PULO GADUNG,JATINEGARA KAUM,TAMAN CAKALANG,"JL. TAMAN CAKALANG NO.17, RT.7/RW.8, JATI, PULO GADUNG, EAST JAKARTA CITY, JAKARTA 13220",TAMAN
2024,KOTA ADM. JAKARTA TIMUR,PULO GADUNG,KAYU PUTIH,TAMAN TENER,"JL. TENER, RT.13/RW.11, KAYU PUTIH, KEC. PULO GADUNG, KOTA JAKARTA TIMUR, DAERAH KHUSUS IBUKOTA JAKARTA 13210",TAMAN
2024,KOTA ADM. JAKARTA TIMUR,PULO GADUNG,KAYU PUTIH,TAMAN AT-TAUBAH,"JL. PULO MAS BARAT 5 , JAKARTA TIMUR , PULO GADUNG , KAYU PUTIH",TAMAN
2024,KOTA ADM. JAKARTA TIMUR,PULO GADUNG,KAYU PUTIH,TAMAN PINTAR,"JL. WARINGIN RAYA, RT.4/RW.10, KAYU PUTIH, KEC. PULO GADUNG, KOTA JAKARTA TIMUR,",TAMAN
2024,KOTA ADM. JAKARTA TIMUR,PULO GADUNG,KAYU PUTIH,TAMAN KUSEN,"JL. KUSEN RW.2, KAYU PUTIH, KEC. PULO GADUNG, KOTA JAKARTA TIMUR, DAERAH KHUSUS IBUKOTA JAKARTA 13210",TAMAN
2024,KOTA ADM. JAKARTA TIMUR,PULO GADUNG,KAYU PUTIH,TAMAN AMPI,"JL. TENER NO.1, RT.1/RW.11, KAYU PUTIH, KEC. PULO GADUNG, KOTA JAKARTA TIMUR, DAERAH KHUSUS IBUKOTA JAKARTA 13210",TAMAN
2024,KOTA ADM. JAKARTA TIMUR,PULO GADUNG,N/A,JH. PEMUDA,JH. PEMUDA,JALUR HIJAU
2024,KOTA ADM. JAKARTA TIMUR,PULO GADUNG,N/A,"JH. KAYU PUTIH RAYA, LRT VELODROME","JH. KAYU PUTIH RAYA, LRT VELODROME",JALUR HIJAU
2024,KOTA ADM. JAKARTA TIMUR,PULO GADUNG,N/A,JH. LERENG A. YANI DAN LERENG PISANGAN BARU/LAMA,JH. LERENG A. YANI DAN LERENG PISANGAN BARU/LAMA,JALUR HIJAU
2024,KOTA ADM. JAKARTA TIMUR,PULO GADUNG,N/A,JH. JL. BANGUNAN TIMUR DAN BARAT,JH. JL. BANGUNAN TIMUR DAN BARAT,JALUR HIJAU
2024,KOTA ADM. JAKARTA TIMUR,PULO GADUNG,N/A,"JH. TANAH MAS RAYA, TANAH MAS I","JH. TANAH MAS RAYA, TANAH MAS I",JALUR HIJAU
2024,KOTA ADM. JAKARTA TIMUR,PULO GADUNG,N/A,"JH. KAYU PUTIH TENGAH, PULONANGKA TIMUR","JH. KAYU PUTIH TENGAH, PULONANGKA TIMUR",JALUR HIJAU
2024,KOTA ADM. JAKARTA TIMUR,PULO GADUNG,N/A,JH. KAYU PUTIH UTARA,JH. KAYU PUTIH UTARA,JALUR HIJAU
2024,KOTA ADM. JAKARTA TIMUR,PULO GADUNG,N/A,JH. JL. PERINTIS KEMERDEKAAN,JH. JL. PERINTIS KEMERDEKAAN,JALUR HIJAU
2024,KOTA ADM. JAKARTA TIMUR,PULO GADUNG,N/A,JH. JL. JATINEGARA KAUM,JH. JL. JATINEGARA KAUM,JALUR HIJAU
2024,KOTA ADM. JAKARTA TIMUR,PULO GADUNG,N/A,"JH. JL. BALAI PUSTAKA TIMUR, JL.BALAI PUSTAKA BARU RAYA","JH. JL. BALAI PUSTAKA TIMUR, JL.BALAI PUSTAKA BARU RAYA",JALUR HIJAU
2024,KOTA ADM. JAKARTA TIMUR,PULO GADUNG,N/A,JH. CIPINANG BARU RAYA,JH. CIPINANG BARU RAYA,JALUR HIJAU
2024,KOTA ADM. JAKARTA TIMUR,PULO GADUNG,N/A,JH. FO KLENDER,JH. FO KLENDER,JALUR HIJAU
2024,KOTA ADM. JAKARTA TIMUR,PULO GADUNG,N/A,"JH. CIPINANG BARU BUNDER, RAWAMANGUN MUKA, PERSAHABATAN RAYA","JH. CIPINANG BARU BUNDER, RAWAMANGUN MUKA, PERSAHABATAN RAYA",JALUR HIJAU
2024,KOTA ADM. JAKARTA TIMUR,PULO GADUNG,N/A,"JH. PAUS, PERSERIKATAN, PENGAMBIRAN","JH. PAUS, PERSERIKATAN, PENGAMBIRAN",JALUR HIJAU
2024,KOTA ADM. JAKARTA TIMUR,PULO GADUNG,N/A,JH. JL. AHMAD YANI,JH. JL. AHMAD YANI,JALUR HIJAU
2024,KOTA ADM. JAKARTA TIMUR,PULO GADUNG,N/A,JH. KUPINGAN PEMUDA,JH. KUPINGAN PEMUDA,JALUR HIJAU
2024,KOTA ADM. JAKARTA TIMUR,PULO GADUNG,N/A,JH. TENER,JH. TENER,JALUR HIJAU
2024,KOTA ADM. JAKARTA TIMUR,PULO GADUNG,N/A,JH. JL. BEKASI TIMUR RAYA DAN FLY OVER CIPINANG LONTAR,JH. JL. BEKASI TIMUR RAYA DAN FLY OVER CIPINANG LONTAR,JALUR HIJAU
2024,KOTA ADM. JAKARTA TIMUR,PULO GADUNG,N/A,JH. JL. BEKASI RAYA,JH. JL. BEKASI RAYA,JALUR HIJAU
2024,KOTA ADM. JAKARTA TIMUR,PULO GADUNG,N/A,JH. JL. KEDONDONG,JH. JL. KEDONDONG,JALUR HIJAU
2024,KOTA ADM. JAKARTA TIMUR,PULO GADUNG,N/A,"JH. JL. CIPINANG BARU TIMUR, JL. PERSAHABATAN TIMUR","JH. JL. CIPINANG BARU TIMUR, JL. PERSAHABATAN TIMUR",JALUR HIJAU
2024,KOTA ADM. JAKARTA TIMUR,PULO GADUNG,N/A,JH. JL. CIPINANG BARU UTARA,JH. JL. CIPINANG BARU UTARA,JALUR HIJAU
2024,KOTA ADM. JAKARTA TIMUR,PULO GADUNG,N/A,JH. JL. ALU-ALU,JH. JL. ALU-ALU,JALUR HIJAU
2024,KOTA ADM. JAKARTA TIMUR,PULO GADUNG,N/A,JH. JL. WISMA JAYA,JH. JL. WISMA JAYA,JALUR HIJAU
2024,KOTA ADM. JAKARTA TIMUR,PULO GADUNG,N/A,JH. JL. PERSAHABATAN UTARA,JH. JL. PERSAHABATAN UTARA,JALUR HIJAU
2024,KOTA ADM. JAKARTA TIMUR,PULO GADUNG,N/A,JH. JL. PACUAN KUDA,JH. JL. PACUAN KUDA,JALUR HIJAU
2024,KOTA ADM. JAKARTA TIMUR,PULO GADUNG,N/A,JH. JL. PULOMAS BARAT,JH. JL. PULOMAS BARAT,JALUR HIJAU
2024,KOTA ADM. JAKARTA TIMUR,PULO GADUNG,N/A,JH. JL. PULOMAS RAYA,JH. JL. PULOMAS RAYA,JALUR HIJAU
2024,KOTA ADM. JAKARTA TIMUR,PULO GADUNG,N/A,JH. JL. PULOMAS SELATAN,JH. JL. PULOMAS SELATAN,JALUR HIJAU
2024,KOTA ADM. JAKARTA TIMUR,PULO GADUNG,N/A,JH. JL. PULOMAS TIMUR,JH. JL. PULOMAS TIMUR,JALUR HIJAU
2024,KOTA ADM. JAKARTA TIMUR,PULO GADUNG,N/A,JH. SEGITIGA RAWAMANGUN MUKA,JH. SEGITIGA RAWAMANGUN MUKA,JALUR HIJAU
2024,KOTA ADM. JAKARTA TIMUR,PULO GADUNG,N/A,JH. JL. LAYUR PENGGILINGAN,JH. JL. LAYUR PENGGILINGAN,JALUR HIJAU
2024,KOTA ADM. JAKARTA TIMUR,PULO GADUNG,PISANGAN TIMUR,TAMAN RTH PISANGAN TIMUR,JL. MUGENI II,TAMAN
2024,KOTA ADM. JAKARTA TIMUR,PULO GADUNG,PISANGAN TIMUR,TAMAN EX. SPBU JL. AJMAD YANI,"JL. AHMAD YANI, PISANGAN TIMUR",TAMAN
2024,KOTA ADM. JAKARTA TIMUR,PULO GADUNG,PULO GADUNG,TAMAN KAYU MAS UTARA,"JL. KAYU MAS UTARA, PULO GADUNG, JAKARTA TIMUR",TAMAN
2024,KOTA ADM. JAKARTA TIMUR,PULO GADUNG,PULO GADUNG,TAMAN KAYU MAS TENGAH VIII,"JL. KAYU MAS TENGAH VIII, RT.5/RW.9, PULO GADUNG, KEC. PULO GADUNG, KOTA JAKARTA TIMUR, DAERAH KHUSUS IBUKOTA JAKARTA 13260",TAMAN
2024,KOTA ADM. JAKARTA TIMUR,PULO GADUNG,PULO GADUNG,"TAMAN PERHUBUNGAN I, II, III, IV, V, VI","JL. PERHUBUNGAN, RT.19/RW.6, JATI, KEC. PULO GADUNG, KOTA JAKARTA TIMUR, DAERAH KHUSUS IBUKOTA JAKARTA 13220",TAMAN
2024,KOTA ADM. JAKARTA TIMUR,PULO GADUNG,RAWAMANGUN,TAMAN BALAI PUSTAKA III,"JL. BALAI PUSTAKA II NO.24-26, RT.2/RW.10, RAWAMANGUN, KEC. PULO GADUNG, KOTA JAKARTA TIMUR, DAERAH KHUSUS IBUKOTA JAKARTA 13220",TAMAN
2024,KOTA ADM. JAKARTA TIMUR,PULO GADUNG,RAWAMANGUN,TAMAN PKK SANGKRINI,"JL. PEMUDA, RAWA MANGUN PULO GADUNG, JAKARTA TIMUR",TAMAN
2024,KOTA ADM. JAKARTA TIMUR,PULO GADUNG,RAWAMANGUN,TAMAN SAWO,"JL. SAWO I 8, RT.10/RW.8, RAWAMANGUN, KEC. PULO GADUNG, KOTA JAKARTA TIMUR, DAERAH KHUSUS IBUKOTA JAKARTA 13220",TAMAN
2024,KOTA ADM. JAKARTA TIMUR,PULO GADUNG,RAWAMANGUN,TAMAN JUWED,"JL. JUWED NO.18, RT.8/RW.9, RAWAMANGUN, KEC. PULO GADUNG, KOTA JAKARTA TIMUR, DAERAH KHUSUS IBUKOTA JAKARTA 13220",TAMAN
2024,KOTA ADM. JAKARTA TIMUR,PULO GADUNG,RAWAMANGUN,TAMAN KAYU JATI 5,"JL. KAYU JATI V 16-12, RT.11/RW.5, RAWAMANGUN, KEC. PULO GADUNG, KOTA JAKARTA TIMUR, DAERAH KHUSUS IBUKOTA JAKARTA 13220",TAMAN
2024,KOTA ADM. JAKARTA TIMUR,PULO GADUNG,RAWAMANGUN,TAMAN RAWAMANGUN MUKA BARAT,"JL. R.MANGUN MUKA RAYA RW.14, RAWAMANGUN, KEC. PULO GADUNG, KOTA JAKARTA TIMUR, DAERAH KHUSUS IBUKOTA JAKARTA 13220",TAMAN
2024,KOTA ADM. JAKARTA TIMUR,PULO GADUNG,RAWAMANGUN,TAMAN TANAH MAS II,"JL. TANAH MAS II RT.1/RW.1, KAYU PUTIH, PULO GADUNG, EAST JAKARTA CITY, JAKARTA",TAMAN
2024,KOTA ADM. JAKARTA TIMUR,PULO GADUNG,RAWAMANGUN,TPU UTAN KAYU,"JL. R.MANGUN MUKA RAYA, RT.2/RW.14, RAWAMANGUN, KEC. PULO GADUNG, KOTA JAKARTA TIMUR, DAERAH KHUSUS IBUKOTA JAKARTA 13220",TPU
2024,KOTA ADM. JAKARTA UTARA,CILINCING,CILINCING,HUTAN KOTA CILINCING,PEDONGKELAN RT 002 RW 09 KEL. CILINCING KEC. CILINCING JAKARTA UTARA,HUTAN
2024,KOTA ADM. JAKARTA UTARA,CILINCING,CILINCING,JH. JL. SUNGAI LANDAK,JH. JL. SUNGAI LANDAK,JALUR HIJAU
2024,KOTA ADM. JAKARTA UTARA,CILINCING,CILINCING,TAMAN SUNGAI LANDAK / JL. BAKTI,"JL. SUNGAI LANDAK 52-36, RT.10/RW.8, CILINCING, KEC. CILINCING, JKT UTARA, DAERAH KHUSUS IBUKOTA JAKARTA 14120",TAMAN
2024,KOTA ADM. JAKARTA UTARA,CILINCING,CILINCING,TAMAN JANUR,"JL. KLP. DUA NO.20, RT.16/RW.3, CILINCING, KEC. CILINCING, JKT UTARA, DAERAH KHUSUS IBUKOTA JAKARTA 14120",TAMAN
2024,KOTA ADM. JAKARTA UTARA,CILINCING,CILINCING,RPTRA CILINCING BERSERI,"JL. CILINCING LANDAK NO.25, RT.6/RW.8, CILINCING, KEC. CILINCING, JKT UTARA, DAERAH KHUSUS IBUKOTA JAKARTA 14120",TAMAN
2024,KOTA ADM. JAKARTA UTARA,CILINCING,CILINCING,TPU JEMBATAN SAMPI,"JL. CILINCING BAKTI NO.IV, RT.6/RW.6, CILINCING, KEC. CILINCING, KOTA JKT UTARA, DAERAH KHUSUS IBUKOTA JAKARTA 14120",TPU
2024,KOTA ADM. JAKARTA UTARA,CILINCING,KALI BARU,JH. HALTE TANAH MERDEKA,JH. HALTE TANAH MERDEKA,JALUR HIJAU
2024,KOTA ADM. JAKARTA UTARA,CILINCING,KALI BARU,JH. HALTE PURE DALAM,JH. HALTE PURE DALAM,JALUR HIJAU
2024,KOTA ADM. JAKARTA UTARA,CILINCING,MARUNDA,JH. JL. MARUNDA (SUNGAI TIRAM),JH. JL. MARUNDA (SUNGAI TIRAM),JALUR HIJAU
2024,KOTA ADM. JAKARTA UTARA,CILINCING,MARUNDA,JH. PERTIGAAN STIP S/D RUMAH SIPITUNG DAN RUSUN MARUNDA,JH. PERTIGAAN STIP S/D RUMAH SIPITUNG DAN RUSUN MARUNDA,JALUR HIJAU
2024,KOTA ADM. JAKARTA UTARA,CILINCING,MARUNDA,TAMAN KETAPANG,"JL. KETAPANG, RT.7/RW.2, JATI PADANG, KEC. PS. MINGGU, KOTA JAKARTA SELATAN",TAMAN
2024,KOTA ADM. JAKARTA UTARA,CILINCING,MARUNDA,TAMAN SARANG BANGAU,"JL. MARUNDA, JAKARTA UTARA",TAMAN
2024,KOTA ADM. JAKARTA UTARA,CILINCING,MARUNDA,TAMAN MARUNDA RW 03 (RPTRA MUTIARA),"JL. MARUNDA BARU, RT.7/RW.3, MARUNDA, KEC. CILINCING, JKT UTARA, DAERAH KHUSUS IBUKOTA JAKARTA 14150",TAMAN
2024,KOTA ADM. JAKARTA UTARA,CILINCING,MARUNDA,TAMAN MARUNDA PINGGIR KALI RW. 03,"JL. MARUNDA BARU, RT.8/RW.5, MARUNDA, KEC. CILINCING, JKT UTARA, DAERAH KHUSUS IBUKOTA JAKARTA 14150",TAMAN
2024,KOTA ADM. JAKARTA UTARA,CILINCING,MARUNDA,RPTRA SIRIH KUNING RUSUN MARUNDA,"JL. RUSUN MARUNDA CLUSTER B NO.A9 RT 09, RT.9/RW.010, MARUNDA, KEC. CILINCING, JKT UTARA, DAERAH KHUSUS IBUKOTA JAKARTA 14150",TAMAN
2024,KOTA ADM. JAKARTA UTARA,CILINCING,MARUNDA,RPTRA SI PITUNG RUSUN MARUNDA,"JL. RUSUNAWA MARUNDA CLUSTER D , RT016, RT.9/RW.7, MARUNDA, KEC. CILINCING, JKT UTARA, DAERAH KHUSUS IBUKOTA JAKARTA 14150",TAMAN
2024,KOTA ADM. JAKARTA UTARA,CILINCING,MARUNDA,RPTRA AL-ALAM,"JL. RUSUNAWA MARUNDA CLUSTER C,BLOK C3 RT 12 RW 007,KEL, RT.3/RW.7, MARUNDA, KEC. CILINCING, JKT UTARA, DAERAH KHUSUS IBUKOTA JAKARTA 14150",TAMAN
2024,KOTA ADM. JAKARTA UTARA,CILINCING,MARUNDA,RPTRA MANGROVE MARUNDA,"JL. NAGRAK, RT.6/RW.4, MARUNDA, CILINCING, NORTH JAKARTA CITY, JAKARTA 14120",TAMAN
2024,KOTA ADM. JAKARTA UTARA,CILINCING,MARUNDA,RPTRA GREEN RUSUN MARUNDA,"JL. RUSUN MARUNDA CLUSTER B, RT.9/RW.1, MARUNDA, KEC. CILINCING, JKT UTARA, DAERAH KHUSUS IBUKOTA JAKARTA 14150",TAMAN
2024,KOTA ADM. JAKARTA UTARA,CILINCING,MARUNDA,RPTRA GABUS PUCUNG RUSUN MARUNDA,"JL. AKSES RUSUN, RT.7/RW.7, MARUNDA, KEC. CILINCING, JKT UTARA, DAERAH KHUSUS IBUKOTA JAKARTA 14150",TAMAN
2024,KOTA ADM. JAKARTA UTARA,CILINCING,MARUNDA,TAMAN RUSUN MARUNDA,"JL. AKSES RUSUN, RT.7/RW.7, MARUNDA, KEC. CILINCING, JKT UTARA, DAERAH KHUSUS IBUKOTA JAKARTA 14150",TAMAN
2024,KOTA ADM. JAKARTA UTARA,CILINCING,MARUNDA,RTH JL. SARANG BANGO RT. 005 RW. 04,JL. SARANG BANGO RT. 005 RW. 04,TAMAN
2024,KOTA ADM. JAKARTA UTARA,CILINCING,MARUNDA,RPTRA MARUNDA BLOK C KEC. CILINCING,"JL. MARUNDA BARU 3, RW.3, MARUNDA, KEC. CILINCING, JKT UTARA, DAERAH KHUSUS IBUKOTA JAKARTA 14150",TAMAN
2024,KOTA ADM. JAKARTA UTARA,CILINCING,MARUNDA,TAMAN BIDARA MAKMUR,"JL. KAMPUNG BIDARA RT.004/ RW.01, KEL. MARUNDA, KEC. CILINCING",TAMAN
2024,KOTA ADM. JAKARTA UTARA,CILINCING,MARUNDA,RTH ROROTAN,RTH ROROTAN,TAMAN
2024,KOTA ADM. JAKARTA UTARA,CILINCING,PEJAGALAN,RTH MALAKA I,"JL. MALAKA I, KEL. ROROTAN, KEC. CILINCING, JAKARTA UTARA",TAMAN
2024,KOTA ADM. JAKARTA UTARA,CILINCING,ROROTAN,HUTAN KOTA ROROTAN,"JL. ROROTAN RT. 08 RW. 012 KEL. ROROTAN, KEC. CILINCING, JAKARTA UTARA",HUTAN
2024,KOTA ADM. JAKARTA UTARA,CILINCING,ROROTAN,JH. JL. CACING RAYA SISI TIMUR DAN BARAT (DARI PERTIGAAN JL. CILINCING S/D FLY OVER KBN),JH. JL. CACING RAYA SISI TIMUR DAN BARAT (DARI PERTIGAAN JL. CILINCING S/D FLY OVER KBN),JALUR HIJAU
2024,KOTA ADM. JAKARTA UTARA,CILINCING,ROROTAN,JH. JL. ROROTAN (BABEK TNI),JH. JL. ROROTAN (BABEK TNI),JALUR HIJAU
2024,KOTA ADM. JAKARTA UTARA,CILINCING,ROROTAN,"TAMAN RW. 012 KEL. ROROTAN, JL. RAYA ROROTAN KP. MALAKA 1 GG 2 RT. 04 RW. 012, KEL. ROROTAN","JL. RAYA ROROTAN KP. MALAKA 1 GG 2 RT. 04 RW. 012, KEL. ROROTAN,  KEC. CILINCING, JKT UTARA, DAERAH KHUSUS IBUKOTA JAKARTA",TAMAN
2024,KOTA ADM. JAKARTA UTARA,CILINCING,ROROTAN,TAMAN BINTARO JALAN KARANG KENDAL (TAMAN BINTARO),"JL. SUNGAI KENDAL GANG H.NAYU, RT.1/RW.8, ROROTAN, CILINCING, NORTH JAKARTA CITY, JAKARTA 14140",TAMAN
2024,KOTA ADM. JAKARTA UTARA,CILINCING,ROROTAN,RPTRA MALAKA ASRI,"JL. MALAKA IV, RT.13/RW.6, ROROTAN, KEC. CILINCING, JKT UTARA, DAERAH KHUSUS IBUKOTA JAKARTA 14140",TAMAN
2024,KOTA ADM. JAKARTA UTARA,CILINCING,ROROTAN,RPTRA ROROTAN INDAH,"JL. ROROTAN 10 NO.13, RT.4/RW.7, ROROTAN, KEC. CILINCING, JKT UTARA, DAERAH KHUSUS IBUKOTA JAKARTA 14140",TAMAN
2024,KOTA ADM. JAKARTA UTARA,CILINCING,ROROTAN,TAMAN ROROTAN NUSA (TAMAN ROTANUSA),"JL. ROROTAN (KP. KANDANG SAPI), KEL. ROROTAN, KEC. CILINCING, JAKARTA UTARA",TAMAN
2024,KOTA ADM. JAKARTA UTARA,CILINCING,ROROTAN,TAMAN SUNGAI KENDAL,"JL. KENDAL RW 008, KEL. ROROTAN, KEC. CILINCING, JAKARTA UTARA",TAMAN
2024,KOTA ADM. JAKARTA UTARA,CILINCING,ROROTAN,RTH ROROTAN IX (EKS JALUR) (TAMAN MALAKA ASRI),"JL. ROROTAN IX RT 010 RW 006 KEL. ROROTAN KEC. CILINCING, JAKARTA UTARA",TAMAN
2024,KOTA ADM. JAKARTA UTARA,CILINCING,ROROTAN,RTH ROROTAN IX,JL. ROROTAN IX,TAMAN
2024,KOTA ADM. JAKARTA UTARA,CILINCING,ROROTAN,RTH JL. KP. MALAKA HB RT. 013 RW. 006,JL. KP. MALAKA HB RT. 013 RW. 006,TAMAN
2024,KOTA ADM. JAKARTA UTARA,CILINCING,ROROTAN,RTH JL. ROROTAN IX KP. KANDANG SAPI RT. 004 RW. 07,JL. ROROTAN IX KP. KANDANG SAPI RT. 004 RW. 07,TAMAN
2024,KOTA ADM. JAKARTA UTARA,CILINCING,ROROTAN,RTH JL. MALAKA GREEN GARDEN RT 002 RW 05,"JL. MALAKA GREEN GARDEN RT 002 RW 005, KEL. ROROTAN, KEC. CILINCING, JAKARTA UTARA",TAMAN
2024,KOTA ADM. JAKARTA UTARA,CILINCING,ROROTAN,TPU MALAKA IV ROROTAN,"JL. ROROTAN-MARUNDA 27-3, RT.9/RW.5, ROROTAN, KEC. CILINCING, KOTA JKT UTARA, DAERAH KHUSUS IBUKOTA JAKARTA 14140",TPU
2024,KOTA ADM. JAKARTA UTARA,CILINCING,ROROTAN,TPU MALAKA I ROROTAN,"JL. H. BANDAN KEL ROROTAN, RT.14/RW.6, ROROTAN, KEC. CILINCING, KOTA JKT UTARA, DAERAH KHUSUS IBUKOTA JAKARTA 14140",TPU
2024,KOTA ADM. JAKARTA UTARA,CILINCING,ROROTAN,TPU ROROTAN,"JL. ROROTAN IX, RT.3/RW.9, ROROTAN, KEC. CILINCING, KOTA JKT UTARA, DAERAH KHUSUS IBUKOTA JAKARTA 14140",TPU
2024,KOTA ADM. JAKARTA UTARA,CILINCING,SEMPER BARAT,JH. JL. SUNGAI PROGO KEL. SEMPER BARAT,JH. JL. SUNGAI PROGO KEL. SEMPER BARAT,JALUR HIJAU
2024,KOTA ADM. JAKARTA UTARA,CILINCING,SEMPER BARAT,TAMAN ONDEL-ONDEL,JL. TIPAR TIMUR RT 009 RW 004,TAMAN
2024,KOTA ADM. JAKARTA UTARA,CILINCING,SEMPER BARAT,TAMAN ANGIN PRAHARA,"JL. ANGIN PRAHARA NO.55B, RT.3/RW.11, SEMPER BAR., KEC. CILINCING, JKT UTARA, DAERAH KHUSUS IBUKOTA JAKARTA 14130",TAMAN
2024,KOTA ADM. JAKARTA UTARA,CILINCING,SEMPER BARAT,TAMAN PEMADAM KEBAKARAN RW. 017 (RPTRA SATRIA BIRU),"JL. KOMP. PEMADAM KEBAKARAN NO.17, RT.5/RW.1, SEMPER BAR., KEC. CILINCING, JKT UTARA, DAERAH KHUSUS IBUKOTA JAKARTA 14130",TAMAN
2024,KOTA ADM. JAKARTA UTARA,CILINCING,SEMPER BARAT,TAMAN TIPAR SELATAN RT. 05 RW. 14 (RPTRA GREEN RENGAS),"JL. TIPAR SELATAN VII NO.29, RT.14/RW.5, SEMPER BAR., KEC. CILINCING, JKT UTARA, DAERAH KHUSUS IBUKOTA JAKARTA 14130",TAMAN
2024,KOTA ADM. JAKARTA UTARA,CILINCING,SEMPER BARAT,TAMAN SENA RAYA (SEGITIGA YON AIR),"JL SENA RAYA, ASRAMA YON ANG AIR / YON BEKANG-4/AIR, KEL, RNO, RT.1/RW.2, SEMPER BAR., KEC. CILINCING, JKT UTARA, DAERAH KHUSUS IBUKOTA JAKARTA 14130",TAMAN
2024,KOTA ADM. JAKARTA UTARA,CILINCING,SEMPER BARAT,TAMAN SENA II,"JL. SENA RAYA, RT.5/RW.2, SEMPER BAR., KEC. CILINCING, JKT UTARA, DAERAH KHUSUS IBUKOTA JAKARTA 14130",TAMAN
2024,KOTA ADM. JAKARTA UTARA,CILINCING,SEMPER BARAT,TAMAN INDRAGIRI (EX. RT 12 RW. 01),"JL. SUNGAI INDRAGIRI III NO.12, RT.12/RW.1, SEMPER BAR., KEC. CILINCING, JKT UTARA, DAERAH KHUSUS IBUKOTA JAKARTA 14130",TAMAN
2024,KOTA ADM. JAKARTA UTARA,CILINCING,SEMPER BARAT,TAMAN TARUNA JAYA II,"JL. BELIBIS VIII NO.13, RT.13/RW.4, SEMPER BAR., KEC. CILINCING, JKT UTARA, DAERAH KHUSUS IBUKOTA JAKARTA 14130",TAMAN
2024,KOTA ADM. JAKARTA UTARA,CILINCING,SEMPER BARAT,TAMAN TARUNA SAMPING MESJID (RPTRA PESONA TIPAR),"JL. TARUNA II NO.17, RT.12/RW.4, SEMPER BAR., KEC. CILINCING, JKT UTARA, DAERAH KHUSUS IBUKOTA JAKARTA 14130",TAMAN
2024,KOTA ADM. JAKARTA UTARA,CILINCING,SEMPER BARAT,TAMAN KAPUAS (EX. RT 06 RW 01)," JL. MEMBRAMO NO.3, RT 015/001",TAMAN
2024,KOTA ADM. JAKARTA UTARA,CILINCING,SEMPER BARAT,TAMAN BETING,"JL. BETING SAWAH, SEMPER BARAT",TAMAN
2024,KOTA ADM. JAKARTA UTARA,CILINCING,SEMPER BARAT,TAMAN GRIYA LESTARI DEPAN POSPOL,"JL. SUNGAI BRANTAS NO.13, RT.13/RW.1, SEMPER BAR., KEC. CILINCING, JKT UTARA, DAERAH KHUSUS IBUKOTA JAKARTA 14130",TAMAN
2024,KOTA ADM. JAKARTA UTARA,CILINCING,SEMPER BARAT,TAMAN SAMPING KELURAHAN SEMPER BARAT (RPTRA INTILAND TEDUH),"JL. KOMP. PEMADAM KEBAKARAN NO.71, RT.14/RW.1, SEMPER BAR., KEC. CILINCING, JKT UTARA, DAERAH KHUSUS IBUKOTA JAKARTA 14130",TAMAN
2024,KOTA ADM. JAKARTA UTARA,CILINCING,SEMPER BARAT,TAMAN SENA LANJUTAN (RPTRA TAMAN SENA),"JL. SENA RAYA, RT.5/RW.2, SEMPER BAR., KEC. CILINCING, JKT UTARA, DAERAH KHUSUS IBUKOTA JAKARTA 14130",TAMAN
2024,KOTA ADM. JAKARTA UTARA,CILINCING,SEMPER BARAT,RPTRA TIPAR ASRI,"JL. TIPAR CAKUNG GG. BAROKAH, RT.1/RW.4, SEMPER BAR., KEC. CILINCING, JKT UTARA, DAERAH KHUSUS IBUKOTA JAKARTA 14130",TAMAN
2024,KOTA ADM. JAKARTA UTARA,CILINCING,SEMPER BARAT,RPTRA TRIPUTRA PERSADA HIJAU,"GG. KUTILANG, RT.3/RW.3, SEMPER BAR., KEC. CILINCING, JKT UTARA, DAERAH KHUSUS IBUKOTA JAKARTA 14130",TAMAN
2024,KOTA ADM. JAKARTA UTARA,CILINCING,SEMPER BARAT,RPTRA KAPUAS SEMPER BARAT,"JL. S.KAPUAS II NO.756, RT.6/RW.1, SEMPER BAR., KEC. CILINCING, JKT UTARA, DAERAH KHUSUS IBUKOTA JAKARTA 14130",TAMAN
2024,KOTA ADM. JAKARTA UTARA,CILINCING,SEMPER BARAT,RPTRA DUKUH MANIS,"JL.PURE DALAM, RT.11/RW.15, SEMPER BAR., KEC. CILINCING, JKT UTARA, DAERAH KHUSUS IBUKOTA JAKARTA",TAMAN
2024,KOTA ADM. JAKARTA UTARA,CILINCING,SEMPER BARAT,TAMAN RUSUN SEMPER BARAT,"JL. BELIBIS V, RT.19/RW.4, SEMPER BAR., KEC. CILINCING, JKT UTARA, DAERAH KHUSUS IBUKOTA JAKARTA 14130",TAMAN
2024,KOTA ADM. JAKARTA UTARA,CILINCING,SEMPER BARAT,TAMAN KOMP. KEBERSIHAN KEC. CILINCING,JL. KOMP. KEBERSIHAN RT.003 RW.06,TAMAN
2024,KOTA ADM. JAKARTA UTARA,CILINCING,SEMPER BARAT,TAMAN RUSUN KEBERSIHAN SEMPER BARAT KEC. CILINCING,"JL. RUSUN KEBERSIHAN NO.11, RT.7/RW.4, SEMPER BAR., KEC. CILINCING, JKT UTARA, DAERAH KHUSUS IBUKOTA JAKARTA 14130",TAMAN
2024,KOTA ADM. JAKARTA UTARA,CILINCING,SEMPER BARAT,TAMAN TIPAR MODERN,"JL. TIPAR CAKUNG RW 004, KEL. SEMPER BARAT, KEC. CILINCING",TAMAN
2024,KOTA ADM. JAKARTA UTARA,CILINCING,SEMPER TIMUR,HUTAN KOTA RAWA MALANG SEMPER TIMUR,"JL. KMP RAWA MALANG RT. 005 RW. 010 KEL. SEMPER TIMUR, KEC. CILINCING, JAKARTA UTARA",HUTAN
2024,KOTA ADM. JAKARTA UTARA,CILINCING,SEMPER TIMUR,JH. JL. AKSES MARUNDA S/D JEMBATAN KANAL BANJIR TIMUR (KBT),JH. JL. AKSES MARUNDA S/D JEMBATAN KANAL BANJIR TIMUR (KBT),JALUR HIJAU
2024,KOTA ADM. JAKARTA UTARA,CILINCING,SEMPER TIMUR,JH. CACING RAYA SISI TIMUR DAN BARAT (DARI PERTIGAAN JL. CILINCING S/D FLY OVER KBN),JH. JL. CACING RAYA SISI TIMUR DAN BARAT (DARI PERTIGAAN JL. CILINCING S/D FLY OVER KBN),JALUR HIJAU
2024,KOTA ADM. JAKARTA UTARA,CILINCING,SEMPER TIMUR,JH. PULO - PULO POLANTAS,JH. PULO - PULO POLANTAS,JALUR HIJAU
2024,KOTA ADM. JAKARTA UTARA,CILINCING,SEMPER TIMUR,JH. PULO - PULO TANAH MERDEKA 2,JH. PULO - PULO TANAH MERDEKA 2,JALUR HIJAU
2024,KOTA ADM. JAKARTA UTARA,CILINCING,SEMPER TIMUR,JH. PULO - PULO TANAH MERDEKA 1,JH. PULO - PULO TANAH MERDEKA 1,JALUR HIJAU
2024,KOTA ADM. JAKARTA UTARA,CILINCING,SEMPER TIMUR,"JL. KEBANTENAN IV RT. 008, RW. 006 KEL. SEMPER TIMUR, KEC. CILINCING, JAKARTA UTARA","JL. KEBANTENAN IV RT. 008, RW. 006 KEL. SEMPER TIMUR, KEC. CILINCING, JAKARTA UTARA",TAMAN
2024,KOTA ADM. JAKARTA UTARA,CILINCING,SEMPER TIMUR,TPU SEMPER,"JL. CAKUNG CILINCING RAYA, RT.11/RW.6, SEMPER TIM., KEC. CILINCING, KOTA JKT UTARA, DAERAH KHUSUS IBUKOTA JAKARTA 14130",TPU
2024,KOTA ADM. JAKARTA UTARA,CILINCING,SUKA PURA,HUTAN KOTA SUKAPURA,JL. RAYA TIPAR CAKUNG RT 07 RW 04 KEL. SUKAPURA KEC. CILINCING JAKARTA UTARA,HUTAN
2024,KOTA ADM. JAKARTA UTARA,CILINCING,SUKA PURA,TAMAN GADING GRIYA LESTARI,"JL. LAKSDA YOS SUDARSO NO.27 - 29, RT.9/RW.9, SUKA PURA, CILINCING, RT.3/RW.5, SUKAPURA, KEC. CILINCING, JKT UTARA, DAERAH KHUSUS IBUKOTA JAKARTA 14140",TAMAN
2024,KOTA ADM. JAKARTA UTARA,CILINCING,SUKA PURA,TAMAN RT. 02 RW 08 SUKAPURA / JL. TELUK LANGSA,"JL. TLK. LANGSA 10, RT.1/RW.7, SUKAPURA, KEC. CILINCING, JKT UTARA, DAERAH KHUSUS IBUKOTA JAKARTA 14140",TAMAN
2024,KOTA ADM. JAKARTA UTARA,CILINCING,SUKA PURA,TAMAN MAJAPAHIT,"JL. MAJAPAHIT, RT.14/RW.7, SUKAPURA, CILINCING, NORTH JAKARTA CITY, JAKARTA 14140",TAMAN
2024,KOTA ADM. JAKARTA UTARA,CILINCING,SUKA PURA,TAMAN CAMAR I,"JL. CAMAR 1 KOMPLEK WALIKOTA NO.16, SUKAPURA, KEC. CILINCING, JKT UTARA, DAERAH KHUSUS IBUKOTA JAKARTA 14140",TAMAN
2024,KOTA ADM. JAKARTA UTARA,CILINCING,SUKA PURA,TAMAN CAMAR II,"JL. CAMAR 2, RT.8/RW.6, SUKAPURA, KEC. CILINCING, JKT UTARA, DAERAH KHUSUS IBUKOTA JAKARTA 14140",TAMAN
2024,KOTA ADM. JAKARTA UTARA,CILINCING,SUKA PURA,TAMAN BEO,"JL. BEO, RT.13/RW.6, SUKAPURA, CILINCING, NORTH JAKARTA CITY, JAKARTA 14140",TAMAN
2024,KOTA ADM. JAKARTA UTARA,CILINCING,SUKA PURA,TAMAN WIJAYA KUSUMA,"JL. WIJAYA KUSUMA, RT.14/RW.7, SUKAPURA, CILINCING, NORTH JAKARTA CITY, JAKARTA 14140",TAMAN
2024,KOTA ADM. JAKARTA UTARA,CILINCING,SUKA PURA,TAMAN ANOA LESTARI (RPTRA ANOA),"JL. ANOA LESTARI 5 55-19, RW.9, SUKAPURA, KEC. CILINCING, JKT UTARA, DAERAH KHUSUS IBUKOTA JAKARTA 14140",TAMAN
2024,KOTA ADM. JAKARTA UTARA,CILINCING,SUKA PURA,RPTRA MANUNGGAL JUANG SUKAPURA,"JL. MANUNGGAL JUANG II, SUKAPURA, KEC. CILINCING, JKT UTARA, DAERAH KHUSUS IBUKOTA JAKARTA 14140",TAMAN
2024,KOTA ADM. JAKARTA UTARA,CILINCING,SUKA PURA,RPTRA PINUS,"JL. PINUS II NO.5, RT.12/RW.5, SUKAPURA, KEC. CILINCING, JKT UTARA, DAERAH KHUSUS IBUKOTA JAKARTA 14140",TAMAN
2024,KOTA ADM. JAKARTA UTARA,CILINCING,SUKA PURA,PERUMAHAN GADING GRIYA LESTARI (LAHAN BLOK B1),JL. GADING GRIYA LESTARI BLOK B1,TAMAN
2024,KOTA ADM. JAKARTA UTARA,CILINCING,SUKA PURA,PERUMAHAN GADING GRIYA LESTARI (LAHAN BLOK A7),JL. GADING GRIYA LESTARI BLOK A7,TAMAN
2024,KOTA ADM. JAKARTA UTARA,CILINCING,SUKA PURA,PERUMAHAN GADING GRIYA LESTARI (LAHAN BLOK E4),JL. GADING GRIYA LESTARI BLOK E4,TAMAN
2024,KOTA ADM. JAKARTA UTARA,CILINCING,SUKA PURA,PERUMAHAN GADING GRIYA LESTARI (TANAH TAMAN BLOK B6),JL. GADING GRIYA LESTARI BLOK B6,TAMAN
2024,KOTA ADM. JAKARTA UTARA,CILINCING,SUKA PURA,"TAMAN RW 011, KEL. SUKAPURA (PERUMAHAN GRAND ORCHAD)","JL. GRAND ORCHARD NO.9, RT.9/RW.1, SUKAPURA, KEC. CILINCING, JKT UTARA, DAERAH KHUSUS IBUKOTA JAKARTA 14140",TAMAN
2024,KOTA ADM. JAKARTA UTARA,KELAPA GADING,KELAPA GADING BARAT,JH. JL. BGR I,JH. JL. BGR I,JALUR HIJAU
2024,KOTA ADM. JAKARTA UTARA,KELAPA GADING,KELAPA GADING BARAT,JH. JL. BOULEVARD BARAT,JH. JL. BOULEVARD BARAT,JALUR HIJAU
2024,KOTA ADM. JAKARTA UTARA,KELAPA GADING,KELAPA GADING BARAT,JH. JL. PERINTIS KEMERDEKAAN SISI UTARA,JH. JL. PERINTIS KEMERDEKAAN SISI UTARA,JALUR HIJAU
2024,KOTA ADM. JAKARTA UTARA,KELAPA GADING,KELAPA GADING BARAT,JH. JL. PELEPAH RAYA,JH. JL. PELEPAH RAYA,JALUR HIJAU
2024,KOTA ADM. JAKARTA UTARA,KELAPA GADING,KELAPA GADING BARAT,JH. JL. YOS SUDARSO SISI TIMUR,JH. JL. YOS SUDARSO SISI TIMUR,JALUR HIJAU
2024,KOTA ADM. JAKARTA UTARA,KELAPA GADING,KELAPA GADING BARAT,JH. MEDIAN JL. PERINTIS KEMERDEKAAN,JH. MEDIAN JL. PERINTIS KEMERDEKAAN,JALUR HIJAU
2024,KOTA ADM. JAKARTA UTARA,KELAPA GADING,KELAPA GADING BARAT,RPTRA KITA BERSAUDARA,"JL. JANUR ELOK VII NO.RT.12, RT.12/RW.11, KLP. GADING BAR., KEC. KLP. GADING, JKT UTARA, DAERAH KHUSUS IBUKOTA JAKARTA 14240",TAMAN
2024,KOTA ADM. JAKARTA UTARA,KELAPA GADING,KELAPA GADING BARAT,TAMAN BAHARIWAN (TAMAN SEKAR GADING),"JL. GADING RAYA NO.1, RT.1/RW.5, KLP. GADING BAR., KEC. KLP. GADING, JKT UTARA, DAERAH KHUSUS IBUKOTA JAKARTA 13230",TAMAN
2024,KOTA ADM. JAKARTA UTARA,KELAPA GADING,KELAPA GADING BARAT,TAMAN JALAN SENTOSA RW 10,"JL. SENTOSA RW 10, KELAPA GADING BARAT",TAMAN
2024,KOTA ADM. JAKARTA UTARA,KELAPA GADING,KELAPA GADING BARAT,TAMAN TELUK RATAI RAYA,"JL. PENYENGAT 4 NO.23, RT.3/RW.3, WEST KELAPA GADING, KELAPA GADING, NORTH JAKARTA CITY, JAKARTA 14240",TAMAN
2024,KOTA ADM. JAKARTA UTARA,KELAPA GADING,KELAPA GADING BARAT,TAMAN TOYOTA,TAMAN TOYOTA KEL. GADING BARAT KEC. KELAPA GADING,TAMAN
2024,KOTA ADM. JAKARTA UTARA,KELAPA GADING,KELAPA GADING BARAT,TAMAN JALAN PRIHATIN RW 02,"JL. PRIHATIN RW 02, KELAPA GADING, JAKARTA UTARA",TAMAN
2024,KOTA ADM. JAKARTA UTARA,KELAPA GADING,KELAPA GADING BARAT,TAMAN SIAGA RW 03,TAMAN SIAGA RW 03 KEL. GADING BARAT KEC. KELAPA GADING ,TAMAN
2024,KOTA ADM. JAKARTA UTARA,KELAPA GADING,KELAPA GADING BARAT,TAMAN BGR,TAMAN BGR KEL. GADING BARAT KEC. KELAPA GADING,TAMAN
2024,KOTA ADM. JAKARTA UTARA,KELAPA GADING,KELAPA GADING BARAT,TAMAN PALEM RW. 06,TAMAN PALEM RW 06 KEL GADING BARAT KEC. KELAPA GADING ,TAMAN
2024,KOTA ADM. JAKARTA UTARA,KELAPA GADING,KELAPA GADING BARAT,"PERUM. VILLA GADING INDAH BLOK T1, KEL. KELAPA GADING BARAT","PERUM. VILLA GADING INDAH BLOK T1, KEL. KELAPA GADING BARAT",TAMAN
2024,KOTA ADM. JAKARTA UTARA,KELAPA GADING,KELAPA GADING BARAT,"PERUM. VILLA GADING INDAH BLOK T2, KEL. KELAPA GADING BARAT","PERUM. VILLA GADING INDAH BLOK T2, KEL. KELAPA GADING BARAT",TAMAN
2024,KOTA ADM. JAKARTA UTARA,KELAPA GADING,KELAPA GADING BARAT,"PERUM. VILLA GADING INDAH BLOK T3, KEL. KELAPA GADING BARAT","PERUM. VILLA GADING INDAH BLOK T3, KEL. KELAPA GADING BARAT",TAMAN
2024,KOTA ADM. JAKARTA UTARA,KELAPA GADING,KELAPA GADING BARAT,"PERUM. VILLA GADING INDAH BLOK T4, KEL. KELAPA GADING BARAT","PERUM. VILLA GADING INDAH BLOK T4, KEL. KELAPA GADING BARAT",TAMAN
2024,KOTA ADM. JAKARTA UTARA,KELAPA GADING,KELAPA GADING BARAT,"PERUM. VILLA GADING INDAH BLOK T5, KEL. KELAPA GADING BARAT","PERUM. VILLA GADING INDAH BLOK T5, KEL. KELAPA GADING BARAT",TAMAN
2024,KOTA ADM. JAKARTA UTARA,KELAPA GADING,KELAPA GADING BARAT,"PERUM. VILLA GADING INDAH BLOK T6, KEL. KELAPA GADING BARAT","PERUM. VILLA GADING INDAH BLOK T6, KEL. KELAPA GADING BARAT",TAMAN
2024,KOTA ADM. JAKARTA UTARA,KELAPA GADING,KELAPA GADING BARAT,"PERUM. VILLA GADING INDAH BLOK T7, KEL. KELAPA GADING BARAT","PERUM. VILLA GADING INDAH BLOK T7, KEL. KELAPA GADING BARAT",TAMAN
2024,KOTA ADM. JAKARTA UTARA,KELAPA GADING,KELAPA GADING BARAT,"PERUM. VILLA GADING INDAH BLOK T8, KEL. KELAPA GADING BARAT","PERUM. VILLA GADING INDAH BLOK T8, KEL. KELAPA GADING BARAT",TAMAN
2024,KOTA ADM. JAKARTA UTARA,KELAPA GADING,KELAPA GADING BARAT,"PERUM. VILLA GADING INDAH BLOK T9, KEL. KELAPA GADING BARAT","PERUM. VILLA GADING INDAH BLOK T9, KEL. KELAPA GADING BARAT",TAMAN
2024,KOTA ADM. JAKARTA UTARA,KELAPA GADING,KELAPA GADING BARAT,"PERUM. VILLA GADING INDAH BLOK T10, KEL. KELAPA GADING BARAT","PERUM. VILLA GADING INDAH BLOK T10, KEL. KELAPA GADING BARAT",TAMAN
2024,KOTA ADM. JAKARTA UTARA,KELAPA GADING,KELAPA GADING BARAT,"PERUM. VILLA GADING INDAH BLOK T11, KEL. KELAPA GADING BARAT","PERUM. VILLA GADING INDAH BLOK T11, KEL. KELAPA GADING BARAT",TAMAN
2024,KOTA ADM. JAKARTA UTARA,KELAPA GADING,KELAPA GADING BARAT,"PERUM. VILLA GADING INDAH BLOK T12, KEL. KELAPA GADING BARAT","PERUM. VILLA GADING INDAH BLOK T12, KEL. KELAPA GADING BARAT",TAMAN
2024,KOTA ADM. JAKARTA UTARA,KELAPA GADING,KELAPA GADING BARAT,"PERUM. VILLA GADING INDAH BLOK T13, KEL. KELAPA GADING BARAT","PERUM. VILLA GADING INDAH BLOK T13, KEL. KELAPA GADING BARAT",TAMAN
2024,KOTA ADM. JAKARTA UTARA,KELAPA GADING,KELAPA GADING BARAT,"PERUM. VILLA GADING INDAH BLOK T14, KEL. KELAPA GADING BARAT","PERUM. VILLA GADING INDAH BLOK T14, KEL. KELAPA GADING BARAT",TAMAN
2024,KOTA ADM. JAKARTA UTARA,KELAPA GADING,KELAPA GADING TIMUR,JH. MEDIAN JL. PERINTIS KEMERDEKAAN,JH. MEDIAN JL. PERINTIS KEMERDEKAAN,JALUR HIJAU
2024,KOTA ADM. JAKARTA UTARA,KELAPA GADING,KELAPA GADING TIMUR,JH. JL. PERINTIS KEMERDEKAAN SISI UTARA S/D TERMINAL PULO GADUNG,JH. JL. PERINTIS KEMERDEKAAN SISI UTARA S/D TERMINAL PULO GADUNG,JALUR HIJAU
2024,KOTA ADM. JAKARTA UTARA,KELAPA GADING,KELAPA GADING TIMUR,JL. BOULEVARD RAYA,JL. BOULEVARD RAYA,JALUR HIJAU
2024,KOTA ADM. JAKARTA UTARA,KELAPA GADING,KELAPA GADING TIMUR,TAMAN ARUMBA,JL. MANDOLIN,TAMAN
2024,KOTA ADM. JAKARTA UTARA,KELAPA GADING,KELAPA GADING TIMUR,TAMAN MARAMBA,JL. MARAMBA,TAMAN
2024,KOTA ADM. JAKARTA UTARA,KELAPA GADING,KELAPA GADING TIMUR,TAMAN TOPENG,JL. BANGUN CIPTA SARANA - JL. TOPENG,TAMAN
2024,KOTA ADM. JAKARTA UTARA,KELAPA GADING,KELAPA GADING TIMUR,TAMAN EDEN RW 06,JL. PELEPAH ELOK III,TAMAN
2024,KOTA ADM. JAKARTA UTARA,KELAPA GADING,KELAPA GADING TIMUR,RPTRA DEWI SINTA,"JL. DEWI SHINTA NO.2, RT.2/RW.8, KLP. GADING TIM., KEC. KLP. GADING, JKT UTARA, DAERAH KHUSUS IBUKOTA JAKARTA 14240",TAMAN
2024,KOTA ADM. JAKARTA UTARA,KELAPA GADING,KELAPA GADING TIMUR,TAMAN MAENGKET,"JL. MAENGKET, KELAPA GADING TIMUR",TAMAN
2024,KOTA ADM. JAKARTA UTARA,KELAPA GADING,KELAPA GADING TIMUR,TAMAN GADING PUTIH,"JL. GADING PUTIH RW. 02, KELAPA GADING TIMUR",TAMAN
2024,KOTA ADM. JAKARTA UTARA,KELAPA GADING,KELAPA GADING TIMUR,TAMAN RW 13 KELAPA CENGKIR,"JL. KELAPA CENGKIR BARAT IV, KELAPA GADING TIMUR",TAMAN
2024,KOTA ADM. JAKARTA UTARA,KELAPA GADING,KELAPA GADING TIMUR,TAMAN JALAN PELEPAH INDAH,"JL. PELEPAH INDAH, KELAPA GADING TIMUR",TAMAN
2024,KOTA ADM. JAKARTA UTARA,KELAPA GADING,KELAPA GADING TIMUR,TAMAN GADING INDAH,JL. TAMAN GADING INDAH,TAMAN
2024,KOTA ADM. JAKARTA UTARA,KELAPA GADING,KELAPA GADING TIMUR,RPTRA BIRU LAUT KOMP. PERUMAHAN,"JL. MERAH DELIMA 5-24, RT.9/RW.10, KLP. GADING TIM., KEC. KLP. GADING, JKT UTARA, DAERAH KHUSUS IBUKOTA JAKARTA 14240",TAMAN
2024,KOTA ADM. JAKARTA UTARA,KELAPA GADING,KELAPA GADING TIMUR,TAMAN RW 11 (TAMAN JL. CENGKIR RW 11),"JL. KELAPA CENGKIR BARAT IV 11, RT.5/RW.11, KLP. GADING TIM., KEC. KLP. GADING, JKT UTARA, DAERAH KHUSUS IBUKOTA JAKARTA 14240",TAMAN
2024,KOTA ADM. JAKARTA UTARA,KELAPA GADING,KELAPA GADING TIMUR,TAMAN LELE RW 06 (PELEPAH ELOK),"JL. PELEPAH ELOK III, KELAPA GADING TIMUR",TAMAN
2024,KOTA ADM. JAKARTA UTARA,KELAPA GADING,KELAPA GADING TIMUR,GOR YUDO,"JALAN KELAPA PUAN RAYA BLOK EF 1 NO.1, KELAPA GADING, RW.13, KLP. GADING TIM., JAKARTA UTARA, JKT UTARA, DAERAH KHUSUS IBUKOTA JAKARTA 14240",TAMAN
2024,KOTA ADM. JAKARTA UTARA,KELAPA GADING,KELAPA GADING TIMUR,RPTRA GADING HARMONI,"JL. JANUR KUNING III, RT.9/RW.15, KLP. GADING TIM., KEC. KLP. GADING, JKT UTARA, DAERAH KHUSUS IBUKOTA JAKARTA 14240",TAMAN
2024,KOTA ADM. JAKARTA UTARA,KELAPA GADING,KELAPA GADING TIMUR,TAMAN JANUR KUNING III KANTOR RW 015,TAMAN JANUR KUNING III KANTOR RW 015 KEL. GADING TIMUR KEC. KELAPA GADING ,TAMAN
2024,KOTA ADM. JAKARTA UTARA,KELAPA GADING,KELAPA GADING TIMUR,RPTRA GADING TARIAN,"JL. SERIMPI, RT.6/RW.7, KLP. GADING TIM., KEC. KLP. GADING, JKT UTARA, DAERAH KHUSUS IBUKOTA JAKARTA 14240",TAMAN
2024,KOTA ADM. JAKARTA UTARA,KELAPA GADING,KELAPA GADING TIMUR,TAMAN JL. GADING ELOK RW 09 (KOPYOR),JL. GADING ELOK RW 09,TAMAN
2024,KOTA ADM. JAKARTA UTARA,KELAPA GADING,PEGANGSAAN DUA,JH. JL. ARTERI KELAPA GADING,JH. JL. ARTERI KELAPA GADING,JALUR HIJAU
2024,KOTA ADM. JAKARTA UTARA,KELAPA GADING,PEGANGSAAN DUA,JH. JL. KELAPA NIAS RAYA,JH. JL. KELAPA NIAS RAYA,JALUR HIJAU
2024,KOTA ADM. JAKARTA UTARA,KELAPA GADING,PEGANGSAAN DUA,JH. JL. TOROMPIO S/D JL. ACCORDION,JH. JL. TOROMPIO S/D JL. ACCORDION,JALUR HIJAU
2024,KOTA ADM. JAKARTA UTARA,KELAPA GADING,PEGANGSAAN DUA,JH. JL. PEGANGSAAN DUA,JH. JL. PEGANGSAAN DUA,JALUR HIJAU
2024,KOTA ADM. JAKARTA UTARA,KELAPA GADING,PEGANGSAAN DUA,JL KELAPA HIBRIDA,JL KELAPA HIBRIDA,JALUR HIJAU
2024,KOTA ADM. JAKARTA UTARA,KELAPA GADING,PEGANGSAAN DUA,KOLONG LRT KELAPA GADING,KOLONG LRT KELAPA GADING,JALUR HIJAU
2024,KOTA ADM. JAKARTA UTARA,KELAPA GADING,PEGANGSAAN DUA,TAMAN MUSIK RAYA,"JL. MUSIK RAYA, RT.7/RW.10, PEGANGSAAN DUA, KEC. KLP. GADING, JKT UTARA, DAERAH KHUSUS IBUKOTA JAKARTA 14250",TAMAN
2024,KOTA ADM. JAKARTA UTARA,KELAPA GADING,PEGANGSAAN DUA,RPTRA BELLYRA,"JL TASKA RW 010, KLP. GADING, KOTA JKT UTARA, KLP. GADING, KOTA JKT UTARA, RT.5/RW.2, PEGANGSAAN DUA, KEC. KLP. GADING, JKT UTARA, DAERAH KHUSUS IBUKOTA JAKARTA 14250",TAMAN
2024,KOTA ADM. JAKARTA UTARA,KELAPA GADING,PEGANGSAAN DUA,TAMAN KELAPA PUAN I,"JL. KELAPA PUAN TIMUR I 26-22, RT.1/RW.12, PEGANGSAAN DUA, KEC. KLP. GADING, JKT UTARA, DAERAH KHUSUS IBUKOTA JAKARTA 14250",TAMAN
2024,KOTA ADM. JAKARTA UTARA,KELAPA GADING,PEGANGSAAN DUA,RPTRA KELAPA PUAN,"JL. KELAPA PUAN TIMUR V NO.12A, RT.5/RW.12, PEGANGSAAN DUA, KEC. KLP. GADING, JKT UTARA, DAERAH KHUSUS IBUKOTA JAKARTA 14250",TAMAN
2024,KOTA ADM. JAKARTA UTARA,KELAPA GADING,PEGANGSAAN DUA,TAMAN BONGO IV,JL. BONGO IV,TAMAN
2024,KOTA ADM. JAKARTA UTARA,KELAPA GADING,PEGANGSAAN DUA,TAMAN SIMPONI MAS / LUMBINI,JL. LUMBINI,TAMAN
2024,KOTA ADM. JAKARTA UTARA,KELAPA GADING,PEGANGSAAN DUA,RPTRA HAJI OYAR,"JL. H. OYAR NO.75, RT.2/RW.2, PEGANGSAAN DUA, KEC. KLP. GADING, JKT UTARA, DAERAH KHUSUS IBUKOTA JAKARTA 14250",TAMAN
2024,KOTA ADM. JAKARTA UTARA,KELAPA GADING,PEGANGSAAN DUA,RPTRA GRIYA PRATAMA,"JL. GRIYA PRATAMA VII NO.1, RT.8/RW.20, PEGANGSAAN DUA, KELAPA GADING, NORTH JAKARTA CITY, JAKARTA 14240",TAMAN
2024,KOTA ADM. JAKARTA UTARA,KELAPA GADING,PEGANGSAAN DUA,"RPTRA KELAPA NIAS IX, RT. 09 RW. 17","JL. KELAPA NIAS IX NO.9, RT.7/RW.17, PEGANGSAAN DUA, KEC. KLP. GADING, JKT UTARA, DAERAH KHUSUS IBUKOTA JAKARTA 14250",TAMAN
2024,KOTA ADM. JAKARTA UTARA,KELAPA GADING,PEGANGSAAN DUA,TAMAN RW 014 (GADING ASRI 2),JL. GADING ASRI 2,TAMAN
2024,KOTA ADM. JAKARTA UTARA,KELAPA GADING,PEGANGSAAN DUA,RPTRA GADING HIBRIDA,"JL. KELAPA HYBRIDA TIMUR, RT.10/RW.3, PEGANGSAAN DUA, KEC. KLP. GADING, JKT UTARA, DAERAH KHUSUS IBUKOTA JAKARTA 14250",TAMAN
2024,KOTA ADM. JAKARTA UTARA,KELAPA GADING,PEGANGSAAN DUA,TAMAN RW 025 (GADING GRANDE),TAMAN GRANDE PEGANGSAAN DUA KELAPA GADING,TAMAN
2024,KOTA ADM. JAKARTA UTARA,KELAPA GADING,PEGANGSAAN DUA,KEBUN BIBIT KELAPA GADING,"RT.10/RW.15, PEGANGSAAN DUA, KELAPA GADING, JAKARTA UTARA",TAMAN
2024,KOTA ADM. JAKARTA UTARA,KELAPA GADING,PEGANGSAAN DUA,RPTRA PONDOK GADING,"JL. PEGANGSAAN INDAH BAR. NO.5, RT.3/RW.16, PEGANGSAAN DUA, KEC. KLP. GADING, JKT UTARA, DAERAH KHUSUS IBUKOTA JAKARTA 14250",TAMAN
2024,KOTA ADM. JAKARTA UTARA,KELAPA GADING,PEGANGSAAN DUA,RPTRA NKRI,"JL. GADING INDAH UTARA X NO.12A, RT.27/RW.12, PEGANGSAAN DUA, KEC. KLP. GADING, JKT UTARA, DAERAH KHUSUS IBUKOTA JAKARTA 14250",TAMAN
2024,KOTA ADM. JAKARTA UTARA,KELAPA GADING,PEGANGSAAN DUA,TAMAN SULUANG,"JL. SULUANG, RT.5/RW.7, PEGANGSAAN DUA, KEC. KLP. GADING, JKT UTARA, DAERAH KHUSUS IBUKOTA JAKARTA 14240",TAMAN
2024,KOTA ADM. JAKARTA UTARA,KELAPA GADING,PEGANGSAAN DUA,TAMAN PUSPA GADING,PERUMAHAN PUSPA GADING JALAN PEGANGSAAN INDAH BARAT,TAMAN
2024,KOTA ADM. JAKARTA UTARA,KELAPA GADING,PEGANGSAAN DUA,TAMAN INDAH BERSAMA,"KAMPUNG RAWA INDAH RT. 003 RW. 003 KEL. PEGANGSAAN DUA, KEC. KEPALA GADING, JAKARTA UTARA",TAMAN
2024,KOTA ADM. JAKARTA UTARA,KELAPA GADING,PEGANGSAAN DUA,RTH JL. PEGANGSAAN DUA RT. 002 RW. 002,JL. PEGANGSAAN DUA RT. 002 RW. 002,TAMAN
2024,KOTA ADM. JAKARTA UTARA,KELAPA GADING,PEGANGSAAN DUA,RTH JL. PEGANGSAAN DUA NO. 68 B RT.003 RW.07,JL. PEGANGSAAN DUA NO. 68 B RT.003 RW.07,TAMAN
2024,KOTA ADM. JAKARTA UTARA,KELAPA GADING,PEGANGSAAN DUA,TAMAN TROMPIO KEC. KELAPA GADING,"JL. SULUANG, RT.5/RW.7, PEGANGSAAN DUA, KEC. KLP. GADING, JKT UTARA, DAERAH KHUSUS IBUKOTA JAKARTA 14240",TAMAN
2024,KOTA ADM. JAKARTA UTARA,KELAPA GADING,PEGANGSAAN DUA,TAMAN ACORDION KEC. KELAPA GADING,"JL. ACORDION , RT.1/RW.20, PEGANGSAAN DUA, KEC. KLP. GADING, JKT UTARA, DAERAH KHUSUS IBUKOTA JAKARTA 14250",TAMAN
2024,KOTA ADM. JAKARTA UTARA,KOJA,KOJA,JH. JL. CIKIJANG I S/D JL CIPEUCANG I (KALI KRESEK),JH. JL. CIKIJANG I S/D JL CIPEUCANG I (KALI KRESEK),JALUR HIJAU
2024,KOTA ADM. JAKARTA UTARA,KOJA,KOJA,KOLONG TOL JL. JAMPEA,KOLONG TOL JL. JAMPEA,JALUR HIJAU
2024,KOTA ADM. JAKARTA UTARA,KOJA,RAWABADAK SELATAN,JH DAN MEDIAN JL. YOS SUDARSO SISI TIMUR (RAWA BADAK SELATAN),JH. JL. YOS SUDARSO SISI TIMUR,JALUR HIJAU
2024,KOTA ADM. JAKARTA UTARA,KOJA,RAWABADAK SELATAN,TAMAN PANDU KEPIL,"JL. KEPIL NO.181, RT.5/RW.7, RAWABADAK SEL., KEC. KOJA, JKT UTARA, DAERAH KHUSUS IBUKOTA JAKARTA 14230",TAMAN
2024,KOTA ADM. JAKARTA UTARA,KOJA,RAWABADAK SELATAN,RPTRA RASELA,"JL. ALUR LAUT, RT.9/RW.5, SOUTH RAWABADAK, KOJA, NORTH JAKARTA CITY, JAKARTA 14230",TAMAN
2024,KOTA ADM. JAKARTA UTARA,KOJA,RAWABADAK SELATAN,TAMAN GOR RBS,"JL. ALUR LAUT NO.5A, RT.10/RW.4, RAWABADAK SEL., KEC. KOJA, JKT UTARA, DAERAH KHUSUS IBUKOTA JAKARTA 14230",TAMAN
2024,KOTA ADM. JAKARTA UTARA,KOJA,RAWABADAK SELATAN,TPU PLUMPANG,"JL. ALUR LAUT GG. K1 32, RT.9/RW.4, RAWABADAK SEL., KEC. KOJA, KOTA JKT UTARA, DAERAH KHUSUS IBUKOTA JAKARTA 14230",TPU
2024,KOTA ADM. JAKARTA UTARA,KOJA,RAWABADAK UTARA,JH JL. YOS SUDARSO SISI TIMUR (RAWA BADAK UTARA),JH. JL. YOS SUDARSO SISI TIMUR,JALUR HIJAU
2024,KOTA ADM. JAKARTA UTARA,KOJA,RAWABADAK UTARA,JH. JL. INSPEKSI RAWA BADAK UTARA/ INSPEKSI KALI SUNTER,JH. JL. INSPEKSI RAWA BADAK UTARA/ INSPEKSI KALI SUNTER,JALUR HIJAU
